# t  X Y Z  ex ey ez  Ux Uy Uz  Wx Wy Wz  Fwall_y Fwall_z
50 31.826479 16.688506 15.500000 0.866026 0.500000 0.000000 7.703228e-03 4.452448e-03 0.000000e+00 0.000000e+00 0.000000e+00 -3.867044e-06 0.000000e+00 0.000000e+00
100 32.222574 16.914762 15.500000 0.865791 0.500407 0.000000 8.043657e-03 4.639596e-03 0.000000e+00 0.000000e+00 0.000000e+00 2.899153e-05 0.000000e+00 0.000000e+00
150 32.625167 17.152455 15.500000 0.865934 0.500159 0.000000 8.124410e-03 4.800364e-03 0.000000e+00 0.000000e+00 0.000000e+00 -5.013713e-06 0.000000e+00 0.000000e+00
200 33.037927 17.389657 15.500000 0.866276 0.499566 0.000000 8.444856e-03 4.726628e-03 0.000000e+00 0.000000e+00 0.000000e+00 9.459722e-06 0.000000e+00 0.000000e+00
250 33.456035 17.626905 15.500000 0.865838 0.500324 0.000000 8.282581e-03 4.819860e-03 0.000000e+00 0.000000e+00 0.000000e+00 2.346667e-05 0.000000e+00 0.000000e+00
300 33.873004 17.870425 15.500000 0.865437 0.501018 0.000000 8.398390e-03 4.904761e-03 0.000000e+00 0.000000e+00 0.000000e+00 4.945451e-06 0.000000e+00 0.000000e+00
350 34.292437 18.114885 15.500000 0.865376 0.501123 0.000000 8.341585e-03 4.858328e-03 0.000000e+00 0.000000e+00 0.000000e+00 -7.059792e-06 0.000000e+00 0.000000e+00
400 34.706496 18.357891 15.500000 0.865847 0.500308 0.000000 8.299167e-03 4.762286e-03 0.000000e+00 0.000000e+00 0.000000e+00 -7.434850e-06 0.000000e+00 0.000000e+00
450 35.129587 18.596116 15.500000 0.865963 0.500108 0.000000 8.478215e-03 4.777081e-03 0.000000e+00 0.000000e+00 0.000000e+00 4.459438e-06 0.000000e+00 0.000000e+00
500 35.547975 18.835532 15.500000 0.865669 0.500617 0.000000 8.263140e-03 4.882796e-03 0.000000e+00 0.000000e+00 0.000000e+00 2.529873e-05 0.000000e+00 0.000000e+00
550 35.964606 19.080338 15.500000 0.865474 0.500953 0.000000 8.380080e-03 4.849731e-03 0.000000e+00 0.000000e+00 0.000000e+00 -1.339563e-05 0.000000e+00 0.000000e+00
600 36.386589 19.323802 15.500000 0.865617 0.500706 0.000000 8.432142e-03 4.937882e-03 0.000000e+00 0.000000e+00 0.000000e+00 -4.801400e-06 0.000000e+00 0.000000e+00
650 36.805041 19.564397 15.500000 0.866172 0.499747 0.000000 8.525922e-03 4.795958e-03 0.000000e+00 0.000000e+00 0.000000e+00 -1.776686e-05 0.000000e+00 0.000000e+00
700 37.230378 19.804025 15.500000 0.866510 0.499160 0.000000 8.419566e-03 4.777113e-03 0.000000e+00 0.000000e+00 0.000000e+00 -5.005742e-06 0.000000e+00 0.000000e+00
750 37.647855 20.046918 15.500000 0.866401 0.499349 0.000000 8.323801e-03 4.936359e-03 0.000000e+00 0.000000e+00 0.000000e+00 -1.963967e-05 0.000000e+00 0.000000e+00
800 38.067886 20.287929 15.500000 0.866675 0.498873 0.000000 8.516327e-03 4.800528e-03 0.000000e+00 0.000000e+00 0.000000e+00 -1.463154e-05 0.000000e+00 0.000000e+00
850 38.489690 20.526707 15.500000 0.866660 0.498900 0.000000 8.381691e-03 4.779283e-03 0.000000e+00 0.000000e+00 0.000000e+00 5.142589e-06 0.000000e+00 0.000000e+00
900 38.910828 20.767786 15.500000 0.866624 0.498962 0.000000 8.436638e-03 4.823724e-03 0.000000e+00 0.000000e+00 0.000000e+00 -4.482283e-06 0.000000e+00 0.000000e+00
950 39.333379 21.008030 15.500000 0.866446 0.499270 0.000000 8.354029e-03 4.863888e-03 0.000000e+00 0.000000e+00 0.000000e+00 -7.947298e-06 0.000000e+00 0.000000e+00
1000 39.749005 21.249316 15.500000 0.867040 0.498238 0.000000 8.363312e-03 4.763877e-03 0.000000e+00 0.000000e+00 0.000000e+00 -2.391441e-05 0.000000e+00 0.000000e+00
1050 40.173214 21.486277 15.500000 0.867253 0.497868 0.000000 8.536566e-03 4.779300e-03 0.000000e+00 0.000000e+00 0.000000e+00 4.261358e-05 0.000000e+00 0.000000e+00
1100 40.594880 21.721997 15.500000 0.866869 0.498536 0.000000 8.305650e-03 4.833422e-03 0.000000e+00 0.000000e+00 0.000000e+00 1.192890e-06 0.000000e+00 0.000000e+00
1150 41.017032 21.964659 15.500000 0.866798 0.498659 0.000000 8.545341e-03 4.743674e-03 0.000000e+00 0.000000e+00 0.000000e+00 2.050669e-05 0.000000e+00 0.000000e+00
1200 41.437063 22.204942 15.500000 0.867237 0.497896 0.000000 8.380064e-03 4.844992e-03 0.000000e+00 0.000000e+00 0.000000e+00 -3.537786e-05 0.000000e+00 0.000000e+00
1250 41.854299 22.440999 15.500000 0.867802 0.496910 0.000000 8.509738e-03 4.676029e-03 0.000000e+00 0.000000e+00 0.000000e+00 -1.994814e-05 0.000000e+00 0.000000e+00
1300 42.280404 22.674000 15.500000 0.867938 0.496672 0.000000 8.438069e-03 4.591123e-03 0.000000e+00 0.000000e+00 0.000000e+00 4.588681e-06 0.000000e+00 0.000000e+00
1350 42.697735 22.909331 15.500000 0.867805 0.496905 0.000000 8.329372e-03 4.738214e-03 0.000000e+00 0.000000e+00 0.000000e+00 1.155877e-05 0.000000e+00 0.000000e+00
1400 43.117651 23.146865 15.500000 0.868075 0.496433 0.000000 8.464239e-03 4.749034e-03 0.000000e+00 0.000000e+00 0.000000e+00 -1.903679e-05 0.000000e+00 0.000000e+00
1450 43.537936 23.382428 15.500000 0.868583 0.495544 0.000000 8.365940e-03 4.617506e-03 0.000000e+00 0.000000e+00 0.000000e+00 -3.839405e-05 0.000000e+00 0.000000e+00
1500 43.960387 23.614151 15.500000 0.869533 0.493875 0.000000 8.504010e-03 4.617022e-03 0.000000e+00 0.000000e+00 0.000000e+00 -1.582697e-05 0.000000e+00 0.000000e+00
1550 44.384749 23.843735 15.500000 0.869877 0.493269 0.000000 8.385911e-03 4.611262e-03 0.000000e+00 0.000000e+00 0.000000e+00 -7.716296e-06 0.000000e+00 0.000000e+00
1600 44.800999 24.077966 15.500000 0.870069 0.492929 0.000000 8.346676e-03 4.636102e-03 0.000000e+00 0.000000e+00 0.000000e+00 -2.849071e-05 0.000000e+00 0.000000e+00
1650 45.222499 24.305811 15.500000 0.870881 0.491495 0.000000 8.410628e-03 4.508524e-03 0.000000e+00 0.000000e+00 0.000000e+00 -5.516478e-06 0.000000e+00 0.000000e+00
1700 45.641887 24.531525 15.500000 0.871712 0.490019 0.000000 8.291000e-03 4.489349e-03 0.000000e+00 0.000000e+00 0.000000e+00 -4.212421e-05 0.000000e+00 0.000000e+00
1750 46.066163 24.757147 15.500000 0.872592 0.488450 0.000000 8.541032e-03 4.476278e-03 0.000000e+00 0.000000e+00 0.000000e+00 -3.537152e-05 0.000000e+00 0.000000e+00
1800 46.485842 24.980752 15.500000 0.873120 0.487505 0.000000 8.301780e-03 4.550310e-03 0.000000e+00 0.000000e+00 0.000000e+00 -3.230983e-05 0.000000e+00 0.000000e+00
1850 46.902107 25.205133 15.500000 0.874223 0.485524 0.000000 8.355617e-03 4.353538e-03 0.000000e+00 0.000000e+00 0.000000e+00 -5.842128e-05 0.000000e+00 0.000000e+00
1900 47.326273 25.421842 15.500000 0.875175 0.483806 0.000000 8.487186e-03 4.313461e-03 0.000000e+00 0.000000e+00 0.000000e+00 -4.484765e-05 0.000000e+00 0.000000e+00
1950 47.743419 25.634704 15.500000 0.876218 0.481915 0.000000 8.478794e-03 4.365005e-03 0.000000e+00 0.000000e+00 0.000000e+00 -3.343928e-05 0.000000e+00 0.000000e+00
2000 48.167690 25.847735 15.500000 0.877484 0.479606 0.000000 8.410303e-03 4.192196e-03 0.000000e+00 0.000000e+00 0.000000e+00 -4.475456e-05 0.000000e+00 0.000000e+00
2050 48.583956 26.060502 15.500000 0.878825 0.477143 0.000000 8.263757e-03 4.284852e-03 0.000000e+00 0.000000e+00 0.000000e+00 -6.218259e-05 0.000000e+00 0.000000e+00
2100 49.001062 26.265494 15.500000 0.880811 0.473468 0.000000 8.516867e-03 3.986132e-03 0.000000e+00 0.000000e+00 0.000000e+00 -7.780047e-05 0.000000e+00 0.000000e+00
2150 49.422966 26.462409 15.500000 0.882541 0.470235 0.000000 8.248456e-03 3.779001e-03 0.000000e+00 0.000000e+00 0.000000e+00 -8.089655e-05 0.000000e+00 0.000000e+00
2200 49.840564 26.655302 15.500000 0.884812 0.465949 0.000000 8.498314e-03 3.940618e-03 0.000000e+00 0.000000e+00 0.000000e+00 -1.209052e-04 -1.439494e-04 0.000000e+00
2250 50.262720 26.842019 15.500000 0.887520 0.460769 0.000000 8.295851e-03 3.675428e-03 0.000000e+00 0.000000e+00 0.000000e+00 -1.078847e-04 -7.192761e-04 0.000000e+00
2300 50.676836 27.029731 15.500000 0.890352 0.455274 0.000000 8.281782e-03 3.720079e-03 0.000000e+00 0.000000e+00 0.000000e+00 -1.383391e-04 -1.738480e-03 0.000000e+00
2350 51.093570 27.201941 15.500000 0.893936 0.448195 0.000000 8.412425e-03 3.265720e-03 0.000000e+00 0.000000e+00 0.000000e+00 -1.711193e-04 -3.067122e-03 0.000000e+00
2400 51.510994 27.364107 15.500000 0.897923 0.440152 0.000000 8.249942e-03 2.914510e-03 0.000000e+00 0.000000e+00 0.000000e+00 -2.200097e-04 -4.659937e-03 0.000000e+00
2450 51.928054 27.507168 15.500000 0.903104 0.429423 0.000000 8.517383e-03 2.724605e-03 0.000000e+00 0.000000e+00 0.000000e+00 -2.401039e-04 -6.339149e-03 0.000000e+00
2500 52.350187 27.635682 15.500000 0.908070 0.418817 0.000000 8.289031e-03 2.470021e-03 0.000000e+00 0.000000e+00 0.000000e+00 -2.652894e-04 -8.068668e-03 0.000000e+00
2550 52.764975 27.766085 15.500000 0.913584 0.406651 0.000000 8.396127e-03 2.569150e-03 0.000000e+00 0.000000e+00 0.000000e+00 -3.184882e-04 -1.003094e-02 0.000000e+00
2600 53.184700 27.885448 15.500000 0.920335 0.391130 0.000000 8.313565e-03 2.271907e-03 0.000000e+00 0.000000e+00 0.000000e+00 -3.282638e-04 -1.202083e-02 0.000000e+00
2650 53.597710 28.000000 15.500000 0.927839 0.372980 0.000000 8.244188e-03 0.000000e+00 0.000000e+00 0.000000e+00 0.000000e+00 -4.560133e-04 -1.412758e-02 0.000000e+00
2700 54.011037 28.000000 15.500000 0.935732 0.352713 0.000000 8.376637e-03 0.000000e+00 0.000000e+00 0.000000e+00 0.000000e+00 -4.513823e-04 -1.413717e-02 0.000000e+00
2750 54.426711 28.000000 15.500000 0.943508 0.331349 0.000000 8.289198e-03 0.000000e+00 0.000000e+00 0.000000e+00 0.000000e+00 -4.662329e-04 -1.413717e-02 0.000000e+00
2800 54.842637 28.000000 15.500000 0.950646 0.310278 0.000000 8.397283e-03 0.000000e+00 0.000000e+00 0.000000e+00 0.000000e+00 -4.608686e-04 -1.413717e-02 0.000000e+00
2850 55.264046 28.000000 15.500000 0.957587 0.288143 0.000000 8.444110e-03 0.000000e+00 0.000000e+00 0.000000e+00 0.000000e+00 -4.325613e-04 -1.413717e-02 0.000000e+00
2900 55.684902 28.000000 15.500000 0.963922 0.266187 0.000000 8.460991e-03 0.000000e+00 0.000000e+00 0.000000e+00 0.000000e+00 -4.285192e-04 -1.413717e-02 0.000000e+00
2950 56.111381 28.000000 15.500000 0.969791 0.243937 0.000000 8.520679e-03 0.000000e+00 0.000000e+00 0.000000e+00 0.000000e+00 -4.881682e-04 -1.413717e-02 0.000000e+00
3000 56.538309 28.000000 15.500000 0.975159 0.221508 0.000000 8.547083e-03 0.000000e+00 0.000000e+00 0.000000e+00 0.000000e+00 -4.689705e-04 -1.413717e-02 0.000000e+00
3050 56.968113 28.000000 15.500000 0.979962 0.199184 0.000000 8.606137e-03 0.000000e+00 0.000000e+00 0.000000e+00 0.000000e+00 -4.798394e-04 -1.413717e-02 0.000000e+00
3100 57.401048 28.000000 15.500000 0.984370 0.176115 0.000000 8.638372e-03 0.000000e+00 0.000000e+00 0.000000e+00 0.000000e+00 -4.642604e-04 -1.413717e-02 0.000000e+00
3150 57.833762 28.000000 15.500000 0.988147 0.153512 0.000000 8.714905e-03 0.000000e+00 0.000000e+00 0.000000e+00 0.000000e+00 -4.713016e-04 -1.413717e-02 0.000000e+00
3200 58.270646 28.000000 15.500000 0.991516 0.129982 0.000000 8.744981e-03 0.000000e+00 0.000000e+00 0.000000e+00 0.000000e+00 -4.514173e-04 -1.413717e-02 0.000000e+00
3250 58.706152 28.000000 15.500000 0.994256 0.107028 0.000000 8.743467e-03 0.000000e+00 0.000000e+00 0.000000e+00 0.000000e+00 -4.444242e-04 -1.413717e-02 0.000000e+00
3300 59.145912 28.000000 15.500000 0.996491 0.083699 0.000000 8.722628e-03 0.000000e+00 0.000000e+00 0.000000e+00 0.000000e+00 -4.866997e-04 -1.413717e-02 0.000000e+00
3350 59.584491 28.000000 15.500000 0.998164 0.060572 0.000000 8.744588e-03 0.000000e+00 0.000000e+00 0.000000e+00 0.000000e+00 -4.903454e-04 -1.413717e-02 0.000000e+00
3400 60.025328 27.999869 15.500000 0.999293 0.037604 0.000000 8.913302e-03 -1.061089e-05 0.000000e+00 0.000000e+00 0.000000e+00 -4.824849e-04 -1.413491e-02 0.000000e+00
3450 60.465997 27.998988 15.500000 0.999899 0.014234 0.000000 8.761989e-03 -6.975191e-05 0.000000e+00 0.000000e+00 0.000000e+00 -4.635016e-04 -1.411940e-02 0.000000e+00
3500 60.906821 27.988790 15.500000 0.999963 -0.008558 0.000000 8.873675e-03 -3.108992e-04 0.000000e+00 0.000000e+00 0.000000e+00 -4.543093e-04 -1.393247e-02 0.000000e+00
3550 61.348948 27.971515 15.500000 0.999489 -0.031967 0.000000 8.777374e-03 -4.798805e-04 0.000000e+00 0.000000e+00 0.000000e+00 -4.510878e-04 -1.361421e-02 0.000000e+00
3600 61.788930 27.946631 15.500000 0.998543 -0.053960 0.000000 8.872678e-03 -1.249303e-03 0.000000e+00 0.000000e+00 0.000000e+00 -4.239823e-04 -1.317181e-02 0.000000e+00
3650 62.234687 27.901560 15.500000 0.997202 -0.074758 0.000000 8.936458e-03 -3.791965e-03 0.000000e+00 0.000000e+00 0.000000e+00 -3.147701e-04 -1.240937e-02 0.000000e+00
3700 62.677944 27.755576 15.500000 0.996123 -0.087968 0.000000 9.023527e-03 -9.147770e-03 0.000000e+00 0.000000e+00 0.000000e+00 -4.021427e-05 -1.005012e-02 0.000000e+00
3750 63.134348 27.311229 15.500000 0.996388 -0.084917 0.000000 9.369689e-03 -1.422016e-02 0.000000e+00 0.000000e+00 0.000000e+00 8.604397e-05 -4.281155e-03 0.000000e+00
3800 63.595739 27.060985 15.500000 0.995934 -0.090085 0.000000 9.141092e-03 -1.014798e-03 0.000000e+00 0.000000e+00 0.000000e+00 -2.786521e-04 -1.984505e-03 0.000000e+00
3850 64.054847 26.991674 15.500000 0.995185 -0.098018 0.000000 9.248845e-03 -8.322832e-04 0.000000e+00 0.000000e+00 0.000000e+00 -1.571776e-04 -1.524064e-03 0.000000e+00
3900 64.512644 26.941627 15.500000 0.994350 -0.106149 0.000000 9.133484e-03 -4.650182e-04 0.000000e+00 0.000000e+00 0.000000e+00 -1.824305e-04 -1.228017e-03 0.000000e+00
3950 64.972047 26.890674 15.500000 0.993551 -0.113389 0.000000 9.284235e-03 -8.212831e-04 0.000000e+00 0.000000e+00 0.000000e+00 -1.382814e-04 -9.630144e-04 0.000000e+00
4000 65.435413 26.837075 15.500000 0.992765 -0.120072 0.000000 9.186017e-03 -9.168798e-04 0.000000e+00 0.000000e+00 0.000000e+00 -1.211205e-04 -7.177834e-04 0.000000e+00
4050 65.895760 26.785833 15.500000 0.992056 -0.125795 0.000000 9.225894e-03 -1.015104e-03 0.000000e+00 0.000000e+00 0.000000e+00 -1.166207e-04 -5.169907e-04 0.000000e+00
4100 66.361706 26.729021 15.500000 0.991246 -0.132029 0.000000 9.294696e-03 -1.197116e-03 0.000000e+00 0.000000e+00 0.000000e+00 -1.200017e-04 -3.330104e-04 0.000000e+00
4150 66.823598 26.674236 15.500000 0.990484 -0.137630 0.000000 9.338778e-03 -1.063526e-03 0.000000e+00 0.000000e+00 0.000000e+00 -1.053946e-04 -1.930821e-04 0.000000e+00
4200 67.292665 26.614260 15.500000 0.989622 -0.143694 0.000000 9.414346e-03 -1.312643e-03 0.000000e+00 0.000000e+00 0.000000e+00 -1.192318e-04 -8.392487e-05 0.000000e+00
4250 67.756189 26.553420 15.500000 0.988918 -0.148460 0.000000 9.414380e-03 -1.147260e-03 0.000000e+00 0.000000e+00 0.000000e+00 -9.222511e-05 -1.870904e-05 0.000000e+00
4300 68.228984 26.492046 15.500000 0.988126 -0.153648 0.000000 9.480038e-03 -1.329837e-03 0.000000e+00 0.000000e+00 0.000000e+00 -8.936766e-05 0.000000e+00 0.000000e+00
4350 68.693618 26.425938 15.500000 0.987205 -0.159456 0.000000 9.251340e-03 -1.278370e-03 0.000000e+00 0.000000e+00 0.000000e+00 -1.142066e-04 0.000000e+00 0.000000e+00
4400 69.166147 26.357663 15.500000 0.986473 -0.163926 0.000000 9.444064e-03 -1.405215e-03 0.000000e+00 0.000000e+00 0.000000e+00 -8.640625e-05 0.000000e+00 0.000000e+00
4450 69.631669 26.290181 15.500000 0.985576 -0.169233 0.000000 9.233045e-03 -1.551185e-03 0.000000e+00 0.000000e+00 0.000000e+00 -9.977031e-05 0.000000e+00 0.000000e+00
4500 70.101129 26.213098 15.500000 0.984742 -0.174021 0.000000 9.400775e-03 -1.474394e-03 0.000000e+00 0.000000e+00 0.000000e+00 -9.549981e-05 0.000000e+00 0.000000e+00
4550 70.566368 26.137743 15.500000 0.983811 -0.179207 0.000000 9.241573e-03 -1.630068e-03 0.000000e+00 0.000000e+00 0.000000e+00 -1.083370e-04 0.000000e+00 0.000000e+00
4600 71.032599 26.056961 15.500000 0.982899 -0.184147 0.000000 9.435579e-03 -1.599022e-03 0.000000e+00 0.000000e+00 0.000000e+00 -8.195763e-05 0.000000e+00 0.000000e+00
4650 71.496978 25.974179 15.500000 0.982121 -0.188253 0.000000 9.239801e-03 -1.725891e-03 0.000000e+00 0.000000e+00 0.000000e+00 -8.432899e-05 0.000000e+00 0.000000e+00
4700 71.960963 25.889388 15.500000 0.981453 -0.191701 0.000000 9.341827e-03 -1.631029e-03 0.000000e+00 0.000000e+00 0.000000e+00 -5.582887e-05 0.000000e+00 0.000000e+00
4750 72.428014 25.801297 15.500000 0.980924 -0.194391 0.000000 9.277666e-03 -1.834996e-03 0.000000e+00 0.000000e+00 0.000000e+00 -4.268844e-05 0.000000e+00 0.000000e+00
4800 72.892600 25.715564 15.500000 0.980482 -0.196608 0.000000 9.371229e-03 -1.751575e-03 0.000000e+00 0.000000e+00 0.000000e+00 -5.016129e-05 0.000000e+00 0.000000e+00
4850 73.363650 25.626280 15.500000 0.979885 -0.199564 0.000000 9.385681e-03 -1.899070e-03 0.000000e+00 0.000000e+00 0.000000e+00 -4.158349e-05 0.000000e+00 0.000000e+00
4900 73.830536 25.537573 15.500000 0.979518 -0.201358 0.000000 9.512098e-03 -1.731799e-03 0.000000e+00 0.000000e+00 0.000000e+00 -5.155109e-05 0.000000e+00 0.000000e+00
4950 74.305987 25.449500 15.500000 0.978990 -0.203910 0.000000 9.459604e-03 -1.804543e-03 0.000000e+00 0.000000e+00 0.000000e+00 -4.879930e-05 0.000000e+00 0.000000e+00
5000 74.773081 25.356320 15.500000 0.978269 -0.207340 0.000000 9.474415e-03 -1.945299e-03 0.000000e+00 0.000000e+00 0.000000e+00 -5.829467e-05 0.000000e+00 0.000000e+00
5050 75.246819 25.262378 15.500000 0.977751 -0.209769 0.000000 9.404209e-03 -1.867133e-03 0.000000e+00 0.000000e+00 0.000000e+00 -5.894913e-05 0.000000e+00 0.000000e+00
5100 75.713314 25.166560 15.500000 0.977034 -0.213083 0.000000 9.331809e-03 -1.985511e-03 0.000000e+00 0.000000e+00 0.000000e+00 -7.135681e-05 0.000000e+00 0.000000e+00
5150 76.183272 25.068300 15.500000 0.976395 -0.215994 0.000000 9.385926e-03 -1.888745e-03 0.000000e+00 0.000000e+00 0.000000e+00 -7.232927e-05 0.000000e+00 0.000000e+00
5200 76.648004 24.967249 15.500000 0.975908 -0.218180 0.000000 9.267421e-03 -2.054932e-03 0.000000e+00 0.000000e+00 0.000000e+00 -4.250325e-05 0.000000e+00 0.000000e+00
5250 77.115802 24.866306 15.500000 0.975541 -0.219816 0.000000 9.401171e-03 -2.066473e-03 0.000000e+00 0.000000e+00 0.000000e+00 -2.428564e-05 0.000000e+00 0.000000e+00
5300 77.582368 24.761753 15.500000 0.975331 -0.220746 0.000000 9.271325e-03 -2.076167e-03 0.000000e+00 0.000000e+00 0.000000e+00 -3.543730e-06 0.000000e+00 0.000000e+00
5350 78.051974 24.661941 15.500000 0.975067 -0.221909 0.000000 9.530998e-03 -1.990467e-03 0.000000e+00 0.000000e+00 0.000000e+00 -4.059728e-05 0.000000e+00 0.000000e+00
5400 78.522237 24.559039 15.500000 0.974724 -0.223412 0.000000 9.354791e-03 -2.075553e-03 0.000000e+00 0.000000e+00 0.000000e+00 -1.254148e-05 0.000000e+00 0.000000e+00
5450 78.994192 24.456303 15.500000 0.974536 -0.224229 0.000000 9.592224e-03 -2.035262e-03 0.000000e+00 0.000000e+00 0.000000e+00 -2.864812e-05 0.000000e+00 0.000000e+00
5500 79.467827 24.354662 15.500000 0.974120 -0.226033 0.000000 9.325997e-03 -2.122047e-03 0.000000e+00 0.000000e+00 0.000000e+00 -5.300701e-05 0.000000e+00 0.000000e+00
5550 79.938258 24.245990 15.500000 0.973592 -0.228294 0.000000 9.490193e-03 -2.155294e-03 0.000000e+00 0.000000e+00 0.000000e+00 -2.746659e-05 0.000000e+00 0.000000e+00
5600 80.409812 24.140522 15.500000 0.973126 -0.230273 0.000000 9.396303e-03 -2.168102e-03 0.000000e+00 0.000000e+00 0.000000e+00 -5.119796e-05 0.000000e+00 0.000000e+00
5650 80.875906 24.030205 15.500000 0.972560 -0.232653 0.000000 9.325439e-03 -2.260856e-03 0.000000e+00 0.000000e+00 0.000000e+00 -1.563612e-05 0.000000e+00 0.000000e+00
5700 81.343341 23.919853 15.500000 0.972283 -0.233806 0.000000 9.272346e-03 -2.227349e-03 0.000000e+00 0.000000e+00 0.000000e+00 -1.026452e-05 0.000000e+00 0.000000e+00
5750 81.808184 23.808934 15.500000 0.972297 -0.233748 0.000000 9.335308e-03 -2.217974e-03 0.000000e+00 0.000000e+00 0.000000e+00 -3.407504e-07 0.000000e+00 0.000000e+00
5800 82.279140 23.699897 15.500000 0.972150 -0.234358 0.000000 9.428796e-03 -2.293374e-03 0.000000e+00 0.000000e+00 0.000000e+00 -1.045815e-05 0.000000e+00 0.000000e+00
5850 82.747804 23.588038 15.500000 0.972168 -0.234286 0.000000 9.499279e-03 -2.170816e-03 0.000000e+00 0.000000e+00 0.000000e+00 2.249739e-06 0.000000e+00 0.000000e+00
5900 83.224486 23.480144 15.500000 0.971977 -0.235074 0.000000 9.584130e-03 -2.173778e-03 0.000000e+00 0.000000e+00 0.000000e+00 -2.847946e-05 0.000000e+00 0.000000e+00
5950 83.694393 23.369462 15.500000 0.971556 -0.236811 0.000000 9.423650e-03 -2.293405e-03 0.000000e+00 0.000000e+00 0.000000e+00 -1.916440e-05 0.000000e+00 0.000000e+00
6000 84.169715 23.256407 15.500000 0.971323 -0.237765 0.000000 9.399038e-03 -2.219062e-03 0.000000e+00 0.000000e+00 0.000000e+00 -3.435379e-05 0.000000e+00 0.000000e+00
6050 84.638474 23.144144 15.500000 0.970866 -0.239622 0.000000 9.390422e-03 -2.307255e-03 0.000000e+00 0.000000e+00 0.000000e+00 -5.015024e-05 0.000000e+00 0.000000e+00
6100 85.108794 23.028006 15.500000 0.970479 -0.241185 0.000000 9.334587e-03 -2.278569e-03 0.000000e+00 0.000000e+00 0.000000e+00 2.331366e-06 0.000000e+00 0.000000e+00
6150 85.575444 22.912154 15.500000 0.970233 -0.242172 0.000000 9.309263e-03 -2.304407e-03 0.000000e+00 0.000000e+00 0.000000e+00 1.066597e-06 0.000000e+00 0.000000e+00
6200 86.044473 22.796467 15.500000 0.970310 -0.241866 0.000000 9.508993e-03 -2.265679e-03 0.000000e+00 0.000000e+00 0.000000e+00 7.692982e-07 0.000000e+00 0.000000e+00
6250 86.514758 22.679287 15.500000 0.970330 -0.241784 0.000000 9.314210e-03 -2.321965e-03 0.000000e+00 0.000000e+00 0.000000e+00 2.193220e-06 0.000000e+00 0.000000e+00
6300 86.986493 22.565965 15.500000 0.970355 -0.241684 0.000000 9.579079e-03 -2.279353e-03 0.000000e+00 0.000000e+00 0.000000e+00 -1.336780e-05 0.000000e+00 0.000000e+00
6350 87.460785 22.452465 15.500000 0.970135 -0.242564 0.000000 9.383994e-03 -2.328955e-03 0.000000e+00 0.000000e+00 0.000000e+00 -2.611839e-05 0.000000e+00 0.000000e+00
6400 87.932843 22.335245 15.500000 0.969850 -0.243701 0.000000 9.475049e-03 -2.308619e-03 0.000000e+00 0.000000e+00 0.000000e+00 -1.153346e-05 0.000000e+00 0.000000e+00
6450 88.406734 22.220937 15.500000 0.969633 -0.244567 0.000000 9.386447e-03 -2.291479e-03 0.000000e+00 0.000000e+00 0.000000e+00 -2.983502e-05 0.000000e+00 0.000000e+00
6500 88.874898 22.101781 15.500000 0.969228 -0.246165 0.000000 9.430032e-03 -2.458452e-03 0.000000e+00 0.000000e+00 0.000000e+00 -1.826430e-05 0.000000e+00 0.000000e+00
6550 89.345844 21.982851 15.500000 0.968960 -0.247216 0.000000 9.314737e-03 -2.416560e-03 0.000000e+00 0.000000e+00 0.000000e+00 -1.530183e-05 0.000000e+00 0.000000e+00
6600 89.812287 21.862176 15.500000 0.968916 -0.247389 0.000000 9.357318e-03 -2.384621e-03 0.000000e+00 0.000000e+00 0.000000e+00 1.031215e-06 0.000000e+00 0.000000e+00
6650 90.283822 21.744218 15.500000 0.969038 -0.246913 0.000000 9.351865e-03 -2.414305e-03 0.000000e+00 0.000000e+00 0.000000e+00 1.671653e-05 0.000000e+00 0.000000e+00
6700 90.752595 21.624445 15.500000 0.969117 -0.246600 0.000000 9.461568e-03 -2.288212e-03 0.000000e+00 0.000000e+00 0.000000e+00 7.512454e-06 0.000000e+00 0.000000e+00
6750 91.229316 21.508269 15.500000 0.969066 -0.246801 0.000000 9.557427e-03 -2.307644e-03 0.000000e+00 0.000000e+00 0.000000e+00 -2.405874e-05 0.000000e+00 0.000000e+00
6800 91.699381 21.390404 15.500000 0.968769 -0.247965 0.000000 9.420040e-03 -2.427982e-03 0.000000e+00 0.000000e+00 0.000000e+00 -2.706688e-05 0.000000e+00 0.000000e+00
6850 92.175638 21.270536 15.500000 0.968671 -0.248346 0.000000 9.439508e-03 -2.355041e-03 0.000000e+00 0.000000e+00 0.000000e+00 -2.083843e-05 0.000000e+00 0.000000e+00
6900 92.645234 21.151755 15.500000 0.968330 -0.249675 0.000000 9.409225e-03 -2.445154e-03 0.000000e+00 0.000000e+00 0.000000e+00 -4.224459e-05 0.000000e+00 0.000000e+00
6950 93.116269 21.029187 15.500000 0.968041 -0.250794 0.000000 9.350953e-03 -2.427526e-03 0.000000e+00 0.000000e+00 0.000000e+00 1.884317e-05 0.000000e+00 0.000000e+00
7000 93.583591 20.907194 15.500000 0.967898 -0.251344 0.000000 9.329619e-03 -2.436999e-03 0.000000e+00 0.000000e+00 0.000000e+00 6.389400e-06 0.000000e+00 0.000000e+00
7050 94.053161 20.786019 15.500000 0.968075 -0.250659 0.000000 9.537813e-03 -2.406850e-03 0.000000e+00 0.000000e+00 0.000000e+00 1.955864e-05 0.000000e+00 0.000000e+00
7100 94.523786 20.663406 15.500000 0.968168 -0.250300 0.000000 9.349101e-03 -2.416932e-03 0.000000e+00 0.000000e+00 0.000000e+00 1.681414e-05 0.000000e+00 0.000000e+00
7150 94.996931 20.544725 15.500000 0.968303 -0.249780 0.000000 9.611251e-03 -2.367530e-03 0.000000e+00 0.000000e+00 0.000000e+00 -1.478875e-05 0.000000e+00 0.000000e+00
7200 95.471917 20.425991 15.500000 0.968191 -0.250214 0.000000 9.402928e-03 -2.425972e-03 0.000000e+00 0.000000e+00 0.000000e+00 -2.577003e-05 0.000000e+00 0.000000e+00
7250 95.944577 20.303731 15.500000 0.967924 -0.251243 0.000000 9.524466e-03 -2.386157e-03 0.000000e+00 0.000000e+00 0.000000e+00 -4.114144e-06 0.000000e+00 0.000000e+00
7300 96.418221 20.184055 15.500000 0.967766 -0.251850 0.000000 9.383067e-03 -2.393766e-03 0.000000e+00 0.000000e+00 0.000000e+00 -2.325207e-05 0.000000e+00 0.000000e+00
7350 96.886920 20.060071 15.500000 0.967397 -0.253264 0.000000 9.449544e-03 -2.542547e-03 0.000000e+00 0.000000e+00 0.000000e+00 -1.164162e-05 0.000000e+00 0.000000e+00
7400 97.356108 19.936579 15.500000 0.967320 -0.253559 0.000000 9.290952e-03 -2.464307e-03 0.000000e+00 0.000000e+00 0.000000e+00 1.006407e-05 0.000000e+00 0.000000e+00
7450 97.822127 19.813423 15.500000 0.967577 -0.252577 0.000000 9.366248e-03 -2.435397e-03 0.000000e+00 0.000000e+00 0.000000e+00 7.001622e-06 0.000000e+00 0.000000e+00
7500 98.294401 19.692173 15.500000 0.967649 -0.252302 0.000000 9.450396e-03 -2.531794e-03 0.000000e+00 0.000000e+00 0.000000e+00 4.921652e-06 0.000000e+00 0.000000e+00
7550 98.764685 19.569539 15.500000 0.967881 -0.251408 0.000000 9.538851e-03 -2.381365e-03 0.000000e+00 0.000000e+00 0.000000e+00 -1.416852e-06 0.000000e+00 0.000000e+00
7600 99.242662 19.450277 15.500000 0.967857 -0.251501 0.000000 9.561599e-03 -2.389874e-03 0.000000e+00 0.000000e+00 0.000000e+00 -5.359650e-06 0.000000e+00 0.000000e+00
7650 99.714172 19.328979 15.500000 0.967575 -0.252583 0.000000 9.503397e-03 -2.565938e-03 0.000000e+00 0.000000e+00 0.000000e+00 -1.441546e-05 0.000000e+00 0.000000e+00
7700 100.189525 19.205482 15.500000 0.967429 -0.253144 0.000000 9.425100e-03 -2.349650e-03 0.000000e+00 0.000000e+00 0.000000e+00 -9.807808e-06 0.000000e+00 0.000000e+00
7750 100.658076 19.082891 15.500000 0.967089 -0.254437 0.000000 9.348508e-03 -2.449042e-03 0.000000e+00 0.000000e+00 0.000000e+00 -3.267897e-05 0.000000e+00 0.000000e+00
7800 101.126461 18.957850 15.500000 0.966936 -0.255018 0.000000 9.346000e-03 -2.464006e-03 0.000000e+00 0.000000e+00 0.000000e+00 4.389240e-06 0.000000e+00 0.000000e+00
7850 101.594143 18.833281 15.500000 0.967144 -0.254230 0.000000 9.339605e-03 -2.458665e-03 0.000000e+00 0.000000e+00 0.000000e+00 3.297672e-05 0.000000e+00 0.000000e+00
7900 102.064881 18.711300 15.500000 0.967305 -0.253616 0.000000 9.532032e-03 -2.416969e-03 0.000000e+00 0.000000e+00 0.000000e+00 -1.330329e-05 0.000000e+00 0.000000e+00
7950 102.536366 18.588457 15.500000 0.967395 -0.253271 0.000000 9.397998e-03 -2.447934e-03 0.000000e+00 0.000000e+00 0.000000e+00 2.596869e-05 0.000000e+00 0.000000e+00
8000 103.010962 18.466847 15.500000 0.967548 -0.252686 0.000000 9.590533e-03 -2.412074e-03 0.000000e+00 0.000000e+00 0.000000e+00 -2.123073e-06 0.000000e+00 0.000000e+00
8050 103.485813 18.346840 15.500000 0.967409 -0.253221 0.000000 9.401031e-03 -2.445535e-03 0.000000e+00 0.000000e+00 0.000000e+00 -2.822239e-05 0.000000e+00 0.000000e+00
8100 103.958360 18.221340 15.500000 0.967170 -0.254131 0.000000 9.545139e-03 -2.508927e-03 0.000000e+00 0.000000e+00 0.000000e+00 -7.488198e-06 0.000000e+00 0.000000e+00
8150 104.430868 18.098547 15.500000 0.966888 -0.255201 0.000000 9.376440e-03 -2.519644e-03 0.000000e+00 0.000000e+00 0.000000e+00 -2.515181e-05 0.000000e+00 0.000000e+00
8200 104.898388 17.972645 15.500000 0.966744 -0.255744 0.000000 9.404228e-03 -2.546300e-03 0.000000e+00 0.000000e+00 0.000000e+00 7.388998e-07 0.000000e+00 0.000000e+00
8250 105.368998 17.847634 15.500000 0.966877 -0.255242 0.000000 9.376715e-03 -2.516292e-03 0.000000e+00 0.000000e+00 0.000000e+00 2.088284e-05 0.000000e+00 0.000000e+00
8300 105.836895 17.724461 15.500000 0.967157 -0.254178 0.000000 9.410882e-03 -2.454155e-03 0.000000e+00 0.000000e+00 0.000000e+00 1.126012e-05 0.000000e+00 0.000000e+00
8350 106.311792 17.601659 15.500000 0.967151 -0.254202 0.000000 9.507327e-03 -2.527352e-03 0.000000e+00 0.000000e+00 0.000000e+00 -2.221372e-06 0.000000e+00 0.000000e+00
8400 106.781685 17.479281 15.500000 0.967286 -0.253690 0.000000 9.559457e-03 -2.440508e-03 0.000000e+00 0.000000e+00 0.000000e+00 9.535302e-06 0.000000e+00 0.000000e+00
8450 107.259217 17.357876 15.500000 0.967367 -0.253378 0.000000 9.508258e-03 -2.346396e-03 0.000000e+00 0.000000e+00 0.000000e+00 -7.089450e-06 0.000000e+00 0.000000e+00
8500 107.729470 17.235661 15.500000 0.967213 -0.253967 0.000000 9.478911e-03 -2.544491e-03 0.000000e+00 0.000000e+00 0.000000e+00 -6.784737e-06 0.000000e+00 0.000000e+00
8550 108.202820 17.111318 15.500000 0.966998 -0.254786 0.000000 9.415227e-03 -2.366854e-03 0.000000e+00 0.000000e+00 0.000000e+00 -2.520603e-05 0.000000e+00 0.000000e+00
8600 108.670861 16.986529 15.500000 0.966939 -0.255010 0.000000 9.340059e-03 -2.520948e-03 0.000000e+00 0.000000e+00 0.000000e+00 -6.210694e-07 0.000000e+00 0.000000e+00
8650 109.141125 16.862187 15.500000 0.967016 -0.254716 0.000000 9.469362e-03 -2.522505e-03 0.000000e+00 0.000000e+00 0.000000e+00 1.073010e-05 0.000000e+00 0.000000e+00
8700 109.610117 16.736865 15.500000 0.967260 -0.253787 0.000000 9.304263e-03 -2.419800e-03 0.000000e+00 0.000000e+00 0.000000e+00 1.636302e-05 0.000000e+00 0.000000e+00
8750 110.083068 16.616468 15.500000 0.967376 -0.253344 0.000000 9.524601e-03 -2.400136e-03 0.000000e+00 0.000000e+00 0.000000e+00 -2.341697e-05 0.000000e+00 0.000000e+00
8800 110.555622 16.494295 15.500000 0.967324 -0.253542 0.000000 9.412586e-03 -2.446146e-03 0.000000e+00 0.000000e+00 0.000000e+00 2.257861e-06 0.000000e+00 0.000000e+00
8850 111.030262 16.371822 15.500000 0.967398 -0.253263 0.000000 9.611056e-03 -2.438084e-03 0.000000e+00 0.000000e+00 0.000000e+00 1.752122e-05 0.000000e+00 0.000000e+00
8900 111.503316 16.251763 15.500000 0.967299 -0.253639 0.000000 9.299191e-03 -2.446226e-03 0.000000e+00 0.000000e+00 0.000000e+00 2.932741e-06 0.000000e+00 0.000000e+00
8950 111.974007 16.125757 15.500000 0.967112 -0.254350 0.000000 9.488968e-03 -2.570387e-03 0.000000e+00 0.000000e+00 0.000000e+00 -1.951018e-05 0.000000e+00 0.000000e+00
9000 112.444671 16.002152 15.500000 0.966990 -0.254813 0.000000 9.318167e-03 -2.475776e-03 0.000000e+00 0.000000e+00 0.000000e+00 -1.931525e-05 0.000000e+00 0.000000e+00
9050 112.912173 15.877469 15.500000 0.967022 -0.254694 0.000000 9.417689e-03 -2.422756e-03 0.000000e+00 0.000000e+00 0.000000e+00 1.278534e-06 0.000000e+00 0.000000e+00
9100 113.383676 15.753380 15.500000 0.967178 -0.254099 0.000000 9.462374e-03 -2.593557e-03 0.000000e+00 0.000000e+00 0.000000e+00 1.674730e-05 0.000000e+00 0.000000e+00
9150 113.852813 15.631525 15.500000 0.967372 -0.253359 0.000000 9.451352e-03 -2.385690e-03 0.000000e+00 0.000000e+00 0.000000e+00 3.721318e-06 0.000000e+00 0.000000e+00
9200 114.329213 15.510065 15.500000 0.967304 -0.253621 0.000000 9.480369e-03 -2.440147e-03 0.000000e+00 0.000000e+00 0.000000e+00 -3.689994e-06 0.000000e+00 0.000000e+00
9250 114.799734 15.387881 15.500000 0.967199 -0.254019 0.000000 9.572729e-03 -2.528698e-03 0.000000e+00 0.000000e+00 0.000000e+00 8.174043e-06 0.000000e+00 0.000000e+00
9300 115.275763 15.265001 15.500000 0.967208 -0.253986 0.000000 9.427699e-03 -2.363809e-03 0.000000e+00 0.000000e+00 0.000000e+00 -1.562222e-05 0.000000e+00 0.000000e+00
9350 115.745041 15.142547 15.500000 0.966964 -0.254912 0.000000 9.365873e-03 -2.467423e-03 0.000000e+00 0.000000e+00 0.000000e+00 -1.745999e-05 0.000000e+00 0.000000e+00
9400 116.217002 15.017334 15.500000 0.966792 -0.255564 0.000000 9.333813e-03 -2.474435e-03 0.000000e+00 0.000000e+00 0.000000e+00 -1.343529e-05 0.000000e+00 0.000000e+00
9450 116.684030 14.891943 15.500000 0.966821 -0.255455 0.000000 9.356771e-03 -2.504270e-03 0.000000e+00 0.000000e+00 0.000000e+00 2.744309e-05 0.000000e+00 0.000000e+00
9500 117.155474 14.768938 15.500000 0.967096 -0.254413 0.000000 9.456581e-03 -2.470640e-03 0.000000e+00 0.000000e+00 0.000000e+00 1.651806e-05 0.000000e+00 0.000000e+00
9550 117.625139 14.644147 15.500000 0.967342 -0.253476 0.000000 9.332372e-03 -2.433328e-03 0.000000e+00 0.000000e+00 0.000000e+00 4.524826e-05 0.000000e+00 0.000000e+00
9600 118.100825 14.524255 15.500000 0.967513 -0.252822 0.000000 9.508731e-03 -2.388450e-03 0.000000e+00 0.000000e+00 0.000000e+00 6.088914e-06 0.000000e+00 0.000000e+00
9650 118.574369 14.403172 15.500000 0.967372 -0.253359 0.000000 9.409236e-03 -2.408144e-03 0.000000e+00 0.000000e+00 0.000000e+00 -2.746158e-05 0.000000e+00 0.000000e+00
9700 119.049052 14.279713 15.500000 0.967289 -0.253677 0.000000 9.560309e-03 -2.461540e-03 0.000000e+00 0.000000e+00 0.000000e+00 8.821485e-06 0.000000e+00 0.000000e+00
9750 119.520663 14.158382 15.500000 0.967152 -0.254201 0.000000 9.313803e-03 -2.490538e-03 0.000000e+00 0.000000e+00 0.000000e+00 -2.539960e-05 0.000000e+00 0.000000e+00
9800 119.990066 14.033196 15.500000 0.966901 -0.255153 0.000000 9.432806e-03 -2.471292e-03 0.000000e+00 0.000000e+00 0.000000e+00 -6.727821e-06 0.000000e+00 0.000000e+00
9850 120.458290 13.908728 15.500000 0.967000 -0.254777 0.000000 9.334305e-03 -2.499170e-03 0.000000e+00 0.000000e+00 0.000000e+00 2.256828e-05 0.000000e+00 0.000000e+00
9900 120.925199 13.786334 15.500000 0.967340 -0.253482 0.000000 9.441169e-03 -2.414415e-03 0.000000e+00 0.000000e+00 0.000000e+00 1.637722e-05 0.000000e+00 0.000000e+00
9950 121.398350 13.663039 15.500000 0.967511 -0.252829 0.000000 9.409531e-03 -2.522738e-03 0.000000e+00 0.000000e+00 0.000000e+00 1.637653e-05 0.000000e+00 0.000000e+00
10000 121.869843 13.542872 15.500000 0.967805 -0.251703 0.000000 9.588088e-03 -2.403925e-03 0.000000e+00 0.000000e+00 0.000000e+00 9.271285e-06 0.000000e+00 0.000000e+00
10050 122.347553 13.423226 15.500000 0.967848 -0.251537 0.000000 9.429945e-03 -2.326352e-03 0.000000e+00 0.000000e+00 0.000000e+00 8.548535e-06 0.000000e+00 0.000000e+00
10100 122.819239 13.301037 15.500000 0.967618 -0.252420 0.000000 9.523777e-03 -2.508918e-03 0.000000e+00 0.000000e+00 0.000000e+00 -2.584624e-05 0.000000e+00 0.000000e+00
10150 123.293205 13.179453 15.500000 0.967570 -0.252603 0.000000 9.413171e-03 -2.387320e-03 0.000000e+00 0.000000e+00 0.000000e+00 -1.552410e-05 0.000000e+00 0.000000e+00
10200 123.760986 13.057240 15.500000 0.967319 -0.253561 0.000000 9.371883e-03 -2.455652e-03 0.000000e+00 0.000000e+00 0.000000e+00 -8.518355e-06 0.000000e+00 0.000000e+00
10250 124.229896 12.933158 15.500000 0.967339 -0.253484 0.000000 9.383970e-03 -2.477637e-03 0.000000e+00 0.000000e+00 0.000000e+00 1.157387e-05 0.000000e+00 0.000000e+00
10300 124.696849 12.810669 15.500000 0.967697 -0.252117 0.000000 9.377764e-03 -2.372619e-03 0.000000e+00 0.000000e+00 0.000000e+00 3.855331e-05 0.000000e+00 0.000000e+00
10350 125.168523 12.690838 15.500000 0.967869 -0.251454 0.000000 9.451869e-03 -2.396006e-03 0.000000e+00 0.000000e+00 0.000000e+00 4.189741e-06 0.000000e+00 0.000000e+00
10400 125.639000 12.569474 15.500000 0.968158 -0.250341 0.000000 9.370598e-03 -2.414430e-03 0.000000e+00 0.000000e+00 0.000000e+00 3.560732e-05 0.000000e+00 0.000000e+00
10450 126.115734 12.450576 15.500000 0.968290 -0.249827 0.000000 9.539688e-03 -2.382784e-03 0.000000e+00 0.000000e+00 0.000000e+00 1.351645e-05 0.000000e+00 0.000000e+00
10500 126.588883 12.333087 15.500000 0.968173 -0.250281 0.000000 9.373245e-03 -2.375295e-03 0.000000e+00 0.000000e+00 0.000000e+00 -1.757208e-05 0.000000e+00 0.000000e+00
10550 127.063007 12.210045 15.500000 0.968099 -0.250568 0.000000 9.529928e-03 -2.395222e-03 0.000000e+00 0.000000e+00 0.000000e+00 -8.375589e-06 0.000000e+00 0.000000e+00
10600 127.533109 12.089953 15.500000 0.967913 -0.251286 0.000000 9.336929e-03 -2.468196e-03 0.000000e+00 0.000000e+00 0.000000e+00 -2.368712e-05 0.000000e+00 0.000000e+00
10650 127.999891 11.967902 15.500000 0.967819 -0.251648 0.000000 9.384008e-03 -2.469883e-03 0.000000e+00 0.000000e+00 0.000000e+00 7.124387e-07 0.000000e+00 0.000000e+00
10700 128.468979 11.845811 15.500000 0.968040 -0.250796 0.000000 9.341070e-03 -2.465914e-03 0.000000e+00 0.000000e+00 0.000000e+00 3.991973e-05 0.000000e+00 0.000000e+00
10750 128.936907 11.727230 15.500000 0.968425 -0.249304 0.000000 9.420464e-03 -2.370742e-03 0.000000e+00 0.000000e+00 0.000000e+00 1.412116e-05 0.000000e+00 0.000000e+00
10800 129.410836 11.607198 15.500000 0.968530 -0.248895 0.000000 9.339941e-03 -2.329750e-03 0.000000e+00 0.000000e+00 0.000000e+00 1.925741e-05 0.000000e+00 0.000000e+00
10850 129.882205 11.490243 15.500000 0.968868 -0.247580 0.000000 9.554805e-03 -2.382521e-03 0.000000e+00 0.000000e+00 0.000000e+00 4.893917e-05 0.000000e+00 0.000000e+00
10900 130.359368 11.373838 15.500000 0.968920 -0.247376 0.000000 9.425453e-03 -2.256915e-03 0.000000e+00 0.000000e+00 0.000000e+00 7.914592e-06 0.000000e+00 0.000000e+00
10950 130.830336 11.254331 15.500000 0.968771 -0.247958 0.000000 9.442670e-03 -2.394552e-03 0.000000e+00 0.000000e+00 0.000000e+00 -3.549606e-06 0.000000e+00 0.000000e+00
11000 131.303531 11.135730 15.500000 0.968698 -0.248241 0.000000 9.384562e-03 -2.357433e-03 0.000000e+00 0.000000e+00 0.000000e+00 -7.115131e-06 0.000000e+00 0.000000e+00
11050 131.770667 11.015979 15.500000 0.968567 -0.248753 0.000000 9.364287e-03 -2.377300e-03 0.000000e+00 0.000000e+00 0.000000e+00 1.311509e-05 0.000000e+00 0.000000e+00
11100 132.240143 10.895824 15.500000 0.968773 -0.247948 0.000000 9.408242e-03 -2.404051e-03 0.000000e+00 0.000000e+00 0.000000e+00 1.108447e-05 0.000000e+00 0.000000e+00
11150 132.707197 10.777793 15.500000 0.969210 -0.246236 0.000000 9.367690e-03 -2.255529e-03 0.000000e+00 0.000000e+00 0.000000e+00 4.266958e-05 0.000000e+00 0.000000e+00
11200 133.179445 10.662539 15.500000 0.969424 -0.245392 0.000000 9.445095e-03 -2.339338e-03 0.000000e+00 0.000000e+00 0.000000e+00 2.712103e-05 0.000000e+00 0.000000e+00
11250 133.649819 10.546142 15.500000 0.969735 -0.244160 0.000000 9.344163e-03 -2.297081e-03 0.000000e+00 0.000000e+00 0.000000e+00 3.869612e-05 0.000000e+00 0.000000e+00
11300 134.126191 10.431358 15.500000 0.969935 -0.243365 0.000000 9.520160e-03 -2.299752e-03 0.000000e+00 0.000000e+00 0.000000e+00 1.080429e-05 0.000000e+00 0.000000e+00
11350 134.598427 10.318809 15.500000 0.969878 -0.243591 0.000000 9.372960e-03 -2.329562e-03 0.000000e+00 0.000000e+00 0.000000e+00 -2.812629e-05 0.000000e+00 0.000000e+00
11400 135.071986 10.200764 15.500000 0.969894 -0.243528 0.000000 9.513676e-03 -2.286762e-03 0.000000e+00 0.000000e+00 0.000000e+00 -3.247496e-06 0.000000e+00 0.000000e+00
11450 135.541177 10.085528 15.500000 0.969796 -0.243917 0.000000 9.305772e-03 -2.338390e-03 0.000000e+00 0.000000e+00 0.000000e+00 -3.123452e-06 0.000000e+00 0.000000e+00
11500 136.007565 9.969045 15.500000 0.969814 -0.243845 0.000000 9.403828e-03 -2.343213e-03 0.000000e+00 0.000000e+00 0.000000e+00 3.016646e-06 0.000000e+00 0.000000e+00
11550 136.475776 9.852582 15.500000 0.970136 -0.242561 0.000000 9.327741e-03 -2.349449e-03 0.000000e+00 0.000000e+00 0.000000e+00 4.957430e-05 0.000000e+00 0.000000e+00
11600 136.943045 9.740242 15.500000 0.970619 -0.240621 0.000000 9.418332e-03 -2.234835e-03 0.000000e+00 0.000000e+00 0.000000e+00 1.210833e-05 0.000000e+00 0.000000e+00
11650 137.416167 9.626234 15.500000 0.970858 -0.239657 0.000000 9.313090e-03 -2.250216e-03 0.000000e+00 0.000000e+00 0.000000e+00 1.893838e-05 0.000000e+00 0.000000e+00
11700 137.886987 9.516005 15.500000 0.971295 -0.237876 0.000000 9.543793e-03 -2.172275e-03 0.000000e+00 0.000000e+00 0.000000e+00 4.390733e-06 0.000000e+00 0.000000e+00
11750 138.363672 9.406874 15.500000 0.971506 -0.237014 0.000000 9.356256e-03 -2.087882e-03 0.000000e+00 0.000000e+00 0.000000e+00 1.296432e-05 0.000000e+00 0.000000e+00
11800 138.834406 9.295150 15.500000 0.971462 -0.237196 0.000000 9.446787e-03 -2.263361e-03 0.000000e+00 0.000000e+00 0.000000e+00 7.118313e-06 0.000000e+00 0.000000e+00
11850 139.307102 9.184727 15.500000 0.971627 -0.236519 0.000000 9.394536e-03 -2.173340e-03 0.000000e+00 0.000000e+00 0.000000e+00 1.022595e-05 0.000000e+00 0.000000e+00
11900 139.774295 9.074142 15.500000 0.971573 -0.236741 0.000000 9.367235e-03 -2.224577e-03 0.000000e+00 0.000000e+00 0.000000e+00 1.167463e-05 0.000000e+00 0.000000e+00
11950 140.242467 8.961942 15.500000 0.971810 -0.235767 0.000000 9.296607e-03 -2.245382e-03 0.000000e+00 0.000000e+00 0.000000e+00 1.422155e-05 0.000000e+00 0.000000e+00
12000 140.707263 8.852056 15.500000 0.972344 -0.233554 0.000000 9.303437e-03 -2.121666e-03 0.000000e+00 0.000000e+00 0.000000e+00 5.839663e-05 0.000000e+00 0.000000e+00
12050 141.177446 8.745350 15.500000 0.972822 -0.231554 0.000000 9.352077e-03 -2.135613e-03 0.000000e+00 0.000000e+00 0.000000e+00 3.525495e-05 0.000000e+00 0.000000e+00
12100 141.645627 8.637006 15.500000 0.973333 -0.229398 0.000000 9.327005e-03 -2.059072e-03 0.000000e+00 0.000000e+00 0.000000e+00 7.052290e-05 0.000000e+00 0.000000e+00
12150 142.120376 8.534267 15.500000 0.973766 -0.227550 0.000000 9.529285e-03 -2.084817e-03 0.000000e+00 0.000000e+00 0.000000e+00 2.836790e-05 0.000000e+00 0.000000e+00
12200 142.591856 8.432073 15.500000 0.973945 -0.226782 0.000000 9.369609e-03 -2.035831e-03 0.000000e+00 0.000000e+00 0.000000e+00 9.126032e-06 0.000000e+00 0.000000e+00
12250 143.065470 8.328083 15.500000 0.974281 -0.225338 0.000000 9.536403e-03 -2.055222e-03 0.000000e+00 0.000000e+00 0.000000e+00 4.702548e-05 0.000000e+00 0.000000e+00
12300 143.535381 8.227738 15.500000 0.974539 -0.224219 0.000000 9.285761e-03 -2.063595e-03 0.000000e+00 0.000000e+00 0.000000e+00 7.933308e-06 0.000000e+00 0.000000e+00
12350 144.004478 8.122901 15.500000 0.974766 -0.223227 0.000000 9.477120e-03 -2.114439e-03 0.000000e+00 0.000000e+00 0.000000e+00 2.999333e-05 0.000000e+00 0.000000e+00
12400 144.472605 8.020976 15.500000 0.975085 -0.221833 0.000000 9.286437e-03 -2.139382e-03 0.000000e+00 0.000000e+00 0.000000e+00 4.166693e-05 0.000000e+00 0.000000e+00
12450 144.937765 7.920084 15.500000 0.975567 -0.219701 0.000000 9.358897e-03 -1.947785e-03 0.000000e+00 0.000000e+00 0.000000e+00 5.371108e-05 0.000000e+00 0.000000e+00
12500 145.407046 7.819840 15.500000 0.976186 -0.216937 0.000000 9.344543e-03 -2.026542e-03 0.000000e+00 0.000000e+00 0.000000e+00 7.930106e-05 0.000000e+00 0.000000e+00
12550 145.872957 7.724778 15.500000 0.976911 -0.213648 0.000000 9.375934e-03 -1.898198e-03 0.000000e+00 0.000000e+00 0.000000e+00 6.974533e-05 0.000000e+00 0.000000e+00
12600 146.345919 7.629399 15.500000 0.977394 -0.211427 0.000000 9.406488e-03 -2.002571e-03 0.000000e+00 0.000000e+00 0.000000e+00 6.049678e-05 0.000000e+00 0.000000e+00
12650 146.813706 7.537612 15.500000 0.978117 -0.208056 0.000000 9.516617e-03 -1.840146e-03 0.000000e+00 0.000000e+00 0.000000e+00 2.879168e-05 0.000000e+00 0.000000e+00
12700 147.290452 7.447506 15.500000 0.978636 -0.205599 0.000000 9.506854e-03 -1.734889e-03 0.000000e+00 0.000000e+00 0.000000e+00 5.028277e-05 0.000000e+00 0.000000e+00
12750 147.758790 7.358878 15.500000 0.979010 -0.203812 0.000000 9.489487e-03 -1.926762e-03 0.000000e+00 0.000000e+00 0.000000e+00 6.343530e-05 0.000000e+00 0.000000e+00
12800 148.232439 7.268990 15.500000 0.979584 -0.201037 0.000000 9.383622e-03 -1.749728e-03 0.000000e+00 0.000000e+00 0.000000e+00 5.233042e-05 0.000000e+00 0.000000e+00
12850 148.699050 7.182555 15.500000 0.980032 -0.198840 0.000000 9.346260e-03 -1.789753e-03 0.000000e+00 0.000000e+00 0.000000e+00 5.071932e-05 0.000000e+00 0.000000e+00
12900 149.168328 7.094843 15.500000 0.980550 -0.196267 0.000000 9.392753e-03 -1.620875e-03 0.000000e+00 0.000000e+00 0.000000e+00 4.177681e-05 0.000000e+00 0.000000e+00
12950 149.632949 7.008856 15.500000 0.981222 -0.192882 0.000000 9.245483e-03 -1.651016e-03 0.000000e+00 0.000000e+00 0.000000e+00 7.944673e-05 0.000000e+00 0.000000e+00
13000 150.098423 6.925719 15.500000 0.981983 -0.188969 0.000000 9.372273e-03 -1.640973e-03 0.000000e+00 0.000000e+00 0.000000e+00 1.033639e-04 0.000000e+00 0.000000e+00
13050 150.563814 6.844009 15.500000 0.982898 -0.184151 0.000000 9.258942e-03 -1.556230e-03 0.000000e+00 0.000000e+00 0.000000e+00 1.215237e-04 0.000000e+00 0.000000e+00
13100 151.030661 6.769079 15.500000 0.983818 -0.179172 0.000000 9.505384e-03 -1.484831e-03 0.000000e+00 0.000000e+00 0.000000e+00 9.475221e-05 0.000000e+00 0.000000e+00
13150 151.499036 6.691426 15.500000 0.984669 -0.174433 0.000000 9.274597e-03 -1.493853e-03 0.000000e+00 0.000000e+00 0.000000e+00 1.113408e-04 0.000000e+00 0.000000e+00
13200 151.966471 6.623716 15.500000 0.985578 -0.169219 0.000000 9.415988e-03 -1.403339e-03 0.000000e+00 0.000000e+00 0.000000e+00 8.158985e-05 0.000000e+00 0.000000e+00
13250 152.438292 6.555521 15.500000 0.986285 -0.165053 0.000000 9.264410e-03 -1.267691e-03 0.000000e+00 0.000000e+00 0.000000e+00 1.082848e-04 0.000000e+00 0.000000e+00
13300 152.906330 6.489753 15.500000 0.987209 -0.159433 0.000000 9.534577e-03 -1.337296e-03 0.000000e+00 0.000000e+00 0.000000e+00 8.873210e-05 4.987884e-07 0.000000e+00
13350 153.380400 6.428106 15.500000 0.988018 -0.154337 0.000000 9.273742e-03 -1.201981e-03 0.000000e+00 0.000000e+00 0.000000e+00 1.114086e-04 3.139951e-05 0.000000e+00
13400 153.847821 6.365980 15.500000 0.988718 -0.149792 0.000000 9.472548e-03 -1.295517e-03 0.000000e+00 0.000000e+00 0.000000e+00 1.113429e-04 1.106828e-04 0.000000e+00
13450 154.319499 6.308214 15.500000 0.989587 -0.143934 0.000000 9.385968e-03 -1.012509e-03 0.000000e+00 0.000000e+00 0.000000e+00 1.124233e-04 2.286736e-04 0.000000e+00
13500 154.784717 6.251538 15.500000 0.990371 -0.138436 0.000000 9.344307e-03 -1.210223e-03 0.000000e+00 0.000000e+00 0.000000e+00 1.103969e-04 3.841141e-04 0.000000e+00
13550 155.253561 6.198033 15.500000 0.991209 -0.132302 0.000000 9.258619e-03 -1.011657e-03 0.000000e+00 0.000000e+00 0.000000e+00 1.198727e-04 5.690940e-04 0.000000e+00
13600 155.717512 6.147355 15.500000 0.991944 -0.126679 0.000000 9.254345e-03 -1.007529e-03 0.000000e+00 0.000000e+00 0.000000e+00 1.115359e-04 7.769111e-04 0.000000e+00
13650 156.184193 6.098590 15.500000 0.992753 -0.120173 0.000000 9.299630e-03 -8.791430e-04 0.000000e+00 0.000000e+00 0.000000e+00 1.525341e-04 1.007982e-03 0.000000e+00
13700 156.647447 6.052266 15.500000 0.993560 -0.113309 0.000000 9.256148e-03 -8.842103e-04 0.000000e+00 0.000000e+00 0.000000e+00 1.331176e-04 1.254593e-03 0.000000e+00
13750 157.111160 6.010846 15.500000 0.994398 -0.105699 0.000000 9.198350e-03 -8.506067e-04 0.000000e+00 0.000000e+00 0.000000e+00 1.743607e-04 1.498162e-03 0.000000e+00
13800 157.571979 5.971267 15.500000 0.995219 -0.097673 0.000000 9.209389e-03 -8.419478e-04 0.000000e+00 0.000000e+00 0.000000e+00 1.618993e-04 1.750932e-03 0.000000e+00
13850 158.034544 5.938337 15.500000 0.996003 -0.089324 0.000000 9.387781e-03 -6.792319e-04 0.000000e+00 0.000000e+00 0.000000e+00 1.669256e-04 1.977336e-03 0.000000e+00
13900 158.497334 5.907033 15.500000 0.996758 -0.080457 0.000000 9.129138e-03 -6.239058e-04 0.000000e+00 0.000000e+00 0.000000e+00 2.044400e-04 2.204582e-03 0.000000e+00
13950 158.959705 5.883208 15.500000 0.997483 -0.070905 0.000000 9.336054e-03 -4.154369e-04 0.000000e+00 0.000000e+00 0.000000e+00 1.809939e-04 2.387111e-03 0.000000e+00
14000 159.425061 5.860337 15.500000 0.998106 -0.061510 0.000000 9.233392e-03 -4.135695e-04 0.000000e+00 0.000000e+00 0.000000e+00 2.065930e-04 2.567557e-03 0.000000e+00
14050 159.886707 5.843875 15.500000 0.998688 -0.051208 0.000000 9.319213e-03 -2.728223e-04 0.000000e+00 0.000000e+00 0.000000e+00 1.914222e-04 2.702664e-03 0.000000e+00
14100 160.353044 5.829758 15.500000 0.999139 -0.041480 0.000000 9.279299e-03 -2.739216e-04 0.000000e+00 0.000000e+00 0.000000e+00 2.109004e-04 2.820250e-03 0.000000e+00
14150 160.814659 5.820994 15.500000 0.999521 -0.030961 0.000000 9.249136e-03 -1.637397e-04 0.000000e+00 0.000000e+00 0.000000e+00 1.985480e-04 2.895458e-03 0.000000e+00
14200 161.281594 5.815109 15.500000 0.999775 -0.021211 0.000000 9.283072e-03 -1.259403e-04 0.000000e+00 0.000000e+00 0.000000e+00 2.044822e-04 2.946206e-03 0.000000e+00
14250 161.743456 5.813763 15.500000 0.999943 -0.010654 0.000000 9.260855e-03 1.829275e-05 0.000000e+00 0.000000e+00 0.000000e+00 2.072827e-04 2.959041e-03 0.000000e+00
14300 162.210383 5.815894 15.500000 1.000000 -0.000869 0.000000 9.321971e-03 2.259972e-05 0.000000e+00 0.000000e+00 0.000000e+00 1.844273e-04 2.940728e-03 0.000000e+00
14350 162.672555 5.821274 15.500000 0.999954 0.009566 0.000000 9.279026e-03 1.892481e-04 0.000000e+00 0.000000e+00 0.000000e+00 2.056470e-04 2.896084e-03 0.000000e+00
14400 163.138746 5.831637 15.500000 0.999811 0.019437 0.000000 9.326537e-03 2.026826e-04 0.000000e+00 0.000000e+00 0.000000e+00 1.912325e-04 2.808460e-03 0.000000e+00
14450 163.601366 5.844305 15.500000 0.999558 0.029722 0.000000 9.275118e-03 3.194652e-04 0.000000e+00 0.000000e+00 0.000000e+00 2.281803e-04 2.704004e-03 0.000000e+00
14500 164.066197 5.862780 15.500000 0.999215 0.039615 0.000000 9.356443e-03 3.245350e-04 0.000000e+00 0.000000e+00 0.000000e+00 1.834773e-04 2.553884e-03 0.000000e+00
14550 164.529546 5.882459 15.500000 0.998771 0.049556 0.000000 9.172249e-03 4.063165e-04 0.000000e+00 0.000000e+00 0.000000e+00 2.174215e-04 2.399288e-03 0.000000e+00
14600 164.992858 5.909143 15.500000 0.998244 0.059240 0.000000 9.354036e-03 5.530221e-04 0.000000e+00 0.000000e+00 0.000000e+00 1.716003e-04 2.197643e-03 0.000000e+00
14650 165.458454 5.935285 15.500000 0.997673 0.068183 0.000000 9.237789e-03 5.119320e-04 0.000000e+00 0.000000e+00 0.000000e+00 1.878445e-04 2.007360e-03 0.000000e+00
14700 165.921030 5.968348 15.500000 0.997044 0.076832 0.000000 9.251856e-03 6.826683e-04 0.000000e+00 0.000000e+00 0.000000e+00 1.490546e-04 1.780529e-03 0.000000e+00
14750 166.384077 6.004253 15.500000 0.996364 0.085199 0.000000 9.205655e-03 6.766727e-04 0.000000e+00 0.000000e+00 0.000000e+00 1.623671e-04 1.548404e-03 0.000000e+00
14800 166.844654 6.044070 15.500000 0.995644 0.093241 0.000000 9.240735e-03 7.400476e-04 0.000000e+00 0.000000e+00 0.000000e+00 1.387532e-04 1.310340e-03 0.000000e+00
14850 167.310260 6.086971 15.500000 0.994949 0.100382 0.000000 9.259755e-03 8.447515e-04 0.000000e+00 0.000000e+00 0.000000e+00 1.626039e-04 1.076258e-03 0.000000e+00
14900 167.771680 6.131150 15.500000 0.994323 0.106404 0.000000 9.274147e-03 9.021680e-04 0.000000e+00 0.000000e+00 0.000000e+00 1.243702e-04 8.590177e-04 0.000000e+00
14950 168.238172 6.177769 15.500000 0.993616 0.112811 0.000000 9.278080e-03 1.005592e-03 0.000000e+00 0.000000e+00 0.000000e+00 1.387523e-04 6.564775e-04 0.000000e+00
15000 168.700811 6.227313 15.500000 0.992945 0.118577 0.000000 9.297837e-03 8.574569e-04 0.000000e+00 0.000000e+00 0.000000e+00 9.722352e-05 4.701484e-04 0.000000e+00
15050 169.168503 6.277267 15.500000 0.992174 0.124867 0.000000 9.330705e-03 1.024178e-03 0.000000e+00 0.000000e+00 0.000000e+00 1.336595e-04 3.145807e-04 0.000000e+00
15100 169.632259 6.333372 15.500000 0.991449 0.130492 0.000000 9.275878e-03 1.034599e-03 0.000000e+00 0.000000e+00 0.000000e+00 8.444861e-05 1.766242e-04 0.000000e+00
15150 170.102183 6.385707 15.500000 0.990687 0.136156 0.000000 9.388839e-03 1.087958e-03 0.000000e+00 0.000000e+00 0.000000e+00 1.131246e-04 8.364603e-05 0.000000e+00
15200 170.569459 6.445648 15.500000 0.989913 0.141678 0.000000 9.299720e-03 1.228033e-03 0.000000e+00 0.000000e+00 0.000000e+00 8.772882e-05 1.940945e-05 0.000000e+00
15250 171.040227 6.503705 15.500000 0.989211 0.146499 0.000000 9.544022e-03 1.197842e-03 0.000000e+00 0.000000e+00 0.000000e+00 1.073924e-04 0.000000e+00 0.000000e+00
15300 171.510690 6.566639 15.500000 0.988421 0.151739 0.000000 9.302351e-03 1.326661e-03 0.000000e+00 0.000000e+00 0.000000e+00 1.299950e-04 0.000000e+00 0.000000e+00
15350 171.980046 6.632199 15.500000 0.987582 0.157106 0.000000 9.476523e-03 1.282512e-03 0.000000e+00 0.000000e+00 0.000000e+00 8.823102e-05 0.000000e+00 0.000000e+00
15400 172.451446 6.696052 15.500000 0.986824 0.161799 0.000000 9.260958e-03 1.296138e-03 0.000000e+00 0.000000e+00 0.000000e+00 1.087821e-04 0.000000e+00 0.000000e+00
15450 172.917860 6.770074 15.500000 0.985978 0.166878 0.000000 9.390660e-03 1.483670e-03 0.000000e+00 0.000000e+00 0.000000e+00 8.759601e-05 0.000000e+00 0.000000e+00
15500 173.387683 6.842069 15.500000 0.985146 0.171722 0.000000 9.346759e-03 1.477929e-03 0.000000e+00 0.000000e+00 0.000000e+00 1.156347e-04 0.000000e+00 0.000000e+00
15550 173.852800 6.919279 15.500000 0.984204 0.177036 0.000000 9.363179e-03 1.643938e-03 0.000000e+00 0.000000e+00 0.000000e+00 8.034607e-05 0.000000e+00 0.000000e+00
15600 174.320720 6.998575 15.500000 0.983427 0.181306 0.000000 9.282385e-03 1.674549e-03 0.000000e+00 0.000000e+00 0.000000e+00 7.975120e-05 0.000000e+00 0.000000e+00
15650 174.784128 7.081812 15.500000 0.982739 0.184999 0.000000 9.317507e-03 1.708112e-03 0.000000e+00 0.000000e+00 0.000000e+00 7.028743e-05 0.000000e+00 0.000000e+00
15700 175.252646 7.164983 15.500000 0.982181 0.187937 0.000000 9.347222e-03 1.767030e-03 0.000000e+00 0.000000e+00 0.000000e+00 5.242485e-05 0.000000e+00 0.000000e+00
15750 175.717405 7.250156 15.500000 0.981742 0.190216 0.000000 9.306625e-03 1.659469e-03 0.000000e+00 0.000000e+00 0.000000e+00 5.864528e-05 0.000000e+00 0.000000e+00
15800 176.188010 7.333466 15.500000 0.981202 0.192983 0.000000 9.382280e-03 1.696655e-03 0.000000e+00 0.000000e+00 0.000000e+00 3.070339e-05 0.000000e+00 0.000000e+00
15850 176.655613 7.422015 15.500000 0.980799 0.195023 0.000000 9.302128e-03 1.853377e-03 0.000000e+00 0.000000e+00 0.000000e+00 2.192128e-05 0.000000e+00 0.000000e+00
15900 177.130227 7.507276 15.500000 0.980325 0.197391 0.000000 9.525023e-03 1.736045e-03 0.000000e+00 0.000000e+00 0.000000e+00 6.603203e-05 0.000000e+00 0.000000e+00
15950 177.600694 7.595974 15.500000 0.979687 0.200533 0.000000 9.306115e-03 1.770259e-03 0.000000e+00 0.000000e+00 0.000000e+00 7.870776e-05 0.000000e+00 0.000000e+00
16000 178.073891 7.687284 15.500000 0.979151 0.203136 0.000000 9.538783e-03 1.793402e-03 0.000000e+00 0.000000e+00 0.000000e+00 3.872133e-05 0.000000e+00 0.000000e+00
16050 178.543582 7.777266 15.500000 0.978538 0.206066 0.000000 9.292274e-03 1.864618e-03 0.000000e+00 0.000000e+00 0.000000e+00 6.853293e-05 0.000000e+00 0.000000e+00
16100 179.012681 7.874983 15.500000 0.977907 0.209042 0.000000 9.422474e-03 1.903592e-03 0.000000e+00 0.000000e+00 0.000000e+00 5.658056e-05 0.000000e+00 0.000000e+00
16150 179.481356 7.969889 15.500000 0.977343 0.211664 0.000000 9.296612e-03 1.888546e-03 0.000000e+00 0.000000e+00 0.000000e+00 5.128870e-05 0.000000e+00 0.000000e+00
16200 179.946975 8.069462 15.500000 0.976934 0.213539 0.000000 9.318007e-03 1.906019e-03 0.000000e+00 0.000000e+00 0.000000e+00 3.580686e-05 0.000000e+00 0.000000e+00
16250 180.416363 8.169019 15.500000 0.976676 0.214719 0.000000 9.312651e-03 1.991146e-03 0.000000e+00 0.000000e+00 0.000000e+00 1.165918e-05 0.000000e+00 0.000000e+00
16300 180.883056 8.268221 15.500000 0.976534 0.215363 0.000000 9.391368e-03 1.964741e-03 0.000000e+00 0.000000e+00 0.000000e+00 1.503969e-05 0.000000e+00 0.000000e+00
16350 181.356032 8.368217 15.500000 0.976178 0.216970 0.000000 9.433093e-03 2.099377e-03 0.000000e+00 0.000000e+00 0.000000e+00 2.473197e-05 0.000000e+00 0.000000e+00
16400 181.825251 8.468460 15.500000 0.976050 0.217545 0.000000 9.541932e-03 1.963147e-03 0.000000e+00 0.000000e+00 0.000000e+00 4.939006e-05 0.000000e+00 0.000000e+00
16450 182.302578 8.566803 15.500000 0.975731 0.218973 0.000000 9.522483e-03 1.981123e-03 0.000000e+00 0.000000e+00 0.000000e+00 2.924892e-05 0.000000e+00 0.000000e+00
16500 182.772400 8.669819 15.500000 0.975197 0.221337 0.000000 9.516388e-03 2.201122e-03 0.000000e+00 0.000000e+00 0.000000e+00 3.170955e-05 0.000000e+00 0.000000e+00
16550 183.246987 8.773170 15.500000 0.974834 0.222931 0.000000 9.401433e-03 1.999496e-03 0.000000e+00 0.000000e+00 0.000000e+00 4.727344e-05 0.000000e+00 0.000000e+00
16600 183.715252 8.877756 15.500000 0.974263 0.225414 0.000000 9.333995e-03 2.170101e-03 0.000000e+00 0.000000e+00 0.000000e+00 5.791323e-05 0.000000e+00 0.000000e+00
16650 184.186075 8.985140 15.500000 0.973831 0.227272 0.000000 9.408430e-03 2.150861e-03 0.000000e+00 0.000000e+00 0.000000e+00 4.391671e-05 0.000000e+00 0.000000e+00
16700 184.652162 9.093503 15.500000 0.973518 0.228610 0.000000 9.356906e-03 2.237638e-03 0.000000e+00 0.000000e+00 0.000000e+00 8.429726e-06 0.000000e+00 0.000000e+00
16750 185.122645 9.201240 15.500000 0.973491 0.228726 0.000000 9.474329e-03 2.161876e-03 0.000000e+00 0.000000e+00 0.000000e+00 -5.233195e-06 0.000000e+00 0.000000e+00
16800 185.591225 9.311583 15.500000 0.973412 0.229063 0.000000 9.293937e-03 2.187816e-03 0.000000e+00 0.000000e+00 0.000000e+00 4.889123e-06 0.000000e+00 0.000000e+00
16850 186.063832 9.416945 15.500000 0.973261 0.229701 0.000000 9.583037e-03 2.128518e-03 0.000000e+00 0.000000e+00 0.000000e+00 5.273987e-05 0.000000e+00 0.000000e+00
16900 186.536335 9.524630 15.500000 0.972941 0.231053 0.000000 9.393199e-03 2.199743e-03 0.000000e+00 0.000000e+00 0.000000e+00 2.553229e-05 0.000000e+00 0.000000e+00
16950 187.009793 9.634193 15.500000 0.972738 0.231907 0.000000 9.601013e-03 2.164047e-03 0.000000e+00 0.000000e+00 0.000000e+00 4.216059e-06 0.000000e+00 0.000000e+00
17000 187.483055 9.740926 15.500000 0.972450 0.233112 0.000000 9.327716e-03 2.159076e-03 0.000000e+00 0.000000e+00 0.000000e+00 3.804342e-05 0.000000e+00 0.000000e+00
17050 187.952703 9.854791 15.500000 0.972085 0.234628 0.000000 9.461284e-03 2.270077e-03 0.000000e+00 0.000000e+00 0.000000e+00 2.002661e-05 0.000000e+00 0.000000e+00
17100 188.423706 9.965782 15.500000 0.971752 0.236004 0.000000 9.334579e-03 2.208141e-03 0.000000e+00 0.000000e+00 0.000000e+00 4.117757e-05 0.000000e+00 0.000000e+00
17150 188.890522 10.080407 15.500000 0.971587 0.236681 0.000000 9.410354e-03 2.219089e-03 0.000000e+00 0.000000e+00 0.000000e+00 -7.177405e-06 0.000000e+00 0.000000e+00
17200 189.361643 10.193245 15.500000 0.971576 0.236729 0.000000 9.391267e-03 2.272953e-03 0.000000e+00 0.000000e+00 0.000000e+00 -4.241283e-06 0.000000e+00 0.000000e+00
17250 189.829617 10.306023 15.500000 0.971639 0.236469 0.000000 9.395543e-03 2.203616e-03 0.000000e+00 0.000000e+00 0.000000e+00 3.186857e-06 0.000000e+00 0.000000e+00
17300 190.305052 10.417867 15.500000 0.971485 0.237102 0.000000 9.543671e-03 2.267582e-03 0.000000e+00 0.000000e+00 0.000000e+00 1.046022e-05 0.000000e+00 0.000000e+00
17350 190.774590 10.531100 15.500000 0.971416 0.237385 0.000000 9.525391e-03 2.239726e-03 0.000000e+00 0.000000e+00 0.000000e+00 2.359017e-05 0.000000e+00 0.000000e+00
17400 191.252062 10.642446 15.500000 0.971357 0.237624 0.000000 9.498948e-03 2.178778e-03 0.000000e+00 0.000000e+00 0.000000e+00 1.634119e-05 0.000000e+00 0.000000e+00
17450 191.722128 10.755640 15.500000 0.971089 0.238719 0.000000 9.444999e-03 2.432363e-03 0.000000e+00 0.000000e+00 0.000000e+00 8.084920e-06 0.000000e+00 0.000000e+00
17500 192.195894 10.871055 15.500000 0.970753 0.240080 0.000000 9.435626e-03 2.255997e-03 0.000000e+00 0.000000e+00 0.000000e+00 3.812825e-05 0.000000e+00 0.000000e+00
17550 192.664526 10.987098 15.500000 0.970464 0.241245 0.000000 9.330024e-03 2.403282e-03 0.000000e+00 0.000000e+00 0.000000e+00 1.287586e-05 0.000000e+00 0.000000e+00
17600 193.134432 11.104109 15.500000 0.970425 0.241405 0.000000 9.451814e-03 2.389369e-03 0.000000e+00 0.000000e+00 0.000000e+00 -2.187943e-06 0.000000e+00 0.000000e+00
17650 193.603251 11.221790 15.500000 0.970555 0.240878 0.000000 9.340984e-03 2.333526e-03 0.000000e+00 0.000000e+00 0.000000e+00 -6.232578e-06 0.000000e+00 0.000000e+00
17700 194.075492 11.335593 15.500000 0.970583 0.240768 0.000000 9.548545e-03 2.270123e-03 0.000000e+00 0.000000e+00 0.000000e+00 3.009895e-05 0.000000e+00 0.000000e+00
17750 194.547799 11.451021 15.500000 0.970536 0.240955 0.000000 9.408189e-03 2.314742e-03 0.000000e+00 0.000000e+00 0.000000e+00 -1.296930e-05 0.000000e+00 0.000000e+00
17800 195.022660 11.565931 15.500000 0.970607 0.240670 0.000000 9.625882e-03 2.278277e-03 0.000000e+00 0.000000e+00 0.000000e+00 7.285375e-06 0.000000e+00 0.000000e+00
17850 195.497660 11.678812 15.500000 0.970370 0.241623 0.000000 9.380420e-03 2.263624e-03 0.000000e+00 0.000000e+00 0.000000e+00 2.299696e-05 0.000000e+00 0.000000e+00
17900 195.969988 11.798521 15.500000 0.970123 0.242613 0.000000 9.518869e-03 2.370806e-03 0.000000e+00 0.000000e+00 0.000000e+00 1.535307e-05 0.000000e+00 0.000000e+00
17950 196.442646 11.914811 15.500000 0.969747 0.244113 0.000000 9.393908e-03 2.323379e-03 0.000000e+00 0.000000e+00 0.000000e+00 4.196458e-05 0.000000e+00 0.000000e+00
18000 196.910649 12.034751 15.500000 0.969609 0.244661 0.000000 9.385825e-03 2.336655e-03 0.000000e+00 0.000000e+00 0.000000e+00 -2.896382e-06 0.000000e+00 0.000000e+00
18050 197.381585 12.153397 15.500000 0.969679 0.244381 0.000000 9.389861e-03 2.379029e-03 0.000000e+00 0.000000e+00 0.000000e+00 -1.915396e-05 0.000000e+00 0.000000e+00
18100 197.849907 12.270886 15.500000 0.969893 0.243530 0.000000 9.429875e-03 2.321459e-03 0.000000e+00 0.000000e+00 0.000000e+00 -1.186347e-05 0.000000e+00 0.000000e+00
18150 198.325185 12.387948 15.500000 0.969830 0.243780 0.000000 9.508109e-03 2.390254e-03 0.000000e+00 0.000000e+00 0.000000e+00 -4.114862e-08 0.000000e+00 0.000000e+00
18200 198.795619 12.505017 15.500000 0.969960 0.243265 0.000000 9.571991e-03 2.315523e-03 0.000000e+00 0.000000e+00 0.000000e+00 2.671655e-07 0.000000e+00 0.000000e+00
18250 199.274514 12.620483 15.500000 0.969890 0.243544 0.000000 9.537917e-03 2.253196e-03 0.000000e+00 0.000000e+00 0.000000e+00 1.277713e-05 0.000000e+00 0.000000e+00
18300 199.746305 12.738402 15.500000 0.969627 0.244587 0.000000 9.519397e-03 2.524036e-03 0.000000e+00 0.000000e+00 0.000000e+00 9.609469e-06 0.000000e+00 0.000000e+00
18350 200.220826 12.857513 15.500000 0.969366 0.245621 0.000000 9.423288e-03 2.320929e-03 0.000000e+00 0.000000e+00 0.000000e+00 3.266823e-05 0.000000e+00 0.000000e+00
18400 200.689813 12.977335 15.500000 0.969073 0.246773 0.000000 9.355919e-03 2.481834e-03 0.000000e+00 0.000000e+00 0.000000e+00 2.158710e-06 0.000000e+00 0.000000e+00
18450 201.160403 13.098075 15.500000 0.969105 0.246650 0.000000 9.449096e-03 2.459774e-03 0.000000e+00 0.000000e+00 0.000000e+00 8.991257e-06 0.000000e+00 0.000000e+00
18500 201.629336 13.218793 15.500000 0.969304 0.245866 0.000000 9.356060e-03 2.371403e-03 0.000000e+00 0.000000e+00 0.000000e+00 -1.693289e-05 0.000000e+00 0.000000e+00
18550 202.102327 13.335751 15.500000 0.969389 0.245529 0.000000 9.511686e-03 2.314528e-03 0.000000e+00 0.000000e+00 0.000000e+00 -2.868666e-06 0.000000e+00 0.000000e+00
18600 202.574647 13.454383 15.500000 0.969426 0.245383 0.000000 9.417676e-03 2.373553e-03 0.000000e+00 0.000000e+00 0.000000e+00 -1.937942e-05 0.000000e+00 0.000000e+00
18650 203.050574 13.571973 15.500000 0.969527 0.244984 0.000000 9.642245e-03 2.348079e-03 0.000000e+00 0.000000e+00 0.000000e+00 1.188817e-05 0.000000e+00 0.000000e+00
18700 203.525298 13.687790 15.500000 0.969322 0.245794 0.000000 9.419514e-03 2.329421e-03 0.000000e+00 0.000000e+00 0.000000e+00 4.394260e-05 0.000000e+00 0.000000e+00
18750 203.998421 13.810176 15.500000 0.969132 0.246542 0.000000 9.577581e-03 2.403559e-03 0.000000e+00 0.000000e+00 0.000000e+00 1.245909e-05 0.000000e+00 0.000000e+00
18800 204.470900 13.929301 15.500000 0.968789 0.247885 0.000000 9.332470e-03 2.370041e-03 0.000000e+00 0.000000e+00 0.000000e+00 3.544096e-05 0.000000e+00 0.000000e+00
18850 204.939032 14.051379 15.500000 0.968763 0.247988 0.000000 9.391396e-03 2.393675e-03 0.000000e+00 0.000000e+00 0.000000e+00 -1.508952e-05 0.000000e+00 0.000000e+00
18900 205.410603 14.172531 15.500000 0.968905 0.247435 0.000000 9.362739e-03 2.432054e-03 0.000000e+00 0.000000e+00 0.000000e+00 -1.608370e-05 0.000000e+00 0.000000e+00
18950 205.879680 14.291675 15.500000 0.969148 0.246478 0.000000 9.455485e-03 2.373766e-03 0.000000e+00 0.000000e+00 0.000000e+00 -1.942138e-05 0.000000e+00 0.000000e+00
19000 206.355648 14.410830 15.500000 0.969102 0.246662 0.000000 9.426080e-03 2.396192e-03 0.000000e+00 0.000000e+00 0.000000e+00 -1.401475e-06 0.000000e+00 0.000000e+00
19050 206.826813 14.529236 15.500000 0.969230 0.246157 0.000000 9.601416e-03 2.333594e-03 0.000000e+00 0.000000e+00 0.000000e+00 -5.543772e-06 0.000000e+00 0.000000e+00
19100 207.304838 14.646381 15.500000 0.969256 0.246053 0.000000 9.490899e-03 2.278985e-03 0.000000e+00 0.000000e+00 0.000000e+00 7.812902e-06 0.000000e+00 0.000000e+00
19150 207.775780 14.766078 15.500000 0.969094 0.246692 0.000000 9.442316e-03 2.493618e-03 0.000000e+00 0.000000e+00 0.000000e+00 7.235049e-06 0.000000e+00 0.000000e+00
19200 208.250200 14.886286 15.500000 0.968823 0.247755 0.000000 9.461134e-03 2.381265e-03 0.000000e+00 0.000000e+00 0.000000e+00 3.989456e-05 0.000000e+00 0.000000e+00
19250 208.718897 15.008004 15.500000 0.968685 0.248293 0.000000 9.331479e-03 2.491901e-03 0.000000e+00 0.000000e+00 0.000000e+00 4.887842e-06 0.000000e+00 0.000000e+00
19300 209.190283 15.129389 15.500000 0.968765 0.247980 0.000000 9.447389e-03 2.469182e-03 0.000000e+00 0.000000e+00 0.000000e+00 -1.264774e-05 0.000000e+00 0.000000e+00
19350 209.659360 15.250754 15.500000 0.969019 0.246987 0.000000 9.393905e-03 2.367134e-03 0.000000e+00 0.000000e+00 0.000000e+00 -2.111713e-05 0.000000e+00 0.000000e+00
19400 210.133436 15.368059 15.500000 0.969109 0.246634 0.000000 9.475455e-03 2.354975e-03 0.000000e+00 0.000000e+00 0.000000e+00 -1.255177e-05 0.000000e+00 0.000000e+00
19450 210.606134 15.487567 15.500000 0.969136 0.246527 0.000000 9.423262e-03 2.383032e-03 0.000000e+00 0.000000e+00 0.000000e+00 -1.353785e-05 0.000000e+00 0.000000e+00
19500 211.082563 15.606195 15.500000 0.969253 0.246066 0.000000 9.542660e-03 2.358358e-03 0.000000e+00 0.000000e+00 0.000000e+00 4.114633e-06 0.000000e+00 0.000000e+00
19550 211.555563 15.722522 15.500000 0.969140 0.246513 0.000000 9.372999e-03 2.371832e-03 0.000000e+00 0.000000e+00 0.000000e+00 2.031001e-05 0.000000e+00 0.000000e+00
19600 212.028503 15.845150 15.500000 0.969017 0.246994 0.000000 9.499516e-03 2.409154e-03 0.000000e+00 0.000000e+00 0.000000e+00 1.825718e-05 0.000000e+00 0.000000e+00
19650 212.499850 15.964817 15.500000 0.968805 0.247826 0.000000 9.345330e-03 2.381348e-03 0.000000e+00 0.000000e+00 0.000000e+00 -9.646247e-06 0.000000e+00 0.000000e+00
19700 212.968262 16.086259 15.500000 0.968848 0.247655 0.000000 9.434093e-03 2.363385e-03 0.000000e+00 0.000000e+00 0.000000e+00 -1.249676e-05 0.000000e+00 0.000000e+00
19750 213.440682 16.207950 15.500000 0.969039 0.246908 0.000000 9.419672e-03 2.460740e-03 0.000000e+00 0.000000e+00 0.000000e+00 -2.856737e-05 0.000000e+00 0.000000e+00
19800 213.910356 16.326009 15.500000 0.969264 0.246023 0.000000 9.479856e-03 2.343160e-03 0.000000e+00 0.000000e+00 0.000000e+00 -2.381235e-05 0.000000e+00 0.000000e+00
19850 214.386694 16.444878 15.500000 0.969207 0.246247 0.000000 9.332234e-03 2.309822e-03 0.000000e+00 0.000000e+00 0.000000e+00 1.430718e-05 0.000000e+00 0.000000e+00
19900 214.859096 16.563180 15.500000 0.969296 0.245897 0.000000 9.629575e-03 2.403902e-03 0.000000e+00 0.000000e+00 0.000000e+00 -5.637809e-06 0.000000e+00 0.000000e+00
19950 215.336535 16.680554 15.500000 0.969325 0.245784 0.000000 9.454934e-03 2.280081e-03 0.000000e+00 0.000000e+00 0.000000e+00 4.917581e-06 0.000000e+00 0.000000e+00
20000 215.807155 16.800388 15.500000 0.969174 0.246379 0.000000 9.395211e-03 2.445361e-03 0.000000e+00 0.000000e+00 0.000000e+00 2.219833e-05 0.000000e+00 0.000000e+00
20050 216.280631 16.920227 15.500000 0.969029 0.246947 0.000000 9.437588e-03 2.405575e-03 0.000000e+00 0.000000e+00 0.000000e+00 9.889787e-06 0.000000e+00 0.000000e+00
20100 216.748615 17.041808 15.500000 0.969013 0.247008 0.000000 9.337081e-03 2.492001e-03 0.000000e+00 0.000000e+00 0.000000e+00 -1.050045e-05 0.000000e+00 0.000000e+00
20150 217.220716 17.161856 15.500000 0.969148 0.246480 0.000000 9.467548e-03 2.437854e-03 0.000000e+00 0.000000e+00 0.000000e+00 -2.043165e-05 0.000000e+00 0.000000e+00
20200 217.690002 17.282095 15.500000 0.969387 0.245540 0.000000 9.415670e-03 2.309072e-03 0.000000e+00 0.000000e+00 0.000000e+00 -1.640650e-05 0.000000e+00 0.000000e+00
20250 218.165269 17.398611 15.500000 0.969467 0.245223 0.000000 9.524875e-03 2.359202e-03 0.000000e+00 0.000000e+00 0.000000e+00 8.879100e-06 0.000000e+00 0.000000e+00
20300 218.637907 17.516978 15.500000 0.969481 0.245167 0.000000 9.380543e-03 2.350616e-03 0.000000e+00 0.000000e+00 0.000000e+00 -8.496520e-06 0.000000e+00 0.000000e+00
20350 219.115157 17.635300 15.500000 0.969596 0.244710 0.000000 9.549123e-03 2.395904e-03 0.000000e+00 0.000000e+00 0.000000e+00 -2.088077e-05 0.000000e+00 0.000000e+00
20400 219.587439 17.751128 15.500000 0.969471 0.245206 0.000000 9.366780e-03 2.405318e-03 0.000000e+00 0.000000e+00 0.000000e+00 6.280213e-06 0.000000e+00 0.000000e+00
20450 220.060786 17.872994 15.500000 0.969344 0.245709 0.000000 9.514103e-03 2.358324e-03 0.000000e+00 0.000000e+00 0.000000e+00 2.053135e-05 0.000000e+00 0.000000e+00
20500 220.531270 17.991992 15.500000 0.969256 0.246054 0.000000 9.352256e-03 2.340478e-03 0.000000e+00 0.000000e+00 0.000000e+00 -5.117402e-06 0.000000e+00 0.000000e+00
20550 221.000357 18.111687 15.500000 0.969332 0.245753 0.000000 9.496360e-03 2.329490e-03 0.000000e+00 0.000000e+00 0.000000e+00 -1.233630e-05 0.000000e+00 0.000000e+00
20600 221.472694 18.232861 15.500000 0.969549 0.244897 0.000000 9.391289e-03 2.412359e-03 0.000000e+00 0.000000e+00 0.000000e+00 -2.797097e-05 0.000000e+00 0.000000e+00
20650 221.943124 18.348948 15.500000 0.969772 0.244013 0.000000 9.557366e-03 2.360150e-03 0.000000e+00 0.000000e+00 0.000000e+00 -1.710267e-05 0.000000e+00 0.000000e+00
20700 222.419182 18.466502 15.500000 0.969719 0.244223 0.000000 9.330012e-03 2.297455e-03 0.000000e+00 0.000000e+00 0.000000e+00 -5.363829e-06 0.000000e+00 0.000000e+00
20750 222.892686 18.583746 15.500000 0.969797 0.243914 0.000000 9.554584e-03 2.366572e-03 0.000000e+00 0.000000e+00 0.000000e+00 -2.307765e-05 0.000000e+00 0.000000e+00
20800 223.369652 18.699644 15.500000 0.969807 0.243874 0.000000 9.458250e-03 2.245286e-03 0.000000e+00 0.000000e+00 0.000000e+00 2.187994e-06 0.000000e+00 0.000000e+00
20850 223.840085 18.818536 15.500000 0.969681 0.244376 0.000000 9.449895e-03 2.425905e-03 0.000000e+00 0.000000e+00 0.000000e+00 1.796955e-07 0.000000e+00 0.000000e+00
20900 224.313570 18.937258 15.500000 0.969563 0.244843 0.000000 9.405576e-03 2.409368e-03 0.000000e+00 0.000000e+00 0.000000e+00 -1.966867e-06 0.000000e+00 0.000000e+00
20950 224.781421 19.057521 15.500000 0.969581 0.244771 0.000000 9.398925e-03 2.408845e-03 0.000000e+00 0.000000e+00 0.000000e+00 -3.524725e-06 0.000000e+00 0.000000e+00
21000 225.253642 19.176065 15.500000 0.969762 0.244051 0.000000 9.399282e-03 2.425761e-03 0.000000e+00 0.000000e+00 0.000000e+00 -3.162630e-05 0.000000e+00 0.000000e+00
21050 225.723000 19.294193 15.500000 0.970016 0.243041 0.000000 9.417059e-03 2.244587e-03 0.000000e+00 0.000000e+00 0.000000e+00 -8.133771e-06 0.000000e+00 0.000000e+00
21100 226.198695 19.409518 15.500000 0.970110 0.242667 0.000000 9.552515e-03 2.361771e-03 0.000000e+00 0.000000e+00 0.000000e+00 -2.065696e-06 0.000000e+00 0.000000e+00
21150 226.670744 19.525889 15.500000 0.970157 0.242477 0.000000 9.339185e-03 2.311215e-03 0.000000e+00 0.000000e+00 0.000000e+00 -7.543736e-06 0.000000e+00 0.000000e+00
21200 227.148666 19.642738 15.500000 0.970291 0.241942 0.000000 9.565105e-03 2.329537e-03 0.000000e+00 0.000000e+00 0.000000e+00 -1.043761e-05 0.000000e+00 0.000000e+00
21250 227.620301 19.756824 15.500000 0.970183 0.242373 0.000000 9.414241e-03 2.384698e-03 0.000000e+00 0.000000e+00 0.000000e+00 1.215214e-05 0.000000e+00 0.000000e+00
21300 228.094030 19.876411 15.500000 0.970095 0.242726 0.000000 9.459979e-03 2.304649e-03 0.000000e+00 0.000000e+00 0.000000e+00 1.351569e-05 0.000000e+00 0.000000e+00
21350 228.563922 19.993756 15.500000 0.970057 0.242879 0.000000 9.351226e-03 2.307874e-03 0.000000e+00 0.000000e+00 0.000000e+00 -1.107832e-05 0.000000e+00 0.000000e+00
21400 229.033477 20.111125 15.500000 0.970171 0.242423 0.000000 9.515025e-03 2.278819e-03 0.000000e+00 0.000000e+00 0.000000e+00 -6.906431e-06 0.000000e+00 0.000000e+00
21450 229.505132 20.230309 15.500000 0.970438 0.241350 0.000000 9.346411e-03 2.307451e-03 0.000000e+00 0.000000e+00 0.000000e+00 -2.346371e-05 0.000000e+00 0.000000e+00
21500 229.976060 20.343793 15.500000 0.970696 0.240313 0.000000 9.576620e-03 2.304143e-03 0.000000e+00 0.000000e+00 0.000000e+00 -5.817161e-06 0.000000e+00 0.000000e+00
21550 230.451540 20.458953 15.500000 0.970698 0.240303 0.000000 9.396436e-03 2.272693e-03 0.000000e+00 0.000000e+00 0.000000e+00 -1.400905e-05 0.000000e+00 0.000000e+00
21600 230.925591 20.573255 15.500000 0.970869 0.239612 0.000000 9.581607e-03 2.315801e-03 0.000000e+00 0.000000e+00 0.000000e+00 -2.041548e-05 0.000000e+00 0.000000e+00
21650 231.402073 20.685916 15.500000 0.970924 0.239390 0.000000 9.419669e-03 2.204095e-03 0.000000e+00 0.000000e+00 0.000000e+00 6.499528e-06 0.000000e+00 0.000000e+00
21700 231.872851 20.802270 15.500000 0.970870 0.239607 0.000000 9.471083e-03 2.368482e-03 0.000000e+00 0.000000e+00 0.000000e+00 -3.191401e-06 0.000000e+00 0.000000e+00
21750 232.346887 20.917948 15.500000 0.970686 0.240350 0.000000 9.389080e-03 2.378300e-03 0.000000e+00 0.000000e+00 0.000000e+00 3.055466e-06 0.000000e+00 0.000000e+00
21800 232.814978 21.035012 15.500000 0.970723 0.240203 0.000000 9.354773e-03 2.368555e-03 0.000000e+00 0.000000e+00 0.000000e+00 -1.771533e-05 0.000000e+00 0.000000e+00
21850 233.287131 21.151220 15.500000 0.970952 0.239274 0.000000 9.375762e-03 2.351831e-03 0.000000e+00 0.000000e+00 0.000000e+00 -9.018900e-06 0.000000e+00 0.000000e+00
21900 233.756138 21.265147 15.500000 0.971304 0.237840 0.000000 9.403368e-03 2.146830e-03 0.000000e+00 0.000000e+00 0.000000e+00 -5.085772e-05 0.000000e+00 0.000000e+00
21950 234.231244 21.377670 15.500000 0.971443 0.237272 0.000000 9.521386e-03 2.357506e-03 0.000000e+00 0.000000e+00 0.000000e+00 6.114110e-06 0.000000e+00 0.000000e+00
22000 234.702482 21.490353 15.500000 0.971669 0.236347 0.000000 9.401910e-03 2.240175e-03 0.000000e+00 0.000000e+00 0.000000e+00 -4.277703e-05 0.000000e+00 0.000000e+00
22050 235.181539 21.602730 15.500000 0.971811 0.235761 0.000000 9.577090e-03 2.232386e-03 0.000000e+00 0.000000e+00 0.000000e+00 7.222315e-06 0.000000e+00 0.000000e+00
22100 235.654150 21.713103 15.500000 0.971705 0.236196 0.000000 9.423845e-03 2.323364e-03 0.000000e+00 0.000000e+00 0.000000e+00 3.766021e-06 0.000000e+00 0.000000e+00
22150 236.129509 21.828275 15.500000 0.971649 0.236429 0.000000 9.453062e-03 2.229579e-03 0.000000e+00 0.000000e+00 0.000000e+00 3.711003e-06 0.000000e+00 0.000000e+00
22200 236.599388 21.941481 15.500000 0.971467 0.237174 0.000000 9.364036e-03 2.230537e-03 0.000000e+00 0.000000e+00 0.000000e+00 1.786112e-05 0.000000e+00 0.000000e+00
22250 237.068987 22.055794 15.500000 0.971586 0.236687 0.000000 9.449414e-03 2.231381e-03 0.000000e+00 0.000000e+00 0.000000e+00 -9.477476e-06 0.000000e+00 0.000000e+00
22300 237.538537 22.170142 15.500000 0.971918 0.235321 0.000000 9.236787e-03 2.177740e-03 0.000000e+00 0.000000e+00 0.000000e+00 -7.593294e-06 0.000000e+00 0.000000e+00
22350 238.009255 22.279900 15.500000 0.972260 0.233904 0.000000 9.575891e-03 2.207192e-03 0.000000e+00 0.000000e+00 0.000000e+00 -8.648708e-06 0.000000e+00 0.000000e+00
22400 238.482882 22.391610 15.500000 0.972453 0.233098 0.000000 9.380106e-03 2.147965e-03 0.000000e+00 0.000000e+00 0.000000e+00 -3.712954e-05 0.000000e+00 0.000000e+00
22450 238.957200 22.500253 15.500000 0.972784 0.231714 0.000000 9.557494e-03 2.187700e-03 0.000000e+00 0.000000e+00 0.000000e+00 -2.165862e-05 0.000000e+00 0.000000e+00
22500 239.434417 22.608131 15.500000 0.972876 0.231327 0.000000 9.391824e-03 2.201093e-03 0.000000e+00 0.000000e+00 0.000000e+00 6.660683e-06 0.000000e+00 0.000000e+00
22550 239.907805 22.719126 15.500000 0.972768 0.231781 0.000000 9.465907e-03 2.215034e-03 0.000000e+00 0.000000e+00 0.000000e+00 -1.693085e-05 0.000000e+00 0.000000e+00
22600 240.381833 22.828112 15.500000 0.972831 0.231517 0.000000 9.412788e-03 2.201303e-03 0.000000e+00 0.000000e+00 0.000000e+00 -1.261363e-05 0.000000e+00 0.000000e+00
22650 240.851122 22.938543 15.500000 0.972686 0.232124 0.000000 9.436376e-03 2.248942e-03 0.000000e+00 0.000000e+00 0.000000e+00 -1.593423e-05 0.000000e+00 0.000000e+00
22700 241.320966 23.050070 15.500000 0.972828 0.231529 0.000000 9.344055e-03 2.252160e-03 0.000000e+00 0.000000e+00 0.000000e+00 -1.690520e-05 0.000000e+00 0.000000e+00
22750 241.787509 23.159094 15.500000 0.973289 0.229581 0.000000 9.379727e-03 2.156495e-03 0.000000e+00 0.000000e+00 0.000000e+00 -3.370039e-05 0.000000e+00 0.000000e+00
22800 242.260244 23.266207 15.500000 0.973652 0.228037 0.000000 9.417471e-03 2.190247e-03 0.000000e+00 0.000000e+00 0.000000e+00 -2.961882e-05 0.000000e+00 0.000000e+00
22850 242.730180 23.373977 15.500000 0.974048 0.226343 0.000000 9.447607e-03 2.009475e-03 0.000000e+00 0.000000e+00 0.000000e+00 -2.618961e-05 0.000000e+00 0.000000e+00
22900 243.208059 23.478174 15.500000 0.974291 0.225294 0.000000 9.588809e-03 2.085545e-03 0.000000e+00 0.000000e+00 0.000000e+00 2.002987e-06 0.000000e+00 0.000000e+00
22950 243.679379 23.581257 15.500000 0.974353 0.225025 0.000000 9.324201e-03 2.026443e-03 0.000000e+00 0.000000e+00 0.000000e+00 -9.179932e-06 0.000000e+00 0.000000e+00
23000 244.156766 23.687311 15.500000 0.974584 0.224021 0.000000 9.497745e-03 2.088862e-03 0.000000e+00 0.000000e+00 0.000000e+00 -7.514121e-06 0.000000e+00 0.000000e+00
23050 244.627078 23.789660 15.500000 0.974653 0.223723 0.000000 9.402455e-03 2.157578e-03 0.000000e+00 0.000000e+00 0.000000e+00 -3.128646e-06 0.000000e+00 0.000000e+00
23100 245.099551 23.896496 15.500000 0.974717 0.223442 0.000000 9.458916e-03 2.041983e-03 0.000000e+00 0.000000e+00 0.000000e+00 -3.536761e-06 0.000000e+00 0.000000e+00
23150 245.568277 24.001149 15.500000 0.974909 0.222603 0.000000 9.332146e-03 2.021906e-03 0.000000e+00 0.000000e+00 0.000000e+00 -2.594990e-05 0.000000e+00 0.000000e+00
23200 246.036882 24.104376 15.500000 0.975237 0.221162 0.000000 9.508504e-03 2.036830e-03 0.000000e+00 0.000000e+00 0.000000e+00 -3.325198e-05 0.000000e+00 0.000000e+00
23250 246.507480 24.208876 15.500000 0.975712 0.219058 0.000000 9.314064e-03 1.997738e-03 0.000000e+00 0.000000e+00 0.000000e+00 -5.879366e-05 0.000000e+00 0.000000e+00
23300 246.976898 24.307359 15.500000 0.976180 0.216961 0.000000 9.549562e-03 1.980829e-03 0.000000e+00 0.000000e+00 0.000000e+00 -2.320040e-05 0.000000e+00 0.000000e+00
23350 247.451346 24.407188 15.500000 0.976480 0.215609 0.000000 9.340758e-03 1.905850e-03 0.000000e+00 0.000000e+00 0.000000e+00 -4.722042e-05 0.000000e+00 0.000000e+00
23400 247.924053 24.504271 15.500000 0.976967 0.213388 0.000000 9.615627e-03 1.956447e-03 0.000000e+00 0.000000e+00 0.000000e+00 -4.882983e-05 0.000000e+00 0.000000e+00
23450 248.401101 24.599622 15.500000 0.977263 0.212030 0.000000 9.370075e-03 1.913139e-03 0.000000e+00 0.000000e+00 0.000000e+00 -1.558067e-05 0.000000e+00 0.000000e+00
23500 248.873178 24.697865 15.500000 0.977362 0.211572 0.000000 9.494200e-03 1.954636e-03 0.000000e+00 0.000000e+00 0.000000e+00 -1.273641e-05 0.000000e+00 0.000000e+00
23550 249.346821 24.793408 15.500000 0.977678 0.210107 0.000000 9.404899e-03 1.901623e-03 0.000000e+00 0.000000e+00 0.000000e+00 -1.956047e-05 0.000000e+00 0.000000e+00
23600 249.815290 24.889144 15.500000 0.977797 0.209554 0.000000 9.412590e-03 1.944217e-03 0.000000e+00 0.000000e+00 0.000000e+00 -1.375542e-05 0.000000e+00 0.000000e+00
23650 250.286213 24.985875 15.500000 0.978080 0.208228 0.000000 9.357661e-03 1.981560e-03 0.000000e+00 0.000000e+00 0.000000e+00 -3.924255e-05 0.000000e+00 0.000000e+00
23700 250.751821 25.081630 15.500000 0.978521 0.206146 0.000000 9.342575e-03 1.905427e-03 0.000000e+00 0.000000e+00 0.000000e+00 -4.318309e-05 0.000000e+00 0.000000e+00
23750 251.222482 25.173833 15.500000 0.979055 0.203598 0.000000 9.428736e-03 1.881377e-03 0.000000e+00 0.000000e+00 0.000000e+00 -5.837843e-05 0.000000e+00 0.000000e+00
23800 251.689606 25.265152 15.500000 0.979689 0.200521 0.000000 9.356408e-03 1.698064e-03 0.000000e+00 0.000000e+00 0.000000e+00 -5.244465e-05 0.000000e+00 0.000000e+00
23850 252.162789 25.351435 15.500000 0.980210 0.197958 0.000000 9.504263e-03 1.742016e-03 0.000000e+00 0.000000e+00 0.000000e+00 -3.422215e-05 0.000000e+00 0.000000e+00
23900 252.632988 25.438590 15.500000 0.980804 0.194996 0.000000 9.321801e-03 1.729866e-03 0.000000e+00 0.000000e+00 0.000000e+00 -7.774101e-05 0.000000e+00 0.000000e+00
23950 253.108882 25.523883 15.500000 0.981346 0.192249 0.000000 9.521917e-03 1.731074e-03 0.000000e+00 0.000000e+00 0.000000e+00 -4.141065e-05 0.000000e+00 0.000000e+00
24000 253.581262 25.605675 15.500000 0.981748 0.190187 0.000000 9.386448e-03 1.597726e-03 0.000000e+00 0.000000e+00 0.000000e+00 -2.672109e-05 0.000000e+00 0.000000e+00
24050 254.055261 25.689827 15.500000 0.982214 0.187764 0.000000 9.589589e-03 1.627345e-03 0.000000e+00 0.000000e+00 0.000000e+00 -6.897865e-05 0.000000e+00 0.000000e+00
24100 254.525508 25.769191 15.500000 0.982698 0.185215 0.000000 9.296595e-03 1.625555e-03 0.000000e+00 0.000000e+00 0.000000e+00 -5.766686e-05 0.000000e+00 0.000000e+00
24150 254.994878 25.852291 15.500000 0.983161 0.182742 0.000000 9.479058e-03 1.653775e-03 0.000000e+00 0.000000e+00 0.000000e+00 -6.797640e-05 0.000000e+00 0.000000e+00
24200 255.463923 25.931646 15.500000 0.983638 0.180156 0.000000 9.308867e-03 1.555225e-03 0.000000e+00 0.000000e+00 0.000000e+00 -5.224759e-05 0.000000e+00 0.000000e+00
24250 255.929534 26.010044 15.500000 0.984312 0.176437 0.000000 9.311613e-03 1.537875e-03 0.000000e+00 0.000000e+00 0.000000e+00 -9.245123e-05 0.000000e+00 0.000000e+00
24300 256.396081 26.087003 15.500000 0.985010 0.172495 0.000000 9.291456e-03 1.460055e-03 0.000000e+00 0.000000e+00 0.000000e+00 -9.516618e-05 0.000000e+00 0.000000e+00
24350 256.860660 26.158964 15.500000 0.985913 0.167257 0.000000 9.371400e-03 1.353775e-03 0.000000e+00 0.000000e+00 0.000000e+00 -1.012698e-04 0.000000e+00 0.000000e+00
24400 257.330989 26.229018 15.500000 0.986715 0.162459 0.000000 9.368345e-03 1.390508e-03 0.000000e+00 0.000000e+00 0.000000e+00 -9.869917e-05 0.000000e+00 0.000000e+00
24450 257.797210 26.295245 15.500000 0.987555 0.157271 0.000000 9.370351e-03 1.185898e-03 0.000000e+00 0.000000e+00 0.000000e+00 -1.272304e-04 0.000000e+00 0.000000e+00
24500 258.270872 26.358860 15.500000 0.988241 0.152904 0.000000 9.477530e-03 1.358643e-03 0.000000e+00 0.000000e+00 0.000000e+00 -8.766198e-05 0.000000e+00 0.000000e+00
24550 258.737981 26.421049 15.500000 0.989106 0.147204 0.000000 9.488754e-03 1.165767e-03 0.000000e+00 0.000000e+00 0.000000e+00 -1.280056e-04 0.000000e+00 0.000000e+00
24600 259.214720 26.479614 15.500000 0.989796 0.142491 0.000000 9.553972e-03 1.115292e-03 0.000000e+00 0.000000e+00 0.000000e+00 -7.725766e-05 0.000000e+00 0.000000e+00
24650 259.682891 26.533542 15.500000 0.990489 0.137595 0.000000 9.249793e-03 1.152438e-03 0.000000e+00 0.000000e+00 0.000000e+00 -1.075404e-04 -6.591421e-06 0.000000e+00
24700 260.158031 26.589701 15.500000 0.991238 0.132090 0.000000 9.479516e-03 1.034152e-03 0.000000e+00 0.000000e+00 0.000000e+00 -1.126273e-04 -4.939669e-05 0.000000e+00
24750 260.627382 26.638502 15.500000 0.991859 0.127341 0.000000 9.324898e-03 9.629196e-04 0.000000e+00 0.000000e+00 0.000000e+00 -5.526418e-05 -1.188595e-04 0.000000e+00
24800 261.100428 26.690379 15.500000 0.992568 0.121688 0.000000 9.474966e-03 9.943755e-04 0.000000e+00 0.000000e+00 0.000000e+00 -1.335532e-04 -2.253553e-04 0.000000e+00
24850 261.567852 26.734794 15.500000 0.993247 0.116020 0.000000 9.271234e-03 9.798955e-04 0.000000e+00 0.000000e+00 0.000000e+00 -9.630043e-05 -3.434949e-04 0.000000e+00
24900 262.036795 26.782228 15.500000 0.993924 0.110072 0.000000 9.469879e-03 8.780558e-04 0.000000e+00 0.000000e+00 0.000000e+00 -1.165570e-04 -4.973618e-04 0.000000e+00
24950 262.504035 26.822624 15.500000 0.994577 0.103999 0.000000 9.266213e-03 8.286226e-04 0.000000e+00 0.000000e+00 0.000000e+00 -1.120709e-04 -6.506371e-04 0.000000e+00
25000 262.970193 26.863633 15.500000 0.995169 0.098172 0.000000 9.372948e-03 8.892642e-04 0.000000e+00 0.000000e+00 0.000000e+00 -1.387233e-04 -8.267587e-04 0.000000e+00
25050 263.436667 26.899943 15.500000 0.995781 0.091761 0.000000 9.261494e-03 8.004637e-04 0.000000e+00 0.000000e+00 0.000000e+00 -1.208860e-04 -1.001006e-03 0.000000e+00
25100 263.900375 26.933366 15.500000 0.996338 0.085497 0.000000 9.352239e-03 7.370497e-04 0.000000e+00 0.000000e+00 0.000000e+00 -1.375455e-04 -1.176008e-03 0.000000e+00
25150 264.366376 26.964302 15.500000 0.996936 0.078220 0.000000 9.219756e-03 7.075496e-04 0.000000e+00 0.000000e+00 0.000000e+00 -1.679344e-04 -1.350379e-03 0.000000e+00
25200 264.828047 26.991868 15.500000 0.997537 0.070137 0.000000 9.277352e-03 6.182362e-04 0.000000e+00 0.000000e+00 0.000000e+00 -1.661372e-04 -1.516300e-03 0.000000e+00
25250 265.291809 27.016269 15.500000 0.998083 0.061882 0.000000 9.269249e-03 5.421785e-04 0.000000e+00 0.000000e+00 0.000000e+00 -1.584112e-04 -1.671162e-03 0.000000e+00
25300 265.752808 27.037268 15.500000 0.998555 0.053744 0.000000 9.220627e-03 4.815281e-04 0.000000e+00 0.000000e+00 0.000000e+00 -1.751353e-04 -1.810438e-03 0.000000e+00
25350 266.218114 27.052940 15.500000 0.998979 0.045172 0.000000 9.289404e-03 4.284814e-04 0.000000e+00 0.000000e+00 0.000000e+00 -1.786265e-04 -1.918065e-03 0.000000e+00
25400 266.680474 27.067143 15.500000 0.999342 0.036267 0.000000 9.234018e-03 3.093912e-04 0.000000e+00 0.000000e+00 0.000000e+00 -1.961251e-04 -2.018790e-03 0.000000e+00
25450 267.146787 27.074182 15.500000 0.999622 0.027507 0.000000 9.353905e-03 2.740146e-04 0.000000e+00 0.000000e+00 0.000000e+00 -1.745168e-04 -2.069497e-03 0.000000e+00
25500 267.610275 27.081656 15.500000 0.999831 0.018395 0.000000 9.241465e-03 1.789569e-04 0.000000e+00 0.000000e+00 0.000000e+00 -2.016072e-04 -2.124443e-03 0.000000e+00
25550 268.076453 27.080956 15.500000 0.999956 0.009418 0.000000 9.361395e-03 9.783492e-06 0.000000e+00 0.000000e+00 0.000000e+00 -1.689901e-04 -2.120569e-03 0.000000e+00
25600 268.541288 27.081460 15.500000 1.000000 0.000288 0.000000 9.223279e-03 7.138598e-05 0.000000e+00 0.000000e+00 0.000000e+00 -2.022547e-04 -2.123796e-03 0.000000e+00
25650 269.006132 27.074056 15.500000 0.999961 -0.008818 0.000000 9.422075e-03 -1.179573e-04 0.000000e+00 0.000000e+00 0.000000e+00 -1.651016e-04 -2.071412e-03 0.000000e+00
25700 269.472200 27.067448 15.500000 0.999841 -0.017817 0.000000 9.237407e-03 -6.384037e-05 0.000000e+00 0.000000e+00 0.000000e+00 -1.834811e-04 -2.023625e-03 0.000000e+00
25750 269.935916 27.053447 15.500000 0.999644 -0.026681 0.000000 9.314965e-03 -2.976469e-04 0.000000e+00 0.000000e+00 0.000000e+00 -1.748145e-04 -1.926630e-03 0.000000e+00
25800 270.401360 27.038941 15.500000 0.999374 -0.035366 0.000000 9.243191e-03 -2.279495e-04 0.000000e+00 0.000000e+00 0.000000e+00 -1.680438e-04 -1.826541e-03 0.000000e+00
25850 270.863411 27.019401 15.500000 0.999051 -0.043555 0.000000 9.260917e-03 -3.430614e-04 0.000000e+00 0.000000e+00 0.000000e+00 -1.701725e-04 -1.697299e-03 0.000000e+00
25900 271.327520 26.996704 15.500000 0.998654 -0.051876 0.000000 9.248265e-03 -3.913863e-04 0.000000e+00 0.000000e+00 0.000000e+00 -1.656387e-04 -1.552598e-03 0.000000e+00
25950 271.788692 26.970885 15.500000 0.998196 -0.060037 0.000000 9.239192e-03 -4.663485e-04 0.000000e+00 0.000000e+00 0.000000e+00 -1.503264e-04 -1.395950e-03 0.000000e+00
26000 272.254340 26.941400 15.500000 0.997720 -0.067489 0.000000 9.307800e-03 -5.579298e-04 0.000000e+00 0.000000e+00 0.000000e+00 -1.434756e-04 -1.227272e-03 0.000000e+00
26050 272.717243 26.910339 15.500000 0.997238 -0.074270 0.000000 9.220570e-03 -6.567507e-04 0.000000e+00 0.000000e+00 0.000000e+00 -1.597599e-04 -1.061342e-03 0.000000e+00
26100 273.184899 26.876018 15.500000 0.996686 -0.081343 0.000000 9.347554e-03 -7.594983e-04 0.000000e+00 0.000000e+00 0.000000e+00 -1.388795e-04 -8.919668e-04 0.000000e+00
26150 273.648769 26.839152 15.500000 0.996184 -0.087274 0.000000 9.290096e-03 -6.564010e-04 0.000000e+00 0.000000e+00 0.000000e+00 -1.147325e-04 -7.255168e-04 0.000000e+00
26200 274.116385 26.801228 15.500000 0.995631 -0.093373 0.000000 9.409296e-03 -8.358845e-04 0.000000e+00 0.000000e+00 0.000000e+00 -1.250996e-04 -5.732956e-04 0.000000e+00
26250 274.581143 26.757568 15.500000 0.995047 -0.099410 0.000000 9.235186e-03 -7.570521e-04 0.000000e+00 0.000000e+00 0.000000e+00 -1.172106e-04 -4.192889e-04 0.000000e+00
26300 275.048958 26.716702 15.500000 0.994431 -0.105394 0.000000 9.488602e-03 -8.820987e-04 0.000000e+00 0.000000e+00 0.000000e+00 -1.292022e-04 -2.974646e-04 0.000000e+00
26350 275.516556 26.668360 15.500000 0.993787 -0.111294 0.000000 9.274504e-03 -9.273023e-04 0.000000e+00 0.000000e+00 0.000000e+00 -9.770080e-05 -1.800643e-04 0.000000e+00
26400 275.985394 26.623673 15.500000 0.993204 -0.116388 0.000000 9.461698e-03 -9.598555e-04 0.000000e+00 0.000000e+00 0.000000e+00 -1.180328e-04 -9.759851e-05 0.000000e+00
26450 276.456212 26.572590 15.500000 0.992482 -0.122389 0.000000 9.291942e-03 -9.911121e-04 0.000000e+00 0.000000e+00 0.000000e+00 -1.070947e-04 -3.401847e-05 0.000000e+00
26500 276.925536 26.521674 15.500000 0.991885 -0.127136 0.000000 9.540077e-03 -9.515307e-04 0.000000e+00 0.000000e+00 0.000000e+00 -1.246460e-04 -3.216559e-06 0.000000e+00
26550 277.399743 26.467754 15.500000 0.991222 -0.132206 0.000000 9.249498e-03 -1.187004e-03 0.000000e+00 0.000000e+00 0.000000e+00 -1.044461e-04 0.000000e+00 0.000000e+00
26600 277.867955 26.410120 15.500000 0.990455 -0.137840 0.000000 9.506662e-03 -1.188412e-03 0.000000e+00 0.000000e+00 0.000000e+00 -8.862412e-05 0.000000e+00 0.000000e+00
26650 278.342626 26.353428 15.500000 0.989837 -0.142209 0.000000 9.386226e-03 -1.094586e-03 0.000000e+00 0.000000e+00 0.000000e+00 -8.568022e-05 0.000000e+00 0.000000e+00
26700 278.810730 26.289847 15.500000 0.989002 -0.147900 0.000000 9.437013e-03 -1.384645e-03 0.000000e+00 0.000000e+00 0.000000e+00 -1.116823e-04 0.000000e+00 0.000000e+00
26750 279.282847 26.225844 15.500000 0.988315 -0.152423 0.000000 9.331829e-03 -1.297058e-03 0.000000e+00 0.000000e+00 0.000000e+00 -7.888367e-05 0.000000e+00 0.000000e+00
26800 279.749596 26.158176 15.500000 0.987471 -0.157803 0.000000 9.353472e-03 -1.470915e-03 0.000000e+00 0.000000e+00 0.000000e+00 -1.083787e-04 0.000000e+00 0.000000e+00
26850 280.220124 26.088376 15.500000 0.986710 -0.162488 0.000000 9.405844e-03 -1.419090e-03 0.000000e+00 0.000000e+00 0.000000e+00 -9.394659e-05 0.000000e+00 0.000000e+00
26900 280.685641 26.015518 15.500000 0.986034 -0.166543 0.000000 9.283955e-03 -1.627005e-03 0.000000e+00 0.000000e+00 0.000000e+00 -7.323270e-05 0.000000e+00 0.000000e+00
26950 281.152745 25.939740 15.500000 0.985430 -0.170081 0.000000 9.382035e-03 -1.606459e-03 0.000000e+00 0.000000e+00 0.000000e+00 -5.823838e-05 0.000000e+00 0.000000e+00
27000 281.617843 25.862603 15.500000 0.984969 -0.172730 0.000000 9.284075e-03 -1.641142e-03 0.000000e+00 0.000000e+00 0.000000e+00 -3.268266e-05 0.000000e+00 0.000000e+00
27050 282.086730 25.785738 15.500000 0.984552 -0.175095 0.000000 9.439364e-03 -1.577643e-03 0.000000e+00 0.000000e+00 0.000000e+00 -4.444191e-05 0.000000e+00 0.000000e+00
27100 282.554792 25.704256 15.500000 0.984108 -0.177573 0.000000 9.279637e-03 -1.644612e-03 0.000000e+00 0.000000e+00 0.000000e+00 -4.316754e-05 0.000000e+00 0.000000e+00
27150 283.025474 25.627148 15.500000 0.983663 -0.180021 0.000000 9.583837e-03 -1.572614e-03 0.000000e+00 0.000000e+00 0.000000e+00 -7.115127e-05 0.000000e+00 0.000000e+00
27200 283.497366 25.546028 15.500000 0.983117 -0.182976 0.000000 9.363991e-03 -1.656107e-03 0.000000e+00 0.000000e+00 0.000000e+00 -4.229054e-05 0.000000e+00 0.000000e+00
27250 283.969574 25.464392 15.500000 0.982732 -0.185036 0.000000 9.578481e-03 -1.613740e-03 0.000000e+00 0.000000e+00 0.000000e+00 -4.142099e-05 0.000000e+00 0.000000e+00
27300 284.444935 25.382948 15.500000 0.982223 -0.187719 0.000000 9.352929e-03 -1.710606e-03 0.000000e+00 0.000000e+00 0.000000e+00 -7.926251e-05 0.000000e+00 0.000000e+00
27350 284.916277 25.294904 15.500000 0.981554 -0.191187 0.000000 9.434677e-03 -1.717795e-03 0.000000e+00 0.000000e+00 0.000000e+00 -4.639906e-05 0.000000e+00 0.000000e+00
27400 285.389915 25.209691 15.500000 0.981052 -0.193747 0.000000 9.418998e-03 -1.633970e-03 0.000000e+00 0.000000e+00 0.000000e+00 -6.847174e-05 0.000000e+00 0.000000e+00
27450 285.858167 25.119070 15.500000 0.980382 -0.197106 0.000000 9.429820e-03 -1.817924e-03 0.000000e+00 0.000000e+00 0.000000e+00 -6.635255e-05 0.000000e+00 0.000000e+00
27500 286.330026 25.028267 15.500000 0.979831 -0.199826 0.000000 9.338229e-03 -1.814457e-03 0.000000e+00 0.000000e+00 0.000000e+00 -4.246418e-05 0.000000e+00 0.000000e+00
27550 286.796132 24.933745 15.500000 0.979407 -0.201895 0.000000 9.369228e-03 -1.826010e-03 0.000000e+00 0.000000e+00 0.000000e+00 -3.673606e-05 0.000000e+00 0.000000e+00
27600 287.267167 24.839991 15.500000 0.979131 -0.203230 0.000000 9.349066e-03 -1.856623e-03 0.000000e+00 0.000000e+00 0.000000e+00 -1.250723e-05 0.000000e+00 0.000000e+00
27650 287.734786 24.745197 15.500000 0.978969 -0.204009 0.000000 9.409910e-03 -1.760585e-03 0.000000e+00 0.000000e+00 0.000000e+00 -1.965965e-05 0.000000e+00 0.000000e+00
27700 288.208039 24.652467 15.500000 0.978680 -0.205393 0.000000 9.452056e-03 -1.889746e-03 0.000000e+00 0.000000e+00 0.000000e+00 -2.344063e-05 0.000000e+00 0.000000e+00
27750 288.678023 24.555840 15.500000 0.978517 -0.206168 0.000000 9.340847e-03 -1.957481e-03 0.000000e+00 0.000000e+00 0.000000e+00 6.308462e-06 0.000000e+00 0.000000e+00
27800 289.155736 24.462173 15.500000 0.978238 -0.207486 0.000000 9.550116e-03 -1.837261e-03 0.000000e+00 0.000000e+00 0.000000e+00 -1.643238e-05 0.000000e+00 0.000000e+00
27850 289.628390 24.366807 15.500000 0.977784 -0.209617 0.000000 9.288644e-03 -1.916021e-03 0.000000e+00 0.000000e+00 0.000000e+00 -3.861162e-05 0.000000e+00 0.000000e+00
27900 290.104394 24.267208 15.500000 0.977422 -0.211299 0.000000 9.515896e-03 -1.930736e-03 0.000000e+00 0.000000e+00 0.000000e+00 -2.034164e-05 0.000000e+00 0.000000e+00
27950 290.575053 24.169801 15.500000 0.976958 -0.213430 0.000000 9.374017e-03 -2.075143e-03 0.000000e+00 0.000000e+00 0.000000e+00 -5.977644e-05 0.000000e+00 0.000000e+00
28000 291.046806 24.066852 15.500000 0.976472 -0.215644 0.000000 9.574496e-03 -2.030527e-03 0.000000e+00 0.000000e+00 0.000000e+00 -3.287372e-05 0.000000e+00 0.000000e+00
28050 291.515892 23.965161 15.500000 0.976127 -0.217200 0.000000 9.335228e-03 -2.183301e-03 0.000000e+00 0.000000e+00 0.000000e+00 -3.355800e-05 0.000000e+00 0.000000e+00
28100 291.984628 23.861814 15.500000 0.975913 -0.218160 0.000000 9.432553e-03 -2.005806e-03 0.000000e+00 0.000000e+00 0.000000e+00 -4.855015e-06 0.000000e+00 0.000000e+00
28150 292.456165 23.757391 15.500000 0.975825 -0.218554 0.000000 9.384812e-03 -2.202050e-03 0.000000e+00 0.000000e+00 0.000000e+00 7.174782e-06 0.000000e+00 0.000000e+00
28200 292.925689 23.655815 15.500000 0.975768 -0.218810 0.000000 9.456219e-03 -2.080210e-03 0.000000e+00 0.000000e+00 0.000000e+00 -1.572490e-06 0.000000e+00 0.000000e+00
28250 293.401401 23.553021 15.500000 0.975492 -0.220037 0.000000 9.314865e-03 -2.046902e-03 0.000000e+00 0.000000e+00 0.000000e+00 -8.883244e-06 0.000000e+00 0.000000e+00
28300 293.873432 23.449346 15.500000 0.975377 -0.220542 0.000000 9.620443e-03 -2.071525e-03 0.000000e+00 0.000000e+00 0.000000e+00 -7.520016e-06 0.000000e+00 0.000000e+00
28350 294.350868 23.347806 15.500000 0.975227 -0.221207 0.000000 9.435015e-03 -1.960322e-03 0.000000e+00 0.000000e+00 0.000000e+00 -1.869984e-05 0.000000e+00 0.000000e+00
28400 294.821657 23.240985 15.500000 0.974886 -0.222706 0.000000 9.502312e-03 -2.155075e-03 0.000000e+00 0.000000e+00 0.000000e+00 -2.031570e-05 0.000000e+00 0.000000e+00
28450 295.296227 23.135676 15.500000 0.974518 -0.224308 0.000000 9.443401e-03 -2.074513e-03 0.000000e+00 0.000000e+00 0.000000e+00 -4.845033e-05 0.000000e+00 0.000000e+00
28500 295.764764 23.027472 15.500000 0.974058 -0.226296 0.000000 9.389502e-03 -2.162898e-03 0.000000e+00 0.000000e+00 0.000000e+00 -1.801732e-05 0.000000e+00 0.000000e+00
28550 296.234727 22.918212 15.500000 0.973880 -0.227064 0.000000 9.410720e-03 -2.155429e-03 0.000000e+00 0.000000e+00 0.000000e+00 -3.985366e-06 0.000000e+00 0.000000e+00
28600 296.703124 22.809133 15.500000 0.973994 -0.226574 0.000000 9.411454e-03 -2.081947e-03 0.000000e+00 0.000000e+00 0.000000e+00 3.600680e-05 0.000000e+00 0.000000e+00
28650 297.175914 22.702276 15.500000 0.973935 -0.226826 0.000000 9.453479e-03 -2.105338e-03 0.000000e+00 0.000000e+00 0.000000e+00 -1.008834e-05 0.000000e+00 0.000000e+00
28700 297.647210 22.592892 15.500000 0.974003 -0.226536 0.000000 9.375009e-03 -2.216590e-03 0.000000e+00 0.000000e+00 0.000000e+00 3.448775e-05 0.000000e+00 0.000000e+00
28750 298.125082 22.486749 15.500000 0.973934 -0.226830 0.000000 9.583899e-03 -2.137069e-03 0.000000e+00 0.000000e+00 0.000000e+00 -3.263488e-05 0.000000e+00 0.000000e+00
28800 298.599426 22.379761 15.500000 0.973656 -0.228021 0.000000 9.394471e-03 -2.142168e-03 0.000000e+00 0.000000e+00 0.000000e+00 -4.693452e-05 0.000000e+00 0.000000e+00
28850 299.075785 22.269099 15.500000 0.973427 -0.228999 0.000000 9.589440e-03 -2.178576e-03 0.000000e+00 0.000000e+00 0.000000e+00 -5.672696e-06 0.000000e+00 0.000000e+00
28900 299.547823 22.160888 15.500000 0.973125 -0.230278 0.000000 9.352262e-03 -2.297266e-03 0.000000e+00 0.000000e+00 0.000000e+00 -2.650774e-05 0.000000e+00 0.000000e+00
28950 300.019392 22.047889 15.500000 0.972759 -0.231820 0.000000 9.546696e-03 -2.245987e-03 0.000000e+00 0.000000e+00 0.000000e+00 -2.475337e-05 0.000000e+00 0.000000e+00
29000 300.489364 21.935808 15.500000 0.972564 -0.232637 0.000000 9.339759e-03 -2.361151e-03 0.000000e+00 0.000000e+00 0.000000e+00 8.585759e-06 0.000000e+00 0.000000e+00
29050 300.959139 21.823434 15.500000 0.972633 -0.232345 0.000000 9.486411e-03 -2.222475e-03 0.000000e+00 0.000000e+00 0.000000e+00 -1.439158e-05 0.000000e+00 0.000000e+00
29100 301.433002 21.710643 15.500000 0.972735 -0.231919 0.000000 9.407281e-03 -2.352263e-03 0.000000e+00 0.000000e+00 0.000000e+00 2.421347e-06 0.000000e+00 0.000000e+00
29150 301.904290 21.600750 15.500000 0.972770 -0.231771 0.000000 9.543439e-03 -2.225597e-03 0.000000e+00 0.000000e+00 0.000000e+00 -3.117835e-06 0.000000e+00 0.000000e+00
29200 302.381469 21.491106 15.500000 0.972583 -0.232555 0.000000 9.338525e-03 -2.224727e-03 0.000000e+00 0.000000e+00 0.000000e+00 -1.712481e-05 0.000000e+00 0.000000e+00
29250 302.854183 21.378445 15.500000 0.972374 -0.233427 0.000000 9.578159e-03 -2.263332e-03 0.000000e+00 0.000000e+00 0.000000e+00 -8.189029e-06 0.000000e+00 0.000000e+00
29300 303.331169 21.267908 15.500000 0.972258 -0.233913 0.000000 9.464051e-03 -2.109928e-03 0.000000e+00 0.000000e+00 0.000000e+00 -2.658137e-05 0.000000e+00 0.000000e+00
29350 303.801724 21.154344 15.500000 0.971957 -0.235157 0.000000 9.426342e-03 -2.289723e-03 0.000000e+00 0.000000e+00 0.000000e+00 -1.815691e-05 0.000000e+00 0.000000e+00
29400 304.275673 21.040317 15.500000 0.971692 -0.236251 0.000000 9.431136e-03 -2.233568e-03 0.000000e+00 0.000000e+00 0.000000e+00 -1.760579e-05 0.000000e+00 0.000000e+00
29450 304.743676 20.924160 15.500000 0.971621 -0.236544 0.000000 9.402256e-03 -2.289449e-03 0.000000e+00 0.000000e+00 0.000000e+00 -1.727206e-05 0.000000e+00 0.000000e+00
29500 305.216185 20.810353 15.500000 0.971663 -0.236371 0.000000 9.466404e-03 -2.280757e-03 0.000000e+00 0.000000e+00 0.000000e+00 -4.978823e-06 0.000000e+00 0.000000e+00
29550 305.685704 20.694809 15.500000 0.971764 -0.235954 0.000000 9.411814e-03 -2.149774e-03 0.000000e+00 0.000000e+00 0.000000e+00 -5.319648e-07 0.000000e+00 0.000000e+00
29600 306.161461 20.583558 15.500000 0.971748 -0.236021 0.000000 9.520725e-03 -2.210321e-03 0.000000e+00 0.000000e+00 0.000000e+00 -1.462628e-05 0.000000e+00 0.000000e+00
29650 306.634578 20.470053 15.500000 0.971643 -0.236453 0.000000 9.396827e-03 -2.262266e-03 0.000000e+00 0.000000e+00 0.000000e+00 2.123736e-06 0.000000e+00 0.000000e+00
29700 307.111990 20.356128 15.500000 0.971659 -0.236388 0.000000 9.525200e-03 -2.292518e-03 0.000000e+00 0.000000e+00 0.000000e+00 -1.049641e-07 0.000000e+00 0.000000e+00
29750 307.584598 20.244515 15.500000 0.971459 -0.237208 0.000000 9.377554e-03 -2.378598e-03 0.000000e+00 0.000000e+00 0.000000e+00 -2.348630e-05 0.000000e+00 0.000000e+00
29800 308.058235 20.126527 15.500000 0.971253 -0.238050 0.000000 9.507134e-03 -2.302507e-03 0.000000e+00 0.000000e+00 0.000000e+00 -2.213471e-05 0.000000e+00 0.000000e+00
29850 308.529000 20.011771 15.500000 0.971091 -0.238712 0.000000 9.360256e-03 -2.482666e-03 0.000000e+00 0.000000e+00 0.000000e+00 6.480265e-06 0.000000e+00 0.000000e+00
29900 308.998428 19.895164 15.500000 0.971089 -0.238716 0.000000 9.487714e-03 -2.330479e-03 0.000000e+00 0.000000e+00 0.000000e+00 6.179912e-06 0.000000e+00 0.000000e+00
29950 309.471171 19.778041 15.500000 0.971237 -0.238115 0.000000 9.410182e-03 -2.411588e-03 0.000000e+00 0.000000e+00 0.000000e+00 2.398167e-05 0.000000e+00 0.000000e+00
30000 309.941824 19.664428 15.500000 0.971396 -0.237466 0.000000 9.548179e-03 -2.309977e-03 0.000000e+00 0.000000e+00 0.000000e+00 1.084803e-05 0.000000e+00 0.000000e+00
30050 310.418297 19.550263 15.500000 0.971293 -0.237887 0.000000 9.364238e-03 -2.261630e-03 0.000000e+00 0.000000e+00 0.000000e+00 1.840271e-06 0.000000e+00 0.000000e+00
30100 310.892108 19.435475 15.500000 0.971354 -0.237635 0.000000 9.626648e-03 -2.311026e-03 0.000000e+00 0.000000e+00 0.000000e+00 1.202929e-05 0.000000e+00 0.000000e+00
30150 311.369880 19.323260 15.500000 0.971330 -0.237736 0.000000 9.475529e-03 -2.175962e-03 0.000000e+00 0.000000e+00 0.000000e+00 -2.468686e-05 0.000000e+00 0.000000e+00
30200 311.841111 19.206633 15.500000 0.971163 -0.238416 0.000000 9.428467e-03 -2.310478e-03 0.000000e+00 0.000000e+00 0.000000e+00 -5.679230e-06 0.000000e+00 0.000000e+00
30250 312.315995 19.091151 15.500000 0.970882 -0.239560 0.000000 9.426422e-03 -2.265371e-03 0.000000e+00 0.000000e+00 0.000000e+00 -7.456976e-06 0.000000e+00 0.000000e+00
30300 312.785017 18.972952 15.500000 0.970783 -0.239957 0.000000 9.431057e-03 -2.304145e-03 0.000000e+00 0.000000e+00 0.000000e+00 -2.180885e-05 0.000000e+00 0.000000e+00
30350 313.257599 18.855880 15.500000 0.970892 -0.239518 0.000000 9.459698e-03 -2.331766e-03 0.000000e+00 0.000000e+00 0.000000e+00 1.167824e-05 0.000000e+00 0.000000e+00
30400 313.727197 18.739537 15.500000 0.971117 -0.238605 0.000000 9.423683e-03 -2.184979e-03 0.000000e+00 0.000000e+00 0.000000e+00 1.356999e-05 0.000000e+00 0.000000e+00
30450 314.202716 18.625742 15.500000 0.971161 -0.238426 0.000000 9.518199e-03 -2.324438e-03 0.000000e+00 0.000000e+00 0.000000e+00 -2.253638e-06 0.000000e+00 0.000000e+00
30500 314.675178 18.510171 15.500000 0.971244 -0.238088 0.000000 9.356078e-03 -2.301561e-03 0.000000e+00 0.000000e+00 0.000000e+00 1.526722e-05 0.000000e+00 0.000000e+00
30550 315.154007 18.395889 15.500000 0.971309 -0.237823 0.000000 9.592561e-03 -2.295839e-03 0.000000e+00 0.000000e+00 0.000000e+00 -5.500240e-06 0.000000e+00 0.000000e+00
30600 315.627449 18.282994 15.500000 0.971107 -0.238645 0.000000 9.402840e-03 -2.417720e-03 0.000000e+00 0.000000e+00 0.000000e+00 -6.390553e-06 0.000000e+00 0.000000e+00
30650 316.103305 18.164315 15.500000 0.970915 -0.239424 0.000000 9.495471e-03 -2.319187e-03 0.000000e+00 0.000000e+00 0.000000e+00 -1.387089e-05 0.000000e+00 0.000000e+00
30700 316.574859 18.048073 15.500000 0.970631 -0.240572 0.000000 9.353409e-03 -2.414976e-03 0.000000e+00 0.000000e+00 0.000000e+00 -1.014810e-05 0.000000e+00 0.000000e+00
30750 317.045183 17.929788 15.500000 0.970638 -0.240546 0.000000 9.546421e-03 -2.353384e-03 0.000000e+00 0.000000e+00 0.000000e+00 9.414733e-06 0.000000e+00 0.000000e+00
30800 317.516853 17.811724 15.500000 0.970843 -0.239717 0.000000 9.332730e-03 -2.399765e-03 0.000000e+00 0.000000e+00 0.000000e+00 2.986343e-05 0.000000e+00 0.000000e+00
30850 317.988233 17.697013 15.500000 0.971043 -0.238907 0.000000 9.595449e-03 -2.299653e-03 0.000000e+00 0.000000e+00 0.000000e+00 -7.126793e-06 0.000000e+00 0.000000e+00
30900 318.463653 17.581455 15.500000 0.971052 -0.238869 0.000000 9.392560e-03 -2.229758e-03 0.000000e+00 0.000000e+00 0.000000e+00 1.014537e-05 0.000000e+00 0.000000e+00
30950 318.938856 17.466557 15.500000 0.971258 -0.238031 0.000000 9.636264e-03 -2.308135e-03 0.000000e+00 0.000000e+00 0.000000e+00 2.162087e-05 0.000000e+00 0.000000e+00
31000 319.417027 17.353779 15.500000 0.971165 -0.238408 0.000000 9.421143e-03 -2.262316e-03 0.000000e+00 0.000000e+00 0.000000e+00 -2.529327e-05 0.000000e+00 0.000000e+00
31050 319.890339 17.235765 15.500000 0.970927 -0.239376 0.000000 9.486280e-03 -2.323574e-03 0.000000e+00 0.000000e+00 0.000000e+00 -9.827596e-06 0.000000e+00 0.000000e+00
31100 320.365385 17.119891 15.500000 0.970712 -0.240245 0.000000 9.408842e-03 -2.333553e-03 0.000000e+00 0.000000e+00 0.000000e+00 -1.736359e-05 0.000000e+00 0.000000e+00
31150 320.834905 17.001684 15.500000 0.970500 -0.241100 0.000000 9.403474e-03 -2.323117e-03 0.000000e+00 0.000000e+00 0.000000e+00 2.393556e-06 0.000000e+00 0.000000e+00
31200 321.306991 16.883365 15.500000 0.970557 -0.240873 0.000000 9.429079e-03 -2.304830e-03 0.000000e+00 0.000000e+00 0.000000e+00 1.359941e-05 0.000000e+00 0.000000e+00
31250 321.776280 16.766923 15.500000 0.970870 -0.239607 0.000000 9.392605e-03 -2.273406e-03 0.000000e+00 0.000000e+00 0.000000e+00 -2.264114e-07 0.000000e+00 0.000000e+00
31300 322.251479 16.651785 15.500000 0.970930 -0.239362 0.000000 9.541774e-03 -2.382536e-03 0.000000e+00 0.000000e+00 0.000000e+00 2.954866e-06 0.000000e+00 0.000000e+00
31350 322.723326 16.535646 15.500000 0.971156 -0.238445 0.000000 9.517535e-03 -2.279596e-03 0.000000e+00 0.000000e+00 0.000000e+00 2.082717e-05 0.000000e+00 0.000000e+00
31400 323.203613 16.421521 15.500000 0.971170 -0.238389 0.000000 9.600328e-03 -2.287079e-03 0.000000e+00 0.000000e+00 0.000000e+00 -4.272050e-06 0.000000e+00 0.000000e+00
31450 323.677558 16.307384 15.500000 0.970952 -0.239275 0.000000 9.541701e-03 -2.464040e-03 0.000000e+00 0.000000e+00 0.000000e+00 -1.731209e-05 0.000000e+00 0.000000e+00
31500 324.154307 16.189349 15.500000 0.970813 -0.239836 0.000000 9.457831e-03 -2.314668e-03 0.000000e+00 0.000000e+00 0.000000e+00 -1.937303e-06 0.000000e+00 0.000000e+00
31550 324.625060 16.073103 15.500000 0.970530 -0.240981 0.000000 9.389678e-03 -2.403081e-03 0.000000e+00 0.000000e+00 0.000000e+00 -2.903350e-05 0.000000e+00 0.000000e+00
31600 325.095199 15.954736 15.500000 0.970414 -0.241445 0.000000 9.398633e-03 -2.361177e-03 0.000000e+00 0.000000e+00 0.000000e+00 -1.380637e-06 0.000000e+00 0.000000e+00
31650 325.565034 15.836280 15.500000 0.970639 -0.240539 0.000000 9.369838e-03 -2.399677e-03 0.000000e+00 0.000000e+00 0.000000e+00 4.578855e-05 0.000000e+00 0.000000e+00
31700 326.037191 15.721364 15.500000 0.970859 -0.239652 0.000000 9.578913e-03 -2.327115e-03 0.000000e+00 0.000000e+00 0.000000e+00 1.731430e-06 0.000000e+00 0.000000e+00
31750 326.510986 15.604883 15.500000 0.970964 -0.239226 0.000000 9.414798e-03 -2.239395e-03 0.000000e+00 0.000000e+00 0.000000e+00 2.655101e-05 0.000000e+00 0.000000e+00
31800 326.987047 15.490376 15.500000 0.971165 -0.238407 0.000000 9.641020e-03 -2.302165e-03 0.000000e+00 0.000000e+00 0.000000e+00 -5.954435e-06 0.000000e+00 0.000000e+00
31850 327.464433 15.376863 15.500000 0.971113 -0.238621 0.000000 9.422285e-03 -2.298658e-03 0.000000e+00 0.000000e+00 0.000000e+00 -4.256891e-05 0.000000e+00 0.000000e+00
31900 327.939100 15.259418 15.500000 0.970897 -0.239499 0.000000 9.496796e-03 -2.352240e-03 0.000000e+00 0.000000e+00 0.000000e+00 7.602128e-06 0.000000e+00 0.000000e+00
31950 328.414064 15.144048 15.500000 0.970762 -0.240045 0.000000 9.444307e-03 -2.299453e-03 0.000000e+00 0.000000e+00 0.000000e+00 -1.406034e-05 0.000000e+00 0.000000e+00
32000 328.883492 15.026223 15.500000 0.970512 -0.241052 0.000000 9.443009e-03 -2.346999e-03 0.000000e+00 0.000000e+00 0.000000e+00 9.907019e-06 0.000000e+00 0.000000e+00
32050 329.354047 14.907956 15.500000 0.970545 -0.240919 0.000000 9.338032e-03 -2.295877e-03 0.000000e+00 0.000000e+00 0.000000e+00 -3.701916e-06 0.000000e+00 0.000000e+00
32100 329.822185 14.791759 15.500000 0.970865 -0.239626 0.000000 9.407085e-03 -2.279502e-03 0.000000e+00 0.000000e+00 0.000000e+00 1.652071e-05 0.000000e+00 0.000000e+00
32150 330.296800 14.676351 15.500000 0.970964 -0.239227 0.000000 9.518082e-03 -2.402644e-03 0.000000e+00 0.000000e+00 0.000000e+00 1.659963e-05 0.000000e+00 0.000000e+00
32200 330.768916 14.560758 15.500000 0.971259 -0.238023 0.000000 9.609685e-03 -2.229014e-03 0.000000e+00 0.000000e+00 0.000000e+00 3.294754e-05 0.000000e+00 0.000000e+00
32250 331.249038 14.447537 15.500000 0.971290 -0.237897 0.000000 9.605991e-03 -2.299359e-03 0.000000e+00 0.000000e+00 0.000000e+00 2.536491e-07 0.000000e+00 0.000000e+00
32300 331.722462 14.333237 15.500000 0.971102 -0.238665 0.000000 9.555172e-03 -2.449111e-03 0.000000e+00 0.000000e+00 0.000000e+00 -1.059313e-05 0.000000e+00 0.000000e+00
32350 332.199810 14.216632 15.500000 0.971050 -0.238875 0.000000 9.460444e-03 -2.294042e-03 0.000000e+00 0.000000e+00 0.000000e+00 -9.122839e-06 0.000000e+00 0.000000e+00
32400 332.670798 14.101182 15.500000 0.970779 -0.239976 0.000000 9.389896e-03 -2.367862e-03 0.000000e+00 0.000000e+00 0.000000e+00 -4.315509e-05 0.000000e+00 0.000000e+00
32450 333.142100 13.983524 15.500000 0.970693 -0.240324 0.000000 9.390325e-03 -2.426334e-03 0.000000e+00 0.000000e+00 0.000000e+00 1.879510e-05 0.000000e+00 0.000000e+00
32500 333.610528 13.866466 15.500000 0.970906 -0.239461 0.000000 9.368408e-03 -2.398361e-03 0.000000e+00 0.000000e+00 0.000000e+00 3.572377e-05 0.000000e+00 0.000000e+00
32550 334.082697 13.752096 15.500000 0.971168 -0.238395 0.000000 9.525768e-03 -2.321641e-03 0.000000e+00 0.000000e+00 0.000000e+00 1.828861e-05 0.000000e+00 0.000000e+00
32600 334.555242 13.635610 15.500000 0.971359 -0.237619 0.000000 9.432464e-03 -2.267452e-03 0.000000e+00 0.000000e+00 0.000000e+00 3.616753e-05 0.000000e+00 0.000000e+00
32650 335.031675 13.523164 15.500000 0.971574 -0.236734 0.000000 9.645298e-03 -2.260251e-03 0.000000e+00 0.000000e+00 0.000000e+00 1.640909e-05 0.000000e+00 0.000000e+00
32700 335.508285 13.410318 15.500000 0.971541 -0.236870 0.000000 9.458488e-03 -2.259452e-03 0.000000e+00 0.000000e+00 0.000000e+00 -2.418050e-05 0.000000e+00 0.000000e+00
32750 335.983579 13.295109 15.500000 0.971410 -0.237410 0.000000 9.606118e-03 -2.272425e-03 0.000000e+00 0.000000e+00 0.000000e+00 6.153167e-06 0.000000e+00 0.000000e+00
32800 336.458545 13.182044 15.500000 0.971343 -0.237681 0.000000 9.429021e-03 -2.246143e-03 0.000000e+00 0.000000e+00 0.000000e+00 -1.720053e-05 0.000000e+00 0.000000e+00
32850 336.929507 13.065409 15.500000 0.971116 -0.238607 0.000000 9.494694e-03 -2.361385e-03 0.000000e+00 0.000000e+00 0.000000e+00 -1.547706e-05 0.000000e+00 0.000000e+00
32900 337.400791 12.948931 15.500000 0.971074 -0.238781 0.000000 9.344444e-03 -2.255444e-03 0.000000e+00 0.000000e+00 0.000000e+00 3.501221e-06 0.000000e+00 0.000000e+00
32950 337.869806 12.833650 15.500000 0.971331 -0.237732 0.000000 9.439477e-03 -2.222700e-03 0.000000e+00 0.000000e+00 0.000000e+00 2.411837e-05 0.000000e+00 0.000000e+00
33000 338.344108 12.718953 15.500000 0.971591 -0.236667 0.000000 9.505806e-03 -2.371977e-03 0.000000e+00 0.000000e+00 0.000000e+00 1.799857e-05 0.000000e+00 0.000000e+00
33050 338.815831 12.605952 15.500000 0.971853 -0.235590 0.000000 9.564095e-03 -2.175461e-03 0.000000e+00 0.000000e+00 0.000000e+00 2.372712e-05 0.000000e+00 0.000000e+00
33100 339.295313 12.494099 15.500000 0.971926 -0.235286 0.000000 9.542435e-03 -2.215740e-03 0.000000e+00 0.000000e+00 0.000000e+00 -5.715729e-06 0.000000e+00 0.000000e+00
33150 339.767333 12.382119 15.500000 0.971820 -0.235724 0.000000 9.614626e-03 -2.346766e-03 0.000000e+00 0.000000e+00 0.000000e+00 -2.791556e-06 0.000000e+00 0.000000e+00
33200 340.245352 12.268380 15.500000 0.971872 -0.235509 0.000000 9.487168e-03 -2.268595e-03 0.000000e+00 0.000000e+00 0.000000e+00 -4.916603e-06 0.000000e+00 0.000000e+00
33250 340.716320 12.155975 15.500000 0.971705 -0.236196 0.000000 9.372399e-03 -2.339169e-03 0.000000e+00 0.000000e+00 0.000000e+00 -8.171587e-06 0.000000e+00 0.000000e+00
33300 341.190019 12.040946 15.500000 0.971580 -0.236713 0.000000 9.479659e-03 -2.302363e-03 0.000000e+00 0.000000e+00 0.000000e+00 -2.012076e-05 0.000000e+00 0.000000e+00
33350 341.658385 11.925823 15.500000 0.971640 -0.236466 0.000000 9.378278e-03 -2.382610e-03 0.000000e+00 0.000000e+00 0.000000e+00 1.875807e-05 0.000000e+00 0.000000e+00
33400 342.129921 11.812989 15.500000 0.971834 -0.235667 0.000000 9.464878e-03 -2.312555e-03 0.000000e+00 0.000000e+00 0.000000e+00 2.493353e-05 0.000000e+00 0.000000e+00
33450 342.600357 11.697944 15.500000 0.972069 -0.234696 0.000000 9.334227e-03 -2.286622e-03 0.000000e+00 0.000000e+00 0.000000e+00 3.424340e-05 0.000000e+00 0.000000e+00
33500 343.074987 11.588971 15.500000 0.972235 -0.234006 0.000000 9.610422e-03 -2.232801e-03 0.000000e+00 0.000000e+00 0.000000e+00 -1.473083e-05 0.000000e+00 0.000000e+00
33550 343.549290 11.477950 15.500000 0.972236 -0.234004 0.000000 9.437329e-03 -2.205968e-03 0.000000e+00 0.000000e+00 0.000000e+00 3.637461e-06 0.000000e+00 0.000000e+00
33600 344.024965 11.366473 15.500000 0.972351 -0.233525 0.000000 9.633067e-03 -2.223886e-03 0.000000e+00 0.000000e+00 0.000000e+00 2.304322e-05 0.000000e+00 0.000000e+00
33650 344.499469 11.257811 15.500000 0.972358 -0.233495 0.000000 9.361276e-03 -2.182401e-03 0.000000e+00 0.000000e+00 0.000000e+00 -7.344013e-06 0.000000e+00 0.000000e+00
33700 344.971267 11.143632 15.500000 0.972308 -0.233704 0.000000 9.511577e-03 -2.260796e-03 0.000000e+00 0.000000e+00 0.000000e+00 1.325983e-06 0.000000e+00 0.000000e+00
33750 345.443170 11.031869 15.500000 0.972277 -0.233831 0.000000 9.344430e-03 -2.150944e-03 0.000000e+00 0.000000e+00 0.000000e+00 2.129714e-06 0.000000e+00 0.000000e+00
33800 345.911351 10.919489 15.500000 0.972419 -0.233242 0.000000 9.413998e-03 -2.152871e-03 0.000000e+00 0.000000e+00 0.000000e+00 1.858677e-05 0.000000e+00 0.000000e+00
33850 346.383876 10.807238 15.500000 0.972712 -0.232015 0.000000 9.449614e-03 -2.233658e-03 0.000000e+00 0.000000e+00 0.000000e+00 4.737361e-05 0.000000e+00 0.000000e+00
33900 346.853347 10.698659 15.500000 0.973071 -0.230505 0.000000 9.443439e-03 -2.145493e-03 0.000000e+00 0.000000e+00 0.000000e+00 3.204127e-05 0.000000e+00 0.000000e+00
33950 347.330389 10.589236 15.500000 0.973185 -0.230026 0.000000 9.515473e-03 -2.229661e-03 0.000000e+00 0.000000e+00 0.000000e+00 -3.330588e-06 0.000000e+00 0.000000e+00
34000 347.801481 10.482136 15.500000 0.973448 -0.228907 0.000000 9.608991e-03 -2.146633e-03 0.000000e+00 0.000000e+00 0.000000e+00 1.662466e-05 0.000000e+00 0.000000e+00
34050 348.280817 10.374658 15.500000 0.973595 -0.228280 0.000000 9.548071e-03 -2.069553e-03 0.000000e+00 0.000000e+00 0.000000e+00 3.911683e-06 0.000000e+00 0.000000e+00
34100 348.753080 10.266935 15.500000 0.973546 -0.228493 0.000000 9.528400e-03 -2.329097e-03 0.000000e+00 0.000000e+00 0.000000e+00 8.390019e-06 0.000000e+00 0.000000e+00
34150 349.228025 10.157903 15.500000 0.973533 -0.228545 0.000000 9.439403e-03 -2.158109e-03 0.000000e+00 0.000000e+00 0.000000e+00 -3.239300e-06 0.000000e+00 0.000000e+00
34200 349.697000 10.049308 15.500000 0.973392 -0.229145 0.000000 9.361572e-03 -2.219250e-03 0.000000e+00 0.000000e+00 0.000000e+00 -9.391732e-06 0.000000e+00 0.000000e+00
34250 350.166189 9.939907 15.500000 0.973521 -0.228598 0.000000 9.425917e-03 -2.270982e-03 0.000000e+00 0.000000e+00 0.000000e+00 2.817066e-05 0.000000e+00 0.000000e+00
34300 350.634596 9.831227 15.500000 0.973958 -0.226731 0.000000 9.382970e-03 -2.166552e-03 0.000000e+00 0.000000e+00 0.000000e+00 4.351895e-05 0.000000e+00 0.000000e+00
34350 351.106748 9.726507 15.500000 0.974305 -0.225231 0.000000 9.507217e-03 -2.136005e-03 0.000000e+00 0.000000e+00 0.000000e+00 2.171098e-05 0.000000e+00 0.000000e+00
34400 351.578504 9.619720 15.500000 0.974644 -0.223760 0.000000 9.412778e-03 -2.080591e-03 0.000000e+00 0.000000e+00 0.000000e+00 4.311078e-05 0.000000e+00 0.000000e+00
34450 352.054588 9.516934 15.500000 0.974980 -0.222293 0.000000 9.640184e-03 -2.086473e-03 0.000000e+00 0.000000e+00 0.000000e+00 2.137009e-05 0.000000e+00 0.000000e+00
34500 352.529820 9.414548 15.500000 0.975094 -0.221794 0.000000 9.430083e-03 -2.038977e-03 0.000000e+00 0.000000e+00 0.000000e+00 -9.013750e-06 0.000000e+00 0.000000e+00
34550 353.004611 9.310354 15.500000 0.975179 -0.221418 0.000000 9.608468e-03 -2.040753e-03 0.000000e+00 0.000000e+00 0.000000e+00 2.391832e-05 0.000000e+00 0.000000e+00
34600 353.478218 9.209015 15.500000 0.975307 -0.220852 0.000000 9.373495e-03 -2.019809e-03 0.000000e+00 0.000000e+00 0.000000e+00 4.181533e-07 0.000000e+00 0.000000e+00
34650 353.948330 9.103891 15.500000 0.975324 -0.220777 0.000000 9.507957e-03 -2.128047e-03 0.000000e+00 0.000000e+00 0.000000e+00 1.493054e-05 0.000000e+00 0.000000e+00
34700 354.419257 9.000161 15.500000 0.975480 -0.220087 0.000000 9.301771e-03 -2.003484e-03 0.000000e+00 0.000000e+00 0.000000e+00 2.922993e-05 0.000000e+00 0.000000e+00
34750 354.886616 8.897185 15.500000 0.975762 -0.218835 0.000000 9.409667e-03 -1.917916e-03 0.000000e+00 0.000000e+00 0.000000e+00 2.551301e-05 0.000000e+00 0.000000e+00
34800 355.358487 8.795465 15.500000 0.976171 -0.217002 0.000000 9.401417e-03 -2.000901e-03 0.000000e+00 0.000000e+00 0.000000e+00 3.801557e-05 0.000000e+00 0.000000e+00
34850 355.826971 8.696973 15.500000 0.976662 -0.214781 0.000000 9.397451e-03 -1.904087e-03 0.000000e+00 0.000000e+00 0.000000e+00 3.615329e-05 0.000000e+00 0.000000e+00
34900 356.303163 8.598590 15.500000 0.976944 -0.213494 0.000000 9.548368e-03 -1.982534e-03 0.000000e+00 0.000000e+00 0.000000e+00 3.146679e-05 0.000000e+00 0.000000e+00
34950 356.773005 8.502557 15.500000 0.977391 -0.211441 0.000000 9.534245e-03 -1.901585e-03 0.000000e+00 0.000000e+00 0.000000e+00 4.825861e-05 0.000000e+00 0.000000e+00
35000 357.252055 8.406457 15.500000 0.977699 -0.210009 0.000000 9.536579e-03 -1.840195e-03 0.000000e+00 0.000000e+00 0.000000e+00 2.919115e-05 0.000000e+00 0.000000e+00
35050 357.723677 8.312115 15.500000 0.977830 -0.209398 0.000000 9.519894e-03 -2.058670e-03 0.000000e+00 0.000000e+00 0.000000e+00 2.201828e-05 0.000000e+00 0.000000e+00
35100 358.198768 8.215480 15.500000 0.978105 -0.208111 0.000000 9.424166e-03 -1.898180e-03 0.000000e+00 0.000000e+00 0.000000e+00 2.455485e-05 0.000000e+00 0.000000e+00
35150 358.667609 8.121016 15.500000 0.978245 -0.207453 0.000000 9.382796e-03 -1.944652e-03 0.000000e+00 0.000000e+00 0.000000e+00 1.112102e-05 0.000000e+00 0.000000e+00
35200 359.138255 8.025515 15.500000 0.978496 -0.206265 0.000000 9.354914e-03 -1.954532e-03 0.000000e+00 0.000000e+00 0.000000e+00 5.257270e-05 0.000000e+00 0.000000e+00
35250 359.604653 7.930460 15.500000 0.978860 -0.204532 0.000000 9.340485e-03 -1.977209e-03 0.000000e+00 0.000000e+00 0.000000e+00 3.666124e-05 0.000000e+00 0.000000e+00
35300 360.073681 7.839763 15.500000 0.979383 -0.202012 0.000000 9.442680e-03 -1.874603e-03 0.000000e+00 0.000000e+00 0.000000e+00 6.148665e-05 0.000000e+00 0.000000e+00
35350 360.542796 7.747345 15.500000 0.979972 -0.199134 0.000000 9.277024e-03 -1.833252e-03 0.000000e+00 0.000000e+00 0.000000e+00 5.655252e-05 0.000000e+00 0.000000e+00
35400 361.013021 7.662112 15.500000 0.980554 -0.196250 0.000000 9.579870e-03 -1.756816e-03 0.000000e+00 0.000000e+00 0.000000e+00 3.303047e-05 0.000000e+00 0.000000e+00
35450 361.486259 7.575836 15.500000 0.981013 -0.193943 0.000000 9.361182e-03 -1.661428e-03 0.000000e+00 0.000000e+00 0.000000e+00 7.717248e-05 0.000000e+00 0.000000e+00
35500 361.958697 7.491673 15.500000 0.981643 -0.190727 0.000000 9.524796e-03 -1.676217e-03 0.000000e+00 0.000000e+00 0.000000e+00 6.265367e-05 0.000000e+00 0.000000e+00
35550 362.434462 7.410193 15.500000 0.982110 -0.188306 0.000000 9.349587e-03 -1.647513e-03 0.000000e+00 0.000000e+00 0.000000e+00 3.087503e-05 0.000000e+00 0.000000e+00
35600 362.906008 7.326573 15.500000 0.982454 -0.186504 0.000000 9.489621e-03 -1.631279e-03 0.000000e+00 0.000000e+00 0.000000e+00 5.659780e-05 0.000000e+00 0.000000e+00
35650 363.379443 7.247117 15.500000 0.982972 -0.183755 0.000000 9.406215e-03 -1.444108e-03 0.000000e+00 0.000000e+00 0.000000e+00 5.572969e-05 0.000000e+00 0.000000e+00
35700 363.847311 7.166478 15.500000 0.983397 -0.181466 0.000000 9.408014e-03 -1.595817e-03 0.000000e+00 0.000000e+00 0.000000e+00 5.402003e-05 0.000000e+00 0.000000e+00
35750 364.317945 7.087597 15.500000 0.983907 -0.178681 0.000000 9.349785e-03 -1.508265e-03 0.000000e+00 0.000000e+00 0.000000e+00 7.993252e-05 0.000000e+00 0.000000e+00
35800 364.783146 7.009324 15.500000 0.984535 -0.175186 0.000000 9.342140e-03 -1.433967e-03 0.000000e+00 0.000000e+00 0.000000e+00 7.614910e-05 0.000000e+00 0.000000e+00
35850 365.250378 6.932922 15.500000 0.985233 -0.171219 0.000000 9.348659e-03 -1.463041e-03 0.000000e+00 0.000000e+00 0.000000e+00 8.344887e-05 0.000000e+00 0.000000e+00
35900 365.714854 6.860251 15.500000 0.986080 -0.166269 0.000000 9.271086e-03 -1.318136e-03 0.000000e+00 0.000000e+00 0.000000e+00 1.075578e-04 0.000000e+00 0.000000e+00
35950 366.184952 6.791564 15.500000 0.986895 -0.161365 0.000000 9.384735e-03 -1.378546e-03 0.000000e+00 0.000000e+00 0.000000e+00 7.141058e-05 0.000000e+00 0.000000e+00
36000 366.651376 6.722734 15.500000 0.987697 -0.156382 0.000000 9.282020e-03 -1.161877e-03 0.000000e+00 0.000000e+00 0.000000e+00 1.007153e-04 0.000000e+00 0.000000e+00
36050 367.123625 6.662046 15.500000 0.988423 -0.151726 0.000000 9.482689e-03 -1.180524e-03 0.000000e+00 0.000000e+00 0.000000e+00 8.583713e-05 0.000000e+00 0.000000e+00
36100 367.593137 6.599837 15.500000 0.989195 -0.146608 0.000000 9.301354e-03 -1.192681e-03 0.000000e+00 0.000000e+00 0.000000e+00 1.367794e-04 0.000000e+00 0.000000e+00
36150 368.066797 6.541397 15.500000 0.989959 -0.141356 0.000000 9.527960e-03 -1.139043e-03 0.000000e+00 0.000000e+00 0.000000e+00 1.179818e-04 0.000000e+00 0.000000e+00
36200 368.538691 6.487424 15.500000 0.990615 -0.136681 0.000000 9.345414e-03 -1.034448e-03 0.000000e+00 0.000000e+00 0.000000e+00 1.010932e-04 8.369613e-07 0.000000e+00
36250 369.010757 6.432184 15.500000 0.991348 -0.131262 0.000000 9.540892e-03 -1.088449e-03 0.000000e+00 0.000000e+00 0.000000e+00 7.955732e-05 2.797612e-05 0.000000e+00
36300 369.483057 6.382946 15.500000 0.992025 -0.126041 0.000000 9.337933e-03 -1.034906e-03 0.000000e+00 0.000000e+00 0.000000e+00 7.839519e-05 8.457469e-05 0.000000e+00
36350 369.953596 6.331886 15.500000 0.992625 -0.121227 0.000000 9.450081e-03 -9.006151e-04 0.000000e+00 0.000000e+00 0.000000e+00 1.230634e-04 1.756804e-04 0.000000e+00
36400 370.425232 6.287516 15.500000 0.993331 -0.115295 0.000000 9.327837e-03 -8.249886e-04 0.000000e+00 0.000000e+00 0.000000e+00 1.098592e-04 2.814832e-04 0.000000e+00
36450 370.891989 6.240887 15.500000 0.993973 -0.109624 0.000000 9.387683e-03 -8.649117e-04 0.000000e+00 0.000000e+00 0.000000e+00 1.195299e-04 4.190388e-04 0.000000e+00
36500 371.361475 6.199678 15.500000 0.994648 -0.103323 0.000000 9.319538e-03 -8.033760e-04 0.000000e+00 0.000000e+00 0.000000e+00 1.179013e-04 5.636750e-04 0.000000e+00
36550 371.827052 6.160500 15.500000 0.995213 -0.097733 0.000000 9.335102e-03 -8.258691e-04 0.000000e+00 0.000000e+00 0.000000e+00 1.321726e-04 7.206830e-04 0.000000e+00
36600 372.295563 6.123931 15.500000 0.995827 -0.091262 0.000000 9.322121e-03 -7.653880e-04 0.000000e+00 0.000000e+00 0.000000e+00 1.238560e-04 8.850050e-04 0.000000e+00
36650 372.759099 6.089921 15.500000 0.996346 -0.085409 0.000000 9.321796e-03 -6.981733e-04 0.000000e+00 0.000000e+00 0.000000e+00 1.425571e-04 1.053018e-03 0.000000e+00
36700 373.226914 6.058725 15.500000 0.996916 -0.078475 0.000000 9.311557e-03 -6.048163e-04 0.000000e+00 0.000000e+00 0.000000e+00 1.450726e-04 1.220134e-03 0.000000e+00
36750 373.689349 6.029950 15.500000 0.997489 -0.070824 0.000000 9.262739e-03 -6.112312e-04 0.000000e+00 0.000000e+00 0.000000e+00 1.640264e-04 1.384640e-03 0.000000e+00
36800 374.153323 6.005981 15.500000 0.998042 -0.062552 0.000000 9.281889e-03 -6.002505e-04 0.000000e+00 0.000000e+00 0.000000e+00 1.917370e-04 1.529715e-03 0.000000e+00
36850 374.615158 5.984130 15.500000 0.998518 -0.054428 0.000000 9.238897e-03 -6.083451e-04 0.000000e+00 0.000000e+00 0.000000e+00 1.779371e-04 1.668151e-03 0.000000e+00
36900 375.078864 5.967484 15.500000 0.998928 -0.046281 0.000000 9.249647e-03 -4.018879e-04 0.000000e+00 0.000000e+00 0.000000e+00 1.570570e-04 1.779056e-03 0.000000e+00
36950 375.540933 5.952594 15.500000 0.999284 -0.037830 0.000000 9.211086e-03 -5.517120e-04 0.000000e+00 0.000000e+00 0.000000e+00 1.634065e-04 1.878982e-03 0.000000e+00
37000 376.004484 5.944563 15.500000 0.999570 -0.029316 0.000000 9.365289e-03 -2.797371e-04 0.000000e+00 0.000000e+00 0.000000e+00 1.704085e-04 1.936474e-03 0.000000e+00
37050 376.469409 5.936388 15.500000 0.999791 -0.020431 0.000000 9.236425e-03 -3.408452e-04 0.000000e+00 0.000000e+00 0.000000e+00 1.870308e-04 1.993495e-03 0.000000e+00
37100 376.933127 5.935455 15.500000 0.999932 -0.011639 0.000000 9.328500e-03 -7.684868e-06 0.000000e+00 0.000000e+00 0.000000e+00 1.860575e-04 2.002463e-03 0.000000e+00
37150 377.399212 5.934725 15.500000 0.999996 -0.002884 0.000000 9.236791e-03 -7.500748e-05 0.000000e+00 0.000000e+00 0.000000e+00 1.777190e-04 2.007168e-03 0.000000e+00
37200 377.862352 5.939375 15.500000 0.999982 0.006033 0.000000 9.329205e-03 9.974677e-05 0.000000e+00 0.000000e+00 0.000000e+00 1.839005e-04 1.975511e-03 0.000000e+00
37250 378.328868 5.946687 15.500000 0.999890 0.014804 0.000000 9.262135e-03 6.406934e-05 0.000000e+00 0.000000e+00 0.000000e+00 1.688959e-04 1.924075e-03 0.000000e+00
37300 378.791105 5.957250 15.500000 0.999729 0.023261 0.000000 9.315342e-03 1.909493e-04 0.000000e+00 0.000000e+00 0.000000e+00 1.725875e-04 1.852186e-03 0.000000e+00
37350 379.256716 5.972524 15.500000 0.999490 0.031944 0.000000 9.255098e-03 1.737714e-04 0.000000e+00 0.000000e+00 0.000000e+00 1.696289e-04 1.749330e-03 0.000000e+00
37400 379.718287 5.990125 15.500000 0.999196 0.040104 0.000000 9.233473e-03 2.341316e-04 0.000000e+00 0.000000e+00 0.000000e+00 1.613330e-04 1.634959e-03 0.000000e+00
37450 380.182702 6.012089 15.500000 0.998832 0.048315 0.000000 9.303772e-03 2.856504e-04 0.000000e+00 0.000000e+00 0.000000e+00 1.589306e-04 1.497509e-03 0.000000e+00
37500 380.644079 6.035789 15.500000 0.998405 0.056453 0.000000 9.222649e-03 2.408845e-04 0.000000e+00 0.000000e+00 0.000000e+00 1.609526e-04 1.355383e-03 0.000000e+00
37550 381.109380 6.063822 15.500000 0.997950 0.064001 0.000000 9.282818e-03 4.627528e-04 0.000000e+00 0.000000e+00 0.000000e+00 1.487848e-04 1.197921e-03 0.000000e+00
37600 381.573040 6.093459 15.500000 0.997483 0.070911 0.000000 9.234204e-03 4.345384e-04 0.000000e+00 0.000000e+00 0.000000e+00 1.237939e-04 1.040680e-03 0.000000e+00
37650 382.039313 6.125860 15.500000 0.996999 0.077409 0.000000 9.426432e-03 5.809589e-04 0.000000e+00 0.000000e+00 0.000000e+00 1.272342e-04 8.822588e-04 0.000000e+00
37700 382.504950 6.163007 15.500000 0.996481 0.083819 0.000000 9.245099e-03 6.694653e-04 0.000000e+00 0.000000e+00 0.000000e+00 1.121794e-04 7.163837e-04 0.000000e+00
37750 382.970208 6.199171 15.500000 0.995972 0.089665 0.000000 9.398168e-03 7.079974e-04 0.000000e+00 0.000000e+00 0.000000e+00 1.177132e-04 5.712960e-04 0.000000e+00
37800 383.438322 6.240877 15.500000 0.995400 0.095809 0.000000 9.303136e-03 8.734782e-04 0.000000e+00 0.000000e+00 0.000000e+00 1.275726e-04 4.247322e-04 0.000000e+00
37850 383.903431 6.280734 15.500000 0.994843 0.101427 0.000000 9.355562e-03 8.704870e-04 0.000000e+00 0.000000e+00 0.000000e+00 1.204893e-04 3.044841e-04 0.000000e+00
37900 384.374114 6.326423 15.500000 0.994191 0.107630 0.000000 9.351239e-03 9.965184e-04 0.000000e+00 0.000000e+00 0.000000e+00 1.038308e-04 1.914860e-04 0.000000e+00
37950 384.841060 6.371223 15.500000 0.993655 0.112472 0.000000 9.464962e-03 8.363729e-04 0.000000e+00 0.000000e+00 0.000000e+00 1.029917e-04 1.055545e-04 0.000000e+00
38000 385.314456 6.419560 15.500000 0.992959 0.118458 0.000000 9.460260e-03 1.068645e-03 0.000000e+00 0.000000e+00 0.000000e+00 1.193807e-04 4.174302e-05 0.000000e+00
38050 385.780725 6.470387 15.500000 0.992372 0.123280 0.000000 9.470121e-03 9.325623e-04 0.000000e+00 0.000000e+00 0.000000e+00 8.943375e-05 5.862412e-06 0.000000e+00
38100 386.257030 6.521011 15.500000 0.991730 0.128344 0.000000 9.558342e-03 1.145250e-03 0.000000e+00 0.000000e+00 0.000000e+00 1.043661e-04 0.000000e+00 0.000000e+00
38150 386.723786 6.577378 15.500000 0.990961 0.134152 0.000000 9.397205e-03 1.102496e-03 0.000000e+00 0.000000e+00 0.000000e+00 1.184401e-04 0.000000e+00 0.000000e+00
38200 387.199548 6.634634 15.500000 0.990353 0.138571 0.000000 9.446398e-03 1.162041e-03 0.000000e+00 0.000000e+00 0.000000e+00 9.050818e-05 0.000000e+00 0.000000e+00
38250 387.667735 6.692341 15.500000 0.989572 0.144041 0.000000 9.388882e-03 1.432734e-03 0.000000e+00 0.000000e+00 0.000000e+00 1.077361e-04 0.000000e+00 0.000000e+00
38300 388.140717 6.758048 15.500000 0.988886 0.148674 0.000000 9.438939e-03 1.249610e-03 0.000000e+00 0.000000e+00 0.000000e+00 8.387757e-05 0.000000e+00 0.000000e+00
38350 388.608214 6.821790 15.500000 0.988096 0.153842 0.000000 9.334658e-03 1.445453e-03 0.000000e+00 0.000000e+00 0.000000e+00 1.028772e-04 0.000000e+00 0.000000e+00
38400 389.077848 6.892128 15.500000 0.987313 0.158788 0.000000 9.430763e-03 1.356756e-03 0.000000e+00 0.000000e+00 0.000000e+00 8.703052e-05 0.000000e+00 0.000000e+00
38450 389.545551 6.961625 15.500000 0.986611 0.163089 0.000000 9.291596e-03 1.620727e-03 0.000000e+00 0.000000e+00 0.000000e+00 6.745701e-05 0.000000e+00 0.000000e+00
38500 390.011475 7.036350 15.500000 0.985998 0.166758 0.000000 9.424787e-03 1.536868e-03 0.000000e+00 0.000000e+00 0.000000e+00 6.976222e-05 0.000000e+00 0.000000e+00
38550 390.478486 7.111561 15.500000 0.985463 0.169889 0.000000 9.268348e-03 1.589913e-03 0.000000e+00 0.000000e+00 0.000000e+00 3.658732e-05 0.000000e+00 0.000000e+00
38600 390.944539 7.188037 15.500000 0.985079 0.172101 0.000000 9.421269e-03 1.492715e-03 0.000000e+00 0.000000e+00 0.000000e+00 6.035172e-05 0.000000e+00 0.000000e+00
38650 391.415201 7.266656 15.500000 0.984647 0.174558 0.000000 9.355030e-03 1.746705e-03 0.000000e+00 0.000000e+00 0.000000e+00 5.339484e-05 0.000000e+00 0.000000e+00
38700 391.882765 7.343652 15.500000 0.984232 0.176884 0.000000 9.444269e-03 1.532730e-03 0.000000e+00 0.000000e+00 0.000000e+00 5.185153e-05 0.000000e+00 0.000000e+00
38750 392.357372 7.423316 15.500000 0.983679 0.179930 0.000000 9.367987e-03 1.674724e-03 0.000000e+00 0.000000e+00 0.000000e+00 6.285375e-05 0.000000e+00 0.000000e+00
38800 392.826267 7.503850 15.500000 0.983296 0.182015 0.000000 9.571493e-03 1.562971e-03 0.000000e+00 0.000000e+00 0.000000e+00 4.668383e-05 0.000000e+00 0.000000e+00
38850 393.304340 7.583686 15.500000 0.982836 0.184481 0.000000 9.528580e-03 1.564592e-03 0.000000e+00 0.000000e+00 0.000000e+00 3.467732e-05 0.000000e+00 0.000000e+00
38900 393.774185 7.668381 15.500000 0.982183 0.187928 0.000000 9.520218e-03 1.793223e-03 0.000000e+00 0.000000e+00 0.000000e+00 6.814552e-05 0.000000e+00 0.000000e+00
38950 394.249642 7.754189 15.500000 0.981698 0.190444 0.000000 9.439511e-03 1.628766e-03 0.000000e+00 0.000000e+00 0.000000e+00 5.696659e-05 0.000000e+00 0.000000e+00
39000 394.718397 7.841087 15.500000 0.981049 0.193758 0.000000 9.346362e-03 1.755006e-03 0.000000e+00 0.000000e+00 0.000000e+00 6.932116e-05 0.000000e+00 0.000000e+00
39050 395.190638 7.931024 15.500000 0.980474 0.196648 0.000000 9.426821e-03 1.707763e-03 0.000000e+00 0.000000e+00 0.000000e+00 4.664160e-05 0.000000e+00 0.000000e+00
39100 395.657742 8.022792 15.500000 0.980034 0.198830 0.000000 9.324613e-03 1.799751e-03 0.000000e+00 0.000000e+00 0.000000e+00 4.316513e-05 0.000000e+00 0.000000e+00
39150 396.127516 8.115475 15.500000 0.979696 0.200487 0.000000 9.449273e-03 1.868370e-03 0.000000e+00 0.000000e+00 0.000000e+00 2.991345e-05 0.000000e+00 0.000000e+00
39200 396.595980 8.210455 15.500000 0.979527 0.201312 0.000000 9.355356e-03 1.806567e-03 0.000000e+00 0.000000e+00 0.000000e+00 2.005550e-05 0.000000e+00 0.000000e+00
39250 397.067496 8.302068 15.500000 0.979290 0.202464 0.000000 9.555746e-03 1.821273e-03 0.000000e+00 0.000000e+00 0.000000e+00 4.725446e-05 0.000000e+00 0.000000e+00
39300 397.539073 8.396395 15.500000 0.979053 0.203605 0.000000 9.399219e-03 1.860486e-03 0.000000e+00 0.000000e+00 0.000000e+00 6.156859e-06 0.000000e+00 0.000000e+00
39350 398.013721 8.489729 15.500000 0.978867 0.204497 0.000000 9.603997e-03 1.856128e-03 0.000000e+00 0.000000e+00 0.000000e+00 3.084453e-05 0.000000e+00 0.000000e+00
39400 398.489253 8.583338 15.500000 0.978514 0.206179 0.000000 9.415867e-03 1.924886e-03 0.000000e+00 0.000000e+00 0.000000e+00 5.652375e-05 0.000000e+00 0.000000e+00
39450 398.962669 8.681083 15.500000 0.978058 0.208331 0.000000 9.575969e-03 1.896906e-03 0.000000e+00 0.000000e+00 0.000000e+00 2.464532e-05 0.000000e+00 0.000000e+00
39500 399.437313 8.775795 15.500000 0.977686 0.210074 0.000000 9.392391e-03 1.949130e-03 0.000000e+00 0.000000e+00 0.000000e+00 4.397202e-05 0.000000e+00 0.000000e+00
39550 399.907035 8.876807 15.500000 0.977192 0.212359 0.000000 9.488622e-03 2.083406e-03 0.000000e+00 0.000000e+00 0.000000e+00 5.136105e-05 0.000000e+00 0.000000e+00
39600 400.379446 8.976514 15.500000 0.976801 0.214151 0.000000 9.342968e-03 2.119838e-03 0.000000e+00 0.000000e+00 0.000000e+00 1.861446e-05 0.000000e+00 0.000000e+00
39650 400.846847 9.079617 15.500000 0.976539 0.215343 0.000000 9.391974e-03 2.120517e-03 0.000000e+00 0.000000e+00 0.000000e+00 1.650230e-05 0.000000e+00 0.000000e+00
39700 401.319009 9.181334 15.500000 0.976431 0.215832 0.000000 9.399113e-03 2.115568e-03 0.000000e+00 0.000000e+00 0.000000e+00 1.532612e-06 0.000000e+00 0.000000e+00
39750 401.787711 9.283225 15.500000 0.976403 0.215955 0.000000 9.403063e-03 2.010016e-03 0.000000e+00 0.000000e+00 0.000000e+00 -3.701784e-06 0.000000e+00 0.000000e+00
39800 402.263307 9.384015 15.500000 0.976207 0.216839 0.000000 9.531652e-03 2.106435e-03 0.000000e+00 0.000000e+00 0.000000e+00 1.726181e-05 0.000000e+00 0.000000e+00
39850 402.733890 9.486985 15.500000 0.976144 0.217122 0.000000 9.511152e-03 2.040236e-03 0.000000e+00 0.000000e+00 0.000000e+00 2.487155e-06 0.000000e+00 0.000000e+00
39900 403.213334 9.587748 15.500000 0.975967 0.217920 0.000000 9.586518e-03 1.988813e-03 0.000000e+00 0.000000e+00 0.000000e+00 2.883194e-05 0.000000e+00 0.000000e+00
39950 403.686112 9.690001 15.500000 0.975570 0.219688 0.000000 9.487932e-03 2.171930e-03 0.000000e+00 0.000000e+00 0.000000e+00 4.079276e-05 0.000000e+00 0.000000e+00
40000 404.162223 9.796009 15.500000 0.975271 0.221011 0.000000 9.472080e-03 2.026678e-03 0.000000e+00 0.000000e+00 0.000000e+00 3.293894e-05 0.000000e+00 0.000000e+00
