# t  X Y Z  ex ey ez  Ux Uy Uz  Wx Wy Wz  Fwall_y Fwall_z
50 31.846961 16.702023 15.500000 0.866153 0.499778 0.000000 8.375508e-03 5.077443e-03 0.000000e+00 0.000000e+00 0.000000e+00 -1.916226e-05 0.000000e+00 0.000000e+00
100 32.282417 16.952023 15.500000 0.864373 0.502852 0.000000 8.895913e-03 4.815591e-03 0.000000e+00 0.000000e+00 0.000000e+00 3.341607e-06 0.000000e+00 0.000000e+00
150 32.717843 17.206831 15.500000 0.867658 0.497161 0.000000 8.513274e-03 5.141174e-03 0.000000e+00 0.000000e+00 0.000000e+00 -8.720661e-05 0.000000e+00 0.000000e+00
200 33.162993 17.465961 15.500000 0.866302 0.499520 0.000000 9.124969e-03 5.103163e-03 0.000000e+00 0.000000e+00 0.000000e+00 1.356180e-04 0.000000e+00 0.000000e+00
250 33.611690 17.726503 15.500000 0.864190 0.503166 0.000000 9.056482e-03 5.482535e-03 0.000000e+00 0.000000e+00 0.000000e+00 -1.163532e-04 0.000000e+00 0.000000e+00
300 34.082327 18.007664 15.500000 0.865536 0.500846 0.000000 9.333539e-03 5.279536e-03 0.000000e+00 0.000000e+00 0.000000e+00 -5.745087e-05 0.000000e+00 0.000000e+00
350 34.538418 18.266213 15.500000 0.868144 0.496312 0.000000 9.199891e-03 5.448415e-03 0.000000e+00 0.000000e+00 0.000000e+00 -1.724182e-04 0.000000e+00 0.000000e+00
400 34.995243 18.535450 15.500000 0.867519 0.497403 0.000000 9.357767e-03 5.381492e-03 0.000000e+00 0.000000e+00 0.000000e+00 1.484442e-04 0.000000e+00 0.000000e+00
450 35.463180 18.798981 15.500000 0.865034 0.501714 0.000000 9.181260e-03 5.354110e-03 0.000000e+00 0.000000e+00 0.000000e+00 -4.679864e-05 0.000000e+00 0.000000e+00
500 35.927663 19.077515 15.500000 0.868012 0.496544 0.000000 9.320155e-03 5.488934e-03 0.000000e+00 0.000000e+00 0.000000e+00 -7.002646e-05 0.000000e+00 0.000000e+00
550 36.382202 19.336985 15.500000 0.868640 0.495444 0.000000 9.153895e-03 5.045943e-03 0.000000e+00 0.000000e+00 0.000000e+00 -8.876477e-05 0.000000e+00 0.000000e+00
600 36.845602 19.597677 15.500000 0.869823 0.493364 0.000000 9.458889e-03 5.484940e-03 0.000000e+00 0.000000e+00 0.000000e+00 4.012162e-05 0.000000e+00 0.000000e+00
650 37.322880 19.869719 15.500000 0.868255 0.496118 0.000000 9.417901e-03 5.352023e-03 0.000000e+00 0.000000e+00 0.000000e+00 -2.208349e-05 0.000000e+00 0.000000e+00
700 37.784383 20.140974 15.500000 0.871722 0.490001 0.000000 8.774434e-03 5.345583e-03 0.000000e+00 0.000000e+00 0.000000e+00 -1.201532e-04 0.000000e+00 0.000000e+00
750 38.236474 20.402985 15.500000 0.871064 0.491169 0.000000 9.042348e-03 5.177233e-03 0.000000e+00 0.000000e+00 0.000000e+00 3.923977e-05 0.000000e+00 0.000000e+00
800 38.688774 20.665496 15.500000 0.871024 0.491240 0.000000 9.516999e-03 5.802266e-03 0.000000e+00 0.000000e+00 0.000000e+00 -5.535456e-05 0.000000e+00 0.000000e+00
850 39.163282 20.949721 15.500000 0.871518 0.490364 0.000000 9.268483e-03 5.174568e-03 0.000000e+00 0.000000e+00 0.000000e+00 5.781575e-05 0.000000e+00 0.000000e+00
900 39.620180 21.210811 15.500000 0.874872 0.484355 0.000000 8.965495e-03 5.299932e-03 0.000000e+00 0.000000e+00 0.000000e+00 -1.809306e-04 0.000000e+00 0.000000e+00
950 40.072733 21.474905 15.500000 0.874961 0.484193 0.000000 9.241997e-03 5.207879e-03 0.000000e+00 0.000000e+00 0.000000e+00 1.219468e-04 0.000000e+00 0.000000e+00
1000 40.528239 21.731172 15.500000 0.872950 0.487810 0.000000 8.968851e-03 5.255815e-03 0.000000e+00 0.000000e+00 0.000000e+00 -1.721348e-05 0.000000e+00 0.000000e+00
1050 40.988015 22.012409 15.500000 0.875733 0.482796 0.000000 9.159386e-03 5.579551e-03 0.000000e+00 0.000000e+00 0.000000e+00 -1.173022e-04 0.000000e+00 0.000000e+00
1100 41.434941 22.265128 15.500000 0.877880 0.478881 0.000000 8.921404e-03 5.103044e-03 0.000000e+00 0.000000e+00 0.000000e+00 -1.992991e-04 0.000000e+00 0.000000e+00
1150 41.885550 22.525908 15.500000 0.879511 0.475879 0.000000 9.228435e-03 5.363881e-03 0.000000e+00 0.000000e+00 0.000000e+00 1.133129e-04 0.000000e+00 0.000000e+00
1200 42.343615 22.786539 15.500000 0.878027 0.478611 0.000000 9.015452e-03 5.127110e-03 0.000000e+00 0.000000e+00 0.000000e+00 2.118215e-05 0.000000e+00 0.000000e+00
1250 42.789722 23.053921 15.500000 0.880974 0.473164 0.000000 8.649110e-03 5.429740e-03 0.000000e+00 0.000000e+00 0.000000e+00 -1.891743e-04 0.000000e+00 0.000000e+00
1300 43.225089 23.307923 15.500000 0.881987 0.471274 0.000000 8.533537e-03 4.738254e-03 0.000000e+00 0.000000e+00 0.000000e+00 -7.967468e-05 0.000000e+00 0.000000e+00
1350 43.655336 23.554647 15.500000 0.883799 0.467867 0.000000 8.683182e-03 5.167045e-03 0.000000e+00 0.000000e+00 0.000000e+00 -1.256119e-04 0.000000e+00 0.000000e+00
1400 44.109897 23.826036 15.500000 0.884265 0.466986 0.000000 9.155511e-03 5.258707e-03 0.000000e+00 0.000000e+00 0.000000e+00 -4.116737e-05 0.000000e+00 0.000000e+00
1450 44.553202 24.081106 15.500000 0.886869 0.462021 0.000000 8.818982e-03 5.337764e-03 0.000000e+00 0.000000e+00 0.000000e+00 -1.597303e-04 0.000000e+00 0.000000e+00
1500 44.973833 24.341373 15.500000 0.889849 0.456256 0.000000 8.482759e-03 5.055932e-03 0.000000e+00 0.000000e+00 0.000000e+00 4.299737e-05 0.000000e+00 0.000000e+00
1550 45.396709 24.586318 15.500000 0.888520 0.458838 0.000000 8.321824e-03 4.898259e-03 0.000000e+00 0.000000e+00 0.000000e+00 -4.710401e-05 0.000000e+00 0.000000e+00
1600 45.820169 24.844958 15.500000 0.891097 0.453812 0.000000 8.643503e-03 5.495796e-03 0.000000e+00 0.000000e+00 0.000000e+00 -1.688676e-04 0.000000e+00 0.000000e+00
1650 46.250521 25.100229 15.500000 0.894095 0.447878 0.000000 8.275355e-03 4.632038e-03 0.000000e+00 0.000000e+00 0.000000e+00 -1.742535e-04 0.000000e+00 0.000000e+00
1700 46.655564 25.348856 15.500000 0.899040 0.437867 0.000000 7.712178e-03 5.151832e-03 0.000000e+00 0.000000e+00 0.000000e+00 -9.885569e-05 0.000000e+00 0.000000e+00
1750 47.063502 25.597316 15.500000 0.898687 0.438591 0.000000 8.366762e-03 5.019332e-03 0.000000e+00 0.000000e+00 0.000000e+00 4.037132e-05 0.000000e+00 0.000000e+00
1800 47.470286 25.837270 15.500000 0.899459 0.437005 0.000000 7.987231e-03 5.078873e-03 0.000000e+00 0.000000e+00 0.000000e+00 -1.651116e-04 0.000000e+00 0.000000e+00
1850 47.864573 26.092741 15.500000 0.904776 0.425887 0.000000 7.787649e-03 5.091441e-03 0.000000e+00 0.000000e+00 0.000000e+00 -2.081286e-04 0.000000e+00 0.000000e+00
1900 48.249426 26.319722 15.500000 0.907310 0.420463 0.000000 7.544817e-03 4.574476e-03 0.000000e+00 0.000000e+00 0.000000e+00 -1.603767e-04 0.000000e+00 0.000000e+00
1950 48.618110 26.547806 15.500000 0.911384 0.411557 0.000000 7.398156e-03 4.718886e-03 0.000000e+00 0.000000e+00 0.000000e+00 -2.097132e-04 -1.166487e-05 0.000000e+00
2000 49.007321 26.795905 15.500000 0.915393 0.402562 0.000000 7.833913e-03 4.943270e-03 0.000000e+00 0.000000e+00 0.000000e+00 -1.137850e-04 -5.319281e-04 0.000000e+00
2050 49.389899 27.033748 15.500000 0.919717 0.392582 0.000000 7.205070e-03 4.800943e-03 0.000000e+00 0.000000e+00 0.000000e+00 -4.131773e-04 -1.757942e-03 0.000000e+00
2100 49.738341 27.261364 15.500000 0.926550 0.376172 0.000000 6.966930e-03 4.283303e-03 0.000000e+00 0.000000e+00 0.000000e+00 -2.218247e-04 -3.601340e-03 0.000000e+00
2150 50.079219 27.474229 15.500000 0.929957 0.367668 0.000000 6.948038e-03 3.841075e-03 0.000000e+00 0.000000e+00 0.000000e+00 -1.041199e-04 -5.916575e-03 0.000000e+00
2200 50.408569 27.665598 15.500000 0.932563 0.361006 0.000000 6.646584e-03 3.923530e-03 0.000000e+00 0.000000e+00 0.000000e+00 -2.049456e-04 -8.479077e-03 0.000000e+00
2250 50.724617 27.872620 15.500000 0.939734 0.341908 0.000000 6.621763e-03 4.514372e-03 0.000000e+00 0.000000e+00 0.000000e+00 -4.565079e-04 -1.176032e-02 0.000000e+00
2300 51.049408 28.000000 15.500000 0.947908 0.318545 0.000000 6.657447e-03 0.000000e+00 0.000000e+00 0.000000e+00 0.000000e+00 -5.291590e-04 -1.413717e-02 0.000000e+00
2350 51.368274 28.000000 15.500000 0.957429 0.288669 0.000000 6.256452e-03 0.000000e+00 0.000000e+00 0.000000e+00 0.000000e+00 -7.349579e-04 -1.413717e-02 0.000000e+00
2400 51.687126 28.000000 15.500000 0.966323 0.257333 0.000000 6.352713e-03 0.000000e+00 0.000000e+00 0.000000e+00 0.000000e+00 -5.268300e-04 -1.413717e-02 0.000000e+00
2450 52.019966 28.000000 15.500000 0.972780 0.231729 0.000000 6.940429e-03 0.000000e+00 0.000000e+00 0.000000e+00 0.000000e+00 -5.012851e-04 -1.413717e-02 0.000000e+00
2500 52.370911 28.000000 15.500000 0.979322 0.202306 0.000000 6.957768e-03 0.000000e+00 0.000000e+00 0.000000e+00 0.000000e+00 -6.958297e-04 -1.413717e-02 0.000000e+00
2550 52.725739 28.000000 15.500000 0.984977 0.172685 0.000000 7.178982e-03 0.000000e+00 0.000000e+00 0.000000e+00 0.000000e+00 -4.796525e-04 -1.413717e-02 0.000000e+00
2600 53.100958 28.000000 15.500000 0.989039 0.147655 0.000000 7.739115e-03 0.000000e+00 0.000000e+00 0.000000e+00 0.000000e+00 -5.789029e-04 -1.413717e-02 0.000000e+00
2650 53.486727 28.000000 15.500000 0.993020 0.117946 0.000000 7.714108e-03 0.000000e+00 0.000000e+00 0.000000e+00 0.000000e+00 -5.810978e-04 -1.413717e-02 0.000000e+00
2700 53.883183 28.000000 15.500000 0.995684 0.092809 0.000000 8.086508e-03 0.000000e+00 0.000000e+00 0.000000e+00 0.000000e+00 -4.486489e-04 -1.413717e-02 0.000000e+00
2750 54.300358 28.000000 15.500000 0.997738 0.067221 0.000000 8.425535e-03 0.000000e+00 0.000000e+00 0.000000e+00 0.000000e+00 -5.480220e-04 -1.413717e-02 0.000000e+00
2800 54.721271 28.000000 15.500000 0.999176 0.040581 0.000000 8.480915e-03 0.000000e+00 0.000000e+00 0.000000e+00 0.000000e+00 -4.038159e-04 -1.413717e-02 0.000000e+00
2850 55.160115 28.000000 15.500000 0.999840 0.017896 0.000000 8.961919e-03 0.000000e+00 0.000000e+00 0.000000e+00 0.000000e+00 -5.425785e-04 -1.413717e-02 0.000000e+00
2900 55.607175 28.000000 15.500000 0.999965 -0.008357 0.000000 9.361428e-03 0.000000e+00 0.000000e+00 0.000000e+00 0.000000e+00 -5.336934e-04 -1.413717e-02 0.000000e+00
2950 56.065908 28.000000 15.500000 0.999591 -0.028581 0.000000 9.561724e-03 0.000000e+00 0.000000e+00 0.000000e+00 0.000000e+00 -4.825741e-04 -1.413717e-02 0.000000e+00
3000 56.535570 28.000000 15.500000 0.998594 -0.053012 0.000000 9.349865e-03 0.000000e+00 0.000000e+00 0.000000e+00 0.000000e+00 -4.855261e-04 -1.413717e-02 0.000000e+00
3050 57.013287 28.000000 15.500000 0.997407 -0.071963 0.000000 9.784743e-03 0.000000e+00 0.000000e+00 0.000000e+00 0.000000e+00 -4.105440e-04 -1.413717e-02 0.000000e+00
3100 57.503901 28.000000 15.500000 0.995494 -0.094820 0.000000 9.723964e-03 0.000000e+00 0.000000e+00 0.000000e+00 0.000000e+00 -4.404735e-04 -1.413717e-02 0.000000e+00
3150 57.999996 28.000000 15.500000 0.993654 -0.112483 0.000000 1.011001e-02 0.000000e+00 0.000000e+00 0.000000e+00 0.000000e+00 -3.852271e-04 -1.413717e-02 0.000000e+00
3200 58.507553 28.000000 15.500000 0.991001 -0.133854 0.000000 1.005893e-02 0.000000e+00 0.000000e+00 0.000000e+00 0.000000e+00 -4.052026e-04 -1.413717e-02 0.000000e+00
3250 59.020621 28.000000 15.500000 0.988674 -0.150079 0.000000 1.043674e-02 0.000000e+00 0.000000e+00 0.000000e+00 0.000000e+00 -3.822980e-04 -1.413717e-02 0.000000e+00
3300 59.542592 28.000000 15.500000 0.985420 -0.170137 0.000000 1.037177e-02 0.000000e+00 0.000000e+00 0.000000e+00 0.000000e+00 -3.689337e-04 -1.413717e-02 0.000000e+00
3350 60.071390 28.000000 15.500000 0.982700 -0.185205 0.000000 1.088422e-02 0.000000e+00 0.000000e+00 0.000000e+00 0.000000e+00 -3.887720e-04 -1.413717e-02 0.000000e+00
3400 60.605451 28.000000 15.500000 0.979038 -0.203679 0.000000 1.101872e-02 0.000000e+00 0.000000e+00 0.000000e+00 0.000000e+00 -3.498136e-04 -1.413717e-02 0.000000e+00
3450 61.147717 28.000000 15.500000 0.975987 -0.217827 0.000000 1.088064e-02 0.000000e+00 0.000000e+00 0.000000e+00 0.000000e+00 -3.763236e-04 -1.413717e-02 0.000000e+00
3500 61.692244 28.000000 15.500000 0.972248 -0.233954 0.000000 1.086691e-02 0.000000e+00 0.000000e+00 0.000000e+00 0.000000e+00 -2.254764e-04 -1.413717e-02 0.000000e+00
3550 62.245160 28.000000 15.500000 0.968753 -0.248029 0.000000 1.100934e-02 0.000000e+00 0.000000e+00 0.000000e+00 0.000000e+00 -3.577395e-04 -1.413717e-02 0.000000e+00
3600 62.798802 28.000000 15.500000 0.965247 -0.261339 0.000000 1.113932e-02 0.000000e+00 0.000000e+00 0.000000e+00 0.000000e+00 -2.045596e-04 -1.413717e-02 0.000000e+00
3650 63.361650 28.000000 15.500000 0.961291 -0.275535 0.000000 1.131098e-02 0.000000e+00 0.000000e+00 0.000000e+00 0.000000e+00 -2.887767e-04 -1.413717e-02 0.000000e+00
3700 63.925234 28.000000 15.500000 0.958033 -0.286658 0.000000 1.145322e-02 0.000000e+00 0.000000e+00 0.000000e+00 0.000000e+00 -2.080110e-04 -1.413717e-02 0.000000e+00
3750 64.493379 28.000000 15.500000 0.953748 -0.300608 0.000000 1.128115e-02 0.000000e+00 0.000000e+00 0.000000e+00 0.000000e+00 -2.511361e-04 -1.413717e-02 0.000000e+00
3800 65.065869 28.000000 15.500000 0.950468 -0.310823 0.000000 1.166821e-02 0.000000e+00 0.000000e+00 0.000000e+00 0.000000e+00 -3.013501e-04 -1.413717e-02 0.000000e+00
3850 65.639623 28.000000 15.500000 0.946238 -0.323472 0.000000 1.159373e-02 0.000000e+00 0.000000e+00 0.000000e+00 0.000000e+00 -1.820322e-04 -1.413716e-02 0.000000e+00
3900 66.219213 28.000000 15.500000 0.942655 -0.333768 0.000000 1.155511e-02 0.000000e+00 0.000000e+00 0.000000e+00 0.000000e+00 -3.059777e-04 -1.413717e-02 0.000000e+00
3950 66.797503 27.994781 15.500000 0.939171 -0.343451 0.000000 1.165916e-02 -1.318477e-04 0.000000e+00 0.000000e+00 0.000000e+00 -1.414060e-04 -1.404144e-02 0.000000e+00
4000 67.382398 27.993075 15.500000 0.935104 -0.354372 0.000000 1.162852e-02 2.483075e-04 0.000000e+00 0.000000e+00 0.000000e+00 -2.195757e-04 -1.400228e-02 0.000000e+00
4050 67.967942 27.968202 15.500000 0.932257 -0.361797 0.000000 1.165624e-02 1.173559e-03 0.000000e+00 0.000000e+00 0.000000e+00 -1.905229e-04 -1.352250e-02 0.000000e+00
4100 68.553354 27.861136 15.500000 0.929992 -0.367581 0.000000 1.171070e-02 -3.546510e-04 0.000000e+00 0.000000e+00 0.000000e+00 3.412286e-05 -1.164687e-02 0.000000e+00
4150 69.156130 27.350911 15.500000 0.934095 -0.357024 0.000000 1.284120e-02 -9.952149e-03 0.000000e+00 0.000000e+00 0.000000e+00 3.281030e-04 -4.656376e-03 0.000000e+00
4200 69.777214 27.014603 15.500000 0.936785 -0.349904 0.000000 1.199227e-02 -3.757399e-03 0.000000e+00 0.000000e+00 0.000000e+00 2.006763e-04 -1.688275e-03 0.000000e+00
4250 70.371908 26.925765 15.500000 0.938274 -0.345892 0.000000 1.164086e-02 -1.918805e-03 0.000000e+00 0.000000e+00 0.000000e+00 7.024423e-05 -1.149277e-03 0.000000e+00
4300 70.947608 26.863378 15.500000 0.939997 -0.341182 0.000000 1.147513e-02 -1.274003e-03 0.000000e+00 0.000000e+00 0.000000e+00 -5.179579e-05 -8.354814e-04 0.000000e+00
4350 71.519254 26.813141 15.500000 0.940899 -0.338686 0.000000 1.147371e-02 -1.609838e-03 0.000000e+00 0.000000e+00 0.000000e+00 1.556347e-04 -6.224631e-04 0.000000e+00
4400 72.091617 26.755486 15.500000 0.941350 -0.337431 0.000000 1.161851e-02 -8.366266e-04 0.000000e+00 0.000000e+00 0.000000e+00 -2.941281e-05 -4.128128e-04 0.000000e+00
4450 72.665786 26.700744 15.500000 0.942567 -0.334017 0.000000 1.125309e-02 -1.200412e-03 0.000000e+00 0.000000e+00 0.000000e+00 -3.163974e-05 -2.562388e-04 0.000000e+00
4500 73.242850 26.645242 15.500000 0.941527 -0.336937 0.000000 1.144142e-02 -1.114686e-03 0.000000e+00 0.000000e+00 0.000000e+00 -3.217003e-06 -1.345880e-04 0.000000e+00
4550 73.819642 26.585588 15.500000 0.942002 -0.335607 0.000000 1.174187e-02 -1.244489e-03 0.000000e+00 0.000000e+00 0.000000e+00 -1.261426e-04 -4.737486e-05 0.000000e+00
4600 74.403544 26.515651 15.500000 0.940742 -0.339123 0.000000 1.137454e-02 -1.557354e-03 0.000000e+00 0.000000e+00 0.000000e+00 7.431874e-05 -1.860686e-06 0.000000e+00
4650 74.991983 26.448611 15.500000 0.940611 -0.339487 0.000000 1.198387e-02 -1.711337e-03 0.000000e+00 0.000000e+00 0.000000e+00 -5.914197e-05 0.000000e+00 0.000000e+00
4700 75.579159 26.368083 15.500000 0.939349 -0.342964 0.000000 1.155029e-02 -1.447149e-03 0.000000e+00 0.000000e+00 0.000000e+00 -3.743599e-05 0.000000e+00 0.000000e+00
4750 76.178052 26.276994 15.500000 0.939445 -0.342699 0.000000 1.190321e-02 -1.597683e-03 0.000000e+00 0.000000e+00 0.000000e+00 -3.888094e-05 0.000000e+00 0.000000e+00
4800 76.763612 26.195961 15.500000 0.939873 -0.341523 0.000000 1.195062e-02 -1.930571e-03 0.000000e+00 0.000000e+00 0.000000e+00 8.463760e-05 0.000000e+00 0.000000e+00
4850 77.360993 26.104751 15.500000 0.940190 -0.340650 0.000000 1.178016e-02 -1.736516e-03 0.000000e+00 0.000000e+00 0.000000e+00 5.897900e-05 0.000000e+00 0.000000e+00
4900 77.944671 26.014043 15.500000 0.941843 -0.336054 0.000000 1.175450e-02 -1.877000e-03 0.000000e+00 0.000000e+00 0.000000e+00 8.919529e-05 0.000000e+00 0.000000e+00
4950 78.522723 25.935641 15.500000 0.943709 -0.330777 0.000000 1.142397e-02 -1.463929e-03 0.000000e+00 0.000000e+00 0.000000e+00 1.676123e-04 0.000000e+00 0.000000e+00
5000 79.090193 25.855878 15.500000 0.945134 -0.326684 0.000000 1.154040e-02 -1.373127e-03 0.000000e+00 0.000000e+00 0.000000e+00 1.083882e-04 0.000000e+00 0.000000e+00
5050 79.654371 25.781774 15.500000 0.947036 -0.321127 0.000000 1.118298e-02 -1.458466e-03 0.000000e+00 0.000000e+00 0.000000e+00 3.370667e-05 0.000000e+00 0.000000e+00
5100 80.221090 25.709966 15.500000 0.947158 -0.320766 0.000000 1.131930e-02 -1.205356e-03 0.000000e+00 0.000000e+00 0.000000e+00 7.491038e-06 0.000000e+00 0.000000e+00
5150 80.787340 25.631314 15.500000 0.948420 -0.317016 0.000000 1.148771e-02 -1.602966e-03 0.000000e+00 0.000000e+00 0.000000e+00 -8.409279e-05 0.000000e+00 0.000000e+00
5200 81.360815 25.551329 15.500000 0.947692 -0.319186 0.000000 1.139218e-02 -1.694391e-03 0.000000e+00 0.000000e+00 0.000000e+00 -5.672399e-07 0.000000e+00 0.000000e+00
5250 81.936377 25.469291 15.500000 0.947982 -0.318325 0.000000 1.174161e-02 -2.083313e-03 0.000000e+00 0.000000e+00 0.000000e+00 -1.219989e-05 0.000000e+00 0.000000e+00
5300 82.513825 25.376608 15.500000 0.946964 -0.321339 0.000000 1.129690e-02 -1.667885e-03 0.000000e+00 0.000000e+00 0.000000e+00 -1.931520e-05 0.000000e+00 0.000000e+00
5350 83.096791 25.274172 15.500000 0.947351 -0.320195 0.000000 1.205955e-02 -2.019651e-03 0.000000e+00 0.000000e+00 0.000000e+00 -9.241444e-06 0.000000e+00 0.000000e+00
5400 83.673807 25.182114 15.500000 0.947550 -0.319609 0.000000 1.149150e-02 -2.051350e-03 0.000000e+00 0.000000e+00 0.000000e+00 1.348445e-04 0.000000e+00 0.000000e+00
5450 84.258473 25.079985 15.500000 0.948220 -0.317615 0.000000 1.176421e-02 -1.807625e-03 0.000000e+00 0.000000e+00 0.000000e+00 -3.365952e-05 0.000000e+00 0.000000e+00
5500 84.826719 24.989436 15.500000 0.950157 -0.311771 0.000000 1.124869e-02 -1.976847e-03 0.000000e+00 0.000000e+00 0.000000e+00 1.593422e-04 0.000000e+00 0.000000e+00
5550 85.393354 24.904504 15.500000 0.951434 -0.307854 0.000000 1.116545e-02 -1.575790e-03 0.000000e+00 0.000000e+00 0.000000e+00 3.790748e-05 0.000000e+00 0.000000e+00
5600 85.948792 24.818721 15.500000 0.953063 -0.302771 0.000000 1.129209e-02 -1.543497e-03 0.000000e+00 0.000000e+00 0.000000e+00 1.941723e-05 0.000000e+00 0.000000e+00
5650 86.509360 24.739494 15.500000 0.954167 -0.299275 0.000000 1.125204e-02 -2.011955e-03 0.000000e+00 0.000000e+00 0.000000e+00 1.625980e-04 0.000000e+00 0.000000e+00
5700 87.070596 24.651022 15.500000 0.954273 -0.298936 0.000000 1.139668e-02 -1.650820e-03 0.000000e+00 0.000000e+00 0.000000e+00 8.430408e-06 0.000000e+00 0.000000e+00
5750 87.630438 24.568258 15.500000 0.954586 -0.297936 0.000000 1.104920e-02 -1.813954e-03 0.000000e+00 0.000000e+00 0.000000e+00 8.056801e-05 0.000000e+00 0.000000e+00
5800 88.207508 24.475515 15.500000 0.954016 -0.299757 0.000000 1.135683e-02 -1.834901e-03 0.000000e+00 0.000000e+00 0.000000e+00 -1.038062e-04 0.000000e+00 0.000000e+00
5850 88.768618 24.377986 15.500000 0.953758 -0.300577 0.000000 1.173056e-02 -2.018102e-03 0.000000e+00 0.000000e+00 0.000000e+00 1.907570e-05 0.000000e+00 0.000000e+00
5900 89.348600 24.273454 15.500000 0.953360 -0.301837 0.000000 1.144234e-02 -1.851615e-03 0.000000e+00 0.000000e+00 0.000000e+00 -1.341090e-04 0.000000e+00 0.000000e+00
5950 89.915842 24.171948 15.500000 0.954271 -0.298942 0.000000 1.155473e-02 -2.252192e-03 0.000000e+00 0.000000e+00 0.000000e+00 6.728696e-05 0.000000e+00 0.000000e+00
6000 90.492615 24.067562 15.500000 0.954395 -0.298548 0.000000 1.140387e-02 -1.849821e-03 0.000000e+00 0.000000e+00 0.000000e+00 9.972728e-05 0.000000e+00 0.000000e+00
6050 91.053077 23.965053 15.500000 0.956029 -0.293272 0.000000 1.157057e-02 -1.873842e-03 0.000000e+00 0.000000e+00 0.000000e+00 8.802505e-05 0.000000e+00 0.000000e+00
6100 91.611779 23.876351 15.500000 0.957359 -0.288902 0.000000 1.093494e-02 -1.902163e-03 0.000000e+00 0.000000e+00 0.000000e+00 1.617621e-04 0.000000e+00 0.000000e+00
6150 92.163974 23.788501 15.500000 0.958071 -0.286533 0.000000 1.118210e-02 -1.550146e-03 0.000000e+00 0.000000e+00 0.000000e+00 3.000428e-05 0.000000e+00 0.000000e+00
6200 92.716558 23.694827 15.500000 0.959369 -0.282154 0.000000 1.105428e-02 -1.813000e-03 0.000000e+00 0.000000e+00 0.000000e+00 8.553146e-06 0.000000e+00 0.000000e+00
6250 93.276944 23.604106 15.500000 0.958733 -0.284308 0.000000 1.094946e-02 -1.814027e-03 0.000000e+00 0.000000e+00 0.000000e+00 2.739579e-05 0.000000e+00 0.000000e+00
6300 93.836184 23.510563 15.500000 0.959211 -0.282690 0.000000 1.170414e-02 -1.927938e-03 0.000000e+00 0.000000e+00 0.000000e+00 5.727953e-06 0.000000e+00 0.000000e+00
6350 94.402407 23.407720 15.500000 0.958111 -0.286396 0.000000 1.109536e-02 -2.145238e-03 0.000000e+00 0.000000e+00 0.000000e+00 -2.381466e-05 0.000000e+00 0.000000e+00
6400 94.966457 23.298703 15.500000 0.958427 -0.285336 0.000000 1.139055e-02 -2.467670e-03 0.000000e+00 0.000000e+00 0.000000e+00 -1.328039e-05 0.000000e+00 0.000000e+00
6450 95.535203 23.192836 15.500000 0.957847 -0.287278 0.000000 1.108232e-02 -1.964263e-03 0.000000e+00 0.000000e+00 0.000000e+00 2.475698e-05 0.000000e+00 0.000000e+00
6500 96.102289 23.078077 15.500000 0.958790 -0.284117 0.000000 1.145663e-02 -2.226034e-03 0.000000e+00 0.000000e+00 0.000000e+00 -4.226721e-05 0.000000e+00 0.000000e+00
6550 96.664171 22.976070 15.500000 0.959667 -0.281140 0.000000 1.114036e-02 -2.313328e-03 0.000000e+00 0.000000e+00 0.000000e+00 1.369021e-04 0.000000e+00 0.000000e+00
6600 97.216860 22.876283 15.500000 0.960424 -0.278541 0.000000 1.118686e-02 -1.851593e-03 0.000000e+00 0.000000e+00 0.000000e+00 1.405147e-04 0.000000e+00 0.000000e+00
6650 97.764732 22.779522 15.500000 0.961678 -0.274181 0.000000 1.104847e-02 -1.933618e-03 0.000000e+00 0.000000e+00 0.000000e+00 5.831373e-05 0.000000e+00 0.000000e+00
6700 98.317148 22.686054 15.500000 0.961602 -0.274447 0.000000 1.116995e-02 -1.980788e-03 0.000000e+00 0.000000e+00 0.000000e+00 1.461330e-04 0.000000e+00 0.000000e+00
6750 98.871345 22.586930 15.500000 0.962112 -0.272655 0.000000 1.125684e-02 -2.065273e-03 0.000000e+00 0.000000e+00 0.000000e+00 -9.327284e-05 0.000000e+00 0.000000e+00
6800 99.427180 22.484363 15.500000 0.961323 -0.275425 0.000000 1.084676e-02 -2.071715e-03 0.000000e+00 0.000000e+00 0.000000e+00 -4.063460e-05 0.000000e+00 0.000000e+00
6850 99.988903 22.377242 15.500000 0.961355 -0.275311 0.000000 1.148101e-02 -2.211568e-03 0.000000e+00 0.000000e+00 0.000000e+00 -5.400012e-05 0.000000e+00 0.000000e+00
6900 100.551813 22.270277 15.500000 0.960391 -0.278657 0.000000 1.094527e-02 -2.023815e-03 0.000000e+00 0.000000e+00 0.000000e+00 6.620902e-05 0.000000e+00 0.000000e+00
6950 101.113463 22.149184 15.500000 0.961320 -0.275436 0.000000 1.146199e-02 -2.400927e-03 0.000000e+00 0.000000e+00 0.000000e+00 -6.115945e-05 0.000000e+00 0.000000e+00
7000 101.675706 22.038686 15.500000 0.961535 -0.274682 0.000000 1.098934e-02 -2.153640e-03 0.000000e+00 0.000000e+00 0.000000e+00 1.056780e-04 0.000000e+00 0.000000e+00
7050 102.226984 21.928655 15.500000 0.962548 -0.271112 0.000000 1.109763e-02 -1.911013e-03 0.000000e+00 0.000000e+00 0.000000e+00 6.185822e-05 0.000000e+00 0.000000e+00
7100 102.773088 21.826127 15.500000 0.963772 -0.266726 0.000000 1.071817e-02 -1.999421e-03 0.000000e+00 0.000000e+00 0.000000e+00 4.244971e-05 0.000000e+00 0.000000e+00
7150 103.320510 21.729385 15.500000 0.963884 -0.266323 0.000000 1.103666e-02 -2.048007e-03 0.000000e+00 0.000000e+00 0.000000e+00 7.171496e-05 0.000000e+00 0.000000e+00
7200 103.868872 21.621616 15.500000 0.964419 -0.264380 0.000000 1.113581e-02 -2.112152e-03 0.000000e+00 0.000000e+00 0.000000e+00 -7.899917e-05 0.000000e+00 0.000000e+00
7250 104.419910 21.516747 15.500000 0.963705 -0.266970 0.000000 1.079123e-02 -2.135938e-03 0.000000e+00 0.000000e+00 0.000000e+00 8.584035e-06 0.000000e+00 0.000000e+00
7300 104.977224 21.406754 15.500000 0.963681 -0.267056 0.000000 1.145269e-02 -2.233862e-03 0.000000e+00 0.000000e+00 0.000000e+00 -5.106747e-05 0.000000e+00 0.000000e+00
7350 105.535323 21.297133 15.500000 0.962648 -0.270756 0.000000 1.075272e-02 -1.991171e-03 0.000000e+00 0.000000e+00 0.000000e+00 -3.338105e-06 0.000000e+00 0.000000e+00
7400 106.091633 21.172329 15.500000 0.963458 -0.267859 0.000000 1.138034e-02 -2.487426e-03 0.000000e+00 0.000000e+00 0.000000e+00 -2.519699e-05 0.000000e+00 0.000000e+00
7450 106.650645 21.055480 15.500000 0.963487 -0.267757 0.000000 1.105819e-02 -2.332744e-03 0.000000e+00 0.000000e+00 0.000000e+00 3.085056e-05 0.000000e+00 0.000000e+00
7500 107.199043 20.938399 15.500000 0.964354 -0.264614 0.000000 1.110647e-02 -2.188011e-03 0.000000e+00 0.000000e+00 0.000000e+00 9.216209e-05 0.000000e+00 0.000000e+00
7550 107.742839 20.831595 15.500000 0.965495 -0.260421 0.000000 1.072418e-02 -2.151810e-03 0.000000e+00 0.000000e+00 0.000000e+00 6.974799e-05 0.000000e+00 0.000000e+00
7600 108.286481 20.730126 15.500000 0.965521 -0.260326 0.000000 1.078120e-02 -2.108241e-03 0.000000e+00 0.000000e+00 0.000000e+00 9.056665e-05 0.000000e+00 0.000000e+00
7650 108.831483 20.617819 15.500000 0.966184 -0.257852 0.000000 1.110661e-02 -2.206692e-03 0.000000e+00 0.000000e+00 0.000000e+00 -1.265115e-04 0.000000e+00 0.000000e+00
7700 109.380819 20.507312 15.500000 0.965334 -0.261018 0.000000 1.064194e-02 -2.291940e-03 0.000000e+00 0.000000e+00 0.000000e+00 4.158673e-07 0.000000e+00 0.000000e+00
7750 109.932671 20.391923 15.500000 0.965344 -0.260982 0.000000 1.118576e-02 -2.378643e-03 0.000000e+00 0.000000e+00 0.000000e+00 -4.256735e-05 0.000000e+00 0.000000e+00
7800 110.489954 20.275955 15.500000 0.964298 -0.264821 0.000000 1.084579e-02 -2.138316e-03 0.000000e+00 0.000000e+00 0.000000e+00 -3.755484e-05 0.000000e+00 0.000000e+00
7850 111.041811 20.149635 15.500000 0.965196 -0.261528 0.000000 1.124603e-02 -2.682016e-03 0.000000e+00 0.000000e+00 0.000000e+00 -4.743367e-05 0.000000e+00 0.000000e+00
7900 111.597291 20.032185 15.500000 0.965295 -0.261162 0.000000 1.087801e-02 -2.181533e-03 0.000000e+00 0.000000e+00 0.000000e+00 1.001039e-04 0.000000e+00 0.000000e+00
7950 112.140329 19.915222 15.500000 0.966116 -0.258109 0.000000 1.080407e-02 -2.200478e-03 0.000000e+00 0.000000e+00 0.000000e+00 4.931204e-05 0.000000e+00 0.000000e+00
8000 112.682243 19.805467 15.500000 0.967202 -0.254008 0.000000 1.065674e-02 -2.170534e-03 0.000000e+00 0.000000e+00 0.000000e+00 3.769359e-05 0.000000e+00 0.000000e+00
8050 113.224039 19.697260 15.500000 0.966932 -0.255036 0.000000 1.083865e-02 -1.876977e-03 0.000000e+00 0.000000e+00 0.000000e+00 -7.479415e-05 0.000000e+00 0.000000e+00
8100 113.766165 19.586258 15.500000 0.967712 -0.252060 0.000000 1.110678e-02 -2.255873e-03 0.000000e+00 0.000000e+00 0.000000e+00 -5.985609e-05 0.000000e+00 0.000000e+00
8150 114.318899 19.472056 15.500000 0.966728 -0.255805 0.000000 1.036783e-02 -2.427340e-03 0.000000e+00 0.000000e+00 0.000000e+00 -7.823082e-05 0.000000e+00 0.000000e+00
8200 114.863488 19.349457 15.500000 0.966662 -0.256055 0.000000 1.121935e-02 -2.542838e-03 0.000000e+00 0.000000e+00 0.000000e+00 2.647473e-05 0.000000e+00 0.000000e+00
8250 115.419468 19.225375 15.500000 0.965922 -0.258835 0.000000 1.094293e-02 -2.343535e-03 0.000000e+00 0.000000e+00 0.000000e+00 -8.711008e-05 0.000000e+00 0.000000e+00
8300 115.966524 19.096421 15.500000 0.966547 -0.256491 0.000000 1.107240e-02 -2.697410e-03 0.000000e+00 0.000000e+00 0.000000e+00 8.004307e-05 0.000000e+00 0.000000e+00
8350 116.517315 18.974357 15.500000 0.966878 -0.255240 0.000000 1.079723e-02 -2.533264e-03 0.000000e+00 0.000000e+00 0.000000e+00 1.196466e-04 0.000000e+00 0.000000e+00
8400 117.055172 18.853910 15.500000 0.967391 -0.253286 0.000000 1.096960e-02 -2.326336e-03 0.000000e+00 0.000000e+00 0.000000e+00 5.835646e-06 0.000000e+00 0.000000e+00
8450 117.594000 18.738930 15.500000 0.968449 -0.249213 0.000000 1.061508e-02 -2.485703e-03 0.000000e+00 0.000000e+00 0.000000e+00 3.234377e-05 0.000000e+00 0.000000e+00
8500 118.134788 18.623418 15.500000 0.967824 -0.251628 0.000000 1.097456e-02 -2.221369e-03 0.000000e+00 0.000000e+00 0.000000e+00 -1.164445e-04 0.000000e+00 0.000000e+00
8550 118.669569 18.506885 15.500000 0.967905 -0.251315 0.000000 1.072768e-02 -2.393950e-03 0.000000e+00 0.000000e+00 0.000000e+00 4.911796e-05 0.000000e+00 0.000000e+00
8600 119.226981 18.382444 15.500000 0.967412 -0.253208 0.000000 1.083870e-02 -2.472177e-03 0.000000e+00 0.000000e+00 0.000000e+00 -1.021119e-04 0.000000e+00 0.000000e+00
8650 119.768094 18.257244 15.500000 0.967132 -0.254276 0.000000 1.108149e-02 -2.756286e-03 0.000000e+00 0.000000e+00 0.000000e+00 1.393965e-04 0.000000e+00 0.000000e+00
8700 120.321312 18.121463 15.500000 0.966959 -0.254932 0.000000 1.099425e-02 -2.603879e-03 0.000000e+00 0.000000e+00 0.000000e+00 -1.325895e-05 0.000000e+00 0.000000e+00
8750 120.862336 17.993969 15.500000 0.967672 -0.252213 0.000000 1.071233e-02 -2.603089e-03 0.000000e+00 0.000000e+00 0.000000e+00 4.291714e-05 0.000000e+00 0.000000e+00
8800 121.403199 17.875420 15.500000 0.968268 -0.249914 0.000000 1.060304e-02 -2.249992e-03 0.000000e+00 0.000000e+00 0.000000e+00 7.758530e-05 0.000000e+00 0.000000e+00
8850 121.934823 17.753301 15.500000 0.968957 -0.247229 0.000000 1.064123e-02 -2.420174e-03 0.000000e+00 0.000000e+00 0.000000e+00 -1.517634e-05 0.000000e+00 0.000000e+00
8900 122.473948 17.639740 15.500000 0.969215 -0.246215 0.000000 1.068998e-02 -2.393496e-03 0.000000e+00 0.000000e+00 0.000000e+00 8.290236e-05 0.000000e+00 0.000000e+00
8950 123.016388 17.516977 15.500000 0.969001 -0.247058 0.000000 1.097932e-02 -2.473772e-03 0.000000e+00 0.000000e+00 0.000000e+00 -8.228616e-05 0.000000e+00 0.000000e+00
9000 123.554915 17.391744 15.500000 0.968276 -0.249884 0.000000 1.055830e-02 -2.442979e-03 0.000000e+00 0.000000e+00 0.000000e+00 -3.524857e-05 0.000000e+00 0.000000e+00
9050 124.103848 17.255523 15.500000 0.968287 -0.249839 0.000000 1.119280e-02 -2.703142e-03 0.000000e+00 0.000000e+00 0.000000e+00 -4.371231e-05 0.000000e+00 0.000000e+00
9100 124.648538 17.125560 15.500000 0.968046 -0.250772 0.000000 1.079422e-02 -2.678508e-03 0.000000e+00 0.000000e+00 0.000000e+00 4.141845e-05 0.000000e+00 0.000000e+00
9150 125.192284 16.989093 15.500000 0.968512 -0.248965 0.000000 1.100175e-02 -2.556059e-03 0.000000e+00 0.000000e+00 0.000000e+00 3.945481e-05 0.000000e+00 0.000000e+00
9200 125.728201 16.863310 15.500000 0.969500 -0.245089 0.000000 1.048253e-02 -2.488414e-03 0.000000e+00 0.000000e+00 0.000000e+00 8.201102e-05 0.000000e+00 0.000000e+00
9250 126.260376 16.746197 15.500000 0.969586 -0.244750 0.000000 1.054504e-02 -2.315276e-03 0.000000e+00 0.000000e+00 0.000000e+00 3.113914e-05 0.000000e+00 0.000000e+00
9300 126.793255 16.619875 15.500000 0.970361 -0.241660 0.000000 1.088462e-02 -2.432316e-03 0.000000e+00 0.000000e+00 0.000000e+00 -1.010126e-04 0.000000e+00 0.000000e+00
9350 127.333037 16.493668 15.500000 0.969448 -0.245296 0.000000 1.013305e-02 -2.592429e-03 0.000000e+00 0.000000e+00 0.000000e+00 -5.899055e-05 0.000000e+00 0.000000e+00
9400 127.869746 16.361946 15.500000 0.969470 -0.245211 0.000000 1.099261e-02 -2.767526e-03 0.000000e+00 0.000000e+00 0.000000e+00 3.070032e-05 0.000000e+00 0.000000e+00
9450 128.417125 16.227298 15.500000 0.968728 -0.248123 0.000000 1.076728e-02 -2.493010e-03 0.000000e+00 0.000000e+00 0.000000e+00 -9.174779e-05 0.000000e+00 0.000000e+00
9500 128.955243 16.087982 15.500000 0.969279 -0.245964 0.000000 1.104890e-02 -2.893005e-03 0.000000e+00 0.000000e+00 0.000000e+00 7.784114e-05 0.000000e+00 0.000000e+00
9550 129.496778 15.954311 15.500000 0.969669 -0.244420 0.000000 1.066360e-02 -2.570156e-03 0.000000e+00 0.000000e+00 0.000000e+00 5.092245e-05 0.000000e+00 0.000000e+00
9600 130.025762 15.826166 15.500000 0.970280 -0.241984 0.000000 1.070065e-02 -2.424245e-03 0.000000e+00 0.000000e+00 0.000000e+00 -6.635917e-06 0.000000e+00 0.000000e+00
9650 130.557849 15.701133 15.500000 0.971166 -0.238403 0.000000 1.062552e-02 -2.786018e-03 0.000000e+00 0.000000e+00 0.000000e+00 9.795920e-05 0.000000e+00 0.000000e+00
9700 131.091210 15.571155 15.500000 0.970586 -0.240756 0.000000 1.090512e-02 -2.560620e-03 0.000000e+00 0.000000e+00 0.000000e+00 -8.559534e-05 0.000000e+00 0.000000e+00
9750 131.616601 15.441779 15.500000 0.970220 -0.242227 0.000000 1.054047e-02 -2.618344e-03 0.000000e+00 0.000000e+00 0.000000e+00 1.397442e-06 0.000000e+00 0.000000e+00
9800 132.165902 15.301232 15.500000 0.970086 -0.242761 0.000000 1.089404e-02 -2.732987e-03 0.000000e+00 0.000000e+00 0.000000e+00 -4.067258e-05 0.000000e+00 0.000000e+00
9850 132.700871 15.167905 15.500000 0.969810 -0.243861 0.000000 1.079769e-02 -2.992533e-03 0.000000e+00 0.000000e+00 0.000000e+00 9.352874e-05 0.000000e+00 0.000000e+00
9900 133.242330 15.022508 15.500000 0.970071 -0.242822 0.000000 1.082248e-02 -2.603834e-03 0.000000e+00 0.000000e+00 0.000000e+00 4.084909e-05 0.000000e+00 0.000000e+00
9950 133.772682 14.886125 15.500000 0.971107 -0.238646 0.000000 1.028863e-02 -2.599568e-03 0.000000e+00 0.000000e+00 0.000000e+00 4.318350e-05 0.000000e+00 0.000000e+00
10000 134.299416 14.762193 15.500000 0.971292 -0.237891 0.000000 1.042276e-02 -2.377952e-03 0.000000e+00 0.000000e+00 0.000000e+00 -1.767554e-05 0.000000e+00 0.000000e+00
10050 134.825825 14.628324 15.500000 0.971835 -0.235661 0.000000 1.072937e-02 -2.684879e-03 0.000000e+00 0.000000e+00 0.000000e+00 -1.281151e-04 0.000000e+00 0.000000e+00
10100 135.358010 14.494048 15.500000 0.971026 -0.238975 0.000000 1.033686e-02 -2.737550e-03 0.000000e+00 0.000000e+00 0.000000e+00 -2.292317e-05 0.000000e+00 0.000000e+00
10150 135.889268 14.356069 15.500000 0.971161 -0.238426 0.000000 1.079549e-02 -2.882382e-03 0.000000e+00 0.000000e+00 0.000000e+00 1.346596e-05 0.000000e+00 0.000000e+00
10200 136.430119 14.214587 15.500000 0.970490 -0.241143 0.000000 1.070746e-02 -2.588103e-03 0.000000e+00 0.000000e+00 0.000000e+00 -1.252249e-04 0.000000e+00 0.000000e+00
10250 136.962070 14.068378 15.500000 0.971093 -0.238702 0.000000 1.069654e-02 -3.067101e-03 0.000000e+00 0.000000e+00 0.000000e+00 4.369454e-05 0.000000e+00 0.000000e+00
10300 137.497107 13.928131 15.500000 0.971600 -0.236629 0.000000 1.064755e-02 -2.722826e-03 0.000000e+00 0.000000e+00 0.000000e+00 7.262108e-05 0.000000e+00 0.000000e+00
10350 138.018314 13.795040 15.500000 0.972194 -0.234178 0.000000 1.058574e-02 -2.575723e-03 0.000000e+00 0.000000e+00 0.000000e+00 -4.026641e-05 0.000000e+00 0.000000e+00
10400 138.546724 13.663832 15.500000 0.973084 -0.230451 0.000000 1.042631e-02 -2.808601e-03 0.000000e+00 0.000000e+00 0.000000e+00 5.631736e-05 0.000000e+00 0.000000e+00
10450 139.077969 13.529393 15.500000 0.972686 -0.232126 0.000000 1.092646e-02 -2.648436e-03 0.000000e+00 0.000000e+00 0.000000e+00 -1.141763e-04 0.000000e+00 0.000000e+00
10500 139.600299 13.392387 15.500000 0.972215 -0.234092 0.000000 1.037886e-02 -2.717574e-03 0.000000e+00 0.000000e+00 0.000000e+00 -3.485811e-05 0.000000e+00 0.000000e+00
10550 140.139523 13.241821 15.500000 0.972324 -0.233637 0.000000 1.093443e-02 -2.865246e-03 0.000000e+00 0.000000e+00 0.000000e+00 -3.048407e-05 0.000000e+00 0.000000e+00
10600 140.671653 13.098783 15.500000 0.972243 -0.233973 0.000000 1.066936e-02 -2.987610e-03 0.000000e+00 0.000000e+00 0.000000e+00 4.424530e-05 0.000000e+00 0.000000e+00
10650 141.199166 12.951411 15.500000 0.972845 -0.231456 0.000000 1.066410e-02 -2.735971e-03 0.000000e+00 0.000000e+00 0.000000e+00 7.580252e-05 0.000000e+00 0.000000e+00
10700 141.720438 12.814570 15.500000 0.973801 -0.227401 0.000000 1.022420e-02 -2.796365e-03 0.000000e+00 0.000000e+00 0.000000e+00 4.357001e-05 0.000000e+00 0.000000e+00
10750 142.241377 12.681833 15.500000 0.973679 -0.227922 0.000000 1.029405e-02 -2.543466e-03 0.000000e+00 0.000000e+00 0.000000e+00 3.615057e-05 0.000000e+00 0.000000e+00
10800 142.763622 12.547025 15.500000 0.974523 -0.224289 0.000000 1.091933e-02 -2.704591e-03 0.000000e+00 0.000000e+00 0.000000e+00 -2.124974e-05 0.000000e+00 0.000000e+00
10850 143.297981 12.405455 15.500000 0.973758 -0.227586 0.000000 1.024710e-02 -2.786352e-03 0.000000e+00 0.000000e+00 0.000000e+00 -1.041504e-04 0.000000e+00 0.000000e+00
10900 143.820551 12.258412 15.500000 0.973969 -0.226683 0.000000 1.060141e-02 -3.084817e-03 0.000000e+00 0.000000e+00 0.000000e+00 9.692304e-05 0.000000e+00 0.000000e+00
10950 144.354806 12.104860 15.500000 0.973835 -0.227256 0.000000 1.054528e-02 -2.968985e-03 0.000000e+00 0.000000e+00 0.000000e+00 1.533169e-05 0.000000e+00 0.000000e+00
11000 144.875227 11.959462 15.500000 0.974730 -0.223387 0.000000 1.049220e-02 -2.884053e-03 0.000000e+00 0.000000e+00 0.000000e+00 4.807778e-05 0.000000e+00 0.000000e+00
11050 145.396826 11.823992 15.500000 0.975332 -0.220742 0.000000 1.051238e-02 -2.729490e-03 0.000000e+00 0.000000e+00 0.000000e+00 1.037390e-04 0.000000e+00 0.000000e+00
11100 145.912466 11.680288 15.500000 0.975770 -0.218799 0.000000 1.039103e-02 -2.865769e-03 0.000000e+00 0.000000e+00 0.000000e+00 -3.139050e-05 0.000000e+00 0.000000e+00
11150 146.430696 11.544292 15.500000 0.975600 -0.219556 0.000000 1.020027e-02 -2.645623e-03 0.000000e+00 0.000000e+00 0.000000e+00 -3.081147e-05 0.000000e+00 0.000000e+00
11200 146.956639 11.400085 15.500000 0.975823 -0.218561 0.000000 1.064991e-02 -3.116415e-03 0.000000e+00 0.000000e+00 0.000000e+00 1.387318e-05 0.000000e+00 0.000000e+00
11250 147.485207 11.255677 15.500000 0.975139 -0.221593 0.000000 1.032791e-02 -2.698738e-03 0.000000e+00 0.000000e+00 0.000000e+00 -2.055462e-05 0.000000e+00 0.000000e+00
11300 148.006606 11.099466 15.500000 0.976050 -0.217547 0.000000 1.068070e-02 -3.195508e-03 0.000000e+00 0.000000e+00 0.000000e+00 4.253193e-05 0.000000e+00 0.000000e+00
11350 148.531067 10.951335 15.500000 0.976473 -0.215640 0.000000 1.027516e-02 -3.061158e-03 0.000000e+00 0.000000e+00 0.000000e+00 9.490935e-05 0.000000e+00 0.000000e+00
11400 149.042917 10.808513 15.500000 0.977098 -0.212789 0.000000 1.033599e-02 -2.691171e-03 0.000000e+00 0.000000e+00 0.000000e+00 -1.852160e-05 0.000000e+00 0.000000e+00
11450 149.559766 10.667752 15.500000 0.978161 -0.207847 0.000000 1.023512e-02 -3.046057e-03 0.000000e+00 0.000000e+00 0.000000e+00 8.814575e-05 0.000000e+00 0.000000e+00
11500 150.079688 10.525335 15.500000 0.977896 -0.209094 0.000000 1.072686e-02 -2.848666e-03 0.000000e+00 0.000000e+00 0.000000e+00 -8.241667e-05 0.000000e+00 0.000000e+00
11550 150.590578 10.381331 15.500000 0.977690 -0.210055 0.000000 1.012613e-02 -2.855519e-03 0.000000e+00 0.000000e+00 0.000000e+00 -2.141835e-05 0.000000e+00 0.000000e+00
11600 151.114832 10.222133 15.500000 0.978054 -0.208352 0.000000 1.060866e-02 -3.155885e-03 0.000000e+00 0.000000e+00 0.000000e+00 -2.532224e-05 0.000000e+00 0.000000e+00
11650 151.636185 10.070011 15.500000 0.978200 -0.207665 0.000000 1.034070e-02 -2.999535e-03 0.000000e+00 0.000000e+00 0.000000e+00 1.064275e-04 0.000000e+00 0.000000e+00
11700 152.147137 9.916320 15.500000 0.978866 -0.204503 0.000000 1.016473e-02 -2.907757e-03 0.000000e+00 0.000000e+00 0.000000e+00 8.436078e-05 0.000000e+00 0.000000e+00
11750 152.656001 9.771047 15.500000 0.979980 -0.199097 0.000000 1.002503e-02 -2.893123e-03 0.000000e+00 0.000000e+00 0.000000e+00 4.456568e-05 0.000000e+00 0.000000e+00
11800 153.166604 9.626337 15.500000 0.979763 -0.200162 0.000000 1.033651e-02 -2.820158e-03 0.000000e+00 0.000000e+00 0.000000e+00 -8.466139e-05 0.000000e+00 0.000000e+00
11850 153.667999 9.482333 15.500000 0.980245 -0.197786 0.000000 1.009436e-02 -2.993404e-03 0.000000e+00 0.000000e+00 0.000000e+00 6.773455e-05 0.000000e+00 0.000000e+00
11900 154.196045 9.326526 15.500000 0.980388 -0.197077 0.000000 1.040736e-02 -3.144800e-03 0.000000e+00 0.000000e+00 0.000000e+00 1.190469e-05 0.000000e+00 0.000000e+00
11950 154.704626 9.175900 15.500000 0.980360 -0.197215 0.000000 1.017852e-02 -3.390699e-03 0.000000e+00 0.000000e+00 0.000000e+00 1.707759e-04 0.000000e+00 0.000000e+00
12000 155.220945 9.011195 15.500000 0.980989 -0.194065 0.000000 1.030696e-02 -3.005503e-03 0.000000e+00 0.000000e+00 0.000000e+00 4.465911e-05 0.000000e+00 0.000000e+00
12050 155.725735 8.855632 15.500000 0.982003 -0.188867 0.000000 9.882597e-03 -3.009018e-03 0.000000e+00 0.000000e+00 0.000000e+00 1.105731e-04 0.000000e+00 0.000000e+00
12100 156.227774 8.710698 15.500000 0.982318 -0.187218 0.000000 9.965110e-03 -2.824659e-03 0.000000e+00 0.000000e+00 0.000000e+00 5.703949e-05 0.000000e+00 0.000000e+00
12150 156.729925 8.561201 15.500000 0.983445 -0.181206 0.000000 1.039675e-02 -2.967223e-03 0.000000e+00 0.000000e+00 0.000000e+00 3.240057e-05 0.000000e+00 0.000000e+00
12200 157.245542 8.407489 15.500000 0.983246 -0.182282 0.000000 9.964728e-03 -2.987507e-03 0.000000e+00 0.000000e+00 0.000000e+00 -5.747894e-05 0.000000e+00 0.000000e+00
12250 157.743592 8.251906 15.500000 0.983546 -0.180658 0.000000 1.026430e-02 -3.444916e-03 0.000000e+00 0.000000e+00 0.000000e+00 1.892022e-04 0.000000e+00 0.000000e+00
12300 158.254435 8.082766 15.500000 0.984074 -0.177759 0.000000 1.031839e-02 -3.169218e-03 0.000000e+00 0.000000e+00 0.000000e+00 2.551148e-06 0.000000e+00 0.000000e+00
12350 158.753747 7.918273 15.500000 0.985133 -0.171793 0.000000 9.587469e-03 -3.210289e-03 0.000000e+00 0.000000e+00 0.000000e+00 8.233119e-05 0.000000e+00 0.000000e+00
12400 159.248109 7.766295 15.500000 0.985609 -0.169040 0.000000 9.852481e-03 -2.962538e-03 0.000000e+00 0.000000e+00 0.000000e+00 1.296203e-04 0.000000e+00 0.000000e+00
12450 159.739733 7.606048 15.500000 0.986773 -0.162106 0.000000 9.988860e-03 -3.016218e-03 0.000000e+00 0.000000e+00 0.000000e+00 -1.201964e-05 0.000000e+00 0.000000e+00
12500 160.244522 7.450854 15.500000 0.986652 -0.162843 0.000000 9.688825e-03 -3.112371e-03 0.000000e+00 0.000000e+00 0.000000e+00 2.347481e-05 0.000000e+00 0.000000e+00
12550 160.730612 7.289626 15.500000 0.987169 -0.159678 0.000000 9.908166e-03 -3.562265e-03 0.000000e+00 0.000000e+00 0.000000e+00 1.995026e-04 0.000000e+00 0.000000e+00
12600 161.229987 7.112220 15.500000 0.987885 -0.155190 0.000000 1.006797e-02 -3.474915e-03 0.000000e+00 0.000000e+00 0.000000e+00 3.814492e-05 0.000000e+00 0.000000e+00
12650 161.721263 6.939276 15.500000 0.988944 -0.148291 0.000000 9.556927e-03 -3.467477e-03 0.000000e+00 0.000000e+00 0.000000e+00 1.269531e-04 0.000000e+00 0.000000e+00
12700 162.204116 6.777656 15.500000 0.989538 -0.144276 0.000000 9.712180e-03 -3.145915e-03 0.000000e+00 0.000000e+00 0.000000e+00 1.394099e-04 0.000000e+00 0.000000e+00
12750 162.685107 6.609594 15.500000 0.990963 -0.134132 0.000000 9.569072e-03 -3.267648e-03 0.000000e+00 0.000000e+00 0.000000e+00 1.626353e-04 0.000000e+00 0.000000e+00
12800 163.177910 6.448948 15.500000 0.991172 -0.132581 0.000000 9.774949e-03 -3.145037e-03 0.000000e+00 0.000000e+00 0.000000e+00 1.993319e-05 1.442024e-05 0.000000e+00
12850 163.650838 6.285671 15.500000 0.991682 -0.128715 0.000000 9.402698e-03 -3.490625e-03 0.000000e+00 0.000000e+00 0.000000e+00 2.346113e-04 2.793057e-04 0.000000e+00
12900 164.134940 6.096756 15.500000 0.992939 -0.118622 0.000000 9.616364e-03 -3.613527e-03 0.000000e+00 0.000000e+00 0.000000e+00 5.777025e-05 1.003454e-03 0.000000e+00
12950 164.612304 5.911313 15.500000 0.993988 -0.109487 0.000000 9.379970e-03 -3.610982e-03 0.000000e+00 0.000000e+00 0.000000e+00 2.228015e-04 2.150819e-03 0.000000e+00
13000 165.080093 5.748784 15.500000 0.994870 -0.101162 0.000000 9.567487e-03 -3.075058e-03 0.000000e+00 0.000000e+00 0.000000e+00 1.687126e-04 3.516788e-03 0.000000e+00
13050 165.548328 5.590406 15.500000 0.996116 -0.088049 0.000000 9.060098e-03 -3.361565e-03 0.000000e+00 0.000000e+00 0.000000e+00 2.667288e-04 5.160109e-03 0.000000e+00
13100 166.023207 5.425185 15.500000 0.997202 -0.074749 0.000000 9.528324e-03 -3.109245e-03 0.000000e+00 0.000000e+00 0.000000e+00 2.091325e-04 7.216578e-03 0.000000e+00
13150 166.489401 5.270975 15.500000 0.997826 -0.065902 0.000000 9.095806e-03 -3.134492e-03 0.000000e+00 0.000000e+00 0.000000e+00 1.843798e-04 9.442415e-03 0.000000e+00
13200 166.948006 5.091747 15.500000 0.998882 -0.047266 0.000000 9.446565e-03 -3.896782e-03 0.000000e+00 0.000000e+00 0.000000e+00 4.424303e-04 1.239179e-02 0.000000e+00
13250 167.413616 5.000000 15.500000 0.999725 -0.023466 0.000000 9.056823e-03 0.000000e+00 0.000000e+00 0.000000e+00 0.000000e+00 5.361809e-04 1.413717e-02 0.000000e+00
13300 167.871807 5.000000 15.500000 0.999999 -0.001629 0.000000 9.341617e-03 0.000000e+00 0.000000e+00 0.000000e+00 0.000000e+00 3.892046e-04 1.413717e-02 0.000000e+00
13350 168.343669 5.000000 15.500000 0.999779 0.021022 0.000000 9.489515e-03 0.000000e+00 0.000000e+00 0.000000e+00 0.000000e+00 5.142680e-04 1.413717e-02 0.000000e+00
13400 168.816253 5.000000 15.500000 0.999090 0.042657 0.000000 9.516258e-03 0.000000e+00 0.000000e+00 0.000000e+00 0.000000e+00 3.833746e-04 1.413717e-02 0.000000e+00
13450 169.303022 5.000000 15.500000 0.997962 0.063807 0.000000 9.846949e-03 0.000000e+00 0.000000e+00 0.000000e+00 0.000000e+00 4.695868e-04 1.413717e-02 0.000000e+00
13500 169.792350 5.000000 15.500000 0.996443 0.084273 0.000000 9.865285e-03 0.000000e+00 0.000000e+00 0.000000e+00 0.000000e+00 3.344166e-04 1.413717e-02 0.000000e+00
13550 170.294797 5.000000 15.500000 0.994572 0.104051 0.000000 9.999967e-03 0.000000e+00 0.000000e+00 0.000000e+00 0.000000e+00 4.274176e-04 1.413717e-02 0.000000e+00
13600 170.799784 5.000000 15.500000 0.992402 0.123040 0.000000 1.019583e-02 0.000000e+00 0.000000e+00 0.000000e+00 0.000000e+00 3.097959e-04 1.413717e-02 0.000000e+00
13650 171.317146 5.000000 15.500000 0.989900 0.141770 0.000000 1.040873e-02 0.000000e+00 0.000000e+00 0.000000e+00 0.000000e+00 4.095752e-04 1.413717e-02 0.000000e+00
13700 171.836166 5.000000 15.500000 0.987297 0.158889 0.000000 1.047534e-02 0.000000e+00 0.000000e+00 0.000000e+00 0.000000e+00 2.653138e-04 1.413717e-02 0.000000e+00
13750 172.367328 5.000000 15.500000 0.984235 0.176864 0.000000 1.061378e-02 0.000000e+00 0.000000e+00 0.000000e+00 0.000000e+00 3.797783e-04 1.413717e-02 0.000000e+00
13800 172.899200 5.000000 15.500000 0.981432 0.191812 0.000000 1.116246e-02 0.000000e+00 0.000000e+00 0.000000e+00 0.000000e+00 2.738365e-04 1.413717e-02 0.000000e+00
13850 173.441058 5.000000 15.500000 0.977904 0.209055 0.000000 1.091026e-02 0.000000e+00 0.000000e+00 0.000000e+00 0.000000e+00 3.022734e-04 1.413717e-02 0.000000e+00
13900 173.985507 5.000000 15.500000 0.974984 0.222277 0.000000 1.089770e-02 0.000000e+00 0.000000e+00 0.000000e+00 0.000000e+00 3.010218e-04 1.413717e-02 0.000000e+00
13950 174.536566 5.000000 15.500000 0.971036 0.238932 0.000000 1.092097e-02 0.000000e+00 0.000000e+00 0.000000e+00 0.000000e+00 3.130057e-04 1.413717e-02 0.000000e+00
14000 175.093001 5.000000 15.500000 0.967912 0.251289 0.000000 1.128286e-02 0.000000e+00 0.000000e+00 0.000000e+00 0.000000e+00 3.465681e-04 1.413717e-02 0.000000e+00
14050 175.652177 5.000000 15.500000 0.963919 0.266196 0.000000 1.122721e-02 0.000000e+00 0.000000e+00 0.000000e+00 0.000000e+00 2.279061e-04 1.413717e-02 0.000000e+00
14100 176.217991 5.000000 15.500000 0.960442 0.278482 0.000000 1.131498e-02 0.000000e+00 0.000000e+00 0.000000e+00 0.000000e+00 3.347756e-04 1.413717e-02 0.000000e+00
14150 176.783179 5.000000 15.500000 0.956879 0.290486 0.000000 1.137691e-02 0.000000e+00 0.000000e+00 0.000000e+00 0.000000e+00 1.757539e-04 1.413717e-02 0.000000e+00
14200 177.356467 5.000000 15.500000 0.952931 0.303188 0.000000 1.153027e-02 0.000000e+00 0.000000e+00 0.000000e+00 0.000000e+00 2.563356e-04 1.413717e-02 0.000000e+00
14250 177.929598 5.000000 15.500000 0.949758 0.312985 0.000000 1.164575e-02 0.000000e+00 0.000000e+00 0.000000e+00 0.000000e+00 1.859914e-04 1.413717e-02 0.000000e+00
14300 178.506275 5.000000 15.500000 0.945506 0.325604 0.000000 1.142604e-02 0.000000e+00 0.000000e+00 0.000000e+00 0.000000e+00 2.505601e-04 1.413582e-02 0.000000e+00
14350 179.088064 5.000000 15.500000 0.942320 0.334715 0.000000 1.172254e-02 0.000000e+00 0.000000e+00 0.000000e+00 0.000000e+00 2.895598e-04 1.413543e-02 0.000000e+00
14400 179.669217 5.004279 15.500000 0.938275 0.345889 0.000000 1.169949e-02 -9.204283e-04 0.000000e+00 0.000000e+00 0.000000e+00 1.428711e-04 1.403932e-02 0.000000e+00
14450 180.254565 5.061392 15.500000 0.935493 0.353346 0.000000 1.170528e-02 -1.883162e-03 0.000000e+00 0.000000e+00 0.000000e+00 2.801722e-04 1.296962e-02 0.000000e+00
14500 180.847862 5.523770 15.500000 0.939360 0.342933 0.000000 1.248230e-02 8.738166e-03 0.000000e+00 0.000000e+00 0.000000e+00 2.174086e-04 6.095708e-03 0.000000e+00
14550 181.484024 6.033089 15.500000 0.939778 0.341786 0.000000 1.203298e-02 6.243530e-03 0.000000e+00 0.000000e+00 0.000000e+00 -2.266935e-04 1.406651e-03 0.000000e+00
14600 182.074432 6.151991 15.500000 0.941116 0.338084 0.000000 1.177730e-02 2.075066e-03 0.000000e+00 0.000000e+00 0.000000e+00 -2.014728e-05 7.700600e-04 0.000000e+00
14650 182.652499 6.219833 15.500000 0.942614 0.333885 0.000000 1.142304e-02 1.581698e-03 0.000000e+00 0.000000e+00 0.000000e+00 -1.112046e-05 4.987756e-04 0.000000e+00
14700 183.227057 6.274185 15.500000 0.942423 0.334424 0.000000 1.146795e-02 9.665689e-04 0.000000e+00 0.000000e+00 0.000000e+00 2.223086e-07 3.231432e-04 0.000000e+00
14750 183.802677 6.336223 15.500000 0.943411 0.331626 0.000000 1.169760e-02 1.193259e-03 0.000000e+00 0.000000e+00 0.000000e+00 1.150006e-04 1.709988e-04 0.000000e+00
14800 184.381923 6.391336 15.500000 0.942697 0.333651 0.000000 1.157394e-02 1.229681e-03 0.000000e+00 0.000000e+00 0.000000e+00 -1.186249e-04 7.587904e-05 0.000000e+00
14850 184.963223 6.456617 15.500000 0.942516 0.334161 0.000000 1.169955e-02 1.183540e-03 0.000000e+00 0.000000e+00 0.000000e+00 5.974591e-05 1.247944e-05 0.000000e+00
14900 185.543863 6.525036 15.500000 0.941487 0.337048 0.000000 1.139392e-02 1.290635e-03 0.000000e+00 0.000000e+00 0.000000e+00 -1.210939e-06 0.000000e+00 0.000000e+00
14950 186.140088 6.600121 15.500000 0.941074 0.338202 0.000000 1.192285e-02 1.687403e-03 0.000000e+00 0.000000e+00 0.000000e+00 6.088252e-05 0.000000e+00 0.000000e+00
15000 186.725441 6.676861 15.500000 0.940216 0.340579 0.000000 1.179429e-02 1.951511e-03 0.000000e+00 0.000000e+00 0.000000e+00 -1.203373e-04 0.000000e+00 0.000000e+00
15050 187.322926 6.768255 15.500000 0.940282 0.340398 0.000000 1.180584e-02 1.644383e-03 0.000000e+00 0.000000e+00 0.000000e+00 6.301640e-05 0.000000e+00 0.000000e+00
15100 187.909311 6.852438 15.500000 0.941360 0.337404 0.000000 1.196608e-02 1.820485e-03 0.000000e+00 0.000000e+00 0.000000e+00 -9.436407e-05 0.000000e+00 0.000000e+00
15150 188.503644 6.934414 15.500000 0.941815 0.336133 0.000000 1.186029e-02 1.513182e-03 0.000000e+00 0.000000e+00 0.000000e+00 -1.129370e-04 0.000000e+00 0.000000e+00
15200 189.079859 7.020460 15.500000 0.943912 0.330197 0.000000 1.174101e-02 1.321276e-03 0.000000e+00 0.000000e+00 0.000000e+00 -7.732992e-05 0.000000e+00 0.000000e+00
15250 189.652944 7.091538 15.500000 0.945787 0.324787 0.000000 1.138332e-02 1.586495e-03 0.000000e+00 0.000000e+00 0.000000e+00 -1.397179e-04 0.000000e+00 0.000000e+00
15300 190.216759 7.164660 15.500000 0.946765 0.321926 0.000000 1.122746e-02 1.192222e-03 0.000000e+00 0.000000e+00 0.000000e+00 -6.932167e-05 0.000000e+00 0.000000e+00
15350 190.779435 7.236169 15.500000 0.948532 0.316682 0.000000 1.129439e-02 1.324345e-03 0.000000e+00 0.000000e+00 0.000000e+00 -3.091495e-05 0.000000e+00 0.000000e+00
15400 191.346291 7.306777 15.500000 0.948769 0.315970 0.000000 1.133659e-02 1.351645e-03 0.000000e+00 0.000000e+00 0.000000e+00 -1.189242e-04 0.000000e+00 0.000000e+00
15450 191.914325 7.383662 15.500000 0.949441 0.313946 0.000000 1.160419e-02 1.630192e-03 0.000000e+00 0.000000e+00 0.000000e+00 4.788947e-05 0.000000e+00 0.000000e+00
15500 192.484011 7.462219 15.500000 0.949024 0.315204 0.000000 1.123340e-02 1.593766e-03 0.000000e+00 0.000000e+00 0.000000e+00 -3.136523e-05 0.000000e+00 0.000000e+00
15550 193.063752 7.543824 15.500000 0.948990 0.315306 0.000000 1.164068e-02 1.799067e-03 0.000000e+00 0.000000e+00 0.000000e+00 8.271733e-05 0.000000e+00 0.000000e+00
15600 193.636803 7.632527 15.500000 0.948234 0.317571 0.000000 1.136517e-02 1.844001e-03 0.000000e+00 0.000000e+00 0.000000e+00 -2.641524e-05 0.000000e+00 0.000000e+00
15650 194.225093 7.733233 15.500000 0.948513 0.316738 0.000000 1.157221e-02 1.774171e-03 0.000000e+00 0.000000e+00 0.000000e+00 3.284952e-05 0.000000e+00 0.000000e+00
15700 194.800049 7.824277 15.500000 0.949076 0.315046 0.000000 1.159122e-02 2.195365e-03 0.000000e+00 0.000000e+00 0.000000e+00 -9.368024e-05 0.000000e+00 0.000000e+00
15750 195.385632 7.920637 15.500000 0.949449 0.313920 0.000000 1.141978e-02 1.863192e-03 0.000000e+00 0.000000e+00 0.000000e+00 -9.472522e-05 0.000000e+00 0.000000e+00
15800 195.951564 8.011439 15.500000 0.951517 0.307596 0.000000 1.134030e-02 2.100949e-03 0.000000e+00 0.000000e+00 0.000000e+00 -1.455665e-04 0.000000e+00 0.000000e+00
15850 196.517816 8.091702 15.500000 0.952870 0.303379 0.000000 1.114376e-02 1.681359e-03 0.000000e+00 0.000000e+00 0.000000e+00 -1.749229e-04 0.000000e+00 0.000000e+00
15900 197.073504 8.171520 15.500000 0.954222 0.299098 0.000000 1.125925e-02 1.485081e-03 0.000000e+00 0.000000e+00 0.000000e+00 -2.540419e-05 0.000000e+00 0.000000e+00
15950 197.631351 8.253459 15.500000 0.955771 0.294113 0.000000 1.101150e-02 1.785693e-03 0.000000e+00 0.000000e+00 0.000000e+00 -4.592513e-05 0.000000e+00 0.000000e+00
16000 198.193088 8.332214 15.500000 0.955482 0.295048 0.000000 1.120162e-02 1.459919e-03 0.000000e+00 0.000000e+00 0.000000e+00 1.712328e-07 0.000000e+00 0.000000e+00
16050 198.752945 8.414588 15.500000 0.956464 0.291849 0.000000 1.145506e-02 1.677104e-03 0.000000e+00 0.000000e+00 0.000000e+00 7.292966e-05 0.000000e+00 0.000000e+00
16100 199.323906 8.502882 15.500000 0.955520 0.294926 0.000000 1.076292e-02 1.934728e-03 0.000000e+00 0.000000e+00 0.000000e+00 4.056687e-05 0.000000e+00 0.000000e+00
16150 199.890455 8.594691 15.500000 0.955662 0.294466 0.000000 1.166590e-02 1.968452e-03 0.000000e+00 0.000000e+00 0.000000e+00 1.406111e-05 0.000000e+00 0.000000e+00
16200 200.467224 8.690712 15.500000 0.954654 0.297719 0.000000 1.126186e-02 1.641371e-03 0.000000e+00 0.000000e+00 0.000000e+00 8.416511e-05 0.000000e+00 0.000000e+00
16250 201.034481 8.794113 15.500000 0.955862 0.293817 0.000000 1.168418e-02 2.174598e-03 0.000000e+00 0.000000e+00 0.000000e+00 4.679131e-07 0.000000e+00 0.000000e+00
16300 201.608977 8.893444 15.500000 0.955926 0.293607 0.000000 1.129073e-02 1.890557e-03 0.000000e+00 0.000000e+00 0.000000e+00 -6.499332e-05 0.000000e+00 0.000000e+00
16350 202.178453 8.996006 15.500000 0.956840 0.290616 0.000000 1.168424e-02 1.788472e-03 0.000000e+00 0.000000e+00 0.000000e+00 -6.494180e-05 0.000000e+00 0.000000e+00
16400 202.738985 9.091637 15.500000 0.958466 0.285207 0.000000 1.087840e-02 1.873570e-03 0.000000e+00 0.000000e+00 0.000000e+00 -1.077147e-04 0.000000e+00 0.000000e+00
16450 203.293334 9.176655 15.500000 0.958986 0.283452 0.000000 1.096483e-02 1.474806e-03 0.000000e+00 0.000000e+00 0.000000e+00 -6.300765e-05 0.000000e+00 0.000000e+00
16500 203.846638 9.267474 15.500000 0.960106 0.279635 0.000000 1.113170e-02 1.853116e-03 0.000000e+00 0.000000e+00 0.000000e+00 -1.975433e-05 0.000000e+00 0.000000e+00
16550 204.404187 9.351128 15.500000 0.960273 0.279064 0.000000 1.131201e-02 1.635706e-03 0.000000e+00 0.000000e+00 0.000000e+00 -1.247029e-04 0.000000e+00 0.000000e+00
16600 204.963896 9.443455 15.500000 0.960364 0.278748 0.000000 1.129746e-02 1.726665e-03 0.000000e+00 0.000000e+00 0.000000e+00 4.217182e-05 0.000000e+00 0.000000e+00
16650 205.522068 9.539639 15.500000 0.959702 0.281020 0.000000 1.096104e-02 1.869437e-03 0.000000e+00 0.000000e+00 0.000000e+00 -4.874087e-06 0.000000e+00 0.000000e+00
16700 206.094047 9.641525 15.500000 0.959640 0.281232 0.000000 1.148406e-02 2.216559e-03 0.000000e+00 0.000000e+00 0.000000e+00 2.200850e-05 0.000000e+00 0.000000e+00
16750 206.656236 9.738791 15.500000 0.959058 0.283209 0.000000 1.112342e-02 2.149525e-03 0.000000e+00 0.000000e+00 0.000000e+00 -1.392692e-04 0.000000e+00 0.000000e+00
16800 207.225830 9.853199 15.500000 0.959637 0.281241 0.000000 1.153059e-02 2.104645e-03 0.000000e+00 0.000000e+00 0.000000e+00 8.496761e-05 0.000000e+00 0.000000e+00
16850 207.789585 9.959101 15.500000 0.960167 0.279428 0.000000 1.106014e-02 2.323680e-03 0.000000e+00 0.000000e+00 0.000000e+00 -6.805048e-05 0.000000e+00 0.000000e+00
16900 208.348812 10.058931 15.500000 0.961287 0.275550 0.000000 1.116402e-02 1.755947e-03 0.000000e+00 0.000000e+00 0.000000e+00 -1.106915e-04 0.000000e+00 0.000000e+00
16950 208.896148 10.154190 15.500000 0.962638 0.270792 0.000000 1.100980e-02 1.947463e-03 0.000000e+00 0.000000e+00 0.000000e+00 -3.748047e-05 0.000000e+00 0.000000e+00
17000 209.447621 10.242257 15.500000 0.963279 0.268501 0.000000 1.103714e-02 1.972569e-03 0.000000e+00 0.000000e+00 0.000000e+00 -1.773690e-04 0.000000e+00 0.000000e+00
17050 209.998669 10.341503 15.500000 0.963550 0.267527 0.000000 1.117989e-02 1.826024e-03 0.000000e+00 0.000000e+00 0.000000e+00 5.214951e-05 0.000000e+00 0.000000e+00
17100 210.551185 10.432687 15.500000 0.963474 0.267801 0.000000 1.090273e-02 1.964748e-03 0.000000e+00 0.000000e+00 0.000000e+00 -3.013112e-05 0.000000e+00 0.000000e+00
17150 211.115942 10.534087 15.500000 0.963198 0.268794 0.000000 1.164568e-02 2.156910e-03 0.000000e+00 0.000000e+00 0.000000e+00 4.257391e-05 0.000000e+00 0.000000e+00
17200 211.668277 10.637587 15.500000 0.962455 0.271441 0.000000 1.126296e-02 2.275158e-03 0.000000e+00 0.000000e+00 0.000000e+00 1.916786e-05 0.000000e+00 0.000000e+00
17250 212.238155 10.752508 15.500000 0.962538 0.271148 0.000000 1.118276e-02 2.047072e-03 0.000000e+00 0.000000e+00 0.000000e+00 1.750142e-06 0.000000e+00 0.000000e+00
17300 212.795968 10.860177 15.500000 0.962674 0.270663 0.000000 1.113830e-02 2.439911e-03 0.000000e+00 0.000000e+00 0.000000e+00 -4.703039e-05 0.000000e+00 0.000000e+00
17350 213.361496 10.973009 15.500000 0.962915 0.269806 0.000000 1.111398e-02 1.936391e-03 0.000000e+00 0.000000e+00 0.000000e+00 -9.608318e-05 0.000000e+00 0.000000e+00
17400 213.909394 11.079025 15.500000 0.964248 0.265002 0.000000 1.107050e-02 2.025315e-03 0.000000e+00 0.000000e+00 0.000000e+00 2.343960e-05 0.000000e+00 0.000000e+00
17450 214.459863 11.174756 15.500000 0.964884 0.262676 0.000000 1.088527e-02 2.020654e-03 0.000000e+00 0.000000e+00 0.000000e+00 -1.342571e-04 0.000000e+00 0.000000e+00
17500 215.004774 11.277586 15.500000 0.965374 0.260871 0.000000 1.109533e-02 1.930352e-03 0.000000e+00 0.000000e+00 0.000000e+00 4.706135e-05 0.000000e+00 0.000000e+00
17550 215.555787 11.372213 15.500000 0.965797 0.259300 0.000000 1.089314e-02 2.091068e-03 0.000000e+00 0.000000e+00 0.000000e+00 -2.452997e-05 0.000000e+00 0.000000e+00
17600 216.112611 11.475163 15.500000 0.965333 0.261020 0.000000 1.136696e-02 2.012386e-03 0.000000e+00 0.000000e+00 0.000000e+00 1.044430e-04 0.000000e+00 0.000000e+00
17650 216.656985 11.581810 15.500000 0.964812 0.262939 0.000000 1.104631e-02 2.149765e-03 0.000000e+00 0.000000e+00 0.000000e+00 7.668416e-05 0.000000e+00 0.000000e+00
17700 217.225540 11.698203 15.500000 0.964616 0.263660 0.000000 1.110969e-02 2.252705e-03 0.000000e+00 0.000000e+00 0.000000e+00 3.272688e-05 0.000000e+00 0.000000e+00
17750 217.777820 11.807647 15.500000 0.964550 0.263899 0.000000 1.125451e-02 2.567506e-03 0.000000e+00 0.000000e+00 0.000000e+00 -4.934496e-05 0.000000e+00 0.000000e+00
17800 218.341808 11.926178 15.500000 0.964533 0.263962 0.000000 1.124517e-02 2.294341e-03 0.000000e+00 0.000000e+00 0.000000e+00 -3.210126e-05 0.000000e+00 0.000000e+00
17850 218.888565 12.035765 15.500000 0.965757 0.259449 0.000000 1.104156e-02 2.421312e-03 0.000000e+00 0.000000e+00 0.000000e+00 -8.009750e-05 0.000000e+00 0.000000e+00
17900 219.437002 12.137458 15.500000 0.966346 0.257244 0.000000 1.088916e-02 2.118200e-03 0.000000e+00 0.000000e+00 0.000000e+00 -6.711782e-05 0.000000e+00 0.000000e+00
17950 219.977254 12.243771 15.500000 0.967021 0.254697 0.000000 1.086181e-02 2.025139e-03 0.000000e+00 0.000000e+00 0.000000e+00 3.584616e-05 0.000000e+00 0.000000e+00
18000 220.526149 12.343674 15.500000 0.967572 0.252594 0.000000 1.088276e-02 2.146016e-03 0.000000e+00 0.000000e+00 0.000000e+00 -5.905488e-05 0.000000e+00 0.000000e+00
18050 221.077505 12.450207 15.500000 0.967142 0.254237 0.000000 1.115871e-02 2.211783e-03 0.000000e+00 0.000000e+00 0.000000e+00 1.129164e-04 0.000000e+00 0.000000e+00
18100 221.618836 12.560569 15.500000 0.966611 0.256248 0.000000 1.085378e-02 2.203747e-03 0.000000e+00 0.000000e+00 0.000000e+00 1.923529e-06 0.000000e+00 0.000000e+00
18150 222.183227 12.678940 15.500000 0.966439 0.256898 0.000000 1.128183e-02 2.385699e-03 0.000000e+00 0.000000e+00 0.000000e+00 -1.864095e-05 0.000000e+00 0.000000e+00
18200 222.731894 12.790859 15.500000 0.966136 0.258035 0.000000 1.112433e-02 2.461790e-03 0.000000e+00 0.000000e+00 0.000000e+00 -9.981070e-05 0.000000e+00 0.000000e+00
18250 223.292227 12.914258 15.500000 0.966161 0.257941 0.000000 1.123908e-02 2.195464e-03 0.000000e+00 0.000000e+00 0.000000e+00 4.269916e-05 0.000000e+00 0.000000e+00
18300 223.838455 13.027656 15.500000 0.967226 0.253919 0.000000 1.068998e-02 2.242147e-03 0.000000e+00 0.000000e+00 0.000000e+00 -4.981713e-05 0.000000e+00 0.000000e+00
18350 224.384071 13.134672 15.500000 0.967774 0.251819 0.000000 1.073504e-02 1.961223e-03 0.000000e+00 0.000000e+00 0.000000e+00 -3.696360e-05 0.000000e+00 0.000000e+00
18400 224.922251 13.245521 15.500000 0.968516 0.248950 0.000000 1.063843e-02 2.132134e-03 0.000000e+00 0.000000e+00 0.000000e+00 4.046533e-05 0.000000e+00 0.000000e+00
18450 225.467564 13.348421 15.500000 0.968805 0.247824 0.000000 1.094393e-02 2.096030e-03 0.000000e+00 0.000000e+00 0.000000e+00 -9.680042e-05 0.000000e+00 0.000000e+00
18500 226.015605 13.459424 15.500000 0.968583 0.248689 0.000000 1.116466e-02 2.173609e-03 0.000000e+00 0.000000e+00 0.000000e+00 3.827729e-05 0.000000e+00 0.000000e+00
18550 226.557902 13.573993 15.500000 0.967925 0.251238 0.000000 1.068246e-02 2.267349e-03 0.000000e+00 0.000000e+00 0.000000e+00 1.451106e-05 0.000000e+00 0.000000e+00
18600 227.116213 13.697647 15.500000 0.967828 0.251615 0.000000 1.148573e-02 2.559548e-03 0.000000e+00 0.000000e+00 0.000000e+00 8.058801e-06 0.000000e+00 0.000000e+00
18650 227.664548 13.813622 15.500000 0.967493 0.252898 0.000000 1.091514e-02 2.638692e-03 0.000000e+00 0.000000e+00 0.000000e+00 -1.016090e-04 0.000000e+00 0.000000e+00
18700 228.218326 13.942913 15.500000 0.967750 0.251914 0.000000 1.115391e-02 2.357223e-03 0.000000e+00 0.000000e+00 0.000000e+00 4.326528e-05 0.000000e+00 0.000000e+00
18750 228.763170 14.060697 15.500000 0.968752 0.248032 0.000000 1.061799e-02 2.415792e-03 0.000000e+00 0.000000e+00 0.000000e+00 -1.087977e-04 0.000000e+00 0.000000e+00
18800 229.301841 14.171513 15.500000 0.969045 0.246886 0.000000 1.066247e-02 2.104586e-03 0.000000e+00 0.000000e+00 0.000000e+00 -7.489383e-05 0.000000e+00 0.000000e+00
18850 229.839528 14.286396 15.500000 0.969706 0.244275 0.000000 1.083483e-02 2.416086e-03 0.000000e+00 0.000000e+00 0.000000e+00 6.019364e-06 0.000000e+00 0.000000e+00
18900 230.381028 14.395863 15.500000 0.969493 0.245118 0.000000 1.079265e-02 2.149711e-03 0.000000e+00 0.000000e+00 0.000000e+00 -1.282559e-04 0.000000e+00 0.000000e+00
18950 230.927315 14.511069 15.500000 0.969571 0.244812 0.000000 1.101392e-02 2.532393e-03 0.000000e+00 0.000000e+00 0.000000e+00 9.457994e-06 0.000000e+00 0.000000e+00
19000 231.474267 14.632221 15.500000 0.968583 0.248692 0.000000 1.075300e-02 2.358077e-03 0.000000e+00 0.000000e+00 0.000000e+00 1.857091e-05 0.000000e+00 0.000000e+00
19050 232.020312 14.762239 15.500000 0.968890 0.247493 0.000000 1.109372e-02 2.587122e-03 0.000000e+00 0.000000e+00 0.000000e+00 4.715041e-05 0.000000e+00 0.000000e+00
19100 232.572029 14.886829 15.500000 0.968577 0.248713 0.000000 1.091065e-02 2.514012e-03 0.000000e+00 0.000000e+00 0.000000e+00 -1.033949e-04 0.000000e+00 0.000000e+00
19150 233.115650 15.016249 15.500000 0.969105 0.246650 0.000000 1.088550e-02 2.281685e-03 0.000000e+00 0.000000e+00 0.000000e+00 -8.048545e-05 0.000000e+00 0.000000e+00
19200 233.655554 15.131671 15.500000 0.970041 0.242941 0.000000 1.060693e-02 2.300407e-03 0.000000e+00 0.000000e+00 0.000000e+00 -1.124239e-04 0.000000e+00 0.000000e+00
19250 234.189922 15.243920 15.500000 0.970183 0.242372 0.000000 1.080526e-02 2.086158e-03 0.000000e+00 0.000000e+00 0.000000e+00 -1.795072e-05 0.000000e+00 0.000000e+00
19300 234.724924 15.362915 15.500000 0.971078 0.238762 0.000000 1.066133e-02 2.285581e-03 0.000000e+00 0.000000e+00 0.000000e+00 7.144379e-05 0.000000e+00 0.000000e+00
19350 235.269999 15.482490 15.500000 0.970042 0.242939 0.000000 1.062940e-02 2.458275e-03 0.000000e+00 0.000000e+00 0.000000e+00 1.268465e-04 0.000000e+00 0.000000e+00
19400 235.806069 15.606273 15.500000 0.969908 0.243472 0.000000 1.120091e-02 2.687485e-03 0.000000e+00 0.000000e+00 0.000000e+00 -7.382966e-05 0.000000e+00 0.000000e+00
19450 236.357914 15.734929 15.500000 0.969346 0.245699 0.000000 1.090593e-02 2.447375e-03 0.000000e+00 0.000000e+00 0.000000e+00 1.389200e-04 0.000000e+00 0.000000e+00
19500 236.898751 15.865293 15.500000 0.969666 0.244433 0.000000 1.106862e-02 2.907723e-03 0.000000e+00 0.000000e+00 0.000000e+00 -5.343208e-05 0.000000e+00 0.000000e+00
19550 237.447091 15.993656 15.500000 0.969828 0.243792 0.000000 1.083640e-02 2.545364e-03 0.000000e+00 0.000000e+00 0.000000e+00 1.884246e-05 0.000000e+00 0.000000e+00
19600 237.980228 16.120847 15.500000 0.970551 0.240894 0.000000 1.068365e-02 2.408498e-03 0.000000e+00 0.000000e+00 0.000000e+00 6.309202e-05 0.000000e+00 0.000000e+00
19650 238.515390 16.237569 15.500000 0.971310 0.237815 0.000000 1.072010e-02 2.632196e-03 0.000000e+00 0.000000e+00 0.000000e+00 -5.748585e-05 0.000000e+00 0.000000e+00
19700 239.049130 16.361089 15.500000 0.971126 0.238566 0.000000 1.085471e-02 2.322868e-03 0.000000e+00 0.000000e+00 0.000000e+00 7.267651e-05 0.000000e+00 0.000000e+00
19750 239.580788 16.479765 15.500000 0.970950 0.239283 0.000000 1.050042e-02 2.469613e-03 0.000000e+00 0.000000e+00 0.000000e+00 -2.233575e-05 0.000000e+00 0.000000e+00
19800 240.132253 16.607224 15.500000 0.970722 0.240206 0.000000 1.101202e-02 2.572232e-03 0.000000e+00 0.000000e+00 0.000000e+00 2.817706e-05 0.000000e+00 0.000000e+00
19850 240.668562 16.731333 15.500000 0.970100 0.242704 0.000000 1.062310e-02 2.783954e-03 0.000000e+00 0.000000e+00 0.000000e+00 -1.578455e-04 0.000000e+00 0.000000e+00
19900 241.214413 16.873889 15.500000 0.970437 0.241355 0.000000 1.111285e-02 2.571956e-03 0.000000e+00 0.000000e+00 0.000000e+00 1.168920e-04 0.000000e+00 0.000000e+00
19950 241.753400 17.003539 15.500000 0.971016 0.239016 0.000000 1.050114e-02 2.569030e-03 0.000000e+00 0.000000e+00 0.000000e+00 -8.666836e-05 0.000000e+00 0.000000e+00
20000 242.287633 17.128183 15.500000 0.971578 0.236719 0.000000 1.065737e-02 2.160338e-03 0.000000e+00 0.000000e+00 0.000000e+00 -6.922768e-05 0.000000e+00 0.000000e+00
20050 242.816222 17.251946 15.500000 0.972312 0.233688 0.000000 1.064825e-02 2.517253e-03 0.000000e+00 0.000000e+00 0.000000e+00 -3.060064e-05 0.000000e+00 0.000000e+00
20100 243.348606 17.372530 15.500000 0.972144 0.234384 0.000000 1.069724e-02 2.388852e-03 0.000000e+00 0.000000e+00 0.000000e+00 -1.568215e-04 0.000000e+00 0.000000e+00
20150 243.886019 17.497066 15.500000 0.972417 0.233249 0.000000 1.107338e-02 2.637502e-03 0.000000e+00 0.000000e+00 0.000000e+00 5.531611e-05 0.000000e+00 0.000000e+00
20200 244.425715 17.627904 15.500000 0.971375 0.237550 0.000000 1.057892e-02 2.701078e-03 0.000000e+00 0.000000e+00 0.000000e+00 3.167262e-05 0.000000e+00 0.000000e+00
20250 244.960952 17.766597 15.500000 0.971820 0.235723 0.000000 1.082783e-02 3.053575e-03 0.000000e+00 0.000000e+00 0.000000e+00 -4.730470e-05 0.000000e+00 0.000000e+00
20300 245.505285 17.903572 15.500000 0.971534 0.236901 0.000000 1.074438e-02 2.664781e-03 0.000000e+00 0.000000e+00 0.000000e+00 -1.471794e-06 0.000000e+00 0.000000e+00
20350 246.036492 18.042314 15.500000 0.972157 0.234331 0.000000 1.067938e-02 2.567709e-03 0.000000e+00 0.000000e+00 0.000000e+00 6.715350e-06 0.000000e+00 0.000000e+00
20400 246.568319 18.166131 15.500000 0.972954 0.230997 0.000000 1.062126e-02 2.734986e-03 0.000000e+00 0.000000e+00 0.000000e+00 -1.355048e-04 0.000000e+00 0.000000e+00
20450 247.094210 18.293473 15.500000 0.972988 0.230858 0.000000 1.074247e-02 2.386141e-03 0.000000e+00 0.000000e+00 0.000000e+00 3.908223e-05 0.000000e+00 0.000000e+00
20500 247.622422 18.416062 15.500000 0.973475 0.228792 0.000000 1.038507e-02 2.638873e-03 0.000000e+00 0.000000e+00 0.000000e+00 -7.679085e-05 0.000000e+00 0.000000e+00
20550 248.166102 18.547328 15.500000 0.973045 0.230614 0.000000 1.083256e-02 2.552114e-03 0.000000e+00 0.000000e+00 0.000000e+00 7.184351e-05 0.000000e+00 0.000000e+00
20600 248.692915 18.680892 15.500000 0.972545 0.232715 0.000000 1.064409e-02 3.053633e-03 0.000000e+00 0.000000e+00 0.000000e+00 -1.045566e-04 0.000000e+00 0.000000e+00
20650 249.235648 18.825589 15.500000 0.972711 0.232019 0.000000 1.084031e-02 2.714920e-03 0.000000e+00 0.000000e+00 0.000000e+00 3.024747e-05 0.000000e+00 0.000000e+00
20700 249.769573 18.964492 15.500000 0.972914 0.231167 0.000000 1.045110e-02 2.821882e-03 0.000000e+00 0.000000e+00 0.000000e+00 -8.658458e-05 0.000000e+00 0.000000e+00
20750 250.298823 19.098996 15.500000 0.973581 0.228343 0.000000 1.067335e-02 2.294019e-03 0.000000e+00 0.000000e+00 0.000000e+00 -9.980967e-05 0.000000e+00 0.000000e+00
20800 250.821929 19.228447 15.500000 0.974374 0.224936 0.000000 1.051149e-02 2.638534e-03 0.000000e+00 0.000000e+00 0.000000e+00 5.482834e-06 0.000000e+00 0.000000e+00
20850 251.348150 19.354598 15.500000 0.974324 0.225150 0.000000 1.054256e-02 2.401323e-03 0.000000e+00 0.000000e+00 0.000000e+00 -1.091410e-04 0.000000e+00 0.000000e+00
20900 251.879808 19.484805 15.500000 0.974747 0.223313 0.000000 1.083163e-02 2.782264e-03 0.000000e+00 0.000000e+00 0.000000e+00 8.155320e-05 0.000000e+00 0.000000e+00
20950 252.413526 19.621269 15.500000 0.973830 0.227277 0.000000 1.047048e-02 2.837253e-03 0.000000e+00 0.000000e+00 0.000000e+00 2.979067e-05 0.000000e+00 0.000000e+00
21000 252.942452 19.764712 15.500000 0.974320 0.225167 0.000000 1.076095e-02 3.128620e-03 0.000000e+00 0.000000e+00 0.000000e+00 -4.332064e-05 0.000000e+00 0.000000e+00
21050 253.481131 19.908131 15.500000 0.974084 0.226187 0.000000 1.062989e-02 2.793242e-03 0.000000e+00 0.000000e+00 0.000000e+00 -3.748000e-05 0.000000e+00 0.000000e+00
21100 254.006084 20.048779 15.500000 0.974813 0.223023 0.000000 1.057039e-02 2.722251e-03 0.000000e+00 0.000000e+00 0.000000e+00 -6.782097e-05 0.000000e+00 0.000000e+00
21150 254.531778 20.177653 15.500000 0.975576 0.219663 0.000000 1.043153e-02 2.836912e-03 0.000000e+00 0.000000e+00 0.000000e+00 -1.180155e-04 0.000000e+00 0.000000e+00
21200 255.052286 20.312040 15.500000 0.975697 0.219124 0.000000 1.053516e-02 2.529684e-03 0.000000e+00 0.000000e+00 0.000000e+00 6.238091e-05 0.000000e+00 0.000000e+00
21250 255.574586 20.439182 15.500000 0.975956 0.217965 0.000000 1.028169e-02 2.663654e-03 0.000000e+00 0.000000e+00 0.000000e+00 -4.599524e-05 0.000000e+00 0.000000e+00
21300 256.111488 20.579151 15.500000 0.975892 0.218255 0.000000 1.083907e-02 2.897066e-03 0.000000e+00 0.000000e+00 0.000000e+00 8.960219e-06 0.000000e+00 0.000000e+00
21350 256.635575 20.714295 15.500000 0.975293 0.220917 0.000000 1.032227e-02 2.885375e-03 0.000000e+00 0.000000e+00 0.000000e+00 -1.117522e-04 0.000000e+00 0.000000e+00
21400 257.167580 20.868072 15.500000 0.975902 0.218211 0.000000 1.066094e-02 2.853635e-03 0.000000e+00 0.000000e+00 0.000000e+00 5.433467e-05 0.000000e+00 0.000000e+00
21450 257.696201 21.007986 15.500000 0.976396 0.215990 0.000000 1.032429e-02 2.823125e-03 0.000000e+00 0.000000e+00 0.000000e+00 -1.045276e-04 0.000000e+00 0.000000e+00
21500 258.215837 21.145196 15.500000 0.976889 0.213747 0.000000 1.044971e-02 2.506209e-03 0.000000e+00 0.000000e+00 0.000000e+00 -5.359646e-05 0.000000e+00 0.000000e+00
21550 258.732542 21.280548 15.500000 0.977786 0.209607 0.000000 1.045397e-02 2.578741e-03 0.000000e+00 0.000000e+00 0.000000e+00 5.882084e-05 0.000000e+00 0.000000e+00
21600 259.255815 21.415281 15.500000 0.977356 0.211601 0.000000 1.026120e-02 2.658099e-03 0.000000e+00 0.000000e+00 0.000000e+00 -2.530345e-05 0.000000e+00 0.000000e+00
21650 259.772893 21.550846 15.500000 0.977673 0.210134 0.000000 1.105705e-02 2.882874e-03 0.000000e+00 0.000000e+00 0.000000e+00 -1.371844e-05 0.000000e+00 0.000000e+00
21700 260.307365 21.695638 15.500000 0.977385 0.211469 0.000000 1.040363e-02 2.747981e-03 0.000000e+00 0.000000e+00 0.000000e+00 1.337906e-04 0.000000e+00 0.000000e+00
21750 260.828584 21.839503 15.500000 0.977606 0.210446 0.000000 1.048992e-02 3.229716e-03 0.000000e+00 0.000000e+00 0.000000e+00 -8.679495e-05 0.000000e+00 0.000000e+00
21800 261.358680 21.988199 15.500000 0.977873 0.209198 0.000000 1.043822e-02 2.868774e-03 0.000000e+00 0.000000e+00 0.000000e+00 -9.797468e-05 0.000000e+00 0.000000e+00
21850 261.871981 22.133108 15.500000 0.978814 0.204753 0.000000 1.015376e-02 2.773619e-03 0.000000e+00 0.000000e+00 0.000000e+00 -3.033589e-05 0.000000e+00 0.000000e+00
21900 262.388847 22.265707 15.500000 0.979293 0.202450 0.000000 1.035055e-02 2.908200e-03 0.000000e+00 0.000000e+00 0.000000e+00 -1.721942e-04 0.000000e+00 0.000000e+00
21950 262.904454 22.408541 15.500000 0.979582 0.201043 0.000000 1.050587e-02 2.845373e-03 0.000000e+00 0.000000e+00 0.000000e+00 3.950566e-05 0.000000e+00 0.000000e+00
22000 263.421685 22.549343 15.500000 0.979230 0.202752 0.000000 1.011453e-02 2.922050e-03 0.000000e+00 0.000000e+00 0.000000e+00 -7.826010e-05 0.000000e+00 0.000000e+00
22050 263.940261 22.698342 15.500000 0.979562 0.201140 0.000000 1.048493e-02 3.243973e-03 0.000000e+00 0.000000e+00 0.000000e+00 -5.666655e-06 0.000000e+00 0.000000e+00
22100 264.466554 22.848453 15.500000 0.979364 0.202105 0.000000 1.029843e-02 2.915503e-03 0.000000e+00 0.000000e+00 0.000000e+00 -4.960142e-06 0.000000e+00 0.000000e+00
22150 264.980520 23.002956 15.500000 0.979977 0.199109 0.000000 1.018885e-02 2.957843e-03 0.000000e+00 0.000000e+00 0.000000e+00 -4.726890e-05 0.000000e+00 0.000000e+00
22200 265.495981 23.145025 15.500000 0.980757 0.195230 0.000000 1.015047e-02 2.887086e-03 0.000000e+00 0.000000e+00 0.000000e+00 -1.621088e-04 0.000000e+00 0.000000e+00
22250 266.002810 23.289160 15.500000 0.981179 0.193100 0.000000 1.028493e-02 2.825897e-03 0.000000e+00 0.000000e+00 0.000000e+00 2.860104e-05 0.000000e+00 0.000000e+00
22300 266.513619 23.425692 15.500000 0.981532 0.191296 0.000000 1.005095e-02 2.804318e-03 0.000000e+00 0.000000e+00 0.000000e+00 -5.261653e-05 0.000000e+00 0.000000e+00
22350 267.035033 23.573971 15.500000 0.981797 0.189935 0.000000 1.045927e-02 2.987579e-03 0.000000e+00 0.000000e+00 0.000000e+00 3.479463e-06 0.000000e+00 0.000000e+00
22400 267.549295 23.718891 15.500000 0.981341 0.192273 0.000000 1.006387e-02 2.849783e-03 0.000000e+00 0.000000e+00 0.000000e+00 -3.264913e-05 0.000000e+00 0.000000e+00
22450 268.064473 23.879622 15.500000 0.982330 0.187158 0.000000 1.054787e-02 3.260179e-03 0.000000e+00 0.000000e+00 0.000000e+00 3.831495e-06 0.000000e+00 0.000000e+00
22500 268.579014 24.031992 15.500000 0.982790 0.184728 0.000000 1.025498e-02 3.334101e-03 0.000000e+00 0.000000e+00 0.000000e+00 -9.225018e-05 0.000000e+00 0.000000e+00
22550 269.080997 24.182085 15.500000 0.983302 0.181984 0.000000 1.022995e-02 2.759786e-03 0.000000e+00 0.000000e+00 0.000000e+00 -6.312376e-05 0.000000e+00 0.000000e+00
22600 269.585171 24.331789 15.500000 0.984395 0.175971 0.000000 9.949172e-03 3.209851e-03 0.000000e+00 0.000000e+00 0.000000e+00 -1.088833e-04 0.000000e+00 0.000000e+00
22650 270.094790 24.479243 15.500000 0.984254 0.176762 0.000000 1.048716e-02 2.906553e-03 0.000000e+00 0.000000e+00 0.000000e+00 2.893207e-05 0.000000e+00 0.000000e+00
22700 270.593770 24.627313 15.500000 0.984320 0.176392 0.000000 9.884597e-03 2.989197e-03 0.000000e+00 0.000000e+00 0.000000e+00 2.303791e-06 0.000000e+00 0.000000e+00
22750 271.103946 24.793207 15.500000 0.984927 0.172968 0.000000 1.036427e-02 3.344928e-03 0.000000e+00 0.000000e+00 0.000000e+00 2.933356e-06 0.000000e+00 0.000000e+00
22800 271.612672 24.953984 15.500000 0.985331 0.170656 0.000000 1.009235e-02 2.861595e-03 0.000000e+00 0.000000e+00 0.000000e+00 -1.291168e-04 0.000000e+00 0.000000e+00
22850 272.110533 25.112629 15.500000 0.986044 0.166486 0.000000 1.003959e-02 3.013429e-03 0.000000e+00 0.000000e+00 0.000000e+00 -1.010814e-04 0.000000e+00 0.000000e+00
22900 272.606560 25.267957 15.500000 0.987295 0.158899 0.000000 9.660862e-03 3.130229e-03 0.000000e+00 0.000000e+00 0.000000e+00 -6.133140e-05 0.000000e+00 0.000000e+00
22950 273.103460 25.422996 15.500000 0.987226 0.159329 0.000000 1.003648e-02 3.043511e-03 0.000000e+00 0.000000e+00 0.000000e+00 -3.817528e-05 0.000000e+00 0.000000e+00
23000 273.587571 25.574904 15.500000 0.987553 0.157288 0.000000 9.642595e-03 3.121495e-03 0.000000e+00 0.000000e+00 0.000000e+00 -6.478992e-05 0.000000e+00 0.000000e+00
23050 274.091039 25.744450 15.500000 0.988176 0.153321 0.000000 1.024834e-02 3.483743e-03 0.000000e+00 0.000000e+00 0.000000e+00 -6.039792e-05 0.000000e+00 0.000000e+00
23100 274.589719 25.913675 15.500000 0.988650 0.150234 0.000000 9.777643e-03 3.431074e-03 0.000000e+00 0.000000e+00 0.000000e+00 -1.121085e-04 0.000000e+00 0.000000e+00
23150 275.077297 26.084577 15.500000 0.989439 0.144951 0.000000 9.989226e-03 3.148721e-03 0.000000e+00 0.000000e+00 0.000000e+00 -2.711521e-05 0.000000e+00 0.000000e+00
23200 275.563715 26.249851 15.500000 0.990731 0.135835 0.000000 9.513539e-03 3.628119e-03 0.000000e+00 0.000000e+00 0.000000e+00 -1.900728e-04 0.000000e+00 0.000000e+00
23250 276.046567 26.413200 15.500000 0.990942 0.134289 0.000000 9.770666e-03 3.169741e-03 0.000000e+00 0.000000e+00 0.000000e+00 5.280841e-05 0.000000e+00 0.000000e+00
23300 276.518426 26.571589 15.500000 0.991430 0.130637 0.000000 9.333019e-03 3.272206e-03 0.000000e+00 0.000000e+00 0.000000e+00 -1.067793e-04 -2.932518e-05 0.000000e+00
23350 276.999569 26.748468 15.500000 0.992363 0.123348 0.000000 9.784451e-03 3.706013e-03 0.000000e+00 0.000000e+00 0.000000e+00 -1.175714e-04 -3.764142e-04 0.000000e+00
23400 277.485346 26.933452 15.500000 0.993178 0.116606 0.000000 9.626900e-03 3.344002e-03 0.000000e+00 0.000000e+00 0.000000e+00 -1.547710e-04 -1.162344e-03 0.000000e+00
23450 277.955885 27.112123 15.500000 0.994150 0.108011 0.000000 9.334434e-03 3.310996e-03 0.000000e+00 0.000000e+00 0.000000e+00 -6.861428e-05 -2.328876e-03 0.000000e+00
23500 278.423630 27.280871 15.500000 0.995300 0.096841 0.000000 9.288853e-03 3.442843e-03 0.000000e+00 0.000000e+00 0.000000e+00 -3.461522e-04 -3.797519e-03 0.000000e+00
23550 278.888564 27.445280 15.500000 0.996212 0.086958 0.000000 9.515600e-03 3.113539e-03 0.000000e+00 0.000000e+00 0.000000e+00 -1.209476e-04 -5.577440e-03 0.000000e+00
23600 279.354355 27.594972 15.500000 0.996929 0.078307 0.000000 9.113334e-03 3.187805e-03 0.000000e+00 0.000000e+00 0.000000e+00 -1.639301e-04 -7.489509e-03 0.000000e+00
23650 279.811759 27.762307 15.500000 0.998081 0.061920 0.000000 9.341610e-03 3.699401e-03 0.000000e+00 0.000000e+00 0.000000e+00 -4.578555e-04 -9.953158e-03 0.000000e+00
23700 280.278124 27.945531 15.500000 0.998974 0.045281 0.000000 9.343096e-03 3.959842e-03 0.000000e+00 0.000000e+00 0.000000e+00 -3.758145e-04 -1.305726e-02 0.000000e+00
23750 280.734784 28.000000 15.500000 0.999744 0.022646 0.000000 8.994811e-03 0.000000e+00 0.000000e+00 0.000000e+00 0.000000e+00 -3.877069e-04 -1.413717e-02 0.000000e+00
23800 281.198906 28.000000 15.500000 0.999999 0.001244 0.000000 9.417507e-03 0.000000e+00 0.000000e+00 0.000000e+00 0.000000e+00 -4.924290e-04 -1.413717e-02 0.000000e+00
23850 281.665329 28.000000 15.500000 0.999750 -0.022374 0.000000 9.379826e-03 0.000000e+00 0.000000e+00 0.000000e+00 0.000000e+00 -3.957794e-04 -1.413717e-02 0.000000e+00
23900 282.141028 28.000000 15.500000 0.999124 -0.041850 0.000000 9.814219e-03 0.000000e+00 0.000000e+00 0.000000e+00 0.000000e+00 -5.031338e-04 -1.413717e-02 0.000000e+00
23950 282.624270 28.000000 15.500000 0.997901 -0.064761 0.000000 9.804949e-03 0.000000e+00 0.000000e+00 0.000000e+00 0.000000e+00 -3.940455e-04 -1.413717e-02 0.000000e+00
24000 283.115937 28.000000 15.500000 0.996561 -0.082858 0.000000 9.956327e-03 0.000000e+00 0.000000e+00 0.000000e+00 0.000000e+00 -4.635988e-04 -1.413717e-02 0.000000e+00
24050 283.615094 28.000000 15.500000 0.994492 -0.104817 0.000000 1.029127e-02 0.000000e+00 0.000000e+00 0.000000e+00 0.000000e+00 -3.467139e-04 -1.413717e-02 0.000000e+00
24100 284.122698 28.000000 15.500000 0.992553 -0.121810 0.000000 1.026514e-02 0.000000e+00 0.000000e+00 0.000000e+00 0.000000e+00 -4.344528e-04 -1.413717e-02 0.000000e+00
24150 284.637009 28.000000 15.500000 0.989848 -0.142128 0.000000 1.040116e-02 0.000000e+00 0.000000e+00 0.000000e+00 0.000000e+00 -3.280506e-04 -1.413717e-02 0.000000e+00
24200 285.159760 28.000000 15.500000 0.987394 -0.158281 0.000000 1.056223e-02 0.000000e+00 0.000000e+00 0.000000e+00 0.000000e+00 -4.405927e-04 -1.413717e-02 0.000000e+00
24250 285.686196 28.000000 15.500000 0.984307 -0.176466 0.000000 1.042999e-02 0.000000e+00 0.000000e+00 0.000000e+00 0.000000e+00 -2.637345e-04 -1.413717e-02 0.000000e+00
24300 286.222446 28.000000 15.500000 0.981362 -0.192166 0.000000 1.074708e-02 0.000000e+00 0.000000e+00 0.000000e+00 0.000000e+00 -3.904861e-04 -1.413717e-02 0.000000e+00
24350 286.759792 28.000000 15.500000 0.978088 -0.208190 0.000000 1.080467e-02 0.000000e+00 0.000000e+00 0.000000e+00 0.000000e+00 -2.387015e-04 -1.413717e-02 0.000000e+00
24400 287.307530 28.000000 15.500000 0.974665 -0.223669 0.000000 1.104549e-02 0.000000e+00 0.000000e+00 0.000000e+00 0.000000e+00 -3.564578e-04 -1.413717e-02 0.000000e+00
24450 287.855845 28.000000 15.500000 0.971485 -0.237102 0.000000 1.105724e-02 0.000000e+00 0.000000e+00 0.000000e+00 0.000000e+00 -1.585345e-04 -1.413717e-02 0.000000e+00
24500 288.412957 28.000000 15.500000 0.967631 -0.252370 0.000000 1.101647e-02 0.000000e+00 0.000000e+00 0.000000e+00 0.000000e+00 -2.629457e-04 -1.413717e-02 0.000000e+00
24550 288.971182 28.000000 15.500000 0.964575 -0.263809 0.000000 1.118844e-02 0.000000e+00 0.000000e+00 0.000000e+00 0.000000e+00 -1.785161e-04 -1.413717e-02 0.000000e+00
24600 289.534775 28.000000 15.500000 0.960365 -0.278745 0.000000 1.118361e-02 0.000000e+00 0.000000e+00 0.000000e+00 0.000000e+00 -2.797154e-04 -1.413717e-02 0.000000e+00
24650 290.103475 28.000000 15.500000 0.957145 -0.289608 0.000000 1.144803e-02 0.000000e+00 0.000000e+00 0.000000e+00 0.000000e+00 -3.226792e-04 -1.413717e-02 0.000000e+00
24700 290.673216 28.000000 15.500000 0.953111 -0.302620 0.000000 1.143169e-02 0.000000e+00 0.000000e+00 0.000000e+00 0.000000e+00 -1.710582e-04 -1.413621e-02 0.000000e+00
24750 291.248475 28.000000 15.500000 0.949488 -0.313802 0.000000 1.145745e-02 0.000000e+00 0.000000e+00 0.000000e+00 0.000000e+00 -2.987349e-04 -1.413717e-02 0.000000e+00
24800 291.823356 28.000000 15.500000 0.946117 -0.323826 0.000000 1.157410e-02 0.000000e+00 0.000000e+00 0.000000e+00 0.000000e+00 -1.608566e-04 -1.413083e-02 0.000000e+00
24850 292.404777 27.999041 15.500000 0.942048 -0.335478 0.000000 1.153749e-02 6.253821e-04 0.000000e+00 0.000000e+00 0.000000e+00 -2.507629e-04 -1.410731e-02 0.000000e+00
24900 292.986490 27.948084 15.500000 0.939583 -0.342322 0.000000 1.170525e-02 2.519917e-03 0.000000e+00 0.000000e+00 0.000000e+00 -2.339194e-04 -1.312968e-02 0.000000e+00
24950 293.577694 27.435798 15.500000 0.941738 -0.336347 0.000000 1.204854e-02 -1.110548e-02 0.000000e+00 0.000000e+00 0.000000e+00 4.335419e-05 -5.633669e-03 0.000000e+00
25000 294.190684 26.918455 15.500000 0.943069 -0.332598 0.000000 1.194195e-02 -4.473686e-03 0.000000e+00 0.000000e+00 0.000000e+00 1.145366e-04 -1.123864e-03 0.000000e+00
25050 294.773424 26.813661 15.500000 0.944591 -0.328249 0.000000 1.138177e-02 -2.240930e-03 0.000000e+00 0.000000e+00 0.000000e+00 5.685967e-05 -6.270261e-04 0.000000e+00
25100 295.347820 26.759998 15.500000 0.944627 -0.328145 0.000000 1.135788e-02 -1.393019e-03 0.000000e+00 0.000000e+00 0.000000e+00 1.393397e-04 -4.293014e-04 0.000000e+00
25150 295.920612 26.700581 15.500000 0.945516 -0.325577 0.000000 1.136539e-02 -1.309331e-03 0.000000e+00 0.000000e+00 0.000000e+00 1.415482e-05 -2.561015e-04 0.000000e+00
25200 296.498314 26.649918 15.500000 0.945384 -0.325958 0.000000 1.152296e-02 -1.121942e-03 0.000000e+00 0.000000e+00 0.000000e+00 3.955082e-05 -1.433379e-04 0.000000e+00
25250 297.074823 26.595210 15.500000 0.944735 -0.327836 0.000000 1.168268e-02 -1.181507e-03 0.000000e+00 0.000000e+00 0.000000e+00 -5.680086e-05 -5.837905e-05 0.000000e+00
25300 297.649217 26.532172 15.500000 0.944361 -0.328910 0.000000 1.150751e-02 -1.138081e-03 0.000000e+00 0.000000e+00 0.000000e+00 6.008492e-05 -6.971523e-06 0.000000e+00
25350 298.242571 26.470735 15.500000 0.943326 -0.331868 0.000000 1.148630e-02 -1.333729e-03 0.000000e+00 0.000000e+00 0.000000e+00 -8.381030e-05 0.000000e+00 0.000000e+00
25400 298.822496 26.396299 15.500000 0.942966 -0.332888 0.000000 1.205016e-02 -1.485955e-03 0.000000e+00 0.000000e+00 0.000000e+00 3.193194e-05 0.000000e+00 0.000000e+00
25450 299.420595 26.321605 15.500000 0.941806 -0.336158 0.000000 1.194251e-02 -1.157155e-03 0.000000e+00 0.000000e+00 0.000000e+00 -1.611094e-04 0.000000e+00 0.000000e+00
25500 300.003312 26.238165 15.500000 0.943045 -0.332665 0.000000 1.194570e-02 -1.780414e-03 0.000000e+00 0.000000e+00 0.000000e+00 -3.432442e-05 0.000000e+00 0.000000e+00
25550 300.594142 26.161206 15.500000 0.942879 -0.333137 0.000000 1.164029e-02 -1.417557e-03 0.000000e+00 0.000000e+00 0.000000e+00 1.071712e-04 0.000000e+00 0.000000e+00
25600 301.186186 26.074485 15.500000 0.943812 -0.330483 0.000000 1.183596e-02 -1.364340e-03 0.000000e+00 0.000000e+00 0.000000e+00 -1.053839e-04 0.000000e+00 0.000000e+00
25650 301.764230 26.000885 15.500000 0.945601 -0.325328 0.000000 1.132092e-02 -1.353788e-03 0.000000e+00 0.000000e+00 0.000000e+00 1.424218e-04 0.000000e+00 0.000000e+00
25700 302.338066 25.931281 15.500000 0.947186 -0.320686 0.000000 1.150935e-02 -1.115628e-03 0.000000e+00 0.000000e+00 0.000000e+00 1.248411e-04 0.000000e+00 0.000000e+00
25750 302.899298 25.861267 15.500000 0.949117 -0.314923 0.000000 1.129989e-02 -1.173748e-03 0.000000e+00 0.000000e+00 0.000000e+00 -4.209113e-06 0.000000e+00 0.000000e+00
25800 303.462936 25.802206 15.500000 0.950156 -0.311774 0.000000 1.121749e-02 -1.343879e-03 0.000000e+00 0.000000e+00 0.000000e+00 1.743355e-04 0.000000e+00 0.000000e+00
25850 304.025443 25.728486 15.500000 0.951066 -0.308988 0.000000 1.144706e-02 -1.262372e-03 0.000000e+00 0.000000e+00 0.000000e+00 -4.597510e-05 0.000000e+00 0.000000e+00
25900 304.595323 25.663203 15.500000 0.952169 -0.305571 0.000000 1.121460e-02 -1.505041e-03 0.000000e+00 0.000000e+00 0.000000e+00 8.674881e-05 0.000000e+00 0.000000e+00
25950 305.166080 25.590330 15.500000 0.951554 -0.307480 0.000000 1.147326e-02 -1.358939e-03 0.000000e+00 0.000000e+00 0.000000e+00 -9.322008e-05 0.000000e+00 0.000000e+00
26000 305.731271 25.518056 15.500000 0.951913 -0.306369 0.000000 1.192425e-02 -1.413838e-03 0.000000e+00 0.000000e+00 0.000000e+00 7.481735e-05 0.000000e+00 0.000000e+00
26050 306.314944 25.436212 15.500000 0.951000 -0.309190 0.000000 1.136194e-02 -1.859160e-03 0.000000e+00 0.000000e+00 0.000000e+00 -9.759119e-05 0.000000e+00 0.000000e+00
26100 306.889257 25.349849 15.500000 0.951180 -0.308637 0.000000 1.182941e-02 -1.904191e-03 0.000000e+00 0.000000e+00 0.000000e+00 7.685273e-05 0.000000e+00 0.000000e+00
26150 307.473593 25.261391 15.500000 0.950264 -0.311447 0.000000 1.137927e-02 -1.584239e-03 0.000000e+00 0.000000e+00 0.000000e+00 1.841816e-05 0.000000e+00 0.000000e+00
26200 308.050512 25.166806 15.500000 0.951688 -0.307067 0.000000 1.196024e-02 -1.974681e-03 0.000000e+00 0.000000e+00 0.000000e+00 -6.120132e-05 0.000000e+00 0.000000e+00
26250 308.631543 25.076991 15.500000 0.951989 -0.306131 0.000000 1.160252e-02 -1.862406e-03 0.000000e+00 0.000000e+00 0.000000e+00 5.970955e-05 0.000000e+00 0.000000e+00
26300 309.204268 24.985412 15.500000 0.953323 -0.301953 0.000000 1.150141e-02 -1.691465e-03 0.000000e+00 0.000000e+00 0.000000e+00 1.007282e-04 0.000000e+00 0.000000e+00
26350 309.768459 24.900834 15.500000 0.955137 -0.296163 0.000000 1.095063e-02 -1.843407e-03 0.000000e+00 0.000000e+00 0.000000e+00 7.650143e-05 0.000000e+00 0.000000e+00
26400 310.328299 24.825792 15.500000 0.955805 -0.294003 0.000000 1.107536e-02 -1.454328e-03 0.000000e+00 0.000000e+00 0.000000e+00 9.425789e-05 0.000000e+00 0.000000e+00
26450 310.885716 24.746091 15.500000 0.957070 -0.289858 0.000000 1.104778e-02 -1.732904e-03 0.000000e+00 0.000000e+00 0.000000e+00 -1.062862e-06 0.000000e+00 0.000000e+00
26500 311.448863 24.672142 15.500000 0.957590 -0.288133 0.000000 1.139250e-02 -1.709076e-03 0.000000e+00 0.000000e+00 0.000000e+00 1.737892e-04 0.000000e+00 0.000000e+00
26550 312.012169 24.589644 15.500000 0.957635 -0.287986 0.000000 1.161920e-02 -1.671000e-03 0.000000e+00 0.000000e+00 0.000000e+00 -1.227322e-05 0.000000e+00 0.000000e+00
26600 312.572006 24.505903 15.500000 0.957300 -0.289097 0.000000 1.105521e-02 -1.660733e-03 0.000000e+00 0.000000e+00 0.000000e+00 2.769107e-05 0.000000e+00 0.000000e+00
26650 313.150614 24.416144 15.500000 0.957133 -0.289648 0.000000 1.153937e-02 -1.866120e-03 0.000000e+00 0.000000e+00 0.000000e+00 -2.505455e-05 0.000000e+00 0.000000e+00
26700 313.715076 24.323594 15.500000 0.956534 -0.291621 0.000000 1.145687e-02 -2.189643e-03 0.000000e+00 0.000000e+00 0.000000e+00 1.166882e-04 0.000000e+00 0.000000e+00
26750 314.293329 24.220854 15.500000 0.956782 -0.290806 0.000000 1.137725e-02 -1.833384e-03 0.000000e+00 0.000000e+00 0.000000e+00 -3.136791e-05 0.000000e+00 0.000000e+00
26800 314.861176 24.123454 15.500000 0.957380 -0.288831 0.000000 1.142384e-02 -2.149333e-03 0.000000e+00 0.000000e+00 0.000000e+00 7.312396e-05 0.000000e+00 0.000000e+00
26850 315.435406 24.027088 15.500000 0.957830 -0.287337 0.000000 1.103654e-02 -1.382583e-03 0.000000e+00 0.000000e+00 0.000000e+00 5.194919e-05 0.000000e+00 0.000000e+00
26900 315.992770 23.934167 15.500000 0.959438 -0.281918 0.000000 1.119851e-02 -1.633592e-03 0.000000e+00 0.000000e+00 0.000000e+00 7.090673e-05 0.000000e+00 0.000000e+00
26950 316.550844 23.852798 15.500000 0.960478 -0.278355 0.000000 1.105712e-02 -1.653942e-03 0.000000e+00 0.000000e+00 0.000000e+00 1.086788e-04 0.000000e+00 0.000000e+00
27000 317.102387 23.768422 15.500000 0.961025 -0.276463 0.000000 1.118948e-02 -1.432320e-03 0.000000e+00 0.000000e+00 0.000000e+00 -3.501205e-06 0.000000e+00 0.000000e+00
27050 317.658906 23.681641 15.500000 0.962330 -0.271884 0.000000 1.090805e-02 -1.725274e-03 0.000000e+00 0.000000e+00 0.000000e+00 3.786554e-05 0.000000e+00 0.000000e+00
27100 318.219403 23.596569 15.500000 0.961555 -0.274613 0.000000 1.110106e-02 -1.664373e-03 0.000000e+00 0.000000e+00 0.000000e+00 -2.882685e-05 0.000000e+00 0.000000e+00
27150 318.774520 23.508763 15.500000 0.961958 -0.273196 0.000000 1.175990e-02 -1.894052e-03 0.000000e+00 0.000000e+00 0.000000e+00 2.160311e-05 0.000000e+00 0.000000e+00
27200 319.344407 23.412300 15.500000 0.961056 -0.276354 0.000000 1.102372e-02 -2.048912e-03 0.000000e+00 0.000000e+00 0.000000e+00 -8.925867e-05 0.000000e+00 0.000000e+00
27250 319.906695 23.310708 15.500000 0.961276 -0.275587 0.000000 1.146731e-02 -2.238949e-03 0.000000e+00 0.000000e+00 0.000000e+00 -2.018106e-07 0.000000e+00 0.000000e+00
27300 320.477194 23.208245 15.500000 0.960593 -0.277960 0.000000 1.121878e-02 -1.940001e-03 0.000000e+00 0.000000e+00 0.000000e+00 -5.866897e-05 0.000000e+00 0.000000e+00
27350 321.041685 23.101212 15.500000 0.961614 -0.274405 0.000000 1.154625e-02 -2.349264e-03 0.000000e+00 0.000000e+00 0.000000e+00 1.710638e-05 0.000000e+00 0.000000e+00
27400 321.606245 23.004577 15.500000 0.962106 -0.272675 0.000000 1.125609e-02 -2.221134e-03 0.000000e+00 0.000000e+00 0.000000e+00 1.666484e-04 0.000000e+00 0.000000e+00
27450 322.159614 22.909044 15.500000 0.963030 -0.269394 0.000000 1.120753e-02 -1.918811e-03 0.000000e+00 0.000000e+00 0.000000e+00 7.685311e-05 0.000000e+00 0.000000e+00
27500 322.709750 22.818065 15.500000 0.964281 -0.264881 0.000000 1.078466e-02 -2.008865e-03 0.000000e+00 0.000000e+00 0.000000e+00 4.020808e-05 0.000000e+00 0.000000e+00
27550 323.260691 22.732038 15.500000 0.964309 -0.264779 0.000000 1.093383e-02 -1.680002e-03 0.000000e+00 0.000000e+00 0.000000e+00 8.600180e-06 0.000000e+00 0.000000e+00
27600 323.811631 22.635982 15.500000 0.965137 -0.261744 0.000000 1.120856e-02 -1.914305e-03 0.000000e+00 0.000000e+00 0.000000e+00 -1.101212e-04 0.000000e+00 0.000000e+00
27650 324.368685 22.542531 15.500000 0.964432 -0.264330 0.000000 1.095963e-02 -1.881752e-03 0.000000e+00 0.000000e+00 0.000000e+00 -3.384425e-05 0.000000e+00 0.000000e+00
27700 324.927730 22.445723 15.500000 0.964531 -0.263971 0.000000 1.137742e-02 -2.092054e-03 0.000000e+00 0.000000e+00 0.000000e+00 -2.402342e-05 0.000000e+00 0.000000e+00
27750 325.489952 22.341626 15.500000 0.963515 -0.267654 0.000000 1.096594e-02 -1.958359e-03 0.000000e+00 0.000000e+00 0.000000e+00 -2.685054e-05 0.000000e+00 0.000000e+00
27800 326.049035 22.229639 15.500000 0.964055 -0.265704 0.000000 1.131918e-02 -2.226681e-03 0.000000e+00 0.000000e+00 0.000000e+00 -3.605050e-05 0.000000e+00 0.000000e+00
27850 326.612849 22.123616 15.500000 0.963856 -0.266424 0.000000 1.110188e-02 -1.986353e-03 0.000000e+00 0.000000e+00 0.000000e+00 5.936238e-05 0.000000e+00 0.000000e+00
27900 327.173148 22.011374 15.500000 0.964394 -0.264468 0.000000 1.123512e-02 -1.903601e-03 0.000000e+00 0.000000e+00 0.000000e+00 -3.260829e-05 0.000000e+00 0.000000e+00
27950 327.726495 21.907857 15.500000 0.965588 -0.260076 0.000000 1.078014e-02 -1.962754e-03 0.000000e+00 0.000000e+00 0.000000e+00 1.043382e-04 0.000000e+00 0.000000e+00
28000 328.272312 21.813268 15.500000 0.965835 -0.259158 0.000000 1.093071e-02 -1.692945e-03 0.000000e+00 0.000000e+00 0.000000e+00 8.464806e-05 0.000000e+00 0.000000e+00
28050 328.818667 21.713219 15.500000 0.966634 -0.256162 0.000000 1.107843e-02 -2.031773e-03 0.000000e+00 0.000000e+00 0.000000e+00 -1.720645e-06 0.000000e+00 0.000000e+00
28100 329.369481 21.619412 15.500000 0.966420 -0.256968 0.000000 1.097361e-02 -1.749022e-03 0.000000e+00 0.000000e+00 0.000000e+00 9.652307e-05 0.000000e+00 0.000000e+00
28150 329.923428 21.518503 15.500000 0.966495 -0.256685 0.000000 1.110254e-02 -1.990980e-03 0.000000e+00 0.000000e+00 0.000000e+00 -1.701052e-04 0.000000e+00 0.000000e+00
28200 330.477189 21.413016 15.500000 0.965707 -0.259634 0.000000 1.083572e-02 -2.118710e-03 0.000000e+00 0.000000e+00 0.000000e+00 -3.586369e-05 0.000000e+00 0.000000e+00
28250 331.036368 21.298795 15.500000 0.965738 -0.259518 0.000000 1.136872e-02 -2.421036e-03 0.000000e+00 0.000000e+00 0.000000e+00 -7.975165e-05 0.000000e+00 0.000000e+00
28300 331.594800 21.190756 15.500000 0.965219 -0.261442 0.000000 1.103130e-02 -2.253952e-03 0.000000e+00 0.000000e+00 0.000000e+00 5.203810e-05 0.000000e+00 0.000000e+00
28350 332.154115 21.070658 15.500000 0.965774 -0.259384 0.000000 1.118430e-02 -2.250063e-03 0.000000e+00 0.000000e+00 0.000000e+00 -7.552099e-05 0.000000e+00 0.000000e+00
28400 332.707426 20.963119 15.500000 0.966610 -0.256252 0.000000 1.076182e-02 -2.477344e-03 0.000000e+00 0.000000e+00 0.000000e+00 1.106218e-04 0.000000e+00 0.000000e+00
28450 333.252815 20.860419 15.500000 0.967062 -0.254542 0.000000 1.090374e-02 -1.798157e-03 0.000000e+00 0.000000e+00 0.000000e+00 6.059234e-05 0.000000e+00 0.000000e+00
28500 333.795236 20.757233 15.500000 0.967992 -0.250983 0.000000 1.098777e-02 -2.151847e-03 0.000000e+00 0.000000e+00 0.000000e+00 1.523316e-05 0.000000e+00 0.000000e+00
28550 334.341304 20.658540 15.500000 0.967829 -0.251610 0.000000 1.089231e-02 -1.971437e-03 0.000000e+00 0.000000e+00 0.000000e+00 9.864371e-05 0.000000e+00 0.000000e+00
28600 334.890810 20.553609 15.500000 0.968111 -0.250522 0.000000 1.123884e-02 -2.222696e-03 0.000000e+00 0.000000e+00 0.000000e+00 -1.103690e-04 0.000000e+00 0.000000e+00
28650 335.441075 20.445787 15.500000 0.967297 -0.253647 0.000000 1.072722e-02 -2.226956e-03 0.000000e+00 0.000000e+00 0.000000e+00 -3.728029e-05 0.000000e+00 0.000000e+00
28700 335.995917 20.330103 15.500000 0.967312 -0.253589 0.000000 1.135958e-02 -2.447528e-03 0.000000e+00 0.000000e+00 0.000000e+00 -6.458768e-05 0.000000e+00 0.000000e+00
28750 336.551997 20.217617 15.500000 0.966533 -0.256543 0.000000 1.083597e-02 -2.023097e-03 0.000000e+00 0.000000e+00 0.000000e+00 2.812190e-05 0.000000e+00 0.000000e+00
28800 337.107126 20.092564 15.500000 0.967261 -0.253784 0.000000 1.121662e-02 -2.299503e-03 0.000000e+00 0.000000e+00 0.000000e+00 -6.173673e-05 0.000000e+00 0.000000e+00
28850 337.659629 19.981559 15.500000 0.967773 -0.251824 0.000000 1.098980e-02 -2.228142e-03 0.000000e+00 0.000000e+00 0.000000e+00 1.075878e-04 0.000000e+00 0.000000e+00
28900 338.202088 19.871614 15.500000 0.968263 -0.249935 0.000000 1.085805e-02 -1.922124e-03 0.000000e+00 0.000000e+00 0.000000e+00 6.562162e-05 0.000000e+00 0.000000e+00
28950 338.741834 19.765248 15.500000 0.969202 -0.246268 0.000000 1.077193e-02 -1.998278e-03 0.000000e+00 0.000000e+00 0.000000e+00 -1.430125e-05 0.000000e+00 0.000000e+00
29000 339.285082 19.661759 15.500000 0.968863 -0.247596 0.000000 1.083396e-02 -2.106782e-03 0.000000e+00 0.000000e+00 0.000000e+00 6.933959e-05 0.000000e+00 0.000000e+00
29050 339.830388 19.553421 15.500000 0.969384 -0.245551 0.000000 1.121322e-02 -2.243965e-03 0.000000e+00 0.000000e+00 0.000000e+00 -8.792536e-05 0.000000e+00 0.000000e+00
29100 340.381264 19.441288 15.500000 0.968439 -0.249251 0.000000 1.073603e-02 -2.302757e-03 0.000000e+00 0.000000e+00 0.000000e+00 -5.614557e-05 0.000000e+00 0.000000e+00
29150 340.929249 19.320548 15.500000 0.968547 -0.248832 0.000000 1.121107e-02 -2.527555e-03 0.000000e+00 0.000000e+00 0.000000e+00 1.305721e-06 0.000000e+00 0.000000e+00
29200 341.484734 19.201345 15.500000 0.967750 -0.251911 0.000000 1.082652e-02 -2.348961e-03 0.000000e+00 0.000000e+00 0.000000e+00 1.692175e-05 0.000000e+00 0.000000e+00
29250 342.033900 19.074011 15.500000 0.968424 -0.249310 0.000000 1.124598e-02 -2.692620e-03 0.000000e+00 0.000000e+00 0.000000e+00 -7.078456e-05 0.000000e+00 0.000000e+00
29300 342.583072 18.957427 15.500000 0.968918 -0.247383 0.000000 1.099791e-02 -2.804588e-03 0.000000e+00 0.000000e+00 0.000000e+00 1.753038e-04 0.000000e+00 0.000000e+00
29350 343.121699 18.842349 15.500000 0.969268 -0.246009 0.000000 1.074915e-02 -2.179997e-03 0.000000e+00 0.000000e+00 0.000000e+00 4.269792e-05 0.000000e+00 0.000000e+00
29400 343.659440 18.730225 15.500000 0.970328 -0.241793 0.000000 1.059008e-02 -2.323158e-03 0.000000e+00 0.000000e+00 0.000000e+00 -3.002824e-05 0.000000e+00 0.000000e+00
29450 344.202529 18.620235 15.500000 0.969618 -0.244623 0.000000 1.081100e-02 -2.254545e-03 0.000000e+00 0.000000e+00 0.000000e+00 5.943501e-06 0.000000e+00 0.000000e+00
29500 344.740249 18.507492 15.500000 0.969949 -0.243308 0.000000 1.142758e-02 -2.203322e-03 0.000000e+00 0.000000e+00 0.000000e+00 -1.837364e-05 0.000000e+00 0.000000e+00
29550 345.295493 18.387605 15.500000 0.969133 -0.246540 0.000000 1.086762e-02 -2.347331e-03 0.000000e+00 0.000000e+00 0.000000e+00 -1.318996e-04 0.000000e+00 0.000000e+00
29600 345.838694 18.262258 15.500000 0.969157 -0.246446 0.000000 1.105113e-02 -2.621364e-03 0.000000e+00 0.000000e+00 0.000000e+00 6.476304e-05 0.000000e+00 0.000000e+00
29650 346.391749 18.132863 15.500000 0.968873 -0.247557 0.000000 1.094516e-02 -2.306191e-03 0.000000e+00 0.000000e+00 0.000000e+00 -5.651182e-05 0.000000e+00 0.000000e+00
29700 346.933760 18.005680 15.500000 0.969393 -0.245514 0.000000 1.078439e-02 -2.523296e-03 0.000000e+00 0.000000e+00 0.000000e+00 1.144576e-04 0.000000e+00 0.000000e+00
29750 347.475778 17.890438 15.500000 0.970047 -0.242918 0.000000 1.078569e-02 -2.173347e-03 0.000000e+00 0.000000e+00 0.000000e+00 4.627627e-05 0.000000e+00 0.000000e+00
29800 348.007283 17.773468 15.500000 0.970614 -0.240644 0.000000 1.085669e-02 -2.212407e-03 0.000000e+00 0.000000e+00 0.000000e+00 -5.165438e-05 0.000000e+00 0.000000e+00
29850 348.548175 17.660992 15.500000 0.971312 -0.237810 0.000000 1.073012e-02 -2.345845e-03 0.000000e+00 0.000000e+00 0.000000e+00 8.430892e-05 0.000000e+00 0.000000e+00
29900 349.091973 17.544304 15.500000 0.970804 -0.239872 0.000000 1.108997e-02 -2.412685e-03 0.000000e+00 0.000000e+00 0.000000e+00 -4.332822e-05 0.000000e+00 0.000000e+00
29950 349.624211 17.423191 15.500000 0.970306 -0.241880 0.000000 1.065090e-02 -2.408658e-03 0.000000e+00 0.000000e+00 0.000000e+00 -3.278179e-05 0.000000e+00 0.000000e+00
30000 350.179330 17.292710 15.500000 0.970106 -0.242680 0.000000 1.105775e-02 -2.533539e-03 0.000000e+00 0.000000e+00 0.000000e+00 -2.830219e-05 0.000000e+00 0.000000e+00
