# t  X Y Z  ex ey ez  Ux Uy Uz  Wx Wy Wz  Fwall_y Fwall_z
50 31.819744 16.684118 15.500000 0.866040 0.499975 0.000000 7.458346e-03 4.273124e-03 0.000000e+00 0.000000e+00 0.000000e+00 1.606293e-06 0.000000e+00 0.000000e+00
100 32.203460 16.901727 15.500000 0.866327 0.499477 0.000000 7.694293e-03 4.517918e-03 0.000000e+00 0.000000e+00 0.000000e+00 -2.364530e-05 0.000000e+00 0.000000e+00
150 32.593784 17.134845 15.500000 0.865562 0.500801 0.000000 7.922399e-03 4.667236e-03 0.000000e+00 0.000000e+00 0.000000e+00 2.803781e-05 0.000000e+00 0.000000e+00
200 32.997767 17.365206 15.500000 0.865806 0.500379 0.000000 8.282786e-03 4.630589e-03 0.000000e+00 0.000000e+00 0.000000e+00 -3.500504e-05 0.000000e+00 0.000000e+00
250 33.407880 17.595430 15.500000 0.866420 0.499316 0.000000 8.053592e-03 4.664598e-03 0.000000e+00 0.000000e+00 0.000000e+00 2.285334e-05 0.000000e+00 0.000000e+00
300 33.811599 17.829586 15.500000 0.865572 0.500784 0.000000 8.010735e-03 4.614568e-03 0.000000e+00 0.000000e+00 0.000000e+00 3.341197e-05 0.000000e+00 0.000000e+00
350 34.215762 18.065102 15.500000 0.865079 0.501636 0.000000 8.125750e-03 4.869797e-03 0.000000e+00 0.000000e+00 0.000000e+00 2.380724e-05 0.000000e+00 0.000000e+00
400 34.619303 18.304880 15.500000 0.864495 0.502642 0.000000 8.056828e-03 4.653597e-03 0.000000e+00 0.000000e+00 0.000000e+00 2.038481e-05 0.000000e+00 0.000000e+00
450 35.028883 18.534135 15.500000 0.865333 0.501197 0.000000 8.314079e-03 4.629079e-03 0.000000e+00 0.000000e+00 0.000000e+00 -4.626838e-05 0.000000e+00 0.000000e+00
500 35.436304 18.765429 15.500000 0.865956 0.500121 0.000000 8.045332e-03 4.677869e-03 0.000000e+00 0.000000e+00 0.000000e+00 1.188030e-05 0.000000e+00 0.000000e+00
550 35.837617 19.000484 15.500000 0.864561 0.502527 0.000000 8.094892e-03 4.725205e-03 0.000000e+00 0.000000e+00 0.000000e+00 6.354430e-05 0.000000e+00 0.000000e+00
600 36.247807 19.237105 15.500000 0.864303 0.502972 0.000000 8.194917e-03 4.793586e-03 0.000000e+00 0.000000e+00 0.000000e+00 1.277951e-05 0.000000e+00 0.000000e+00
650 36.656423 19.475960 15.500000 0.864266 0.503036 0.000000 8.084966e-03 4.713004e-03 0.000000e+00 0.000000e+00 0.000000e+00 -1.364162e-05 0.000000e+00 0.000000e+00
700 37.065477 19.706430 15.500000 0.865389 0.501101 0.000000 8.219611e-03 4.604614e-03 0.000000e+00 0.000000e+00 0.000000e+00 -5.727003e-05 0.000000e+00 0.000000e+00
750 37.470147 19.940068 15.500000 0.865139 0.501532 0.000000 8.009395e-03 4.754487e-03 0.000000e+00 0.000000e+00 0.000000e+00 4.438938e-05 0.000000e+00 0.000000e+00
800 37.875792 20.175570 15.500000 0.864144 0.503245 0.000000 8.246515e-03 4.640407e-03 0.000000e+00 0.000000e+00 0.000000e+00 -1.049459e-05 0.000000e+00 0.000000e+00
850 38.292102 20.410150 15.500000 0.864622 0.502423 0.000000 8.438230e-03 4.755217e-03 0.000000e+00 0.000000e+00 0.000000e+00 -5.388969e-06 0.000000e+00 0.000000e+00
900 38.701023 20.641517 15.500000 0.864465 0.502693 0.000000 8.098049e-03 4.575233e-03 0.000000e+00 0.000000e+00 0.000000e+00 1.764405e-05 0.000000e+00 0.000000e+00
950 39.110811 20.871304 15.500000 0.864341 0.502907 0.000000 8.121815e-03 4.579199e-03 0.000000e+00 0.000000e+00 0.000000e+00 4.742234e-06 0.000000e+00 0.000000e+00
1000 39.515117 21.107322 15.500000 0.863624 0.504137 0.000000 8.138778e-03 4.733481e-03 0.000000e+00 0.000000e+00 0.000000e+00 3.199787e-05 0.000000e+00 0.000000e+00
1050 39.925516 21.338646 15.500000 0.863644 0.504101 0.000000 8.298972e-03 4.557891e-03 0.000000e+00 0.000000e+00 0.000000e+00 -2.255256e-05 0.000000e+00 0.000000e+00
1100 40.345051 21.567997 15.500000 0.864376 0.502847 0.000000 8.278731e-03 4.471809e-03 0.000000e+00 0.000000e+00 0.000000e+00 -4.005074e-05 0.000000e+00 0.000000e+00
1150 40.755884 21.799437 15.500000 0.863570 0.504228 0.000000 8.130944e-03 4.590030e-03 0.000000e+00 0.000000e+00 0.000000e+00 2.520873e-05 0.000000e+00 0.000000e+00
1200 41.165713 22.031463 15.500000 0.863046 0.505125 0.000000 8.240579e-03 4.729554e-03 0.000000e+00 0.000000e+00 0.000000e+00 2.073630e-05 0.000000e+00 0.000000e+00
1250 41.576140 22.268063 15.500000 0.862496 0.506064 0.000000 8.145474e-03 4.636720e-03 0.000000e+00 0.000000e+00 0.000000e+00 3.009127e-05 0.000000e+00 0.000000e+00
1300 41.991041 22.494123 15.500000 0.863141 0.504963 0.000000 8.412057e-03 4.537407e-03 0.000000e+00 0.000000e+00 0.000000e+00 -4.921344e-05 0.000000e+00 0.000000e+00
1350 42.407197 22.720483 15.500000 0.864079 0.503357 0.000000 8.136426e-03 4.509322e-03 0.000000e+00 0.000000e+00 0.000000e+00 -1.991119e-05 0.000000e+00 0.000000e+00
1400 42.816468 22.949824 15.500000 0.862848 0.505463 0.000000 8.256925e-03 4.586095e-03 0.000000e+00 0.000000e+00 0.000000e+00 4.123518e-05 0.000000e+00 0.000000e+00
1450 43.232279 23.181795 15.500000 0.862452 0.506139 0.000000 8.372813e-03 4.722425e-03 0.000000e+00 0.000000e+00 0.000000e+00 8.025161e-06 0.000000e+00 0.000000e+00
1500 43.647493 23.414436 15.500000 0.862230 0.506517 0.000000 8.302492e-03 4.544328e-03 0.000000e+00 0.000000e+00 0.000000e+00 -2.072370e-05 0.000000e+00 0.000000e+00
1550 44.067579 23.638949 15.500000 0.863670 0.504057 0.000000 8.414039e-03 4.439406e-03 0.000000e+00 0.000000e+00 0.000000e+00 -5.424956e-05 0.000000e+00 0.000000e+00
1600 44.483941 23.863573 15.500000 0.863744 0.503931 0.000000 8.242092e-03 4.485848e-03 0.000000e+00 0.000000e+00 0.000000e+00 3.968950e-05 0.000000e+00 0.000000e+00
1650 44.896457 24.090185 15.500000 0.862480 0.506092 0.000000 8.298205e-03 4.444478e-03 0.000000e+00 0.000000e+00 0.000000e+00 8.435704e-06 0.000000e+00 0.000000e+00
1700 45.319963 24.318313 15.500000 0.862881 0.505407 0.000000 8.525202e-03 4.620408e-03 0.000000e+00 0.000000e+00 0.000000e+00 1.003209e-06 0.000000e+00 0.000000e+00
1750 45.738828 24.542359 15.500000 0.863257 0.504765 0.000000 8.309954e-03 4.419163e-03 0.000000e+00 0.000000e+00 0.000000e+00 -2.920671e-05 0.000000e+00 0.000000e+00
1800 46.161478 24.760368 15.500000 0.864642 0.502389 0.000000 8.376443e-03 4.428015e-03 0.000000e+00 0.000000e+00 0.000000e+00 -2.195774e-05 0.000000e+00 0.000000e+00
1850 46.577452 24.980756 15.500000 0.864167 0.503206 0.000000 8.310529e-03 4.497542e-03 0.000000e+00 0.000000e+00 0.000000e+00 3.443939e-05 0.000000e+00 0.000000e+00
1900 46.999813 25.198545 15.500000 0.863835 0.503774 0.000000 8.593288e-03 4.280398e-03 0.000000e+00 0.000000e+00 0.000000e+00 -7.549578e-05 0.000000e+00 0.000000e+00
1950 47.430510 25.418141 15.500000 0.864493 0.502645 0.000000 8.477836e-03 4.264752e-03 0.000000e+00 0.000000e+00 0.000000e+00 -2.367825e-05 0.000000e+00 0.000000e+00
2000 47.855302 25.628638 15.500000 0.865360 0.501150 0.000000 8.568384e-03 4.192700e-03 0.000000e+00 0.000000e+00 0.000000e+00 -5.272136e-05 0.000000e+00 0.000000e+00
2050 48.282059 25.834548 15.500000 0.866709 0.498814 0.000000 8.459486e-03 4.091042e-03 0.000000e+00 0.000000e+00 0.000000e+00 -1.128530e-05 0.000000e+00 0.000000e+00
2100 48.703733 26.043536 15.500000 0.866219 0.499665 0.000000 8.509486e-03 4.148041e-03 0.000000e+00 0.000000e+00 0.000000e+00 4.752866e-05 0.000000e+00 0.000000e+00
2150 49.137742 26.246322 15.500000 0.867226 0.497915 0.000000 8.763389e-03 4.129571e-03 0.000000e+00 0.000000e+00 0.000000e+00 -5.172231e-05 0.000000e+00 0.000000e+00
2200 49.573342 26.447168 15.500000 0.868436 0.495802 0.000000 8.674838e-03 3.778376e-03 0.000000e+00 0.000000e+00 0.000000e+00 -7.950981e-05 0.000000e+00 0.000000e+00
2250 50.008977 26.637111 15.500000 0.870896 0.491468 0.000000 8.800380e-03 3.677288e-03 0.000000e+00 0.000000e+00 0.000000e+00 -1.306792e-04 -1.118696e-04 0.000000e+00
2300 50.445135 26.819129 15.500000 0.873070 0.487594 0.000000 8.662731e-03 3.604658e-03 0.000000e+00 0.000000e+00 0.000000e+00 -4.310232e-05 -6.255282e-04 0.000000e+00
2350 50.877484 26.998950 15.500000 0.873741 0.486392 0.000000 8.725380e-03 3.519018e-03 0.000000e+00 0.000000e+00 0.000000e+00 -6.031108e-05 -1.542219e-03 0.000000e+00
2400 51.319404 27.174496 15.500000 0.876083 0.482160 0.000000 8.942030e-03 3.362201e-03 0.000000e+00 0.000000e+00 0.000000e+00 -1.179549e-04 -2.830073e-03 0.000000e+00
2450 51.762511 27.330969 15.500000 0.879102 0.476634 0.000000 8.939351e-03 2.718993e-03 0.000000e+00 0.000000e+00 0.000000e+00 -2.107594e-04 -4.310248e-03 0.000000e+00
2500 52.218025 27.471397 15.500000 0.883855 0.467761 0.000000 9.243640e-03 2.736727e-03 0.000000e+00 0.000000e+00 0.000000e+00 -1.943684e-04 -5.895530e-03 0.000000e+00
2550 52.671144 27.596595 15.500000 0.888579 0.458723 0.000000 8.866415e-03 2.388647e-03 0.000000e+00 0.000000e+00 0.000000e+00 -2.292873e-04 -7.522786e-03 0.000000e+00
2600 53.124053 27.715498 15.500000 0.894915 0.446236 0.000000 8.953277e-03 2.315599e-03 0.000000e+00 0.000000e+00 0.000000e+00 -3.088966e-04 -9.247664e-03 0.000000e+00
2650 53.573841 27.825316 15.500000 0.900912 0.434001 0.000000 9.011540e-03 2.292671e-03 0.000000e+00 0.000000e+00 0.000000e+00 -1.990084e-04 -1.099803e-02 0.000000e+00
2700 54.024637 27.925768 15.500000 0.907270 0.420549 0.000000 9.091560e-03 1.943198e-03 0.000000e+00 0.000000e+00 0.000000e+00 -3.966219e-04 -1.273775e-02 0.000000e+00
2750 54.475089 28.000000 15.500000 0.914518 0.404546 0.000000 9.021047e-03 0.000000e+00 0.000000e+00 0.000000e+00 0.000000e+00 -3.549641e-04 -1.413717e-02 0.000000e+00
2800 54.926847 28.000000 15.500000 0.921724 0.387846 0.000000 8.989282e-03 0.000000e+00 0.000000e+00 0.000000e+00 0.000000e+00 -4.070894e-04 -1.413717e-02 0.000000e+00
2850 55.378864 28.000000 15.500000 0.929048 0.369960 0.000000 9.100360e-03 0.000000e+00 0.000000e+00 0.000000e+00 0.000000e+00 -3.732515e-04 -1.413717e-02 0.000000e+00
2900 55.832613 28.000000 15.500000 0.935662 0.352898 0.000000 9.144767e-03 0.000000e+00 0.000000e+00 0.000000e+00 0.000000e+00 -4.303915e-04 -1.413717e-02 0.000000e+00
2950 56.286523 28.000000 15.500000 0.942670 0.333726 0.000000 9.149393e-03 0.000000e+00 0.000000e+00 0.000000e+00 0.000000e+00 -3.773608e-04 -1.413717e-02 0.000000e+00
3000 56.741177 28.000000 15.500000 0.948745 0.316044 0.000000 9.160961e-03 0.000000e+00 0.000000e+00 0.000000e+00 0.000000e+00 -3.745384e-04 -1.413717e-02 0.000000e+00
3050 57.196951 28.000000 15.500000 0.955181 0.296022 0.000000 9.001036e-03 0.000000e+00 0.000000e+00 0.000000e+00 0.000000e+00 -3.995934e-04 -1.413717e-02 0.000000e+00
3100 57.652621 28.000000 15.500000 0.960714 0.277541 0.000000 9.091884e-03 0.000000e+00 0.000000e+00 0.000000e+00 0.000000e+00 -3.820128e-04 -1.413717e-02 0.000000e+00
3150 58.109882 28.000000 15.500000 0.966348 0.257237 0.000000 9.054502e-03 0.000000e+00 0.000000e+00 0.000000e+00 0.000000e+00 -4.250258e-04 -1.413717e-02 0.000000e+00
3200 58.565828 28.000000 15.500000 0.971269 0.237986 0.000000 9.138122e-03 0.000000e+00 0.000000e+00 0.000000e+00 0.000000e+00 -4.075493e-04 -1.413717e-02 0.000000e+00
3250 59.022477 27.999919 15.500000 0.976113 0.217263 0.000000 9.188338e-03 -3.628855e-05 0.000000e+00 0.000000e+00 0.000000e+00 -4.605050e-04 -1.413633e-02 0.000000e+00
3300 59.476776 27.999689 15.500000 0.980427 0.196884 0.000000 9.091413e-03 -1.112353e-04 0.000000e+00 0.000000e+00 0.000000e+00 -3.980501e-04 -1.413339e-02 0.000000e+00
3350 59.932154 27.991180 15.500000 0.984400 0.175943 0.000000 9.085740e-03 -6.897790e-04 0.000000e+00 0.000000e+00 0.000000e+00 -4.598143e-04 -1.398433e-02 0.000000e+00
3400 60.384361 27.970698 15.500000 0.987975 0.154615 0.000000 8.982509e-03 -2.354937e-03 0.000000e+00 0.000000e+00 0.000000e+00 -3.404686e-04 -1.363379e-02 0.000000e+00
3450 60.837648 27.829139 15.500000 0.990590 0.136862 0.000000 9.116032e-03 -1.262838e-02 0.000000e+00 0.000000e+00 0.000000e+00 -3.859150e-04 -1.131188e-02 0.000000e+00
3500 61.303146 27.181872 15.500000 0.992265 0.124140 0.000000 1.000271e-02 -1.039640e-02 0.000000e+00 0.000000e+00 0.000000e+00 -6.019320e-04 -3.011129e-03 0.000000e+00
3550 61.767291 26.982976 15.500000 0.993202 0.116402 0.000000 9.293290e-03 4.331390e-05 0.000000e+00 0.000000e+00 0.000000e+00 -1.692876e-04 -1.465387e-03 0.000000e+00
3600 62.228844 26.935349 15.500000 0.993970 0.109652 0.000000 9.154483e-03 1.268460e-04 0.000000e+00 0.000000e+00 0.000000e+00 -1.390258e-04 -1.190151e-03 0.000000e+00
3650 62.687500 26.920749 15.500000 0.994578 0.103995 0.000000 9.198353e-03 1.534183e-04 0.000000e+00 0.000000e+00 0.000000e+00 -1.256813e-04 -1.111501e-03 0.000000e+00
3700 63.150885 26.902218 15.500000 0.995223 0.097632 0.000000 9.262600e-03 -2.481459e-04 0.000000e+00 0.000000e+00 0.000000e+00 -1.679305e-04 -1.017743e-03 0.000000e+00
3750 63.610062 26.889318 15.500000 0.995773 0.091843 0.000000 9.134468e-03 -1.348426e-07 0.000000e+00 0.000000e+00 0.000000e+00 -8.934840e-05 -9.523334e-04 0.000000e+00
3800 64.071547 26.871616 15.500000 0.996254 0.086477 0.000000 9.235214e-03 -4.369574e-04 0.000000e+00 0.000000e+00 0.000000e+00 -1.332527e-04 -8.697394e-04 0.000000e+00
3850 64.530615 26.851640 15.500000 0.996786 0.080114 0.000000 9.079458e-03 -9.764031e-05 0.000000e+00 0.000000e+00 0.000000e+00 -1.131854e-04 -7.773537e-04 0.000000e+00
3900 64.991797 26.833556 15.500000 0.997179 0.075057 0.000000 9.273044e-03 -4.531232e-04 0.000000e+00 0.000000e+00 0.000000e+00 -1.239998e-04 -7.009651e-04 0.000000e+00
3950 65.452463 26.808594 15.500000 0.997652 0.068488 0.000000 9.207319e-03 -3.003935e-04 0.000000e+00 0.000000e+00 0.000000e+00 -1.306320e-04 -5.995160e-04 0.000000e+00
4000 65.912873 26.790110 15.500000 0.997980 0.063529 0.000000 9.265824e-03 -5.111863e-04 0.000000e+00 0.000000e+00 0.000000e+00 -1.076132e-04 -5.306803e-04 0.000000e+00
4050 66.375369 26.761205 15.500000 0.998373 0.057015 0.000000 9.250855e-03 -5.398507e-04 0.000000e+00 0.000000e+00 0.000000e+00 -1.618218e-04 -4.304621e-04 0.000000e+00
4100 66.835520 26.740695 15.500000 0.998651 0.051918 0.000000 9.258126e-03 -4.865242e-04 0.000000e+00 0.000000e+00 0.000000e+00 -8.882763e-05 -3.654838e-04 0.000000e+00
4150 67.299425 26.709831 15.500000 0.998964 0.045506 0.000000 9.195996e-03 -6.351919e-04 0.000000e+00 0.000000e+00 0.000000e+00 -1.396056e-04 -2.783210e-04 0.000000e+00
4200 67.759389 26.683031 15.500000 0.999221 0.039457 0.000000 9.261618e-03 -4.278166e-04 0.000000e+00 0.000000e+00 0.000000e+00 -4.579389e-05 -2.114751e-04 0.000000e+00
4250 68.225011 26.651583 15.500000 0.999423 0.033969 0.000000 9.335215e-03 -7.239150e-04 0.000000e+00 0.000000e+00 0.000000e+00 -1.368236e-04 -1.457538e-04 0.000000e+00
4300 68.686215 26.617683 15.500000 0.999608 0.027987 0.000000 9.211439e-03 -6.148515e-04 0.000000e+00 0.000000e+00 0.000000e+00 -9.680021e-05 -8.792869e-05 0.000000e+00
4350 69.151977 26.587073 15.500000 0.999740 0.022820 0.000000 9.366076e-03 -7.209035e-04 0.000000e+00 0.000000e+00 0.000000e+00 -1.149778e-04 -4.842988e-05 0.000000e+00
4400 69.616954 26.550139 15.500000 0.999853 0.017160 0.000000 9.192490e-03 -7.113880e-04 0.000000e+00 0.000000e+00 0.000000e+00 -9.319934e-05 -1.624677e-05 0.000000e+00
4450 70.080811 26.517042 15.500000 0.999930 0.011801 0.000000 9.287632e-03 -7.154553e-04 0.000000e+00 0.000000e+00 0.000000e+00 -1.092357e-04 -1.981193e-06 0.000000e+00
4500 70.547433 26.478809 15.500000 0.999981 0.006224 0.000000 9.252980e-03 -8.417925e-04 0.000000e+00 0.000000e+00 0.000000e+00 -1.167238e-04 0.000000e+00 0.000000e+00
4550 71.008664 26.441611 15.500000 1.000000 0.000704 0.000000 9.416274e-03 -6.631059e-04 0.000000e+00 0.000000e+00 0.000000e+00 -1.007643e-04 0.000000e+00 0.000000e+00
4600 71.475674 26.404471 15.500000 0.999991 -0.004226 0.000000 9.217031e-03 -9.384812e-04 0.000000e+00 0.000000e+00 0.000000e+00 -1.344227e-04 0.000000e+00 0.000000e+00
4650 71.937467 26.359908 15.500000 0.999939 -0.011085 0.000000 9.329562e-03 -8.121741e-04 0.000000e+00 0.000000e+00 0.000000e+00 -1.049932e-04 0.000000e+00 0.000000e+00
4700 72.401931 26.322431 15.500000 0.999887 -0.015058 0.000000 9.112633e-03 -7.107672e-04 0.000000e+00 0.000000e+00 0.000000e+00 -4.269121e-05 0.000000e+00 0.000000e+00
4750 72.861048 26.271457 15.500000 0.999766 -0.021611 0.000000 9.220586e-03 -9.973267e-04 0.000000e+00 0.000000e+00 0.000000e+00 -1.352830e-04 0.000000e+00 0.000000e+00
4800 73.322755 26.226612 15.500000 0.999651 -0.026423 0.000000 9.156475e-03 -9.130763e-04 0.000000e+00 0.000000e+00 0.000000e+00 -9.581436e-05 0.000000e+00 0.000000e+00
4850 73.780059 26.174441 15.500000 0.999488 -0.031993 0.000000 9.192196e-03 -1.053581e-03 0.000000e+00 0.000000e+00 0.000000e+00 -1.231733e-04 0.000000e+00 0.000000e+00
4900 74.239581 26.125066 15.500000 0.999298 -0.037452 0.000000 9.135073e-03 -9.489759e-04 0.000000e+00 0.000000e+00 0.000000e+00 -8.967766e-05 0.000000e+00 0.000000e+00
4950 74.694180 26.070520 15.500000 0.999061 -0.043322 0.000000 9.083092e-03 -1.171201e-03 0.000000e+00 0.000000e+00 0.000000e+00 -8.416047e-05 0.000000e+00 0.000000e+00
5000 75.151932 26.011901 15.500000 0.998827 -0.048430 0.000000 9.132777e-03 -1.246168e-03 0.000000e+00 0.000000e+00 0.000000e+00 -8.864390e-05 0.000000e+00 0.000000e+00
5050 75.604865 25.950874 15.500000 0.998586 -0.053151 0.000000 9.028794e-03 -1.298454e-03 0.000000e+00 0.000000e+00 0.000000e+00 -9.567755e-05 0.000000e+00 0.000000e+00
5100 76.063572 25.886081 15.500000 0.998393 -0.056667 0.000000 9.163035e-03 -1.348790e-03 0.000000e+00 0.000000e+00 0.000000e+00 -6.622033e-05 0.000000e+00 0.000000e+00
5150 76.519649 25.818492 15.500000 0.998175 -0.060394 0.000000 9.033239e-03 -1.288528e-03 0.000000e+00 0.000000e+00 0.000000e+00 -5.610906e-05 0.000000e+00 0.000000e+00
5200 76.977276 25.754764 15.500000 0.998039 -0.062598 0.000000 9.256710e-03 -1.329464e-03 0.000000e+00 0.000000e+00 0.000000e+00 -5.232112e-05 0.000000e+00 0.000000e+00
5250 77.435851 25.686859 15.500000 0.997782 -0.066562 0.000000 9.028050e-03 -1.398472e-03 0.000000e+00 0.000000e+00 0.000000e+00 -1.011549e-04 0.000000e+00 0.000000e+00
5300 77.893513 25.625155 15.500000 0.997649 -0.068530 0.000000 9.272963e-03 -1.241373e-03 0.000000e+00 0.000000e+00 0.000000e+00 -4.097335e-05 0.000000e+00 0.000000e+00
5350 78.358138 25.560244 15.500000 0.997408 -0.071960 0.000000 9.201321e-03 -1.359578e-03 0.000000e+00 0.000000e+00 0.000000e+00 -7.490834e-05 0.000000e+00 0.000000e+00
5400 78.813092 25.494585 15.500000 0.997219 -0.074526 0.000000 9.205430e-03 -1.269055e-03 0.000000e+00 0.000000e+00 0.000000e+00 -4.960687e-05 0.000000e+00 0.000000e+00
5450 79.278769 25.433975 15.500000 0.997038 -0.076914 0.000000 9.416289e-03 -1.160795e-03 0.000000e+00 0.000000e+00 0.000000e+00 -2.838560e-05 0.000000e+00 0.000000e+00
5500 79.737743 25.368752 15.500000 0.996744 -0.080636 0.000000 9.155343e-03 -1.387116e-03 0.000000e+00 0.000000e+00 0.000000e+00 -1.104407e-04 0.000000e+00 0.000000e+00
5550 80.199894 25.304298 15.500000 0.996462 -0.084042 0.000000 9.218276e-03 -1.207793e-03 0.000000e+00 0.000000e+00 0.000000e+00 -5.801164e-05 0.000000e+00 0.000000e+00
5600 80.656067 25.238140 15.500000 0.996244 -0.086590 0.000000 9.155767e-03 -1.514706e-03 0.000000e+00 0.000000e+00 0.000000e+00 -1.078554e-04 0.000000e+00 0.000000e+00
5650 81.114950 25.169267 15.500000 0.995843 -0.091089 0.000000 9.161000e-03 -1.261421e-03 0.000000e+00 0.000000e+00 0.000000e+00 -8.407529e-05 0.000000e+00 0.000000e+00
5700 81.568865 25.101801 15.500000 0.995502 -0.094735 0.000000 9.019609e-03 -1.452106e-03 0.000000e+00 0.000000e+00 0.000000e+00 -9.893917e-05 0.000000e+00 0.000000e+00
5750 82.024534 25.027806 15.500000 0.995121 -0.098660 0.000000 9.209950e-03 -1.420338e-03 0.000000e+00 0.000000e+00 0.000000e+00 -6.031223e-05 0.000000e+00 0.000000e+00
5800 82.476845 24.953483 15.500000 0.994811 -0.101743 0.000000 8.982242e-03 -1.371825e-03 0.000000e+00 0.000000e+00 0.000000e+00 -6.541888e-05 0.000000e+00 0.000000e+00
5850 82.932519 24.875438 15.500000 0.994546 -0.104299 0.000000 9.172493e-03 -1.496011e-03 0.000000e+00 0.000000e+00 0.000000e+00 -5.404264e-06 0.000000e+00 0.000000e+00
5900 83.390314 24.795400 15.500000 0.994354 -0.106116 0.000000 9.113886e-03 -1.616855e-03 0.000000e+00 0.000000e+00 0.000000e+00 -6.003972e-05 0.000000e+00 0.000000e+00
5950 83.845295 24.719435 15.500000 0.994236 -0.107214 0.000000 9.197406e-03 -1.505399e-03 0.000000e+00 0.000000e+00 0.000000e+00 -1.030859e-05 0.000000e+00 0.000000e+00
6000 84.307712 24.641480 15.500000 0.994043 -0.108990 0.000000 9.261938e-03 -1.654421e-03 0.000000e+00 0.000000e+00 0.000000e+00 -7.448814e-05 0.000000e+00 0.000000e+00
6050 84.763545 24.563020 15.500000 0.993887 -0.110403 0.000000 9.160705e-03 -1.488374e-03 0.000000e+00 0.000000e+00 0.000000e+00 -2.757369e-05 0.000000e+00 0.000000e+00
6100 85.227041 24.490240 15.500000 0.993776 -0.111397 0.000000 9.417356e-03 -1.450496e-03 0.000000e+00 0.000000e+00 0.000000e+00 -1.494323e-05 0.000000e+00 0.000000e+00
6150 85.687714 24.415038 15.500000 0.993524 -0.113626 0.000000 9.017759e-03 -1.525539e-03 0.000000e+00 0.000000e+00 0.000000e+00 -4.695644e-05 0.000000e+00 0.000000e+00
6200 86.148187 24.340704 15.500000 0.993306 -0.115513 0.000000 9.190393e-03 -1.444645e-03 0.000000e+00 0.000000e+00 0.000000e+00 -3.704909e-05 0.000000e+00 0.000000e+00
6250 86.605038 24.267644 15.500000 0.993171 -0.116665 0.000000 9.114118e-03 -1.718766e-03 0.000000e+00 0.000000e+00 0.000000e+00 -7.469646e-05 0.000000e+00 0.000000e+00
6300 87.064131 24.189092 15.500000 0.992736 -0.120315 0.000000 9.182104e-03 -1.427995e-03 0.000000e+00 0.000000e+00 0.000000e+00 -4.589533e-05 0.000000e+00 0.000000e+00
6350 87.518669 24.115137 15.500000 0.992436 -0.122765 0.000000 8.957959e-03 -1.587904e-03 0.000000e+00 0.000000e+00 0.000000e+00 -3.342926e-05 0.000000e+00 0.000000e+00
6400 87.973137 24.033226 15.500000 0.992010 -0.126161 0.000000 9.122107e-03 -1.564791e-03 0.000000e+00 0.000000e+00 0.000000e+00 -4.988268e-05 0.000000e+00 0.000000e+00
6450 88.426107 23.952408 15.500000 0.991722 -0.128403 0.000000 9.017680e-03 -1.664916e-03 0.000000e+00 0.000000e+00 0.000000e+00 -4.340356e-05 0.000000e+00 0.000000e+00
6500 88.880988 23.866912 15.500000 0.991493 -0.130162 0.000000 9.203983e-03 -1.715476e-03 0.000000e+00 0.000000e+00 0.000000e+00 1.553127e-06 0.000000e+00 0.000000e+00
6550 89.339692 23.781924 15.500000 0.991400 -0.130866 0.000000 9.119772e-03 -1.763954e-03 0.000000e+00 0.000000e+00 0.000000e+00 -2.135406e-05 0.000000e+00 0.000000e+00
6600 89.794963 23.699483 15.500000 0.991298 -0.131640 0.000000 9.104280e-03 -1.654765e-03 0.000000e+00 0.000000e+00 0.000000e+00 1.210531e-05 0.000000e+00 0.000000e+00
6650 90.257657 23.617233 15.500000 0.991228 -0.132162 0.000000 9.347383e-03 -1.701714e-03 0.000000e+00 0.000000e+00 0.000000e+00 -4.353238e-05 0.000000e+00 0.000000e+00
6700 90.715036 23.533305 15.500000 0.991126 -0.132929 0.000000 9.016380e-03 -1.659244e-03 0.000000e+00 0.000000e+00 0.000000e+00 -1.080347e-05 0.000000e+00 0.000000e+00
6750 91.177153 23.454860 15.500000 0.991059 -0.133423 0.000000 9.309332e-03 -1.516988e-03 0.000000e+00 0.000000e+00 0.000000e+00 9.584401e-06 0.000000e+00 0.000000e+00
6800 91.639115 23.375972 15.500000 0.990878 -0.134765 0.000000 9.031377e-03 -1.581414e-03 0.000000e+00 0.000000e+00 0.000000e+00 -2.103772e-05 0.000000e+00 0.000000e+00
6850 92.099923 23.295428 15.500000 0.990619 -0.136656 0.000000 9.157513e-03 -1.493323e-03 0.000000e+00 0.000000e+00 0.000000e+00 -2.735196e-05 0.000000e+00 0.000000e+00
6900 92.556183 23.217533 15.500000 0.990505 -0.137477 0.000000 9.003497e-03 -1.661896e-03 0.000000e+00 0.000000e+00 0.000000e+00 -2.449159e-05 0.000000e+00 0.000000e+00
6950 93.013094 23.132990 15.500000 0.990055 -0.140681 0.000000 9.133421e-03 -1.549677e-03 0.000000e+00 0.000000e+00 0.000000e+00 -4.655664e-05 0.000000e+00 0.000000e+00
7000 93.467300 23.052483 15.500000 0.989839 -0.142196 0.000000 9.043052e-03 -1.732945e-03 0.000000e+00 0.000000e+00 0.000000e+00 -5.118276e-05 0.000000e+00 0.000000e+00
7050 93.921115 22.964664 15.500000 0.989591 -0.143909 0.000000 9.067934e-03 -1.699068e-03 0.000000e+00 0.000000e+00 0.000000e+00 -3.392815e-05 0.000000e+00 0.000000e+00
7100 94.377706 22.877022 15.500000 0.989446 -0.144903 0.000000 9.120057e-03 -1.724223e-03 0.000000e+00 0.000000e+00 0.000000e+00 1.665399e-06 0.000000e+00 0.000000e+00
7150 94.833221 22.789879 15.500000 0.989472 -0.144722 0.000000 9.142035e-03 -1.711302e-03 0.000000e+00 0.000000e+00 0.000000e+00 -1.828595e-05 0.000000e+00 0.000000e+00
7200 95.294363 22.703488 15.500000 0.989443 -0.144924 0.000000 9.217668e-03 -1.767236e-03 0.000000e+00 0.000000e+00 0.000000e+00 -3.853244e-05 0.000000e+00 0.000000e+00
7250 95.751433 22.616518 15.500000 0.989346 -0.145585 0.000000 9.227990e-03 -1.644118e-03 0.000000e+00 0.000000e+00 0.000000e+00 3.601976e-05 0.000000e+00 0.000000e+00
7300 96.215188 22.534392 15.500000 0.989400 -0.145217 0.000000 9.354808e-03 -1.619313e-03 0.000000e+00 0.000000e+00 0.000000e+00 -4.974429e-05 0.000000e+00 0.000000e+00
7350 96.676815 22.451319 15.500000 0.989272 -0.146085 0.000000 8.956053e-03 -1.716701e-03 0.000000e+00 0.000000e+00 0.000000e+00 -2.654152e-05 0.000000e+00 0.000000e+00
7400 97.137177 22.369510 15.500000 0.989227 -0.146389 0.000000 9.245741e-03 -1.574203e-03 0.000000e+00 0.000000e+00 0.000000e+00 -1.243393e-05 0.000000e+00 0.000000e+00
7450 97.595564 22.290192 15.500000 0.989232 -0.146353 0.000000 9.056105e-03 -1.749217e-03 0.000000e+00 0.000000e+00 0.000000e+00 -2.314855e-05 0.000000e+00 0.000000e+00
7500 98.055982 22.205430 15.500000 0.988835 -0.149011 0.000000 9.196730e-03 -1.568354e-03 0.000000e+00 0.000000e+00 0.000000e+00 -2.399201e-05 0.000000e+00 0.000000e+00
7550 98.511285 22.126010 15.500000 0.988628 -0.150381 0.000000 8.908757e-03 -1.655507e-03 0.000000e+00 0.000000e+00 0.000000e+00 3.728561e-06 0.000000e+00 0.000000e+00
7600 98.966882 22.039418 15.500000 0.988214 -0.153076 0.000000 9.137984e-03 -1.675598e-03 0.000000e+00 0.000000e+00 0.000000e+00 -3.894691e-05 0.000000e+00 0.000000e+00
7650 99.421023 21.954101 15.500000 0.987983 -0.154563 0.000000 9.073973e-03 -1.760548e-03 0.000000e+00 0.000000e+00 0.000000e+00 -2.512612e-05 0.000000e+00 0.000000e+00
7700 99.876974 21.864584 15.500000 0.987831 -0.155534 0.000000 9.227371e-03 -1.803078e-03 0.000000e+00 0.000000e+00 0.000000e+00 1.687565e-05 0.000000e+00 0.000000e+00
7750 100.337037 21.775423 15.500000 0.987861 -0.155337 0.000000 9.174972e-03 -1.849242e-03 0.000000e+00 0.000000e+00 0.000000e+00 -1.569788e-05 0.000000e+00 0.000000e+00
7800 100.793628 21.689022 15.500000 0.987832 -0.155525 0.000000 9.182048e-03 -1.704171e-03 0.000000e+00 0.000000e+00 0.000000e+00 5.153652e-05 0.000000e+00 0.000000e+00
7850 101.257581 21.602934 15.500000 0.987874 -0.155259 0.000000 9.388277e-03 -1.767863e-03 0.000000e+00 0.000000e+00 0.000000e+00 -2.445413e-05 0.000000e+00 0.000000e+00
7900 101.716727 21.515903 15.500000 0.987853 -0.155389 0.000000 9.026003e-03 -1.754597e-03 0.000000e+00 0.000000e+00 0.000000e+00 7.683866e-06 0.000000e+00 0.000000e+00
7950 102.179790 21.433543 15.500000 0.987898 -0.155107 0.000000 9.363335e-03 -1.602381e-03 0.000000e+00 0.000000e+00 0.000000e+00 1.172185e-05 0.000000e+00 0.000000e+00
8000 102.642132 21.351962 15.500000 0.987804 -0.155704 0.000000 9.160938e-03 -1.685166e-03 0.000000e+00 0.000000e+00 0.000000e+00 -3.695811e-05 0.000000e+00 0.000000e+00
8050 103.104326 21.267494 15.500000 0.987564 -0.157220 0.000000 9.182503e-03 -1.574883e-03 0.000000e+00 0.000000e+00 0.000000e+00 1.330221e-06 0.000000e+00 0.000000e+00
8100 103.560862 21.186023 15.500000 0.987472 -0.157794 0.000000 9.041303e-03 -1.731628e-03 0.000000e+00 0.000000e+00 0.000000e+00 -4.357585e-05 0.000000e+00 0.000000e+00
8150 104.018551 21.099099 15.500000 0.987038 -0.160489 0.000000 9.231152e-03 -1.632721e-03 0.000000e+00 0.000000e+00 0.000000e+00 -2.286447e-05 0.000000e+00 0.000000e+00
8200 104.473890 21.014634 15.500000 0.986873 -0.161501 0.000000 9.052234e-03 -1.713003e-03 0.000000e+00 0.000000e+00 0.000000e+00 -3.602037e-05 0.000000e+00 0.000000e+00
8250 104.929551 20.925237 15.500000 0.986676 -0.162695 0.000000 9.125986e-03 -1.738314e-03 0.000000e+00 0.000000e+00 0.000000e+00 1.321197e-06 0.000000e+00 0.000000e+00
8300 105.389064 20.834750 15.500000 0.986658 -0.162807 0.000000 9.175273e-03 -1.781171e-03 0.000000e+00 0.000000e+00 0.000000e+00 -7.636792e-06 0.000000e+00 0.000000e+00
8350 105.845962 20.747004 15.500000 0.986763 -0.162171 0.000000 9.217763e-03 -1.694647e-03 0.000000e+00 0.000000e+00 0.000000e+00 3.280121e-05 0.000000e+00 0.000000e+00
8400 106.310047 20.658584 15.500000 0.986779 -0.162073 0.000000 9.307706e-03 -1.837066e-03 0.000000e+00 0.000000e+00 0.000000e+00 -3.316560e-05 0.000000e+00 0.000000e+00
8450 106.768437 20.570272 15.500000 0.986811 -0.161875 0.000000 9.244517e-03 -1.701079e-03 0.000000e+00 0.000000e+00 0.000000e+00 2.146055e-05 0.000000e+00 0.000000e+00
8500 107.233933 20.486734 15.500000 0.986944 -0.161062 0.000000 9.471391e-03 -1.651910e-03 0.000000e+00 0.000000e+00 0.000000e+00 7.739597e-06 0.000000e+00 0.000000e+00
8550 107.696388 20.403236 15.500000 0.986826 -0.161785 0.000000 9.002340e-03 -1.709745e-03 0.000000e+00 0.000000e+00 0.000000e+00 -2.224304e-05 0.000000e+00 0.000000e+00
8600 108.158842 20.319472 15.500000 0.986768 -0.162140 0.000000 9.229422e-03 -1.623498e-03 0.000000e+00 0.000000e+00 0.000000e+00 -5.847125e-06 0.000000e+00 0.000000e+00
8650 108.617192 20.237310 15.500000 0.986760 -0.162189 0.000000 9.197310e-03 -1.835131e-03 0.000000e+00 0.000000e+00 0.000000e+00 -5.870189e-05 0.000000e+00 0.000000e+00
8700 109.076712 20.151779 15.500000 0.986404 -0.164339 0.000000 9.181640e-03 -1.618875e-03 0.000000e+00 0.000000e+00 0.000000e+00 -2.583931e-05 0.000000e+00 0.000000e+00
8750 109.532229 20.069237 15.500000 0.986113 -0.166074 0.000000 9.085996e-03 -1.789334e-03 0.000000e+00 0.000000e+00 0.000000e+00 -4.014413e-05 0.000000e+00 0.000000e+00
8800 109.989049 19.980311 15.500000 0.985882 -0.167441 0.000000 9.146196e-03 -1.767271e-03 0.000000e+00 0.000000e+00 0.000000e+00 -3.166000e-05 0.000000e+00 0.000000e+00
8850 110.445417 19.891183 15.500000 0.985782 -0.168029 0.000000 9.106328e-03 -1.817792e-03 0.000000e+00 0.000000e+00 0.000000e+00 1.382537e-05 0.000000e+00 0.000000e+00
8900 110.902634 19.802305 15.500000 0.985873 -0.167497 0.000000 9.143353e-03 -1.770641e-03 0.000000e+00 0.000000e+00 0.000000e+00 1.401555e-05 0.000000e+00 0.000000e+00
8950 111.365140 19.712257 15.500000 0.985929 -0.167163 0.000000 9.251865e-03 -1.904640e-03 0.000000e+00 0.000000e+00 0.000000e+00 -3.964237e-05 0.000000e+00 0.000000e+00
9000 111.823826 19.626777 15.500000 0.985983 -0.166847 0.000000 9.233291e-03 -1.657165e-03 0.000000e+00 0.000000e+00 0.000000e+00 5.430531e-05 0.000000e+00 0.000000e+00
9050 112.290066 19.542176 15.500000 0.986059 -0.166397 0.000000 9.481254e-03 -1.713196e-03 0.000000e+00 0.000000e+00 0.000000e+00 -2.935890e-06 0.000000e+00 0.000000e+00
9100 112.749972 19.456706 15.500000 0.986018 -0.166641 0.000000 9.124288e-03 -1.732490e-03 0.000000e+00 0.000000e+00 0.000000e+00 -1.396392e-06 0.000000e+00 0.000000e+00
9150 113.213967 19.373592 15.500000 0.986123 -0.166019 0.000000 9.309156e-03 -1.583751e-03 0.000000e+00 0.000000e+00 0.000000e+00 1.113149e-05 0.000000e+00 0.000000e+00
9200 113.674521 19.291447 15.500000 0.986102 -0.166139 0.000000 9.266999e-03 -1.776925e-03 0.000000e+00 0.000000e+00 0.000000e+00 -5.764652e-05 0.000000e+00 0.000000e+00
9250 114.136721 19.207259 15.500000 0.985827 -0.167766 0.000000 9.126249e-03 -1.597098e-03 0.000000e+00 0.000000e+00 0.000000e+00 -1.596945e-05 0.000000e+00 0.000000e+00
9300 114.592805 19.124819 15.500000 0.985616 -0.169003 0.000000 9.109510e-03 -1.724309e-03 0.000000e+00 0.000000e+00 0.000000e+00 -6.827326e-05 0.000000e+00 0.000000e+00
9350 115.051574 19.039154 15.500000 0.985292 -0.170881 0.000000 9.184037e-03 -1.658634e-03 0.000000e+00 0.000000e+00 0.000000e+00 -6.656965e-06 0.000000e+00 0.000000e+00
9400 115.506678 18.952411 15.500000 0.985086 -0.172063 0.000000 9.079514e-03 -1.667957e-03 0.000000e+00 0.000000e+00 0.000000e+00 -3.878735e-05 0.000000e+00 0.000000e+00
9450 115.965543 18.864423 15.500000 0.985010 -0.172497 0.000000 9.288612e-03 -1.745780e-03 0.000000e+00 0.000000e+00 0.000000e+00 3.487334e-05 0.000000e+00 0.000000e+00
9500 116.426794 18.773275 15.500000 0.985017 -0.172459 0.000000 9.183810e-03 -1.814319e-03 0.000000e+00 0.000000e+00 0.000000e+00 -2.629454e-05 0.000000e+00 0.000000e+00
9550 116.885377 18.688227 15.500000 0.985166 -0.171605 0.000000 9.300956e-03 -1.739591e-03 0.000000e+00 0.000000e+00 0.000000e+00 3.143563e-05 0.000000e+00 0.000000e+00
9600 117.352153 18.600068 15.500000 0.985186 -0.171491 0.000000 9.208316e-03 -1.851226e-03 0.000000e+00 0.000000e+00 0.000000e+00 -5.064372e-05 0.000000e+00 0.000000e+00
9650 117.811030 18.514116 15.500000 0.985312 -0.170761 0.000000 9.249944e-03 -1.717762e-03 0.000000e+00 0.000000e+00 0.000000e+00 2.591431e-06 0.000000e+00 0.000000e+00
9700 118.278733 18.431791 15.500000 0.985459 -0.169912 0.000000 9.452993e-03 -1.584763e-03 0.000000e+00 0.000000e+00 0.000000e+00 3.437941e-05 0.000000e+00 0.000000e+00
9750 118.740967 18.348623 15.500000 0.985302 -0.170820 0.000000 9.281656e-03 -1.823365e-03 0.000000e+00 0.000000e+00 0.000000e+00 -5.040844e-05 0.000000e+00 0.000000e+00
9800 119.204161 18.265747 15.500000 0.985212 -0.171337 0.000000 9.236972e-03 -1.651853e-03 0.000000e+00 0.000000e+00 0.000000e+00 -5.743182e-06 0.000000e+00 0.000000e+00
9850 119.662566 18.182322 15.500000 0.985089 -0.172043 0.000000 9.163925e-03 -1.777846e-03 0.000000e+00 0.000000e+00 0.000000e+00 -5.144027e-05 0.000000e+00 0.000000e+00
9900 120.122280 18.098167 15.500000 0.984754 -0.173951 0.000000 9.218970e-03 -1.631621e-03 0.000000e+00 0.000000e+00 0.000000e+00 -4.398944e-07 0.000000e+00 0.000000e+00
9950 120.578216 18.012129 15.500000 0.984629 -0.174659 0.000000 9.058559e-03 -1.835693e-03 0.000000e+00 0.000000e+00 0.000000e+00 3.157327e-06 0.000000e+00 0.000000e+00
10000 121.036764 17.924332 15.500000 0.984515 -0.175301 0.000000 9.327621e-03 -1.823184e-03 0.000000e+00 0.000000e+00 0.000000e+00 9.323925e-06 0.000000e+00 0.000000e+00
10050 121.496544 17.834111 15.500000 0.984517 -0.175292 0.000000 9.128742e-03 -1.776943e-03 0.000000e+00 0.000000e+00 0.000000e+00 9.464866e-06 0.000000e+00 0.000000e+00
10100 121.957115 17.748494 15.500000 0.984708 -0.174214 0.000000 9.354537e-03 -1.733176e-03 0.000000e+00 0.000000e+00 0.000000e+00 2.518958e-05 0.000000e+00 0.000000e+00
10150 122.420857 17.658825 15.500000 0.984684 -0.174350 0.000000 9.111705e-03 -1.827254e-03 0.000000e+00 0.000000e+00 0.000000e+00 -3.737662e-05 0.000000e+00 0.000000e+00
10200 122.882827 17.574829 15.500000 0.984923 -0.172994 0.000000 9.358470e-03 -1.648531e-03 0.000000e+00 0.000000e+00 0.000000e+00 3.733044e-05 0.000000e+00 0.000000e+00
10250 123.352079 17.491840 15.500000 0.985053 -0.172254 0.000000 9.322584e-03 -1.626239e-03 0.000000e+00 0.000000e+00 0.000000e+00 3.319660e-06 0.000000e+00 0.000000e+00
10300 123.812838 17.408076 15.500000 0.984950 -0.172839 0.000000 9.316808e-03 -1.735836e-03 0.000000e+00 0.000000e+00 0.000000e+00 -9.883219e-06 0.000000e+00 0.000000e+00
10350 124.278459 17.327460 15.500000 0.985048 -0.172281 0.000000 9.338856e-03 -1.527836e-03 0.000000e+00 0.000000e+00 0.000000e+00 2.344241e-05 0.000000e+00 0.000000e+00
10400 124.738148 17.244348 15.500000 0.984967 -0.172741 0.000000 9.223049e-03 -1.709788e-03 0.000000e+00 0.000000e+00 0.000000e+00 -7.853070e-05 0.000000e+00 0.000000e+00
10450 125.200189 17.163736 15.500000 0.984743 -0.174017 0.000000 9.207715e-03 -1.578271e-03 0.000000e+00 0.000000e+00 0.000000e+00 -5.214105e-06 0.000000e+00 0.000000e+00
10500 125.656062 17.081486 15.500000 0.984440 -0.175723 0.000000 9.117741e-03 -1.643736e-03 0.000000e+00 0.000000e+00 0.000000e+00 -3.941126e-05 0.000000e+00 0.000000e+00
10550 126.114864 16.996727 15.500000 0.984221 -0.176946 0.000000 9.115259e-03 -1.728788e-03 0.000000e+00 0.000000e+00 0.000000e+00 -2.373000e-05 0.000000e+00 0.000000e+00
10600 126.570330 16.910187 15.500000 0.984073 -0.177766 0.000000 9.137548e-03 -1.662345e-03 0.000000e+00 0.000000e+00 0.000000e+00 -1.260464e-05 0.000000e+00 0.000000e+00
10650 127.032461 16.822684 15.500000 0.984225 -0.176921 0.000000 9.342573e-03 -1.778487e-03 0.000000e+00 0.000000e+00 0.000000e+00 3.422537e-05 0.000000e+00 0.000000e+00
10700 127.494500 16.733259 15.500000 0.984183 -0.177154 0.000000 9.099492e-03 -1.674241e-03 0.000000e+00 0.000000e+00 0.000000e+00 -2.302044e-05 0.000000e+00 0.000000e+00
10750 127.956163 16.651990 15.500000 0.984445 -0.175695 0.000000 9.332713e-03 -1.669029e-03 0.000000e+00 0.000000e+00 0.000000e+00 2.564925e-05 0.000000e+00 0.000000e+00
10800 128.423608 16.566279 15.500000 0.984447 -0.175681 0.000000 9.177574e-03 -1.619252e-03 0.000000e+00 0.000000e+00 0.000000e+00 2.055898e-05 0.000000e+00 0.000000e+00
10850 128.884841 16.483509 15.500000 0.984606 -0.174789 0.000000 9.403011e-03 -1.650654e-03 0.000000e+00 0.000000e+00 0.000000e+00 1.436321e-05 0.000000e+00 0.000000e+00
10900 129.353975 16.404266 15.500000 0.984790 -0.173748 0.000000 9.278434e-03 -1.491919e-03 0.000000e+00 0.000000e+00 0.000000e+00 3.258371e-05 0.000000e+00 0.000000e+00
10950 129.816740 16.321835 15.500000 0.984521 -0.175269 0.000000 9.275740e-03 -1.700059e-03 0.000000e+00 0.000000e+00 0.000000e+00 -4.516327e-05 0.000000e+00 0.000000e+00
11000 130.280245 16.242515 15.500000 0.984508 -0.175338 0.000000 9.171490e-03 -1.545232e-03 0.000000e+00 0.000000e+00 0.000000e+00 9.927455e-06 0.000000e+00 0.000000e+00
11050 130.739498 16.160816 15.500000 0.984310 -0.176448 0.000000 9.185428e-03 -1.651710e-03 0.000000e+00 0.000000e+00 0.000000e+00 -4.735843e-05 0.000000e+00 0.000000e+00
11100 131.200501 16.079635 15.500000 0.984078 -0.177739 0.000000 9.160236e-03 -1.682059e-03 0.000000e+00 0.000000e+00 0.000000e+00 -3.896076e-06 0.000000e+00 0.000000e+00
11150 131.656312 15.994796 15.500000 0.983912 -0.178652 0.000000 9.125128e-03 -1.743539e-03 0.000000e+00 0.000000e+00 0.000000e+00 -2.717137e-05 0.000000e+00 0.000000e+00
11200 132.117633 15.909605 15.500000 0.983876 -0.178854 0.000000 9.280601e-03 -1.828074e-03 0.000000e+00 0.000000e+00 0.000000e+00 -9.149195e-07 0.000000e+00 0.000000e+00
11250 132.577512 15.822063 15.500000 0.983890 -0.178774 0.000000 9.185512e-03 -1.691024e-03 0.000000e+00 0.000000e+00 0.000000e+00 1.610468e-05 0.000000e+00 0.000000e+00
11300 133.041885 15.739496 15.500000 0.984115 -0.177531 0.000000 9.424301e-03 -1.704956e-03 0.000000e+00 0.000000e+00 0.000000e+00 2.284591e-05 0.000000e+00 0.000000e+00
11350 133.504469 15.651858 15.500000 0.984057 -0.177852 0.000000 9.210059e-03 -1.630322e-03 0.000000e+00 0.000000e+00 0.000000e+00 1.682034e-05 0.000000e+00 0.000000e+00
11400 133.969417 15.571470 15.500000 0.984367 -0.176127 0.000000 9.344585e-03 -1.675044e-03 0.000000e+00 0.000000e+00 0.000000e+00 1.931270e-05 0.000000e+00 0.000000e+00
11450 134.438570 15.490813 15.500000 0.984457 -0.175625 0.000000 9.265334e-03 -1.619925e-03 0.000000e+00 0.000000e+00 0.000000e+00 -6.290635e-06 0.000000e+00 0.000000e+00
11500 134.901563 15.410023 15.500000 0.984431 -0.175769 0.000000 9.357929e-03 -1.573927e-03 0.000000e+00 0.000000e+00 0.000000e+00 2.222452e-05 0.000000e+00 0.000000e+00
11550 135.367815 15.333035 15.500000 0.984644 -0.174572 0.000000 9.187798e-03 -1.430875e-03 0.000000e+00 0.000000e+00 0.000000e+00 4.837777e-05 0.000000e+00 0.000000e+00
11600 135.828938 15.251650 15.500000 0.984424 -0.175809 0.000000 9.253651e-03 -1.553705e-03 0.000000e+00 0.000000e+00 0.000000e+00 -3.319320e-05 0.000000e+00 0.000000e+00
11650 136.291908 15.174503 15.500000 0.984332 -0.176323 0.000000 9.213894e-03 -1.513163e-03 0.000000e+00 0.000000e+00 0.000000e+00 -1.182399e-05 0.000000e+00 0.000000e+00
11700 136.749764 15.094810 15.500000 0.984001 -0.178163 0.000000 9.218979e-03 -1.558829e-03 0.000000e+00 0.000000e+00 0.000000e+00 -2.262758e-05 0.000000e+00 0.000000e+00
11750 137.211103 15.013686 15.500000 0.983780 -0.179379 0.000000 9.058396e-03 -1.658193e-03 0.000000e+00 0.000000e+00 0.000000e+00 -2.769539e-05 0.000000e+00 0.000000e+00
11800 137.667508 14.930932 15.500000 0.983566 -0.180550 0.000000 9.189329e-03 -1.619260e-03 0.000000e+00 0.000000e+00 0.000000e+00 -1.809763e-05 0.000000e+00 0.000000e+00
11850 138.131867 14.847422 15.500000 0.983647 -0.180109 0.000000 9.310567e-03 -1.769368e-03 0.000000e+00 0.000000e+00 0.000000e+00 -3.551158e-06 0.000000e+00 0.000000e+00
11900 138.592897 14.761645 15.500000 0.983599 -0.180370 0.000000 9.165420e-03 -1.528180e-03 0.000000e+00 0.000000e+00 0.000000e+00 1.316245e-06 0.000000e+00 0.000000e+00
11950 139.058498 14.682104 15.500000 0.983861 -0.178935 0.000000 9.375278e-03 -1.673066e-03 0.000000e+00 0.000000e+00 0.000000e+00 8.719876e-06 0.000000e+00 0.000000e+00
12000 139.523803 14.597255 15.500000 0.983907 -0.178682 0.000000 9.275022e-03 -1.590543e-03 0.000000e+00 0.000000e+00 0.000000e+00 3.433248e-05 0.000000e+00 0.000000e+00
12050 139.989059 14.518590 15.500000 0.984136 -0.177413 0.000000 9.407515e-03 -1.588622e-03 0.000000e+00 0.000000e+00 0.000000e+00 2.605054e-05 0.000000e+00 0.000000e+00
12100 140.458601 14.440281 15.500000 0.984266 -0.176691 0.000000 9.295250e-03 -1.583149e-03 0.000000e+00 0.000000e+00 0.000000e+00 -2.413701e-05 0.000000e+00 0.000000e+00
12150 140.922933 14.361295 15.500000 0.984108 -0.177572 0.000000 9.323536e-03 -1.555482e-03 0.000000e+00 0.000000e+00 0.000000e+00 2.501243e-06 0.000000e+00 0.000000e+00
12200 141.388462 14.286135 15.500000 0.984267 -0.176685 0.000000 9.196378e-03 -1.512456e-03 0.000000e+00 0.000000e+00 0.000000e+00 3.637655e-05 0.000000e+00 0.000000e+00
12250 141.849136 14.206102 15.500000 0.984043 -0.177929 0.000000 9.251835e-03 -1.552579e-03 0.000000e+00 0.000000e+00 0.000000e+00 -1.923815e-05 0.000000e+00 0.000000e+00
12300 142.311681 14.130363 15.500000 0.983872 -0.178872 0.000000 9.171651e-03 -1.584521e-03 0.000000e+00 0.000000e+00 0.000000e+00 -1.800806e-05 0.000000e+00 0.000000e+00
12350 142.769538 14.051106 15.500000 0.983509 -0.180862 0.000000 9.266637e-03 -1.584724e-03 0.000000e+00 0.000000e+00 0.000000e+00 -2.458785e-05 0.000000e+00 0.000000e+00
12400 143.229257 13.969795 15.500000 0.983315 -0.181909 0.000000 9.104241e-03 -1.747672e-03 0.000000e+00 0.000000e+00 0.000000e+00 -3.883529e-05 0.000000e+00 0.000000e+00
12450 143.687113 13.887533 15.500000 0.983273 -0.182139 0.000000 9.213133e-03 -1.736447e-03 0.000000e+00 0.000000e+00 0.000000e+00 -3.805437e-06 0.000000e+00 0.000000e+00
12500 144.152589 13.804685 15.500000 0.983518 -0.180811 0.000000 9.276234e-03 -1.721968e-03 0.000000e+00 0.000000e+00 0.000000e+00 5.421382e-06 0.000000e+00 0.000000e+00
12550 144.614192 13.721832 15.500000 0.983438 -0.181247 0.000000 9.215811e-03 -1.541625e-03 0.000000e+00 0.000000e+00 0.000000e+00 -2.338306e-06 0.000000e+00 0.000000e+00
12600 145.081434 13.644766 15.500000 0.983740 -0.179596 0.000000 9.395583e-03 -1.606556e-03 0.000000e+00 0.000000e+00 0.000000e+00 1.259958e-05 0.000000e+00 0.000000e+00
12650 145.548391 13.563051 15.500000 0.983803 -0.179255 0.000000 9.324363e-03 -1.570617e-03 0.000000e+00 0.000000e+00 0.000000e+00 2.646583e-05 0.000000e+00 0.000000e+00
12700 146.013927 13.486803 15.500000 0.984008 -0.178125 0.000000 9.463070e-03 -1.537940e-03 0.000000e+00 0.000000e+00 0.000000e+00 2.149963e-05 0.000000e+00 0.000000e+00
12750 146.483324 13.410852 15.500000 0.984136 -0.177415 0.000000 9.330289e-03 -1.543180e-03 0.000000e+00 0.000000e+00 0.000000e+00 -2.666455e-05 0.000000e+00 0.000000e+00
12800 146.948493 13.334550 15.500000 0.983937 -0.178513 0.000000 9.339347e-03 -1.441935e-03 0.000000e+00 0.000000e+00 0.000000e+00 1.573265e-05 0.000000e+00 0.000000e+00
12850 147.413961 13.260941 15.500000 0.984093 -0.177656 0.000000 9.222047e-03 -1.459509e-03 0.000000e+00 0.000000e+00 0.000000e+00 2.567469e-05 0.000000e+00 0.000000e+00
12900 147.875362 13.183397 15.500000 0.983828 -0.179115 0.000000 9.296145e-03 -1.493999e-03 0.000000e+00 0.000000e+00 0.000000e+00 -2.212278e-05 0.000000e+00 0.000000e+00
12950 148.337328 13.109373 15.500000 0.983662 -0.180026 0.000000 9.127338e-03 -1.498809e-03 0.000000e+00 0.000000e+00 0.000000e+00 -2.769353e-05 0.000000e+00 0.000000e+00
13000 148.796258 13.031974 15.500000 0.983317 -0.181899 0.000000 9.278493e-03 -1.488736e-03 0.000000e+00 0.000000e+00 0.000000e+00 -2.438388e-05 0.000000e+00 0.000000e+00
13050 149.256284 12.951952 15.500000 0.983133 -0.182894 0.000000 9.168490e-03 -1.671544e-03 0.000000e+00 0.000000e+00 0.000000e+00 -2.436953e-05 0.000000e+00 0.000000e+00
13100 149.714884 12.871445 15.500000 0.983220 -0.182424 0.000000 9.253005e-03 -1.549656e-03 0.000000e+00 0.000000e+00 0.000000e+00 2.443289e-05 0.000000e+00 0.000000e+00
13150 150.181104 12.791049 15.500000 0.983478 -0.181027 0.000000 9.324987e-03 -1.703798e-03 0.000000e+00 0.000000e+00 0.000000e+00 6.883698e-06 0.000000e+00 0.000000e+00
13200 150.643346 12.711250 15.500000 0.983401 -0.181448 0.000000 9.287966e-03 -1.423152e-03 0.000000e+00 0.000000e+00 0.000000e+00 1.946034e-05 0.000000e+00 0.000000e+00
13250 151.111570 12.636869 15.500000 0.983725 -0.179680 0.000000 9.297896e-03 -1.518389e-03 0.000000e+00 0.000000e+00 0.000000e+00 2.632680e-05 0.000000e+00 0.000000e+00
13300 151.579368 12.557562 15.500000 0.983801 -0.179262 0.000000 9.339162e-03 -1.510560e-03 0.000000e+00 0.000000e+00 0.000000e+00 2.779109e-05 0.000000e+00 0.000000e+00
13350 152.046065 12.484279 15.500000 0.984015 -0.178087 0.000000 9.480161e-03 -1.495972e-03 0.000000e+00 0.000000e+00 0.000000e+00 2.475737e-05 0.000000e+00 0.000000e+00
13400 152.515717 12.410677 15.500000 0.984122 -0.177491 0.000000 9.353582e-03 -1.494456e-03 0.000000e+00 0.000000e+00 0.000000e+00 -2.948851e-05 0.000000e+00 0.000000e+00
13450 152.981362 12.337577 15.500000 0.983984 -0.178259 0.000000 9.353662e-03 -1.384370e-03 0.000000e+00 0.000000e+00 0.000000e+00 2.898251e-05 0.000000e+00 0.000000e+00
13500 153.447104 12.266422 15.500000 0.984159 -0.177288 0.000000 9.208733e-03 -1.505127e-03 0.000000e+00 0.000000e+00 0.000000e+00 1.953879e-05 0.000000e+00 0.000000e+00
13550 153.909418 12.191655 15.500000 0.983880 -0.178831 0.000000 9.303766e-03 -1.397248e-03 0.000000e+00 0.000000e+00 0.000000e+00 -2.746683e-05 0.000000e+00 0.000000e+00
13600 154.372382 12.120359 15.500000 0.983721 -0.179704 0.000000 9.197978e-03 -1.506223e-03 0.000000e+00 0.000000e+00 0.000000e+00 -4.499237e-05 0.000000e+00 0.000000e+00
13650 154.832407 12.046539 15.500000 0.983384 -0.181540 0.000000 9.328871e-03 -1.491643e-03 0.000000e+00 0.000000e+00 0.000000e+00 -3.365868e-05 0.000000e+00 0.000000e+00
13700 155.292796 11.969928 15.500000 0.983223 -0.182406 0.000000 9.226316e-03 -1.633474e-03 0.000000e+00 0.000000e+00 0.000000e+00 -2.883979e-05 0.000000e+00 0.000000e+00
13750 155.751943 11.893605 15.500000 0.983107 -0.183033 0.000000 9.362951e-03 -1.558950e-03 0.000000e+00 0.000000e+00 0.000000e+00 6.555686e-06 0.000000e+00 0.000000e+00
13800 156.219477 11.816215 15.500000 0.983312 -0.181927 0.000000 9.321653e-03 -1.687548e-03 0.000000e+00 0.000000e+00 0.000000e+00 -1.996536e-05 0.000000e+00 0.000000e+00
13850 156.681980 11.739490 15.500000 0.983326 -0.181849 0.000000 9.332978e-03 -1.437038e-03 0.000000e+00 0.000000e+00 0.000000e+00 3.685080e-05 0.000000e+00 0.000000e+00
13900 157.150333 11.666853 15.500000 0.983623 -0.180237 0.000000 9.357571e-03 -1.557288e-03 0.000000e+00 0.000000e+00 0.000000e+00 2.433011e-05 0.000000e+00 0.000000e+00
13950 157.617377 11.589282 15.500000 0.983717 -0.179723 0.000000 9.314596e-03 -1.470823e-03 0.000000e+00 0.000000e+00 0.000000e+00 2.035711e-05 0.000000e+00 0.000000e+00
14000 158.086196 11.518573 15.500000 0.983983 -0.178264 0.000000 9.372200e-03 -1.447499e-03 0.000000e+00 0.000000e+00 0.000000e+00 3.215722e-05 0.000000e+00 0.000000e+00
14050 158.557118 11.446763 15.500000 0.984060 -0.177834 0.000000 9.371754e-03 -1.432809e-03 0.000000e+00 0.000000e+00 0.000000e+00 -1.388089e-05 0.000000e+00 0.000000e+00
14100 159.023024 11.376894 15.500000 0.984099 -0.177621 0.000000 9.444599e-03 -1.351380e-03 0.000000e+00 0.000000e+00 0.000000e+00 3.989503e-05 0.000000e+00 0.000000e+00
14150 159.489660 11.309023 15.500000 0.984327 -0.176352 0.000000 9.236212e-03 -1.449591e-03 0.000000e+00 0.000000e+00 0.000000e+00 -7.075879e-07 0.000000e+00 0.000000e+00
14200 159.955282 11.237607 15.500000 0.984044 -0.177926 0.000000 9.418295e-03 -1.338802e-03 0.000000e+00 0.000000e+00 0.000000e+00 -8.057723e-06 0.000000e+00 0.000000e+00
14250 160.419141 11.169550 15.500000 0.984033 -0.177985 0.000000 9.240229e-03 -1.352615e-03 0.000000e+00 0.000000e+00 0.000000e+00 -1.244218e-05 0.000000e+00 0.000000e+00
14300 160.880869 11.100244 15.500000 0.983710 -0.179764 0.000000 9.289133e-03 -1.369515e-03 0.000000e+00 0.000000e+00 0.000000e+00 -2.501054e-05 0.000000e+00 0.000000e+00
14350 161.343789 11.028967 15.500000 0.983587 -0.180435 0.000000 9.159799e-03 -1.471931e-03 0.000000e+00 0.000000e+00 0.000000e+00 -9.078483e-06 0.000000e+00 0.000000e+00
14400 161.803809 10.956850 15.500000 0.983387 -0.181523 0.000000 9.324978e-03 -1.384306e-03 0.000000e+00 0.000000e+00 0.000000e+00 -1.288077e-06 0.000000e+00 0.000000e+00
14450 162.269458 10.882779 15.500000 0.983491 -0.180955 0.000000 9.300327e-03 -1.590175e-03 0.000000e+00 0.000000e+00 0.000000e+00 -5.017749e-06 0.000000e+00 0.000000e+00
14500 162.732482 10.810385 15.500000 0.983686 -0.179895 0.000000 9.332694e-03 -1.331597e-03 0.000000e+00 0.000000e+00 0.000000e+00 3.608428e-05 0.000000e+00 0.000000e+00
14550 163.201021 10.739190 15.500000 0.983930 -0.178554 0.000000 9.335929e-03 -1.505264e-03 0.000000e+00 0.000000e+00 0.000000e+00 1.063142e-05 0.000000e+00 0.000000e+00
14600 163.665360 10.666834 15.500000 0.983905 -0.178690 0.000000 9.352922e-03 -1.240715e-03 0.000000e+00 0.000000e+00 0.000000e+00 3.926309e-05 0.000000e+00 0.000000e+00
14650 164.135739 10.601152 15.500000 0.984246 -0.176804 0.000000 9.378590e-03 -1.434665e-03 0.000000e+00 0.000000e+00 0.000000e+00 -1.276700e-05 0.000000e+00 0.000000e+00
14700 164.606333 10.530938 15.500000 0.984357 -0.176185 0.000000 9.327957e-03 -1.278532e-03 0.000000e+00 0.000000e+00 0.000000e+00 4.664115e-05 0.000000e+00 0.000000e+00
14750 165.074674 10.465803 15.500000 0.984578 -0.174947 0.000000 9.460743e-03 -1.318397e-03 0.000000e+00 0.000000e+00 0.000000e+00 3.301071e-05 0.000000e+00 0.000000e+00
14800 165.545453 10.400535 15.500000 0.984689 -0.174322 0.000000 9.348700e-03 -1.352087e-03 0.000000e+00 0.000000e+00 0.000000e+00 -5.113354e-05 0.000000e+00 0.000000e+00
14850 166.012988 10.336208 15.500000 0.984627 -0.174671 0.000000 9.456211e-03 -1.246567e-03 0.000000e+00 0.000000e+00 0.000000e+00 4.086530e-05 0.000000e+00 0.000000e+00
14900 166.479927 10.273481 15.500000 0.984844 -0.173443 0.000000 9.224896e-03 -1.380786e-03 0.000000e+00 0.000000e+00 0.000000e+00 9.547191e-06 0.000000e+00 0.000000e+00
14950 166.945153 10.208154 15.500000 0.984593 -0.174863 0.000000 9.387360e-03 -1.206922e-03 0.000000e+00 0.000000e+00 0.000000e+00 -2.231543e-05 0.000000e+00 0.000000e+00
15000 167.409607 10.145576 15.500000 0.984543 -0.175142 0.000000 9.235370e-03 -1.339518e-03 0.000000e+00 0.000000e+00 0.000000e+00 -1.866227e-05 0.000000e+00 0.000000e+00
15050 167.871859 10.082038 15.500000 0.984256 -0.176746 0.000000 9.288462e-03 -1.301446e-03 0.000000e+00 0.000000e+00 0.000000e+00 -2.287865e-05 0.000000e+00 0.000000e+00
15100 168.335359 10.016359 15.500000 0.984161 -0.177278 0.000000 9.191700e-03 -1.434634e-03 0.000000e+00 0.000000e+00 0.000000e+00 -8.920944e-06 0.000000e+00 0.000000e+00
15150 168.795979 9.950540 15.500000 0.984015 -0.178087 0.000000 9.358515e-03 -1.350809e-03 0.000000e+00 0.000000e+00 0.000000e+00 6.317985e-06 0.000000e+00 0.000000e+00
15200 169.262971 9.882891 15.500000 0.984168 -0.177236 0.000000 9.329872e-03 -1.522599e-03 0.000000e+00 0.000000e+00 0.000000e+00 3.939746e-06 0.000000e+00 0.000000e+00
15250 169.727061 9.816565 15.500000 0.984401 -0.175941 0.000000 9.340243e-03 -1.279087e-03 0.000000e+00 0.000000e+00 0.000000e+00 4.387986e-05 0.000000e+00 0.000000e+00
15300 170.196569 9.751874 15.500000 0.984697 -0.174272 0.000000 9.289224e-03 -1.396823e-03 0.000000e+00 0.000000e+00 0.000000e+00 1.358438e-05 0.000000e+00 0.000000e+00
15350 170.661660 9.686050 15.500000 0.984694 -0.174295 0.000000 9.331805e-03 -1.140792e-03 0.000000e+00 0.000000e+00 0.000000e+00 3.632375e-05 0.000000e+00 0.000000e+00
15400 171.133143 9.626979 15.500000 0.985103 -0.171963 0.000000 9.425432e-03 -1.271445e-03 0.000000e+00 0.000000e+00 0.000000e+00 2.532937e-05 0.000000e+00 0.000000e+00
15450 171.603703 9.562525 15.500000 0.985255 -0.171090 0.000000 9.337553e-03 -1.168430e-03 0.000000e+00 0.000000e+00 0.000000e+00 3.830709e-05 0.000000e+00 0.000000e+00
15500 172.073832 9.504279 15.500000 0.985542 -0.169430 0.000000 9.472428e-03 -1.188315e-03 0.000000e+00 0.000000e+00 0.000000e+00 4.980770e-05 0.000000e+00 0.000000e+00
15550 172.546717 9.445153 15.500000 0.985687 -0.168588 0.000000 9.410884e-03 -1.167807e-03 0.000000e+00 0.000000e+00 0.000000e+00 -7.889415e-06 0.000000e+00 0.000000e+00
15600 173.014772 9.387890 15.500000 0.985782 -0.168028 0.000000 9.450371e-03 -1.101939e-03 0.000000e+00 0.000000e+00 0.000000e+00 4.804358e-05 0.000000e+00 0.000000e+00
15650 173.484276 9.333486 15.500000 0.986075 -0.166301 0.000000 9.308522e-03 -1.124924e-03 0.000000e+00 0.000000e+00 0.000000e+00 -7.245407e-06 0.000000e+00 0.000000e+00
15700 173.952833 9.276183 15.500000 0.985885 -0.167424 0.000000 9.455106e-03 -1.038970e-03 0.000000e+00 0.000000e+00 0.000000e+00 1.559517e-05 0.000000e+00 0.000000e+00
15750 174.420066 9.222577 15.500000 0.986059 -0.166398 0.000000 9.281766e-03 -1.029194e-03 0.000000e+00 0.000000e+00 0.000000e+00 1.980639e-05 0.000000e+00 0.000000e+00
15800 174.884634 9.166600 15.500000 0.985890 -0.167392 0.000000 9.365048e-03 -1.043977e-03 0.000000e+00 0.000000e+00 0.000000e+00 -1.574731e-05 0.000000e+00 0.000000e+00
15850 175.349168 9.113831 15.500000 0.985851 -0.167625 0.000000 9.198818e-03 -1.071282e-03 0.000000e+00 0.000000e+00 0.000000e+00 -1.509817e-05 0.000000e+00 0.000000e+00
15900 175.811256 9.058974 15.500000 0.985645 -0.168832 0.000000 9.385672e-03 -1.013515e-03 0.000000e+00 0.000000e+00 0.000000e+00 -1.769400e-05 0.000000e+00 0.000000e+00
15950 176.274872 9.003227 15.500000 0.985616 -0.169002 0.000000 9.268410e-03 -1.134725e-03 0.000000e+00 0.000000e+00 0.000000e+00 -4.163178e-06 0.000000e+00 0.000000e+00
16000 176.735560 8.947082 15.500000 0.985544 -0.169420 0.000000 9.366972e-03 -1.071682e-03 0.000000e+00 0.000000e+00 0.000000e+00 -8.145768e-06 0.000000e+00 0.000000e+00
16050 177.204262 8.890692 15.500000 0.985778 -0.168054 0.000000 9.331143e-03 -1.173092e-03 0.000000e+00 0.000000e+00 0.000000e+00 2.196612e-05 0.000000e+00 0.000000e+00
16100 177.669133 8.833006 15.500000 0.986016 -0.166651 0.000000 9.384103e-03 -9.744303e-04 0.000000e+00 0.000000e+00 0.000000e+00 5.303988e-05 0.000000e+00 0.000000e+00
16150 178.139670 8.779394 15.500000 0.986397 -0.164383 0.000000 9.342520e-03 -1.165078e-03 0.000000e+00 0.000000e+00 0.000000e+00 4.902568e-05 0.000000e+00 0.000000e+00
16200 178.605912 8.722782 15.500000 0.986473 -0.163925 0.000000 9.309532e-03 -9.202044e-04 0.000000e+00 0.000000e+00 0.000000e+00 3.320585e-05 0.000000e+00 0.000000e+00
16250 179.077723 8.674786 15.500000 0.986905 -0.161302 0.000000 9.533450e-03 -1.104341e-03 0.000000e+00 0.000000e+00 0.000000e+00 3.144422e-05 0.000000e+00 0.000000e+00
16300 179.548357 8.619221 15.500000 0.987097 -0.160120 0.000000 9.396975e-03 -9.551612e-04 0.000000e+00 0.000000e+00 0.000000e+00 5.992434e-05 0.000000e+00 0.000000e+00
16350 180.019467 8.572410 15.500000 0.987513 -0.157536 0.000000 9.437201e-03 -9.441829e-04 0.000000e+00 0.000000e+00 0.000000e+00 3.135477e-05 0.000000e+00 0.000000e+00
16400 180.494789 8.523334 15.500000 0.987748 -0.156055 0.000000 9.435724e-03 -9.449038e-04 0.000000e+00 0.000000e+00 0.000000e+00 2.713312e-05 0.000000e+00 0.000000e+00
16450 180.963725 8.478135 15.500000 0.988029 -0.154267 0.000000 9.499062e-03 -8.560540e-04 0.000000e+00 0.000000e+00 0.000000e+00 3.806530e-05 0.000000e+00 0.000000e+00
16500 181.439019 8.433810 15.500000 0.988325 -0.152363 0.000000 9.369843e-03 -9.076350e-04 0.000000e+00 0.000000e+00 0.000000e+00 -3.932388e-07 0.000000e+00 0.000000e+00
16550 181.908560 8.389780 15.500000 0.988385 -0.151972 0.000000 9.489423e-03 -8.759850e-04 0.000000e+00 0.000000e+00 0.000000e+00 3.636521e-05 0.000000e+00 0.000000e+00
16600 182.380880 8.349702 15.500000 0.988760 -0.149509 0.000000 9.310910e-03 -7.280081e-04 0.000000e+00 0.000000e+00 0.000000e+00 5.697141e-05 0.000000e+00 0.000000e+00
16650 182.849900 8.306883 15.500000 0.988694 -0.149946 0.000000 9.375425e-03 -8.217502e-04 0.000000e+00 0.000000e+00 0.000000e+00 -1.356967e-05 0.000000e+00 0.000000e+00
16700 183.320199 8.268101 15.500000 0.988913 -0.148498 0.000000 9.366178e-03 -7.272426e-04 0.000000e+00 0.000000e+00 0.000000e+00 5.873451e-05 0.000000e+00 0.000000e+00
16750 183.786283 8.227249 15.500000 0.988992 -0.147970 0.000000 9.255169e-03 -7.817236e-04 0.000000e+00 0.000000e+00 0.000000e+00 -8.033814e-06 0.000000e+00 0.000000e+00
16800 184.254516 8.190376 15.500000 0.989086 -0.147338 0.000000 9.211135e-03 -7.715205e-04 0.000000e+00 0.000000e+00 0.000000e+00 3.866522e-05 0.000000e+00 0.000000e+00
16850 184.718638 8.151581 15.500000 0.989076 -0.147404 0.000000 9.258467e-03 -7.812751e-04 0.000000e+00 0.000000e+00 0.000000e+00 -2.022092e-05 0.000000e+00 0.000000e+00
16900 185.184961 8.115826 15.500000 0.989093 -0.147293 0.000000 9.303277e-03 -7.688094e-04 0.000000e+00 0.000000e+00 0.000000e+00 3.251241e-05 0.000000e+00 0.000000e+00
16950 185.647097 8.077674 15.500000 0.989095 -0.147280 0.000000 9.266717e-03 -8.115032e-04 0.000000e+00 0.000000e+00 0.000000e+00 -5.641337e-07 0.000000e+00 0.000000e+00
17000 186.113513 8.042157 15.500000 0.989167 -0.146797 0.000000 9.272306e-03 -7.715571e-04 0.000000e+00 0.000000e+00 0.000000e+00 7.596466e-06 0.000000e+00 0.000000e+00
17050 186.575844 8.002392 15.500000 0.989280 -0.146029 0.000000 9.274112e-03 -8.851133e-04 0.000000e+00 0.000000e+00 0.000000e+00 1.733732e-05 0.000000e+00 0.000000e+00
17100 187.040334 7.967196 15.500000 0.989405 -0.145183 0.000000 9.353830e-03 -7.991756e-04 0.000000e+00 0.000000e+00 0.000000e+00 -5.292082e-06 0.000000e+00 0.000000e+00
17150 187.504022 7.927987 15.500000 0.989668 -0.143376 0.000000 9.228848e-03 -7.874187e-04 0.000000e+00 0.000000e+00 0.000000e+00 6.801867e-05 0.000000e+00 0.000000e+00
17200 187.972294 7.894555 15.500000 0.989990 -0.141136 0.000000 9.442752e-03 -6.673243e-04 0.000000e+00 0.000000e+00 0.000000e+00 7.573237e-05 0.000000e+00 0.000000e+00
17250 188.441262 7.855367 15.500000 0.990286 -0.139045 0.000000 9.286871e-03 -7.235190e-04 0.000000e+00 0.000000e+00 0.000000e+00 6.473132e-05 0.000000e+00 0.000000e+00
17300 188.908795 7.824009 15.500000 0.990695 -0.136103 0.000000 9.377156e-03 -6.119559e-04 0.000000e+00 0.000000e+00 0.000000e+00 6.768304e-05 0.000000e+00 0.000000e+00
17350 189.379978 7.788161 15.500000 0.991045 -0.133528 0.000000 9.410902e-03 -7.826268e-04 0.000000e+00 0.000000e+00 0.000000e+00 2.517051e-05 0.000000e+00 0.000000e+00
17400 189.846942 7.760495 15.500000 0.991416 -0.130745 0.000000 9.424351e-03 -5.447381e-04 0.000000e+00 0.000000e+00 0.000000e+00 7.652132e-05 0.000000e+00 0.000000e+00
17450 190.319774 7.729528 15.500000 0.991745 -0.128225 0.000000 9.426624e-03 -7.410798e-04 0.000000e+00 0.000000e+00 0.000000e+00 1.921636e-05 0.000000e+00 0.000000e+00
17500 190.786985 7.703710 15.500000 0.992031 -0.125993 0.000000 9.384471e-03 -3.750111e-04 0.000000e+00 0.000000e+00 0.000000e+00 1.064413e-04 0.000000e+00 0.000000e+00
17550 191.261622 7.676844 15.500000 0.992419 -0.122901 0.000000 9.552789e-03 -6.591927e-04 0.000000e+00 0.000000e+00 0.000000e+00 3.008078e-05 0.000000e+00 0.000000e+00
17600 191.730914 7.649688 15.500000 0.992717 -0.120474 0.000000 9.474903e-03 -3.465447e-04 0.000000e+00 0.000000e+00 0.000000e+00 1.004038e-04 0.000000e+00 0.000000e+00
17650 192.205975 7.628503 15.500000 0.993134 -0.116987 0.000000 9.494363e-03 -5.067492e-04 0.000000e+00 0.000000e+00 0.000000e+00 5.250539e-05 0.000000e+00 0.000000e+00
17700 192.677225 7.603956 15.500000 0.993410 -0.114619 0.000000 9.342589e-03 -4.232794e-04 0.000000e+00 0.000000e+00 0.000000e+00 6.967507e-05 0.000000e+00 0.000000e+00
17750 193.151372 7.585337 15.500000 0.993798 -0.111200 0.000000 9.531708e-03 -4.128071e-04 0.000000e+00 0.000000e+00 0.000000e+00 4.986649e-05 0.000000e+00 0.000000e+00
17800 193.625522 7.565797 15.500000 0.994087 -0.108587 0.000000 9.353311e-03 -3.231868e-04 0.000000e+00 0.000000e+00 0.000000e+00 6.641391e-05 0.000000e+00 0.000000e+00
17850 194.097874 7.549375 15.500000 0.994435 -0.105348 0.000000 9.474690e-03 -3.450351e-04 0.000000e+00 0.000000e+00 0.000000e+00 4.426167e-05 0.000000e+00 0.000000e+00
17900 194.573394 7.533620 15.500000 0.994697 -0.102852 0.000000 9.432959e-03 -2.282210e-04 0.000000e+00 0.000000e+00 0.000000e+00 5.919265e-05 0.000000e+00 0.000000e+00
17950 195.044458 7.520284 15.500000 0.995008 -0.099798 0.000000 9.614090e-03 -2.874882e-04 0.000000e+00 0.000000e+00 0.000000e+00 6.425197e-05 0.000000e+00 0.000000e+00
18000 195.519938 7.507642 15.500000 0.995269 -0.097157 0.000000 9.448539e-03 -1.752616e-04 0.000000e+00 0.000000e+00 0.000000e+00 4.793108e-05 0.000000e+00 0.000000e+00
18050 195.989899 7.497438 15.500000 0.995541 -0.094330 0.000000 9.538133e-03 -2.213956e-04 0.000000e+00 0.000000e+00 0.000000e+00 5.902795e-05 0.000000e+00 0.000000e+00
18100 196.465712 7.487752 15.500000 0.995800 -0.091558 0.000000 9.431483e-03 -1.406802e-04 0.000000e+00 0.000000e+00 0.000000e+00 4.194272e-05 0.000000e+00 0.000000e+00
18150 196.935155 7.480391 15.500000 0.996032 -0.088994 0.000000 9.583888e-03 -1.091274e-04 0.000000e+00 0.000000e+00 0.000000e+00 8.285412e-05 0.000000e+00 0.000000e+00
18200 197.411381 7.473643 15.500000 0.996292 -0.086031 0.000000 9.350388e-03 -9.466452e-05 0.000000e+00 0.000000e+00 0.000000e+00 3.748112e-05 0.000000e+00 0.000000e+00
18250 197.879668 7.469260 15.500000 0.996492 -0.083682 0.000000 9.497119e-03 -1.200905e-04 0.000000e+00 0.000000e+00 0.000000e+00 8.649939e-05 0.000000e+00 0.000000e+00
18300 198.356589 7.464942 15.500000 0.996747 -0.080600 0.000000 9.439571e-03 4.288252e-06 0.000000e+00 0.000000e+00 0.000000e+00 8.833681e-05 0.000000e+00 0.000000e+00
18350 198.823952 7.463410 15.500000 0.996917 -0.078469 0.000000 9.427246e-03 -4.468891e-05 0.000000e+00 0.000000e+00 0.000000e+00 7.948721e-05 0.000000e+00 0.000000e+00
18400 199.300145 7.461262 15.500000 0.997155 -0.075375 0.000000 9.650058e-03 4.742318e-05 0.000000e+00 0.000000e+00 0.000000e+00 8.571113e-05 0.000000e+00 0.000000e+00
18450 199.768270 7.462446 15.500000 0.997318 -0.073185 0.000000 9.321440e-03 5.497152e-06 0.000000e+00 0.000000e+00 0.000000e+00 5.005797e-05 0.000000e+00 0.000000e+00
18500 200.242885 7.462574 15.500000 0.997539 -0.070116 0.000000 9.623031e-03 -2.649490e-05 0.000000e+00 0.000000e+00 0.000000e+00 4.236907e-05 0.000000e+00 0.000000e+00
18550 200.713054 7.466155 15.500000 0.997699 -0.067804 0.000000 9.201355e-03 6.136310e-05 0.000000e+00 0.000000e+00 0.000000e+00 4.128386e-05 0.000000e+00 0.000000e+00
18600 201.185443 7.468714 15.500000 0.997893 -0.064883 0.000000 9.528516e-03 7.495844e-05 0.000000e+00 0.000000e+00 0.000000e+00 8.602428e-05 0.000000e+00 0.000000e+00
18650 201.658006 7.474037 15.500000 0.998055 -0.062338 0.000000 9.256638e-03 1.400496e-04 0.000000e+00 0.000000e+00 0.000000e+00 4.513786e-05 0.000000e+00 0.000000e+00
18700 202.128379 7.478969 15.500000 0.998220 -0.059642 0.000000 9.399379e-03 9.907029e-05 0.000000e+00 0.000000e+00 0.000000e+00 5.588810e-05 0.000000e+00 0.000000e+00
18750 202.601829 7.485955 15.500000 0.998381 -0.056874 0.000000 9.401472e-03 2.002340e-04 0.000000e+00 0.000000e+00 0.000000e+00 4.598178e-05 0.000000e+00 0.000000e+00
18800 203.071840 7.493714 15.500000 0.998536 -0.054082 0.000000 9.536209e-03 1.280476e-04 0.000000e+00 0.000000e+00 0.000000e+00 5.598814e-05 0.000000e+00 0.000000e+00
18850 203.545017 7.501813 15.500000 0.998681 -0.051337 0.000000 9.410073e-03 2.590612e-04 0.000000e+00 0.000000e+00 0.000000e+00 5.036087e-05 0.000000e+00 0.000000e+00
18900 204.013744 7.512755 15.500000 0.998826 -0.048449 0.000000 9.544687e-03 1.609227e-04 0.000000e+00 0.000000e+00 0.000000e+00 5.947139e-05 0.000000e+00 0.000000e+00
18950 204.487729 7.521691 15.500000 0.998956 -0.045678 0.000000 9.410133e-03 2.765961e-04 0.000000e+00 0.000000e+00 0.000000e+00 5.632990e-05 0.000000e+00 0.000000e+00
19000 204.955609 7.535821 15.500000 0.999088 -0.042701 0.000000 9.439737e-03 1.790723e-04 0.000000e+00 0.000000e+00 0.000000e+00 7.451578e-05 0.000000e+00 0.000000e+00
19050 205.430284 7.545656 15.500000 0.999195 -0.040123 0.000000 9.346747e-03 2.560684e-04 0.000000e+00 0.000000e+00 0.000000e+00 6.531391e-05 0.000000e+00 0.000000e+00
19100 205.897967 7.562634 15.500000 0.999323 -0.036800 0.000000 9.472352e-03 3.300791e-04 0.000000e+00 0.000000e+00 0.000000e+00 5.817256e-05 0.000000e+00 0.000000e+00
19150 206.372907 7.573751 15.500000 0.999405 -0.034487 0.000000 9.306186e-03 2.022956e-04 0.000000e+00 0.000000e+00 0.000000e+00 3.533750e-05 0.000000e+00 0.000000e+00
19200 206.840071 7.592665 15.500000 0.999528 -0.030737 0.000000 9.449357e-03 4.496689e-04 0.000000e+00 0.000000e+00 0.000000e+00 8.124986e-05 0.000000e+00 0.000000e+00
19250 207.313945 7.607119 15.500000 0.999597 -0.028386 0.000000 9.522292e-03 1.518764e-04 0.000000e+00 0.000000e+00 0.000000e+00 1.804012e-05 0.000000e+00 0.000000e+00
19300 207.781240 7.626179 15.500000 0.999692 -0.024806 0.000000 9.431710e-03 5.017164e-04 0.000000e+00 0.000000e+00 0.000000e+00 9.841417e-05 0.000000e+00 0.000000e+00
19350 208.253579 7.645508 15.500000 0.999763 -0.021778 0.000000 9.499249e-03 2.452779e-04 0.000000e+00 0.000000e+00 0.000000e+00 1.897220e-05 0.000000e+00 0.000000e+00
19400 208.720835 7.664495 15.500000 0.999820 -0.018950 0.000000 9.418714e-03 5.614818e-04 0.000000e+00 0.000000e+00 0.000000e+00 1.091406e-04 0.000000e+00 0.000000e+00
19450 209.192617 7.687878 15.500000 0.999885 -0.015177 0.000000 9.402489e-03 3.500822e-04 0.000000e+00 0.000000e+00 0.000000e+00 5.688273e-05 0.000000e+00 0.000000e+00
19500 209.657965 7.708975 15.500000 0.999913 -0.013193 0.000000 9.325904e-03 6.439361e-04 0.000000e+00 0.000000e+00 0.000000e+00 9.197287e-05 0.000000e+00 0.000000e+00
19550 210.127720 7.737273 15.500000 0.999957 -0.009300 0.000000 9.285101e-03 4.082854e-04 0.000000e+00 0.000000e+00 0.000000e+00 4.214395e-05 0.000000e+00 0.000000e+00
19600 210.591558 7.760072 15.500000 0.999973 -0.007385 0.000000 9.231518e-03 6.179536e-04 0.000000e+00 0.000000e+00 0.000000e+00 6.698205e-05 0.000000e+00 0.000000e+00
19650 211.059418 7.791314 15.500000 0.999995 -0.003095 0.000000 9.392680e-03 5.143077e-04 0.000000e+00 0.000000e+00 0.000000e+00 6.872071e-05 0.000000e+00 0.000000e+00
19700 211.523679 7.815870 15.500000 1.000000 -0.000623 0.000000 9.144836e-03 5.990412e-04 0.000000e+00 0.000000e+00 0.000000e+00 7.258090e-05 0.000000e+00 0.000000e+00
19750 211.988419 7.848821 15.500000 0.999994 0.003462 0.000000 9.375382e-03 5.950524e-04 0.000000e+00 0.000000e+00 0.000000e+00 8.628693e-05 0.000000e+00 0.000000e+00
19800 212.452802 7.876475 15.500000 0.999978 0.006598 0.000000 9.232643e-03 6.000942e-04 0.000000e+00 0.000000e+00 0.000000e+00 7.823189e-05 0.000000e+00 0.000000e+00
19850 212.915979 7.911463 15.500000 0.999946 0.010428 0.000000 9.346640e-03 7.785070e-04 0.000000e+00 0.000000e+00 0.000000e+00 8.843964e-05 0.000000e+00 0.000000e+00
19900 213.380196 7.944576 15.500000 0.999911 0.013313 0.000000 9.171130e-03 6.652056e-04 0.000000e+00 0.000000e+00 0.000000e+00 8.558665e-05 0.000000e+00 0.000000e+00
19950 213.840734 7.983744 15.500000 0.999879 0.015580 0.000000 9.331499e-03 7.541895e-04 0.000000e+00 0.000000e+00 0.000000e+00 5.687321e-05 0.000000e+00 0.000000e+00
20000 214.301239 8.023782 15.500000 0.999837 0.018068 0.000000 9.189593e-03 7.096678e-04 0.000000e+00 0.000000e+00 0.000000e+00 5.175903e-05 0.000000e+00 0.000000e+00
20050 214.760034 8.062622 15.500000 0.999789 0.020520 0.000000 9.334347e-03 8.395776e-04 0.000000e+00 0.000000e+00 0.000000e+00 4.418733e-05 0.000000e+00 0.000000e+00
20100 215.225154 8.106276 15.500000 0.999758 0.022009 0.000000 9.227821e-03 8.254467e-04 0.000000e+00 0.000000e+00 0.000000e+00 5.180508e-05 0.000000e+00 0.000000e+00
20150 215.685322 8.147178 15.500000 0.999739 0.022842 0.000000 9.255471e-03 7.743642e-04 0.000000e+00 0.000000e+00 0.000000e+00 -3.252103e-06 0.000000e+00 0.000000e+00
20200 216.150226 8.191465 15.500000 0.999724 0.023484 0.000000 9.277899e-03 8.650835e-04 0.000000e+00 0.000000e+00 0.000000e+00 2.706877e-05 0.000000e+00 0.000000e+00
20250 216.611350 8.233090 15.500000 0.999676 0.025462 0.000000 9.264015e-03 6.689902e-04 0.000000e+00 0.000000e+00 0.000000e+00 1.445026e-06 0.000000e+00 0.000000e+00
20300 217.077856 8.273872 15.500000 0.999665 0.025866 0.000000 9.376996e-03 8.567360e-04 0.000000e+00 0.000000e+00 0.000000e+00 3.499065e-05 0.000000e+00 0.000000e+00
20350 217.540185 8.316715 15.500000 0.999595 0.028443 0.000000 9.198698e-03 6.938749e-04 0.000000e+00 0.000000e+00 0.000000e+00 5.854104e-05 0.000000e+00 0.000000e+00
20400 218.006199 8.355859 15.500000 0.999591 0.028593 0.000000 9.422391e-03 9.007199e-04 0.000000e+00 0.000000e+00 0.000000e+00 4.537918e-05 0.000000e+00 0.000000e+00
20450 218.474152 8.398929 15.500000 0.999528 0.030715 0.000000 9.255662e-03 7.486821e-04 0.000000e+00 0.000000e+00 0.000000e+00 2.846688e-07 0.000000e+00 0.000000e+00
20500 218.939538 8.438974 15.500000 0.999509 0.031321 0.000000 9.353689e-03 8.507094e-04 0.000000e+00 0.000000e+00 0.000000e+00 4.535928e-05 0.000000e+00 0.000000e+00
20550 219.410931 8.479304 15.500000 0.999454 0.033054 0.000000 9.218898e-03 7.987665e-04 0.000000e+00 0.000000e+00 0.000000e+00 2.497024e-05 0.000000e+00 0.000000e+00
20600 219.874206 8.521004 15.500000 0.999407 0.034434 0.000000 9.440254e-03 8.309655e-04 0.000000e+00 0.000000e+00 0.000000e+00 3.667237e-05 0.000000e+00 0.000000e+00
20650 220.347149 8.558995 15.500000 0.999360 0.035778 0.000000 9.389788e-03 7.306120e-04 0.000000e+00 0.000000e+00 0.000000e+00 2.096507e-05 0.000000e+00 0.000000e+00
20700 220.811578 8.601454 15.500000 0.999264 0.038366 0.000000 9.364434e-03 9.129372e-04 0.000000e+00 0.000000e+00 0.000000e+00 6.845816e-05 0.000000e+00 0.000000e+00
20750 221.281190 8.640881 15.500000 0.999209 0.039757 0.000000 9.422468e-03 7.234276e-04 0.000000e+00 0.000000e+00 0.000000e+00 1.296136e-06 0.000000e+00 0.000000e+00
20800 221.746209 8.682375 15.500000 0.999118 0.041987 0.000000 9.377332e-03 1.005233e-03 0.000000e+00 0.000000e+00 0.000000e+00 9.675095e-05 0.000000e+00 0.000000e+00
20850 222.214159 8.724720 15.500000 0.999010 0.044490 0.000000 9.291083e-03 8.071186e-04 0.000000e+00 0.000000e+00 0.000000e+00 2.524879e-05 0.000000e+00 0.000000e+00
20900 222.676751 8.768077 15.500000 0.998940 0.046021 0.000000 9.322426e-03 1.099295e-03 0.000000e+00 0.000000e+00 0.000000e+00 9.300400e-05 0.000000e+00 0.000000e+00
20950 223.142601 8.813078 15.500000 0.998790 0.049183 0.000000 9.264941e-03 8.163206e-04 0.000000e+00 0.000000e+00 0.000000e+00 4.671876e-05 0.000000e+00 0.000000e+00
21000 223.603618 8.856825 15.500000 0.998676 0.051449 0.000000 9.206163e-03 1.056689e-03 0.000000e+00 0.000000e+00 0.000000e+00 7.230184e-05 0.000000e+00 0.000000e+00
21050 224.067749 8.905598 15.500000 0.998503 0.054690 0.000000 9.303606e-03 9.146850e-04 0.000000e+00 0.000000e+00 0.000000e+00 4.327536e-05 0.000000e+00 0.000000e+00
21100 224.527949 8.952575 15.500000 0.998407 0.056417 0.000000 9.173307e-03 1.139172e-03 0.000000e+00 0.000000e+00 0.000000e+00 2.588389e-05 0.000000e+00 0.000000e+00
21150 224.988343 9.005375 15.500000 0.998313 0.058058 0.000000 9.245303e-03 1.072875e-03 0.000000e+00 0.000000e+00 0.000000e+00 3.840296e-05 0.000000e+00 0.000000e+00
21200 225.446382 9.056357 15.500000 0.998208 0.059843 0.000000 9.144928e-03 1.033928e-03 0.000000e+00 0.000000e+00 0.000000e+00 3.073668e-05 0.000000e+00 0.000000e+00
21250 225.907571 9.109382 15.500000 0.998125 0.061204 0.000000 9.299587e-03 1.079100e-03 0.000000e+00 0.000000e+00 0.000000e+00 -4.442676e-06 0.000000e+00 0.000000e+00
21300 226.371118 9.164899 15.500000 0.998084 0.061879 0.000000 9.232973e-03 1.122601e-03 0.000000e+00 0.000000e+00 0.000000e+00 5.171791e-06 0.000000e+00 0.000000e+00
21350 226.831711 9.216903 15.500000 0.998083 0.061886 0.000000 9.251919e-03 1.095672e-03 0.000000e+00 0.000000e+00 0.000000e+00 3.483077e-06 0.000000e+00 0.000000e+00
21400 227.297599 9.270974 15.500000 0.998052 0.062390 0.000000 9.270762e-03 1.169081e-03 0.000000e+00 0.000000e+00 0.000000e+00 5.270248e-05 0.000000e+00 0.000000e+00
21450 227.759307 9.322369 15.500000 0.997979 0.063547 0.000000 9.278661e-03 9.894865e-04 0.000000e+00 0.000000e+00 0.000000e+00 -4.572624e-05 0.000000e+00 0.000000e+00
21500 228.227308 9.374106 15.500000 0.997966 0.063754 0.000000 9.413916e-03 1.070305e-03 0.000000e+00 0.000000e+00 0.000000e+00 3.708342e-05 0.000000e+00 0.000000e+00
21550 228.691762 9.427150 15.500000 0.997913 0.064577 0.000000 9.176525e-03 1.057750e-03 0.000000e+00 0.000000e+00 0.000000e+00 9.942434e-06 0.000000e+00 0.000000e+00
21600 229.159602 9.477138 15.500000 0.997893 0.064879 0.000000 9.396214e-03 1.022479e-03 0.000000e+00 0.000000e+00 0.000000e+00 2.923831e-05 0.000000e+00 0.000000e+00
21650 229.629158 9.526840 15.500000 0.997813 0.066095 0.000000 9.245313e-03 1.035129e-03 0.000000e+00 0.000000e+00 0.000000e+00 2.375446e-05 0.000000e+00 0.000000e+00
21700 230.094206 9.576952 15.500000 0.997754 0.066987 0.000000 9.375785e-03 8.991469e-04 0.000000e+00 0.000000e+00 0.000000e+00 1.175915e-05 0.000000e+00 0.000000e+00
21750 230.562671 9.623846 15.500000 0.997686 0.067984 0.000000 9.348858e-03 1.034834e-03 0.000000e+00 0.000000e+00 0.000000e+00 5.141849e-05 0.000000e+00 0.000000e+00
21800 231.029289 9.676154 15.500000 0.997527 0.070287 0.000000 9.466305e-03 9.298228e-04 0.000000e+00 0.000000e+00 0.000000e+00 5.322091e-06 0.000000e+00 0.000000e+00
21850 231.494032 9.722148 15.500000 0.997507 0.070573 0.000000 9.133647e-03 1.008098e-03 0.000000e+00 0.000000e+00 0.000000e+00 8.902397e-06 0.000000e+00 0.000000e+00
21900 231.957848 9.777990 15.500000 0.997300 0.073441 0.000000 9.409279e-03 1.002412e-03 0.000000e+00 0.000000e+00 0.000000e+00 4.201235e-05 0.000000e+00 0.000000e+00
21950 232.421302 9.825971 15.500000 0.997196 0.074837 0.000000 9.190597e-03 9.799819e-04 0.000000e+00 0.000000e+00 0.000000e+00 1.707046e-05 0.000000e+00 0.000000e+00
22000 232.882598 9.880836 15.500000 0.996989 0.077538 0.000000 9.266165e-03 1.099456e-03 0.000000e+00 0.000000e+00 0.000000e+00 6.885078e-05 0.000000e+00 0.000000e+00
22050 233.345307 9.933402 15.500000 0.996864 0.079130 0.000000 9.139731e-03 1.024075e-03 0.000000e+00 0.000000e+00 0.000000e+00 2.878796e-05 0.000000e+00 0.000000e+00
22100 233.804240 9.991769 15.500000 0.996746 0.080608 0.000000 9.276615e-03 1.117471e-03 0.000000e+00 0.000000e+00 0.000000e+00 2.448171e-05 0.000000e+00 0.000000e+00
22150 234.264435 10.050174 15.500000 0.996635 0.081968 0.000000 9.186975e-03 1.136147e-03 0.000000e+00 0.000000e+00 0.000000e+00 1.699339e-05 0.000000e+00 0.000000e+00
22200 234.722926 10.108172 15.500000 0.996607 0.082311 0.000000 9.219464e-03 1.192109e-03 0.000000e+00 0.000000e+00 0.000000e+00 1.753992e-05 0.000000e+00 0.000000e+00
22250 235.188258 10.168548 15.500000 0.996627 0.082060 0.000000 9.292979e-03 1.193520e-03 0.000000e+00 0.000000e+00 0.000000e+00 1.665318e-05 0.000000e+00 0.000000e+00
22300 235.648704 10.226372 15.500000 0.996581 0.082623 0.000000 9.263869e-03 1.024010e-03 0.000000e+00 0.000000e+00 0.000000e+00 -3.074461e-05 0.000000e+00 0.000000e+00
22350 236.115037 10.283713 15.500000 0.996625 0.082087 0.000000 9.255687e-03 1.210686e-03 0.000000e+00 0.000000e+00 0.000000e+00 2.961459e-05 0.000000e+00 0.000000e+00
22400 236.577643 10.342702 15.500000 0.996534 0.083191 0.000000 9.258724e-03 1.059985e-03 0.000000e+00 0.000000e+00 0.000000e+00 -2.909807e-05 0.000000e+00 0.000000e+00
22450 237.044444 10.397274 15.500000 0.996603 0.082354 0.000000 9.472046e-03 1.107282e-03 0.000000e+00 0.000000e+00 0.000000e+00 1.351797e-05 0.000000e+00 0.000000e+00
22500 237.513198 10.452882 15.500000 0.996543 0.083076 0.000000 9.331496e-03 1.097127e-03 0.000000e+00 0.000000e+00 0.000000e+00 -4.639456e-06 0.000000e+00 0.000000e+00
22550 237.977662 10.508184 15.500000 0.996537 0.083146 0.000000 9.429260e-03 1.062823e-03 0.000000e+00 0.000000e+00 0.000000e+00 5.215888e-06 0.000000e+00 0.000000e+00
22600 238.448125 10.559808 15.500000 0.996512 0.083453 0.000000 9.302100e-03 1.076917e-03 0.000000e+00 0.000000e+00 0.000000e+00 3.154562e-05 0.000000e+00 0.000000e+00
22650 238.913214 10.615898 15.500000 0.996374 0.085085 0.000000 9.375903e-03 1.106561e-03 0.000000e+00 0.000000e+00 0.000000e+00 1.259954e-05 0.000000e+00 0.000000e+00
22700 239.381219 10.665507 15.500000 0.996391 0.084882 0.000000 9.202507e-03 9.646858e-04 0.000000e+00 0.000000e+00 0.000000e+00 -2.536076e-05 0.000000e+00 0.000000e+00
22750 239.844134 10.723394 15.500000 0.996216 0.086916 0.000000 9.293683e-03 1.144999e-03 0.000000e+00 0.000000e+00 0.000000e+00 4.684234e-05 0.000000e+00 0.000000e+00
22800 240.309305 10.775175 15.500000 0.996142 0.087757 0.000000 9.247600e-03 1.013541e-03 0.000000e+00 0.000000e+00 0.000000e+00 9.727343e-06 0.000000e+00 0.000000e+00
22850 240.770813 10.831300 15.500000 0.995986 0.089507 0.000000 9.244568e-03 1.193482e-03 0.000000e+00 0.000000e+00 0.000000e+00 6.265482e-05 0.000000e+00 0.000000e+00
22900 241.233941 10.885295 15.500000 0.995825 0.091278 0.000000 9.201959e-03 1.024573e-03 0.000000e+00 0.000000e+00 0.000000e+00 2.688381e-05 0.000000e+00 0.000000e+00
22950 241.693308 10.941985 15.500000 0.995632 0.093369 0.000000 9.215110e-03 1.190463e-03 0.000000e+00 0.000000e+00 0.000000e+00 2.522987e-05 0.000000e+00 0.000000e+00
23000 242.155300 11.001684 15.500000 0.995494 0.094820 0.000000 9.198647e-03 1.236518e-03 0.000000e+00 0.000000e+00 0.000000e+00 1.601885e-05 0.000000e+00 0.000000e+00
23050 242.612760 11.060319 15.500000 0.995357 0.096255 0.000000 9.160904e-03 1.241810e-03 0.000000e+00 0.000000e+00 0.000000e+00 2.146467e-05 0.000000e+00 0.000000e+00
23100 243.077282 11.122121 15.500000 0.995360 0.096225 0.000000 9.275720e-03 1.296856e-03 0.000000e+00 0.000000e+00 0.000000e+00 5.627027e-06 0.000000e+00 0.000000e+00
23150 243.538985 11.185043 15.500000 0.995325 0.096584 0.000000 9.073489e-03 1.217213e-03 0.000000e+00 0.000000e+00 0.000000e+00 3.848605e-06 0.000000e+00 0.000000e+00
23200 244.003279 11.244992 15.500000 0.995413 0.095670 0.000000 9.422400e-03 1.240841e-03 0.000000e+00 0.000000e+00 0.000000e+00 -1.015219e-05 0.000000e+00 0.000000e+00
23250 244.467539 11.307586 15.500000 0.995322 0.096611 0.000000 9.121715e-03 1.232959e-03 0.000000e+00 0.000000e+00 0.000000e+00 5.966005e-05 0.000000e+00 0.000000e+00
23300 244.931869 11.363913 15.500000 0.995430 0.095495 0.000000 9.353199e-03 1.202793e-03 0.000000e+00 0.000000e+00 0.000000e+00 3.154357e-06 0.000000e+00 0.000000e+00
23350 245.401731 11.423670 15.500000 0.995358 0.096241 0.000000 9.227312e-03 1.156614e-03 0.000000e+00 0.000000e+00 0.000000e+00 -5.826256e-06 0.000000e+00 0.000000e+00
23400 245.864803 11.482007 15.500000 0.995394 0.095868 0.000000 9.409307e-03 1.145889e-03 0.000000e+00 0.000000e+00 0.000000e+00 -6.609155e-06 0.000000e+00 0.000000e+00
23450 246.337410 11.537058 15.500000 0.995418 0.095624 0.000000 9.483307e-03 1.059715e-03 0.000000e+00 0.000000e+00 0.000000e+00 6.809969e-06 0.000000e+00 0.000000e+00
23500 246.801536 11.594592 15.500000 0.995304 0.096796 0.000000 9.331221e-03 1.224968e-03 0.000000e+00 0.000000e+00 0.000000e+00 3.176461e-05 0.000000e+00 0.000000e+00
23550 247.270375 11.649408 15.500000 0.995289 0.096948 0.000000 9.459627e-03 1.000105e-03 0.000000e+00 0.000000e+00 0.000000e+00 -2.461985e-05 0.000000e+00 0.000000e+00
23600 247.733850 11.706327 15.500000 0.995227 0.097587 0.000000 9.322306e-03 1.252251e-03 0.000000e+00 0.000000e+00 0.000000e+00 7.477520e-05 0.000000e+00 0.000000e+00
23650 248.199521 11.762828 15.500000 0.995099 0.098883 0.000000 9.232613e-03 1.065504e-03 0.000000e+00 0.000000e+00 0.000000e+00 1.599353e-05 0.000000e+00 0.000000e+00
23700 248.661205 11.818920 15.500000 0.994997 0.099904 0.000000 9.273671e-03 1.206983e-03 0.000000e+00 0.000000e+00 0.000000e+00 5.787287e-05 0.000000e+00 0.000000e+00
23750 249.124901 11.876858 15.500000 0.994782 0.102020 0.000000 9.269060e-03 1.034040e-03 0.000000e+00 0.000000e+00 0.000000e+00 1.157369e-05 0.000000e+00 0.000000e+00
23800 249.584969 11.933963 15.500000 0.994643 0.103371 0.000000 9.228319e-03 1.182576e-03 0.000000e+00 0.000000e+00 0.000000e+00 4.097796e-05 0.000000e+00 0.000000e+00
23850 250.047808 11.995469 15.500000 0.994495 0.104783 0.000000 9.290625e-03 1.205545e-03 0.000000e+00 0.000000e+00 0.000000e+00 1.267686e-05 0.000000e+00 0.000000e+00
23900 250.505496 12.055770 15.500000 0.994382 0.105847 0.000000 9.137289e-03 1.086594e-03 0.000000e+00 0.000000e+00 0.000000e+00 3.015892e-05 0.000000e+00 0.000000e+00
23950 250.968360 12.118124 15.500000 0.994345 0.106199 0.000000 9.352229e-03 1.185664e-03 0.000000e+00 0.000000e+00 0.000000e+00 -4.569450e-05 0.000000e+00 0.000000e+00
24000 251.432147 12.183417 15.500000 0.994341 0.106237 0.000000 9.239024e-03 1.224053e-03 0.000000e+00 0.000000e+00 0.000000e+00 7.034730e-06 0.000000e+00 0.000000e+00
24050 251.894417 12.243737 15.500000 0.994443 0.105272 0.000000 9.401095e-03 1.225532e-03 0.000000e+00 0.000000e+00 0.000000e+00 -1.954013e-05 0.000000e+00 0.000000e+00
24100 252.361445 12.306961 15.500000 0.994431 0.105388 0.000000 9.306457e-03 1.310983e-03 0.000000e+00 0.000000e+00 0.000000e+00 5.031029e-05 0.000000e+00 0.000000e+00
24150 252.824598 12.366175 15.500000 0.994481 0.104921 0.000000 9.310820e-03 1.087626e-03 0.000000e+00 0.000000e+00 0.000000e+00 -7.220437e-05 0.000000e+00 0.000000e+00
24200 253.295163 12.426109 15.500000 0.994486 0.104870 0.000000 9.521136e-03 1.256840e-03 0.000000e+00 0.000000e+00 0.000000e+00 5.575921e-05 0.000000e+00 0.000000e+00
24250 253.758866 12.486052 15.500000 0.994509 0.104652 0.000000 9.188048e-03 1.179805e-03 0.000000e+00 0.000000e+00 0.000000e+00 -2.203634e-05 0.000000e+00 0.000000e+00
24300 254.229293 12.543154 15.500000 0.994543 0.104328 0.000000 9.566898e-03 1.154346e-03 0.000000e+00 0.000000e+00 0.000000e+00 -1.684759e-05 0.000000e+00 0.000000e+00
24350 254.696660 12.600034 15.500000 0.994464 0.105077 0.000000 9.135333e-03 1.205935e-03 0.000000e+00 0.000000e+00 0.000000e+00 1.040436e-05 0.000000e+00 0.000000e+00
24400 255.164582 12.658125 15.500000 0.994401 0.105670 0.000000 9.364131e-03 1.099178e-03 0.000000e+00 0.000000e+00 0.000000e+00 -8.027686e-07 0.000000e+00 0.000000e+00
24450 255.628847 12.713835 15.500000 0.994423 0.105468 0.000000 9.276065e-03 1.284656e-03 0.000000e+00 0.000000e+00 0.000000e+00 3.760493e-05 0.000000e+00 0.000000e+00
24500 256.095679 12.773369 15.500000 0.994210 0.107450 0.000000 9.285237e-03 1.062476e-03 0.000000e+00 0.000000e+00 0.000000e+00 1.048611e-06 0.000000e+00 0.000000e+00
24550 256.557302 12.828954 15.500000 0.994143 0.108068 0.000000 9.151028e-03 1.261086e-03 0.000000e+00 0.000000e+00 0.000000e+00 5.271873e-05 0.000000e+00 0.000000e+00
24600 257.020563 12.889895 15.500000 0.993870 0.110551 0.000000 9.314442e-03 1.186924e-03 0.000000e+00 0.000000e+00 0.000000e+00 1.871563e-05 0.000000e+00 0.000000e+00
24650 257.481635 12.948523 15.500000 0.993792 0.111251 0.000000 9.116141e-03 1.432038e-03 0.000000e+00 0.000000e+00 0.000000e+00 4.477166e-05 0.000000e+00 0.000000e+00
24700 257.942371 13.011760 15.500000 0.993707 0.112015 0.000000 9.215618e-03 1.286340e-03 0.000000e+00 0.000000e+00 0.000000e+00 1.200939e-05 0.000000e+00 0.000000e+00
24750 258.402541 13.074998 15.500000 0.993648 0.112533 0.000000 9.128028e-03 1.265112e-03 0.000000e+00 0.000000e+00 0.000000e+00 -2.867336e-05 0.000000e+00 0.000000e+00
24800 258.863518 13.138653 15.500000 0.993730 0.111811 0.000000 9.338129e-03 1.296750e-03 0.000000e+00 0.000000e+00 0.000000e+00 -2.655594e-05 0.000000e+00 0.000000e+00
24850 259.328923 13.202925 15.500000 0.993809 0.111100 0.000000 9.253675e-03 1.345416e-03 0.000000e+00 0.000000e+00 0.000000e+00 -6.216681e-06 0.000000e+00 0.000000e+00
24900 259.791143 13.262891 15.500000 0.993872 0.110542 0.000000 9.240455e-03 1.227066e-03 0.000000e+00 0.000000e+00 0.000000e+00 -4.871778e-05 0.000000e+00 0.000000e+00
24950 260.259487 13.325038 15.500000 0.993926 0.110049 0.000000 9.448852e-03 1.296919e-03 0.000000e+00 0.000000e+00 0.000000e+00 9.557129e-06 0.000000e+00 0.000000e+00
25000 260.723844 13.386880 15.500000 0.993936 0.109960 0.000000 9.313554e-03 1.161909e-03 0.000000e+00 0.000000e+00 0.000000e+00 -2.337847e-05 0.000000e+00 0.000000e+00
25050 261.193933 13.445082 15.500000 0.994040 0.109017 0.000000 9.515272e-03 1.167084e-03 0.000000e+00 0.000000e+00 0.000000e+00 6.396417e-06 0.000000e+00 0.000000e+00
25100 261.662985 13.503485 15.500000 0.994033 0.109083 0.000000 9.188518e-03 1.196245e-03 0.000000e+00 0.000000e+00 0.000000e+00 2.854546e-06 0.000000e+00 0.000000e+00
25150 262.129911 13.560996 15.500000 0.994056 0.108866 0.000000 9.345374e-03 1.097013e-03 0.000000e+00 0.000000e+00 0.000000e+00 -2.891774e-06 0.000000e+00 0.000000e+00
25200 262.599369 13.616267 15.500000 0.994028 0.109127 0.000000 9.310334e-03 1.106879e-03 0.000000e+00 0.000000e+00 0.000000e+00 2.121470e-05 0.000000e+00 0.000000e+00
25250 263.067025 13.674180 15.500000 0.993922 0.110085 0.000000 9.387967e-03 1.075485e-03 0.000000e+00 0.000000e+00 0.000000e+00 -1.408405e-05 0.000000e+00 0.000000e+00
25300 263.531837 13.728253 15.500000 0.993971 0.109643 0.000000 9.178691e-03 1.212506e-03 0.000000e+00 0.000000e+00 0.000000e+00 1.399869e-05 0.000000e+00 0.000000e+00
25350 263.997412 13.788444 15.500000 0.993735 0.111763 0.000000 9.400509e-03 1.097057e-03 0.000000e+00 0.000000e+00 0.000000e+00 2.584673e-05 0.000000e+00 0.000000e+00
25400 264.460887 13.842952 15.500000 0.993654 0.112481 0.000000 9.238601e-03 1.118916e-03 0.000000e+00 0.000000e+00 0.000000e+00 3.222245e-05 0.000000e+00 0.000000e+00
25450 264.923173 13.902903 15.500000 0.993405 0.114655 0.000000 9.333827e-03 1.231957e-03 0.000000e+00 0.000000e+00 0.000000e+00 4.942913e-05 0.000000e+00 0.000000e+00
25500 265.385639 13.961297 15.500000 0.993300 0.115568 0.000000 9.187385e-03 1.191191e-03 0.000000e+00 0.000000e+00 0.000000e+00 2.119576e-05 0.000000e+00 0.000000e+00
25550 265.846294 14.023827 15.500000 0.993184 0.116557 0.000000 9.242974e-03 1.160409e-03 0.000000e+00 0.000000e+00 0.000000e+00 -9.095075e-06 0.000000e+00 0.000000e+00
25600 266.309284 14.087545 15.500000 0.993150 0.116847 0.000000 9.139834e-03 1.235277e-03 0.000000e+00 0.000000e+00 0.000000e+00 3.124668e-05 0.000000e+00 0.000000e+00
25650 266.769540 14.149501 15.500000 0.993239 0.116087 0.000000 9.297951e-03 1.244918e-03 0.000000e+00 0.000000e+00 0.000000e+00 6.515926e-07 0.000000e+00 0.000000e+00
25700 267.236395 14.213391 15.500000 0.993357 0.115073 0.000000 9.306803e-03 1.178053e-03 0.000000e+00 0.000000e+00 0.000000e+00 -1.240848e-05 0.000000e+00 0.000000e+00
25750 267.699299 14.273923 15.500000 0.993333 0.115277 0.000000 9.357690e-03 1.084523e-03 0.000000e+00 0.000000e+00 0.000000e+00 -4.892692e-05 0.000000e+00 0.000000e+00
25800 268.167709 14.333916 15.500000 0.993478 0.114025 0.000000 9.350218e-03 1.219507e-03 0.000000e+00 0.000000e+00 0.000000e+00 -1.481573e-05 0.000000e+00 0.000000e+00
25850 268.634175 14.395799 15.500000 0.993489 0.113925 0.000000 9.302156e-03 1.205783e-03 0.000000e+00 0.000000e+00 0.000000e+00 -2.077384e-05 0.000000e+00 0.000000e+00
25900 269.103020 14.453793 15.500000 0.993616 0.112815 0.000000 9.372873e-03 1.147035e-03 0.000000e+00 0.000000e+00 0.000000e+00 -2.589964e-05 0.000000e+00 0.000000e+00
25950 269.574248 14.511152 15.500000 0.993604 0.112923 0.000000 9.372681e-03 1.161053e-03 0.000000e+00 0.000000e+00 0.000000e+00 3.040254e-06 0.000000e+00 0.000000e+00
26000 270.040402 14.568652 15.500000 0.993632 0.112673 0.000000 9.407904e-03 1.103158e-03 0.000000e+00 0.000000e+00 0.000000e+00 -1.136755e-05 0.000000e+00 0.000000e+00
26050 270.510359 14.622666 15.500000 0.993650 0.112517 0.000000 9.346559e-03 1.187189e-03 0.000000e+00 0.000000e+00 0.000000e+00 3.826910e-05 0.000000e+00 0.000000e+00
26100 270.977825 14.680623 15.500000 0.993465 0.114136 0.000000 9.416610e-03 1.068063e-03 0.000000e+00 0.000000e+00 0.000000e+00 -1.460404e-05 0.000000e+00 0.000000e+00
26150 271.444916 14.733713 15.500000 0.993528 0.113584 0.000000 9.226503e-03 1.138218e-03 0.000000e+00 0.000000e+00 0.000000e+00 -4.637953e-05 0.000000e+00 0.000000e+00
26200 271.908598 14.793668 15.500000 0.993330 0.115308 0.000000 9.349804e-03 1.117407e-03 0.000000e+00 0.000000e+00 0.000000e+00 3.981113e-05 0.000000e+00 0.000000e+00
26250 272.373659 14.847700 15.500000 0.993222 0.116236 0.000000 9.255497e-03 1.157242e-03 0.000000e+00 0.000000e+00 0.000000e+00 2.187378e-05 0.000000e+00 0.000000e+00
26300 272.835462 14.905945 15.500000 0.992992 0.118185 0.000000 9.324209e-03 1.205677e-03 0.000000e+00 0.000000e+00 0.000000e+00 5.533820e-06 0.000000e+00 0.000000e+00
26350 273.299654 14.964653 15.500000 0.992860 0.119282 0.000000 9.218117e-03 1.265375e-03 0.000000e+00 0.000000e+00 0.000000e+00 1.391608e-05 0.000000e+00 0.000000e+00
26400 273.759241 15.025991 15.500000 0.992742 0.120267 0.000000 9.300168e-03 1.312522e-03 0.000000e+00 0.000000e+00 0.000000e+00 2.329067e-05 0.000000e+00 0.000000e+00
26450 274.224068 15.089131 15.500000 0.992741 0.120274 0.000000 9.263396e-03 1.346197e-03 0.000000e+00 0.000000e+00 0.000000e+00 7.154883e-06 0.000000e+00 0.000000e+00
26500 274.685643 15.151214 15.500000 0.992823 0.119594 0.000000 9.288783e-03 1.238305e-03 0.000000e+00 0.000000e+00 0.000000e+00 -3.207347e-05 0.000000e+00 0.000000e+00
26550 275.152980 15.213817 15.500000 0.992969 0.118373 0.000000 9.294025e-03 1.314280e-03 0.000000e+00 0.000000e+00 0.000000e+00 -1.552494e-05 0.000000e+00 0.000000e+00
26600 275.616218 15.275122 15.500000 0.992912 0.118853 0.000000 9.252541e-03 1.148467e-03 0.000000e+00 0.000000e+00 0.000000e+00 -9.116082e-07 0.000000e+00 0.000000e+00
26650 276.085109 15.333147 15.500000 0.993078 0.117454 0.000000 9.413576e-03 1.221009e-03 0.000000e+00 0.000000e+00 0.000000e+00 -9.918371e-06 0.000000e+00 0.000000e+00
26700 276.552535 15.394422 15.500000 0.993100 0.117273 0.000000 9.369646e-03 1.162229e-03 0.000000e+00 0.000000e+00 0.000000e+00 -2.573618e-05 0.000000e+00 0.000000e+00
26750 277.020811 15.451706 15.500000 0.993227 0.116190 0.000000 9.481309e-03 1.154827e-03 0.000000e+00 0.000000e+00 0.000000e+00 -1.924311e-05 0.000000e+00 0.000000e+00
26800 277.493019 15.508269 15.500000 0.993255 0.115952 0.000000 9.383080e-03 1.142858e-03 0.000000e+00 0.000000e+00 0.000000e+00 3.952359e-06 0.000000e+00 0.000000e+00
26850 277.959376 15.565335 15.500000 0.993268 0.115840 0.000000 9.323327e-03 1.070802e-03 0.000000e+00 0.000000e+00 0.000000e+00 -1.811198e-05 0.000000e+00 0.000000e+00
26900 278.430548 15.617745 15.500000 0.993359 0.115053 0.000000 9.287735e-03 1.114112e-03 0.000000e+00 0.000000e+00 0.000000e+00 3.074684e-05 0.000000e+00 0.000000e+00
26950 278.897947 15.675651 15.500000 0.993130 0.117020 0.000000 9.369025e-03 1.080353e-03 0.000000e+00 0.000000e+00 0.000000e+00 2.809633e-05 0.000000e+00 0.000000e+00
27000 279.366350 15.728169 15.500000 0.993163 0.116733 0.000000 9.323297e-03 9.519215e-04 0.000000e+00 0.000000e+00 0.000000e+00 -2.973134e-05 0.000000e+00 0.000000e+00
27050 279.829655 15.786497 15.500000 0.993025 0.117904 0.000000 9.285097e-03 1.118048e-03 0.000000e+00 0.000000e+00 0.000000e+00 2.731110e-05 0.000000e+00 0.000000e+00
27100 280.295755 15.840233 15.500000 0.992905 0.118914 0.000000 9.270811e-03 1.009237e-03 0.000000e+00 0.000000e+00 0.000000e+00 1.721828e-05 0.000000e+00 0.000000e+00
27150 280.756895 15.896923 15.500000 0.992677 0.120800 0.000000 9.309318e-03 1.080322e-03 0.000000e+00 0.000000e+00 0.000000e+00 3.493306e-05 0.000000e+00 0.000000e+00
27200 281.222580 15.954686 15.500000 0.992527 0.122027 0.000000 9.208177e-03 1.107408e-03 0.000000e+00 0.000000e+00 0.000000e+00 1.071473e-05 0.000000e+00 0.000000e+00
27250 281.681968 16.014658 15.500000 0.992427 0.122837 0.000000 9.240102e-03 1.119848e-03 0.000000e+00 0.000000e+00 0.000000e+00 2.797170e-05 0.000000e+00 0.000000e+00
27300 282.146953 16.075955 15.500000 0.992412 0.122955 0.000000 9.360809e-03 1.260879e-03 0.000000e+00 0.000000e+00 0.000000e+00 1.335273e-05 0.000000e+00 0.000000e+00
27350 282.609000 16.137865 15.500000 0.992470 0.122484 0.000000 9.267714e-03 1.132024e-03 0.000000e+00 0.000000e+00 0.000000e+00 -1.685494e-05 0.000000e+00 0.000000e+00
27400 283.076282 16.198505 15.500000 0.992628 0.121197 0.000000 9.380384e-03 1.291956e-03 0.000000e+00 0.000000e+00 0.000000e+00 -1.763705e-05 0.000000e+00 0.000000e+00
27450 283.540591 16.260794 15.500000 0.992591 0.121503 0.000000 9.155564e-03 1.042086e-03 0.000000e+00 0.000000e+00 0.000000e+00 -1.597301e-05 0.000000e+00 0.000000e+00
27500 284.007804 16.316572 15.500000 0.992768 0.120051 0.000000 9.509579e-03 1.186502e-03 0.000000e+00 0.000000e+00 0.000000e+00 -9.152326e-06 0.000000e+00 0.000000e+00
27550 284.476731 16.378143 15.500000 0.992757 0.120137 0.000000 9.270289e-03 1.099924e-03 0.000000e+00 0.000000e+00 0.000000e+00 -3.226632e-05 0.000000e+00 0.000000e+00
27600 284.944871 16.433778 15.500000 0.992929 0.118706 0.000000 9.396482e-03 1.169548e-03 0.000000e+00 0.000000e+00 0.000000e+00 -1.879441e-06 0.000000e+00 0.000000e+00
27650 285.417897 16.490095 15.500000 0.992972 0.118348 0.000000 9.291126e-03 1.121027e-03 0.000000e+00 0.000000e+00 0.000000e+00 -2.154290e-06 0.000000e+00 0.000000e+00
27700 285.884016 16.546138 15.500000 0.992990 0.118199 0.000000 9.464744e-03 1.152589e-03 0.000000e+00 0.000000e+00 0.000000e+00 -1.479366e-05 0.000000e+00 0.000000e+00
27750 286.356924 16.598418 15.500000 0.993090 0.117358 0.000000 9.315968e-03 9.580416e-04 0.000000e+00 0.000000e+00 0.000000e+00 -3.674345e-05 0.000000e+00 0.000000e+00
27800 286.824152 16.654409 15.500000 0.992913 0.118843 0.000000 9.388008e-03 1.200658e-03 0.000000e+00 0.000000e+00 0.000000e+00 4.544659e-05 0.000000e+00 0.000000e+00
27850 287.293714 16.706979 15.500000 0.992908 0.118882 0.000000 9.386787e-03 1.032468e-03 0.000000e+00 0.000000e+00 0.000000e+00 -1.778406e-05 0.000000e+00 0.000000e+00
27900 287.758141 16.763034 15.500000 0.992842 0.119432 0.000000 9.276853e-03 1.143226e-03 0.000000e+00 0.000000e+00 0.000000e+00 3.837462e-05 0.000000e+00 0.000000e+00
27950 288.225012 16.816272 15.500000 0.992706 0.120563 0.000000 9.267157e-03 1.086339e-03 0.000000e+00 0.000000e+00 0.000000e+00 4.739757e-07 0.000000e+00 0.000000e+00
28000 288.687228 16.871301 15.500000 0.992532 0.121985 0.000000 9.253956e-03 1.152919e-03 0.000000e+00 0.000000e+00 0.000000e+00 5.063203e-05 0.000000e+00 0.000000e+00
28050 289.153090 16.926783 15.500000 0.992351 0.123451 0.000000 9.344414e-03 1.121404e-03 0.000000e+00 0.000000e+00 0.000000e+00 -4.995201e-06 0.000000e+00 0.000000e+00
28100 289.613684 16.985424 15.500000 0.992272 0.124082 0.000000 9.144738e-03 1.287837e-03 0.000000e+00 0.000000e+00 0.000000e+00 1.023105e-05 0.000000e+00 0.000000e+00
28150 290.077422 17.044065 15.500000 0.992204 0.124626 0.000000 9.220473e-03 1.236928e-03 0.000000e+00 0.000000e+00 0.000000e+00 -5.487942e-06 0.000000e+00 0.000000e+00
28200 290.539023 17.104771 15.500000 0.992237 0.124359 0.000000 9.167800e-03 1.225873e-03 0.000000e+00 0.000000e+00 0.000000e+00 -4.487320e-05 0.000000e+00 0.000000e+00
28250 291.004525 17.163694 15.500000 0.992395 0.123097 0.000000 9.358669e-03 1.235679e-03 0.000000e+00 0.000000e+00 0.000000e+00 -3.058515e-05 0.000000e+00 0.000000e+00
28300 291.470984 17.225497 15.500000 0.992418 0.122908 0.000000 9.217331e-03 1.168361e-03 0.000000e+00 0.000000e+00 0.000000e+00 1.651734e-05 0.000000e+00 0.000000e+00
28350 291.936138 17.279297 15.500000 0.992585 0.121550 0.000000 9.388664e-03 1.125966e-03 0.000000e+00 0.000000e+00 0.000000e+00 -1.874803e-05 0.000000e+00 0.000000e+00
28400 292.406258 17.340207 15.500000 0.992583 0.121569 0.000000 9.233850e-03 1.274755e-03 0.000000e+00 0.000000e+00 0.000000e+00 2.512948e-05 0.000000e+00 0.000000e+00
28450 292.873384 17.394396 15.500000 0.992773 0.120008 0.000000 9.462101e-03 1.078027e-03 0.000000e+00 0.000000e+00 0.000000e+00 -3.867532e-05 0.000000e+00 0.000000e+00
28500 293.347470 17.449951 15.500000 0.992811 0.119692 0.000000 9.428795e-03 1.149224e-03 0.000000e+00 0.000000e+00 0.000000e+00 3.225158e-06 0.000000e+00 0.000000e+00
28550 293.812501 17.504329 15.500000 0.992871 0.119195 0.000000 9.387133e-03 1.046486e-03 0.000000e+00 0.000000e+00 0.000000e+00 -2.138520e-05 0.000000e+00 0.000000e+00
28600 294.286558 17.556710 15.500000 0.992967 0.118394 0.000000 9.614277e-03 9.944298e-04 0.000000e+00 0.000000e+00 0.000000e+00 -1.921068e-05 0.000000e+00 0.000000e+00
28650 294.754546 17.609225 15.500000 0.992888 0.119053 0.000000 9.379112e-03 1.105051e-03 0.000000e+00 0.000000e+00 0.000000e+00 2.336795e-05 0.000000e+00 0.000000e+00
28700 295.225186 17.661679 15.500000 0.992880 0.119119 0.000000 9.424424e-03 9.654169e-04 0.000000e+00 0.000000e+00 0.000000e+00 -9.406225e-06 0.000000e+00 0.000000e+00
28750 295.691447 17.714143 15.500000 0.992899 0.118960 0.000000 9.419630e-03 1.114870e-03 0.000000e+00 0.000000e+00 0.000000e+00 5.486567e-05 0.000000e+00 0.000000e+00
28800 296.159999 17.766641 15.500000 0.992755 0.120154 0.000000 9.259572e-03 9.950792e-04 0.000000e+00 0.000000e+00 0.000000e+00 2.987353e-06 0.000000e+00 0.000000e+00
28850 296.623673 17.818909 15.500000 0.992693 0.120671 0.000000 9.312118e-03 1.114009e-03 0.000000e+00 0.000000e+00 0.000000e+00 5.816964e-05 0.000000e+00 0.000000e+00
28900 297.089431 17.872031 15.500000 0.992458 0.122586 0.000000 9.311103e-03 9.850696e-04 0.000000e+00 0.000000e+00 0.000000e+00 1.236312e-05 0.000000e+00 0.000000e+00
28950 297.551943 17.925443 15.500000 0.992337 0.123557 0.000000 9.191239e-03 9.413961e-04 0.000000e+00 0.000000e+00 0.000000e+00 3.049757e-05 0.000000e+00 0.000000e+00
29000 298.016578 17.980282 15.500000 0.992182 0.124800 0.000000 9.335026e-03 1.102537e-03 0.000000e+00 0.000000e+00 0.000000e+00 -2.383708e-06 0.000000e+00 0.000000e+00
29050 298.477385 18.037356 15.500000 0.992097 0.125474 0.000000 9.171381e-03 9.713851e-04 0.000000e+00 0.000000e+00 0.000000e+00 1.879252e-05 0.000000e+00 0.000000e+00
29100 298.941359 18.093224 15.500000 0.992054 0.125812 0.000000 9.329757e-03 1.048264e-03 0.000000e+00 0.000000e+00 0.000000e+00 -4.590668e-05 0.000000e+00 0.000000e+00
29150 299.408086 18.154236 15.500000 0.992105 0.125409 0.000000 9.286525e-03 1.128147e-03 0.000000e+00 0.000000e+00 0.000000e+00 -1.477906e-06 0.000000e+00 0.000000e+00
29200 299.872509 18.209374 15.500000 0.992251 0.124252 0.000000 9.380581e-03 1.055375e-03 0.000000e+00 0.000000e+00 0.000000e+00 -3.125401e-05 0.000000e+00 0.000000e+00
29250 300.341854 18.268300 15.500000 0.992350 0.123460 0.000000 9.378955e-03 1.248057e-03 0.000000e+00 0.000000e+00 0.000000e+00 3.125344e-05 0.000000e+00 0.000000e+00
29300 300.807150 18.321564 15.500000 0.992412 0.122959 0.000000 9.372287e-03 9.699117e-04 0.000000e+00 0.000000e+00 0.000000e+00 -6.414218e-05 0.000000e+00 0.000000e+00
29350 301.279432 18.377081 15.500000 0.992505 0.122205 0.000000 9.552544e-03 1.216772e-03 0.000000e+00 0.000000e+00 0.000000e+00 2.579538e-05 0.000000e+00 0.000000e+00
29400 301.746260 18.432450 15.500000 0.992582 0.121573 0.000000 9.357308e-03 1.004438e-03 0.000000e+00 0.000000e+00 0.000000e+00 -3.608084e-05 0.000000e+00 0.000000e+00
29450 302.219012 18.484550 15.500000 0.992694 0.120656 0.000000 9.593774e-03 1.003903e-03 0.000000e+00 0.000000e+00 0.000000e+00 -3.137934e-07 0.000000e+00 0.000000e+00
29500 302.689772 18.536905 15.500000 0.992693 0.120670 0.000000 9.100787e-03 1.065448e-03 0.000000e+00 0.000000e+00 0.000000e+00 3.423851e-05 0.000000e+00 0.000000e+00
29550 303.159670 18.587760 15.500000 0.992761 0.120109 0.000000 9.484032e-03 1.019652e-03 0.000000e+00 0.000000e+00 0.000000e+00 -8.968292e-06 0.000000e+00 0.000000e+00
29600 303.630072 18.637622 15.500000 0.992755 0.120156 0.000000 9.296153e-03 9.995165e-04 0.000000e+00 0.000000e+00 0.000000e+00 2.570806e-05 0.000000e+00 0.000000e+00
29650 304.100603 18.688441 15.500000 0.992661 0.120934 0.000000 9.390162e-03 9.804777e-04 0.000000e+00 0.000000e+00 0.000000e+00 -7.754996e-06 0.000000e+00 0.000000e+00
29700 304.566575 18.738560 15.500000 0.992712 0.120509 0.000000 9.301496e-03 1.158886e-03 0.000000e+00 0.000000e+00 0.000000e+00 3.990621e-05 0.000000e+00 0.000000e+00
29750 305.034801 18.790721 15.500000 0.992491 0.122315 0.000000 9.418939e-03 1.018356e-03 0.000000e+00 0.000000e+00 0.000000e+00 2.899282e-05 0.000000e+00 0.000000e+00
29800 305.499555 18.840212 15.500000 0.992443 0.122710 0.000000 9.234889e-03 1.037151e-03 0.000000e+00 0.000000e+00 0.000000e+00 3.238531e-06 0.000000e+00 0.000000e+00
29850 305.963999 18.892662 15.500000 0.992180 0.124812 0.000000 9.385291e-03 1.123265e-03 0.000000e+00 0.000000e+00 0.000000e+00 6.198561e-05 0.000000e+00 0.000000e+00
29900 306.428202 18.945463 15.500000 0.992114 0.125338 0.000000 9.267420e-03 1.203907e-03 0.000000e+00 0.000000e+00 0.000000e+00 1.327230e-05 0.000000e+00 0.000000e+00
29950 306.891010 19.000228 15.500000 0.992051 0.125835 0.000000 9.206192e-03 1.084287e-03 0.000000e+00 0.000000e+00 0.000000e+00 -1.425054e-06 0.000000e+00 0.000000e+00
30000 307.353590 19.056617 15.500000 0.991983 0.126374 0.000000 9.182168e-03 1.243381e-03 0.000000e+00 0.000000e+00 0.000000e+00 1.728912e-05 0.000000e+00 0.000000e+00
30050 307.817547 19.111072 15.500000 0.992034 0.125973 0.000000 9.462112e-03 1.114855e-03 0.000000e+00 0.000000e+00 0.000000e+00 -1.179891e-05 0.000000e+00 0.000000e+00
30100 308.286032 19.167710 15.500000 0.992149 0.125063 0.000000 9.325671e-03 1.255201e-03 0.000000e+00 0.000000e+00 0.000000e+00 -9.277153e-06 0.000000e+00 0.000000e+00
30150 308.750921 19.221331 15.500000 0.992263 0.124154 0.000000 9.367038e-03 1.115494e-03 0.000000e+00 0.000000e+00 0.000000e+00 -3.671394e-05 0.000000e+00 0.000000e+00
30200 309.220615 19.275084 15.500000 0.992390 0.123137 0.000000 9.359195e-03 1.165471e-03 0.000000e+00 0.000000e+00 0.000000e+00 -2.582488e-06 0.000000e+00 0.000000e+00
30250 309.686280 19.329189 15.500000 0.992355 0.123417 0.000000 9.450383e-03 1.000274e-03 0.000000e+00 0.000000e+00 0.000000e+00 -4.601813e-05 0.000000e+00 0.000000e+00
30300 310.157915 19.378990 15.500000 0.992554 0.121807 0.000000 9.453760e-03 1.072574e-03 0.000000e+00 0.000000e+00 0.000000e+00 -1.276254e-05 0.000000e+00 0.000000e+00
30350 310.628429 19.432970 15.500000 0.992605 0.121387 0.000000 9.344084e-03 1.044810e-03 0.000000e+00 0.000000e+00 0.000000e+00 -1.480194e-05 0.000000e+00 0.000000e+00
30400 311.098979 19.482151 15.500000 0.992723 0.120419 0.000000 9.343628e-03 9.965355e-04 0.000000e+00 0.000000e+00 0.000000e+00 -2.664790e-05 0.000000e+00 0.000000e+00
30450 311.572417 19.532180 15.500000 0.992746 0.120234 0.000000 9.421258e-03 1.005900e-03 0.000000e+00 0.000000e+00 0.000000e+00 8.389024e-06 0.000000e+00 0.000000e+00
30500 312.040674 19.581096 15.500000 0.992785 0.119906 0.000000 9.475392e-03 9.750127e-04 0.000000e+00 0.000000e+00 0.000000e+00 -2.020804e-05 0.000000e+00 0.000000e+00
30550 312.512459 19.627751 15.500000 0.992847 0.119395 0.000000 9.397490e-03 1.004940e-03 0.000000e+00 0.000000e+00 0.000000e+00 3.080236e-05 0.000000e+00 0.000000e+00
30600 312.982081 19.676793 15.500000 0.992682 0.120757 0.000000 9.461384e-03 8.964695e-04 0.000000e+00 0.000000e+00 0.000000e+00 -1.992984e-05 0.000000e+00 0.000000e+00
30650 313.451173 19.722795 15.500000 0.992779 0.119955 0.000000 9.264528e-03 9.477031e-04 0.000000e+00 0.000000e+00 0.000000e+00 -1.571537e-05 0.000000e+00 0.000000e+00
30700 313.917571 19.773402 15.500000 0.992589 0.121522 0.000000 9.409543e-03 9.266967e-04 0.000000e+00 0.000000e+00 0.000000e+00 1.540620e-05 0.000000e+00 0.000000e+00
30750 314.384446 19.820002 15.500000 0.992539 0.121926 0.000000 9.311030e-03 8.953327e-04 0.000000e+00 0.000000e+00 0.000000e+00 2.703853e-05 0.000000e+00 0.000000e+00
30800 314.848687 19.868757 15.500000 0.992340 0.123537 0.000000 9.354403e-03 9.198451e-04 0.000000e+00 0.000000e+00 0.000000e+00 3.643289e-05 0.000000e+00 0.000000e+00
30850 315.314545 19.917953 15.500000 0.992255 0.124221 0.000000 9.201734e-03 9.492984e-04 0.000000e+00 0.000000e+00 0.000000e+00 -4.113070e-06 0.000000e+00 0.000000e+00
30900 315.776463 19.970442 15.500000 0.992175 0.124857 0.000000 9.364289e-03 9.123162e-04 0.000000e+00 0.000000e+00 0.000000e+00 -4.887216e-06 0.000000e+00 0.000000e+00
30950 316.240120 20.021904 15.500000 0.992113 0.125344 0.000000 9.228976e-03 9.929031e-04 0.000000e+00 0.000000e+00 0.000000e+00 1.612671e-05 0.000000e+00 0.000000e+00
31000 316.701022 20.072941 15.500000 0.992016 0.126112 0.000000 9.301489e-03 9.927217e-04 0.000000e+00 0.000000e+00 0.000000e+00 1.815637e-05 0.000000e+00 0.000000e+00
31050 317.170195 20.125207 15.500000 0.992095 0.125491 0.000000 9.323640e-03 1.165447e-03 0.000000e+00 0.000000e+00 0.000000e+00 3.169337e-05 0.000000e+00 0.000000e+00
31100 317.634826 20.179317 15.500000 0.992176 0.124844 0.000000 9.292487e-03 8.708370e-04 0.000000e+00 0.000000e+00 0.000000e+00 -6.550344e-05 0.000000e+00 0.000000e+00
31150 318.104863 20.229387 15.500000 0.992373 0.123272 0.000000 9.412384e-03 1.126640e-03 0.000000e+00 0.000000e+00 0.000000e+00 -6.157046e-06 0.000000e+00 0.000000e+00
31200 318.570733 20.283359 15.500000 0.992335 0.123578 0.000000 9.258678e-03 8.525801e-04 0.000000e+00 0.000000e+00 0.000000e+00 -1.517852e-05 0.000000e+00 0.000000e+00
31250 319.041058 20.329571 15.500000 0.992546 0.121871 0.000000 9.548167e-03 1.011076e-03 0.000000e+00 0.000000e+00 0.000000e+00 -3.477020e-06 0.000000e+00 0.000000e+00
31300 319.511536 20.382786 15.500000 0.992570 0.121678 0.000000 9.364654e-03 9.224887e-04 0.000000e+00 0.000000e+00 0.000000e+00 -3.625517e-05 0.000000e+00 0.000000e+00
31350 319.981760 20.429117 15.500000 0.992756 0.120151 0.000000 9.426776e-03 9.804318e-04 0.000000e+00 0.000000e+00 0.000000e+00 -1.894699e-05 0.000000e+00 0.000000e+00
31400 320.456202 20.477557 15.500000 0.992810 0.119700 0.000000 9.393619e-03 9.619360e-04 0.000000e+00 0.000000e+00 0.000000e+00 -7.984390e-06 0.000000e+00 0.000000e+00
31450 320.924554 20.523925 15.500000 0.992882 0.119106 0.000000 9.548403e-03 9.117249e-04 0.000000e+00 0.000000e+00 0.000000e+00 -2.379166e-05 0.000000e+00 0.000000e+00
31500 321.399559 20.568460 15.500000 0.992992 0.118182 0.000000 9.331339e-03 9.520446e-04 0.000000e+00 0.000000e+00 0.000000e+00 3.968009e-06 0.000000e+00 0.000000e+00
31550 321.868380 20.614680 15.500000 0.992871 0.119190 0.000000 9.455795e-03 9.363785e-04 0.000000e+00 0.000000e+00 0.000000e+00 1.398809e-05 0.000000e+00 0.000000e+00
31600 322.340617 20.658266 15.500000 0.992980 0.118285 0.000000 9.340925e-03 8.178411e-04 0.000000e+00 0.000000e+00 0.000000e+00 -5.049874e-05 0.000000e+00 0.000000e+00
31650 322.808499 20.704077 15.500000 0.992856 0.119316 0.000000 9.342236e-03 9.802367e-04 0.000000e+00 0.000000e+00 0.000000e+00 7.833126e-05 0.000000e+00 0.000000e+00
31700 323.277715 20.748039 15.500000 0.992847 0.119390 0.000000 9.316849e-03 9.004443e-04 0.000000e+00 0.000000e+00 0.000000e+00 1.281136e-06 0.000000e+00 0.000000e+00
31750 323.743469 20.793834 15.500000 0.992768 0.120047 0.000000 9.347165e-03 9.368023e-04 0.000000e+00 0.000000e+00 0.000000e+00 4.321105e-05 0.000000e+00 0.000000e+00
31800 324.211435 20.836769 15.500000 0.992652 0.121005 0.000000 9.350021e-03 9.139383e-04 0.000000e+00 0.000000e+00 0.000000e+00 -6.752307e-07 0.000000e+00 0.000000e+00
31850 324.674299 20.882011 15.500000 0.992485 0.122366 0.000000 9.264107e-03 9.145098e-04 0.000000e+00 0.000000e+00 0.000000e+00 3.690818e-05 0.000000e+00 0.000000e+00
31900 325.141619 20.926773 15.500000 0.992334 0.123582 0.000000 9.377193e-03 9.432202e-04 0.000000e+00 0.000000e+00 0.000000e+00 -1.245827e-05 0.000000e+00 0.000000e+00
31950 325.603897 20.975793 15.500000 0.992284 0.123987 0.000000 9.174976e-03 1.129731e-03 0.000000e+00 0.000000e+00 0.000000e+00 2.411359e-05 0.000000e+00 0.000000e+00
32000 326.069015 21.022721 15.500000 0.992232 0.124398 0.000000 9.226894e-03 1.020233e-03 0.000000e+00 0.000000e+00 0.000000e+00 1.240856e-05 0.000000e+00 0.000000e+00
32050 326.530961 21.072899 15.500000 0.992234 0.124385 0.000000 9.264675e-03 1.105690e-03 0.000000e+00 0.000000e+00 0.000000e+00 -1.474940e-05 0.000000e+00 0.000000e+00
32100 326.998962 21.119101 15.500000 0.992333 0.123591 0.000000 9.434941e-03 9.805038e-04 0.000000e+00 0.000000e+00 0.000000e+00 -3.966876e-05 0.000000e+00 0.000000e+00
32150 327.466692 21.171814 15.500000 0.992398 0.123071 0.000000 9.350076e-03 1.027461e-03 0.000000e+00 0.000000e+00 0.000000e+00 -8.843531e-06 0.000000e+00 0.000000e+00
32200 327.933457 21.216451 15.500000 0.992578 0.121608 0.000000 9.474810e-03 9.173233e-04 0.000000e+00 0.000000e+00 0.000000e+00 -2.901797e-05 0.000000e+00 0.000000e+00
32250 328.403870 21.267357 15.500000 0.992642 0.121087 0.000000 9.342780e-03 1.086450e-03 0.000000e+00 0.000000e+00 0.000000e+00 3.163826e-05 0.000000e+00 0.000000e+00
32300 328.870203 21.309379 15.500000 0.992792 0.119850 0.000000 9.437456e-03 8.678289e-04 0.000000e+00 0.000000e+00 0.000000e+00 -3.642411e-05 0.000000e+00 0.000000e+00
32350 329.344101 21.357588 15.500000 0.992856 0.119317 0.000000 9.408342e-03 1.134066e-03 0.000000e+00 0.000000e+00 0.000000e+00 3.393479e-05 0.000000e+00 0.000000e+00
32400 329.812253 21.401726 15.500000 0.993013 0.118009 0.000000 9.455169e-03 7.935347e-04 0.000000e+00 0.000000e+00 0.000000e+00 -4.844390e-05 0.000000e+00 0.000000e+00
32450 330.287631 21.445275 15.500000 0.993118 0.117116 0.000000 9.649345e-03 9.387530e-04 0.000000e+00 0.000000e+00 0.000000e+00 1.485672e-08 0.000000e+00 0.000000e+00
32500 330.756248 21.488581 15.500000 0.993193 0.116481 0.000000 9.224329e-03 7.759609e-04 0.000000e+00 0.000000e+00 0.000000e+00 -4.016166e-05 0.000000e+00 0.000000e+00
32550 331.230548 21.529516 15.500000 0.993318 0.115413 0.000000 9.676007e-03 8.667815e-04 0.000000e+00 0.000000e+00 0.000000e+00 -1.577597e-05 0.000000e+00 0.000000e+00
32600 331.702226 21.570479 15.500000 0.993308 0.115499 0.000000 9.247623e-03 7.789644e-04 0.000000e+00 0.000000e+00 0.000000e+00 2.429787e-06 0.000000e+00 0.000000e+00
32650 332.174035 21.611082 15.500000 0.993374 0.114926 0.000000 9.458988e-03 7.990040e-04 0.000000e+00 0.000000e+00 0.000000e+00 -2.552577e-05 0.000000e+00 0.000000e+00
32700 332.644726 21.649706 15.500000 0.993396 0.114737 0.000000 9.391388e-03 7.514848e-04 0.000000e+00 0.000000e+00 0.000000e+00 2.336124e-05 0.000000e+00 0.000000e+00
32750 333.116814 21.689435 15.500000 0.993321 0.115386 0.000000 9.296600e-03 7.902986e-04 0.000000e+00 0.000000e+00 0.000000e+00 2.904719e-05 0.000000e+00 0.000000e+00
32800 333.584009 21.728945 15.500000 0.993393 0.114761 0.000000 9.280352e-03 8.437863e-04 0.000000e+00 0.000000e+00 0.000000e+00 9.247188e-06 0.000000e+00 0.000000e+00
32850 334.054405 21.769232 15.500000 0.993226 0.116200 0.000000 9.429767e-03 7.661785e-04 0.000000e+00 0.000000e+00 0.000000e+00 1.499387e-05 0.000000e+00 0.000000e+00
32900 334.520201 21.807833 15.500000 0.993240 0.116077 0.000000 9.193394e-03 8.280525e-04 0.000000e+00 0.000000e+00 0.000000e+00 3.032265e-05 0.000000e+00 0.000000e+00
32950 334.986729 21.847865 15.500000 0.993048 0.117708 0.000000 9.396043e-03 7.481878e-04 0.000000e+00 0.000000e+00 0.000000e+00 2.725628e-05 0.000000e+00 0.000000e+00
33000 335.452018 21.886632 15.500000 0.992957 0.118471 0.000000 9.251909e-03 7.885312e-04 0.000000e+00 0.000000e+00 0.000000e+00 3.893435e-05 0.000000e+00 0.000000e+00
33050 335.916826 21.926993 15.500000 0.992778 0.119970 0.000000 9.362688e-03 8.221189e-04 0.000000e+00 0.000000e+00 0.000000e+00 3.586072e-05 0.000000e+00 0.000000e+00
33100 336.381959 21.968931 15.500000 0.992731 0.120352 0.000000 9.188207e-03 7.955312e-04 0.000000e+00 0.000000e+00 0.000000e+00 -6.144832e-06 0.000000e+00 0.000000e+00
33150 336.845489 22.011549 15.500000 0.992675 0.120814 0.000000 9.361238e-03 6.834115e-04 0.000000e+00 0.000000e+00 0.000000e+00 -1.599572e-05 0.000000e+00 0.000000e+00
33200 337.310209 22.056011 15.500000 0.992674 0.120824 0.000000 9.281876e-03 8.990057e-04 0.000000e+00 0.000000e+00 0.000000e+00 -1.000964e-05 0.000000e+00 0.000000e+00
33250 337.774304 22.098717 15.500000 0.992754 0.120165 0.000000 9.475388e-03 7.499212e-04 0.000000e+00 0.000000e+00 0.000000e+00 -1.982389e-05 0.000000e+00 0.000000e+00
33300 338.244873 22.142417 15.500000 0.992878 0.119135 0.000000 9.348914e-03 9.965282e-04 0.000000e+00 0.000000e+00 0.000000e+00 1.337698e-06 0.000000e+00 0.000000e+00
33350 338.710794 22.185157 15.500000 0.993017 0.117969 0.000000 9.370982e-03 6.967204e-04 0.000000e+00 0.000000e+00 0.000000e+00 -4.575572e-05 0.000000e+00 0.000000e+00
33400 339.181732 22.226628 15.500000 0.993210 0.116336 0.000000 9.322880e-03 8.721476e-04 0.000000e+00 0.000000e+00 0.000000e+00 -4.009892e-05 0.000000e+00 0.000000e+00
33450 339.648446 22.269119 15.500000 0.993213 0.116308 0.000000 9.343787e-03 6.454464e-04 0.000000e+00 0.000000e+00 0.000000e+00 -3.482492e-05 0.000000e+00 0.000000e+00
33500 340.120278 22.306198 15.500000 0.993424 0.114493 0.000000 9.318973e-03 8.165419e-04 0.000000e+00 0.000000e+00 0.000000e+00 -3.615568e-05 0.000000e+00 0.000000e+00
33550 340.589904 22.350005 15.500000 0.993472 0.114077 0.000000 9.353823e-03 7.050553e-04 0.000000e+00 0.000000e+00 0.000000e+00 -3.105324e-05 0.000000e+00 0.000000e+00
33600 341.062827 22.384775 15.500000 0.993702 0.112053 0.000000 9.568208e-03 7.528724e-04 0.000000e+00 0.000000e+00 0.000000e+00 -1.793709e-05 0.000000e+00 0.000000e+00
33650 341.536251 22.425159 15.500000 0.993765 0.111496 0.000000 9.438361e-03 7.545107e-04 0.000000e+00 0.000000e+00 0.000000e+00 -3.565718e-05 0.000000e+00 0.000000e+00
33700 342.007105 22.459957 15.500000 0.993918 0.110125 0.000000 9.539644e-03 7.209135e-04 0.000000e+00 0.000000e+00 0.000000e+00 -2.490087e-05 0.000000e+00 0.000000e+00
33750 342.482974 22.496396 15.500000 0.994010 0.109294 0.000000 9.453022e-03 7.251124e-04 0.000000e+00 0.000000e+00 0.000000e+00 -7.291874e-06 0.000000e+00 0.000000e+00
33800 342.952586 22.530784 15.500000 0.994091 0.108551 0.000000 9.464537e-03 5.827882e-04 0.000000e+00 0.000000e+00 0.000000e+00 -5.453048e-05 0.000000e+00 0.000000e+00
33850 343.428246 22.564178 15.500000 0.994198 0.107566 0.000000 9.337596e-03 7.007973e-04 0.000000e+00 0.000000e+00 0.000000e+00 2.210651e-05 0.000000e+00 0.000000e+00
33900 343.898419 22.598043 15.500000 0.994150 0.108008 0.000000 9.484988e-03 6.421903e-04 0.000000e+00 0.000000e+00 0.000000e+00 -1.371390e-05 0.000000e+00 0.000000e+00
33950 344.372303 22.629022 15.500000 0.994305 0.106568 0.000000 9.369727e-03 5.657162e-04 0.000000e+00 0.000000e+00 0.000000e+00 -3.765175e-05 0.000000e+00 0.000000e+00
34000 344.842043 22.662648 15.500000 0.994186 0.107678 0.000000 9.420477e-03 6.838798e-04 0.000000e+00 0.000000e+00 0.000000e+00 3.352218e-05 0.000000e+00 0.000000e+00
34050 345.314580 22.693144 15.500000 0.994250 0.107080 0.000000 9.359967e-03 5.710650e-04 0.000000e+00 0.000000e+00 0.000000e+00 -4.403152e-05 0.000000e+00 0.000000e+00
34100 345.781900 22.726968 15.500000 0.994224 0.107321 0.000000 9.334126e-03 7.024183e-04 0.000000e+00 0.000000e+00 0.000000e+00 6.118596e-05 0.000000e+00 0.000000e+00
34150 346.251920 22.757707 15.500000 0.994221 0.107353 0.000000 9.349382e-03 6.539768e-04 0.000000e+00 0.000000e+00 0.000000e+00 -5.756242e-06 0.000000e+00 0.000000e+00
34200 346.718275 22.790007 15.500000 0.994193 0.107612 0.000000 9.320740e-03 7.282963e-04 0.000000e+00 0.000000e+00 0.000000e+00 6.646165e-05 0.000000e+00 0.000000e+00
34250 347.187273 22.819565 15.500000 0.994122 0.108265 0.000000 9.361995e-03 6.516123e-04 0.000000e+00 0.000000e+00 0.000000e+00 -8.811615e-06 0.000000e+00 0.000000e+00
34300 347.651648 22.851226 15.500000 0.994057 0.108863 0.000000 9.349717e-03 7.114400e-04 0.000000e+00 0.000000e+00 0.000000e+00 3.878760e-05 0.000000e+00 0.000000e+00
34350 348.119074 22.881707 15.500000 0.993916 0.110142 0.000000 9.362628e-03 6.454042e-04 0.000000e+00 0.000000e+00 0.000000e+00 -1.182508e-05 0.000000e+00 0.000000e+00
34400 348.582600 22.914112 15.500000 0.993857 0.110670 0.000000 9.258067e-03 7.435081e-04 0.000000e+00 0.000000e+00 0.000000e+00 2.592856e-05 0.000000e+00 0.000000e+00
34450 349.049814 22.945555 15.500000 0.993786 0.111310 0.000000 9.404510e-03 6.589068e-04 0.000000e+00 0.000000e+00 0.000000e+00 -2.672547e-06 0.000000e+00 0.000000e+00
34500 349.513142 22.980795 15.500000 0.993774 0.111416 0.000000 9.248259e-03 8.595836e-04 0.000000e+00 0.000000e+00 0.000000e+00 8.448908e-07 0.000000e+00 0.000000e+00
34550 349.977738 23.013091 15.500000 0.993779 0.111371 0.000000 9.296568e-03 7.091449e-04 0.000000e+00 0.000000e+00 0.000000e+00 6.092987e-06 0.000000e+00 0.000000e+00
34600 350.440534 23.047927 15.500000 0.993758 0.111559 0.000000 9.242815e-03 7.389261e-04 0.000000e+00 0.000000e+00 0.000000e+00 -2.059911e-06 0.000000e+00 0.000000e+00
34650 350.905787 23.079499 15.500000 0.993799 0.111190 0.000000 9.375032e-03 6.218955e-04 0.000000e+00 0.000000e+00 0.000000e+00 -4.245389e-05 0.000000e+00 0.000000e+00
34700 351.374422 23.116680 15.500000 0.993910 0.110192 0.000000 9.301077e-03 7.906442e-04 0.000000e+00 0.000000e+00 0.000000e+00 -4.591096e-05 0.000000e+00 0.000000e+00
34750 351.840677 23.149175 15.500000 0.994106 0.108413 0.000000 9.423114e-03 6.375196e-04 0.000000e+00 0.000000e+00 0.000000e+00 -3.911967e-05 0.000000e+00 0.000000e+00
34800 352.311262 23.184140 15.500000 0.994290 0.106710 0.000000 9.373115e-03 8.110726e-04 0.000000e+00 0.000000e+00 0.000000e+00 -2.515856e-05 0.000000e+00 0.000000e+00
34850 352.778146 23.214805 15.500000 0.994445 0.105254 0.000000 9.376733e-03 6.311779e-04 0.000000e+00 0.000000e+00 0.000000e+00 -4.919476e-05 0.000000e+00 0.000000e+00
34900 353.249668 23.246053 15.500000 0.994620 0.103593 0.000000 9.418084e-03 7.340452e-04 0.000000e+00 0.000000e+00 0.000000e+00 -2.538598e-05 0.000000e+00 0.000000e+00
34950 353.717137 23.276548 15.500000 0.994673 0.103077 0.000000 9.427456e-03 4.781632e-04 0.000000e+00 0.000000e+00 0.000000e+00 -7.306373e-05 0.000000e+00 0.000000e+00
35000 354.189354 23.303955 15.500000 0.994870 0.101165 0.000000 9.447019e-03 6.701826e-04 0.000000e+00 0.000000e+00 0.000000e+00 -3.226526e-05 0.000000e+00 0.000000e+00
35050 354.658612 23.336018 15.500000 0.994938 0.100489 0.000000 9.374541e-03 4.664835e-04 0.000000e+00 0.000000e+00 0.000000e+00 -3.449705e-05 0.000000e+00 0.000000e+00
35100 355.132650 23.360323 15.500000 0.995172 0.098149 0.000000 9.443472e-03 5.598310e-04 0.000000e+00 0.000000e+00 0.000000e+00 -4.360476e-05 0.000000e+00 0.000000e+00
35150 355.604837 23.390534 15.500000 0.995260 0.097250 0.000000 9.395536e-03 5.217458e-04 0.000000e+00 0.000000e+00 0.000000e+00 -3.095547e-05 0.000000e+00 0.000000e+00
35200 356.077660 23.413991 15.500000 0.995449 0.095298 0.000000 9.503390e-03 5.564191e-04 0.000000e+00 0.000000e+00 0.000000e+00 9.955460e-06 0.000000e+00 0.000000e+00
35250 356.552622 23.441059 15.500000 0.995535 0.094396 0.000000 9.457509e-03 4.749840e-04 0.000000e+00 0.000000e+00 0.000000e+00 -3.590869e-05 0.000000e+00 0.000000e+00
35300 357.023916 23.463628 15.500000 0.995679 0.092866 0.000000 9.572905e-03 4.714030e-04 0.000000e+00 0.000000e+00 0.000000e+00 -3.789430e-05 0.000000e+00 0.000000e+00
35350 357.500082 23.487640 15.500000 0.995776 0.091812 0.000000 9.470582e-03 4.630303e-04 0.000000e+00 0.000000e+00 0.000000e+00 -1.730124e-05 0.000000e+00 0.000000e+00
35400 357.970404 23.508947 15.500000 0.995882 0.090659 0.000000 9.521756e-03 4.000654e-04 0.000000e+00 0.000000e+00 0.000000e+00 -3.111214e-05 0.000000e+00 0.000000e+00
35450 358.446752 23.530428 15.500000 0.995990 0.089464 0.000000 9.421180e-03 4.304381e-04 0.000000e+00 0.000000e+00 0.000000e+00 -2.999970e-07 0.000000e+00 0.000000e+00
35500 358.916999 23.551132 15.500000 0.996037 0.088944 0.000000 9.554477e-03 3.953045e-04 0.000000e+00 0.000000e+00 0.000000e+00 -3.225284e-05 0.000000e+00 0.000000e+00
35550 359.393017 23.569880 15.500000 0.996172 0.087414 0.000000 9.348580e-03 3.940434e-04 0.000000e+00 0.000000e+00 0.000000e+00 -1.453860e-06 0.000000e+00 0.000000e+00
35600 359.863039 23.589645 15.500000 0.996149 0.087681 0.000000 9.484783e-03 4.372627e-04 0.000000e+00 0.000000e+00 0.000000e+00 8.095459e-06 0.000000e+00 0.000000e+00
35650 360.338292 23.607262 15.500000 0.996286 0.086106 0.000000 9.461538e-03 2.108309e-04 0.000000e+00 0.000000e+00 0.000000e+00 -6.133864e-05 0.000000e+00 0.000000e+00
35700 360.807953 23.625315 15.500000 0.996264 0.086362 0.000000 9.477782e-03 4.323904e-04 0.000000e+00 0.000000e+00 0.000000e+00 1.430878e-05 0.000000e+00 0.000000e+00
35750 361.281898 23.643236 15.500000 0.996344 0.085430 0.000000 9.517083e-03 2.786099e-04 0.000000e+00 0.000000e+00 0.000000e+00 -4.645570e-05 0.000000e+00 0.000000e+00
35800 361.751271 23.659470 15.500000 0.996367 0.085163 0.000000 9.426538e-03 4.104969e-04 0.000000e+00 0.000000e+00 0.000000e+00 4.859764e-05 0.000000e+00 0.000000e+00
35850 362.224377 23.676356 15.500000 0.996385 0.084955 0.000000 9.463182e-03 3.001763e-04 0.000000e+00 0.000000e+00 0.000000e+00 -1.651908e-05 0.000000e+00 0.000000e+00
35900 362.692670 23.692878 15.500000 0.996465 0.084004 0.000000 9.478047e-03 3.479914e-04 0.000000e+00 0.000000e+00 0.000000e+00 3.520184e-05 0.000000e+00 0.000000e+00
35950 363.165060 23.708374 15.500000 0.996440 0.084304 0.000000 9.406110e-03 3.668676e-04 0.000000e+00 0.000000e+00 0.000000e+00 -2.332246e-06 0.000000e+00 0.000000e+00
36000 363.632104 23.724572 15.500000 0.996540 0.083120 0.000000 9.387084e-03 3.579796e-04 0.000000e+00 0.000000e+00 0.000000e+00 1.529446e-05 0.000000e+00 0.000000e+00
36050 364.103664 23.740385 15.500000 0.996495 0.083649 0.000000 9.383762e-03 2.622513e-04 0.000000e+00 0.000000e+00 0.000000e+00 -1.904080e-05 0.000000e+00 0.000000e+00
36100 364.569893 23.755129 15.500000 0.996596 0.082446 0.000000 9.259492e-03 3.281311e-04 0.000000e+00 0.000000e+00 0.000000e+00 -7.772724e-06 0.000000e+00 0.000000e+00
36150 365.040103 23.770574 15.500000 0.996523 0.083316 0.000000 9.503599e-03 2.577532e-04 0.000000e+00 0.000000e+00 0.000000e+00 -1.099807e-05 0.000000e+00 0.000000e+00
36200 365.506824 23.784147 15.500000 0.996600 0.082397 0.000000 9.220984e-03 3.386300e-04 0.000000e+00 0.000000e+00 0.000000e+00 1.940432e-05 0.000000e+00 0.000000e+00
36250 365.974316 23.799318 15.500000 0.996526 0.083285 0.000000 9.441267e-03 2.274645e-04 0.000000e+00 0.000000e+00 0.000000e+00 1.267641e-05 0.000000e+00 0.000000e+00
36300 366.441766 23.812312 15.500000 0.996565 0.082817 0.000000 9.316897e-03 2.371006e-04 0.000000e+00 0.000000e+00 0.000000e+00 -1.197423e-05 0.000000e+00 0.000000e+00
36350 366.907789 23.827142 15.500000 0.996501 0.083584 0.000000 9.325291e-03 2.560112e-04 0.000000e+00 0.000000e+00 0.000000e+00 9.496138e-06 0.000000e+00 0.000000e+00
36400 367.375255 23.839795 15.500000 0.996504 0.083550 0.000000 9.314946e-03 2.438890e-04 0.000000e+00 0.000000e+00 0.000000e+00 6.538695e-06 0.000000e+00 0.000000e+00
36450 367.840213 23.854131 15.500000 0.996441 0.084297 0.000000 9.379567e-03 2.096540e-04 0.000000e+00 0.000000e+00 0.000000e+00 1.525359e-05 0.000000e+00 0.000000e+00
36500 368.307345 23.866948 15.500000 0.996427 0.084456 0.000000 9.274397e-03 2.322756e-04 0.000000e+00 0.000000e+00 0.000000e+00 7.229189e-06 0.000000e+00 0.000000e+00
36550 368.770593 23.881815 15.500000 0.996347 0.085403 0.000000 9.357153e-03 1.594509e-04 0.000000e+00 0.000000e+00 0.000000e+00 1.524298e-05 0.000000e+00 0.000000e+00
36600 369.238910 23.896101 15.500000 0.996355 0.085306 0.000000 9.288668e-03 2.338451e-04 0.000000e+00 0.000000e+00 0.000000e+00 -2.752649e-05 0.000000e+00 0.000000e+00
36650 369.702110 23.911624 15.500000 0.996321 0.085706 0.000000 9.280795e-03 1.426070e-04 0.000000e+00 0.000000e+00 0.000000e+00 -6.555597e-06 0.000000e+00 0.000000e+00
36700 370.171267 23.925032 15.500000 0.996321 0.085695 0.000000 9.377162e-03 2.654464e-04 0.000000e+00 0.000000e+00 0.000000e+00 -1.306758e-05 0.000000e+00 0.000000e+00
36750 370.634097 23.942548 15.500000 0.996348 0.085383 0.000000 9.289013e-03 2.426062e-04 0.000000e+00 0.000000e+00 0.000000e+00 1.304356e-05 0.000000e+00 0.000000e+00
36800 371.101772 23.955396 15.500000 0.996360 0.085250 0.000000 9.315414e-03 2.515533e-04 0.000000e+00 0.000000e+00 0.000000e+00 -9.834621e-07 0.000000e+00 0.000000e+00
36850 371.564772 23.972655 15.500000 0.996399 0.084789 0.000000 9.277481e-03 1.366901e-04 0.000000e+00 0.000000e+00 0.000000e+00 -1.093706e-05 0.000000e+00 0.000000e+00
36900 372.029944 23.986552 15.500000 0.996461 0.084058 0.000000 9.407930e-03 2.390613e-04 0.000000e+00 0.000000e+00 0.000000e+00 -2.033162e-05 0.000000e+00 0.000000e+00
36950 372.492451 24.002490 15.500000 0.996515 0.083414 0.000000 9.239194e-03 1.281519e-04 0.000000e+00 0.000000e+00 0.000000e+00 -4.654790e-06 0.000000e+00 0.000000e+00
37000 372.956579 24.015592 15.500000 0.996563 0.082842 0.000000 9.274858e-03 1.782392e-04 0.000000e+00 0.000000e+00 0.000000e+00 -5.028625e-06 0.000000e+00 0.000000e+00
37050 373.419748 24.030490 15.500000 0.996602 0.082373 0.000000 9.238598e-03 1.089651e-04 0.000000e+00 0.000000e+00 0.000000e+00 -2.616559e-05 0.000000e+00 0.000000e+00
37100 373.883502 24.043047 15.500000 0.996639 0.081919 0.000000 9.349670e-03 1.386760e-04 0.000000e+00 0.000000e+00 0.000000e+00 -4.943258e-05 0.000000e+00 0.000000e+00
37150 374.349721 24.058979 15.500000 0.996754 0.080514 0.000000 9.223707e-03 2.931171e-04 0.000000e+00 0.000000e+00 0.000000e+00 -9.445917e-06 0.000000e+00 0.000000e+00
37200 374.814868 24.071399 15.500000 0.996863 0.079143 0.000000 9.458558e-03 1.215453e-04 0.000000e+00 0.000000e+00 0.000000e+00 -3.607188e-05 0.000000e+00 0.000000e+00
37250 375.284309 24.085509 15.500000 0.996998 0.077425 0.000000 9.341321e-03 3.177009e-04 0.000000e+00 0.000000e+00 0.000000e+00 -7.695970e-06 0.000000e+00 0.000000e+00
37300 375.748814 24.098573 15.500000 0.997141 0.075560 0.000000 9.405885e-03 1.267484e-04 0.000000e+00 0.000000e+00 0.000000e+00 -1.954734e-05 0.000000e+00 0.000000e+00
37350 376.220129 24.109693 15.500000 0.997285 0.073640 0.000000 9.319034e-03 2.686637e-04 0.000000e+00 0.000000e+00 0.000000e+00 2.030944e-06 0.000000e+00 0.000000e+00
37400 376.685569 24.122284 15.500000 0.997438 0.071537 0.000000 9.334632e-03 1.470573e-04 0.000000e+00 0.000000e+00 0.000000e+00 -4.858347e-05 0.000000e+00 0.000000e+00
37450 377.155542 24.131761 15.500000 0.997617 0.068996 0.000000 9.392186e-03 2.770681e-04 0.000000e+00 0.000000e+00 0.000000e+00 -1.664286e-05 0.000000e+00 0.000000e+00
37500 377.621589 24.142878 15.500000 0.997754 0.066984 0.000000 9.303488e-03 7.143763e-05 0.000000e+00 0.000000e+00 0.000000e+00 -4.595388e-05 0.000000e+00 0.000000e+00
37550 378.091326 24.149195 15.500000 0.997935 0.064233 0.000000 9.417694e-03 1.963365e-04 0.000000e+00 0.000000e+00 0.000000e+00 -3.216656e-05 0.000000e+00 0.000000e+00
37600 378.558519 24.158930 15.500000 0.998041 0.062570 0.000000 9.257396e-03 1.119007e-05 0.000000e+00 0.000000e+00 0.000000e+00 -4.640193e-05 0.000000e+00 0.000000e+00
37650 379.027720 24.162469 15.500000 0.998216 0.059714 0.000000 9.425994e-03 1.267167e-04 0.000000e+00 0.000000e+00 0.000000e+00 -6.240425e-05 0.000000e+00 0.000000e+00
37700 379.496316 24.170338 15.500000 0.998312 0.058071 0.000000 9.292776e-03 2.809093e-05 0.000000e+00 0.000000e+00 0.000000e+00 -3.595670e-05 0.000000e+00 0.000000e+00
37750 379.964312 24.171289 15.500000 0.998468 0.055330 0.000000 9.475788e-03 4.272629e-05 0.000000e+00 0.000000e+00 0.000000e+00 -6.595450e-05 0.000000e+00 0.000000e+00
37800 380.433670 24.176848 15.500000 0.998568 0.053491 0.000000 9.340163e-03 2.135496e-05 0.000000e+00 0.000000e+00 0.000000e+00 -2.612687e-05 0.000000e+00 0.000000e+00
37850 380.901064 24.175812 15.500000 0.998705 0.050884 0.000000 9.394948e-03 -6.837576e-05 0.000000e+00 0.000000e+00 0.000000e+00 -6.253770e-05 0.000000e+00 0.000000e+00
37900 381.370983 24.178660 15.500000 0.998807 0.048826 0.000000 9.362324e-03 5.591193e-06 0.000000e+00 0.000000e+00 0.000000e+00 -2.124051e-05 0.000000e+00 0.000000e+00
37950 381.837835 24.176108 15.500000 0.998925 0.046348 0.000000 9.410242e-03 -1.272739e-04 0.000000e+00 0.000000e+00 0.000000e+00 -5.243933e-05 0.000000e+00 0.000000e+00
38000 382.308286 24.175915 15.500000 0.999028 0.044078 0.000000 9.361564e-03 -3.794602e-05 0.000000e+00 0.000000e+00 0.000000e+00 -3.341241e-05 0.000000e+00 0.000000e+00
38050 382.774550 24.172344 15.500000 0.999129 0.041738 0.000000 9.372472e-03 -1.792507e-04 0.000000e+00 0.000000e+00 0.000000e+00 -6.847617e-05 0.000000e+00 0.000000e+00
38100 383.244845 24.169096 15.500000 0.999223 0.039402 0.000000 9.314276e-03 -3.551303e-05 0.000000e+00 0.000000e+00 0.000000e+00 -1.647080e-05 0.000000e+00 0.000000e+00
38150 383.710948 24.164406 15.500000 0.999306 0.037236 0.000000 9.354720e-03 -2.265453e-04 0.000000e+00 0.000000e+00 0.000000e+00 -6.688489e-05 0.000000e+00 0.000000e+00
38200 384.180965 24.158250 15.500000 0.999403 0.034556 0.000000 9.397279e-03 -8.701223e-05 0.000000e+00 0.000000e+00 0.000000e+00 -2.762240e-05 0.000000e+00 0.000000e+00
38250 384.646622 24.152511 15.500000 0.999472 0.032486 0.000000 9.342528e-03 -2.568585e-04 0.000000e+00 0.000000e+00 0.000000e+00 -5.785767e-05 0.000000e+00 0.000000e+00
38300 385.115788 24.143132 15.500000 0.999562 0.029601 0.000000 9.410071e-03 -1.057882e-04 0.000000e+00 0.000000e+00 0.000000e+00 -3.229738e-05 0.000000e+00 0.000000e+00
38350 385.581474 24.135911 15.500000 0.999623 0.027469 0.000000 9.266408e-03 -3.492774e-04 0.000000e+00 0.000000e+00 0.000000e+00 -9.742465e-05 0.000000e+00 0.000000e+00
38400 386.049934 24.123811 15.500000 0.999703 0.024387 0.000000 9.377314e-03 -2.330835e-04 0.000000e+00 0.000000e+00 0.000000e+00 -6.213646e-05 0.000000e+00 0.000000e+00
38450 386.515911 24.115182 15.500000 0.999749 0.022405 0.000000 9.244972e-03 -3.203714e-04 0.000000e+00 0.000000e+00 0.000000e+00 -4.315525e-05 0.000000e+00 0.000000e+00
38500 386.983158 24.100092 15.500000 0.999808 0.019584 0.000000 9.374383e-03 -4.074407e-04 0.000000e+00 0.000000e+00 0.000000e+00 -8.232608e-05 0.000000e+00 0.000000e+00
38550 387.450537 24.088101 15.500000 0.999837 0.018074 0.000000 9.309723e-03 -4.185266e-04 0.000000e+00 0.000000e+00 0.000000e+00 -5.366183e-05 0.000000e+00 0.000000e+00
38600 387.916955 24.071533 15.500000 0.999876 0.015741 0.000000 9.380660e-03 -4.569980e-04 0.000000e+00 0.000000e+00 0.000000e+00 -6.450923e-05 0.000000e+00 0.000000e+00
38650 388.383761 24.056821 15.500000 0.999903 0.013935 0.000000 9.228998e-03 -4.535431e-04 0.000000e+00 0.000000e+00 0.000000e+00 -6.699947e-05 0.000000e+00 0.000000e+00
38700 388.847772 24.037874 15.500000 0.999920 0.012658 0.000000 9.375064e-03 -4.759838e-04 0.000000e+00 0.000000e+00 0.000000e+00 -5.808475e-05 0.000000e+00 0.000000e+00
38750 389.312582 24.018933 15.500000 0.999938 0.011122 0.000000 9.242109e-03 -4.559380e-04 0.000000e+00 0.000000e+00 0.000000e+00 -1.491185e-05 0.000000e+00 0.000000e+00
38800 389.774291 23.998947 15.500000 0.999950 0.009990 0.000000 9.346400e-03 -5.513963e-04 0.000000e+00 0.000000e+00 0.000000e+00 -1.640304e-05 0.000000e+00 0.000000e+00
38850 390.238174 23.977450 15.500000 0.999962 0.008732 0.000000 9.207108e-03 -5.009640e-04 0.000000e+00 0.000000e+00 0.000000e+00 -2.504049e-05 0.000000e+00 0.000000e+00
38900 390.698773 23.958209 15.500000 0.999973 0.007338 0.000000 9.266472e-03 -5.577383e-04 0.000000e+00 0.000000e+00 0.000000e+00 -4.363061e-05 0.000000e+00 0.000000e+00
38950 391.165483 23.934087 15.500000 0.999978 0.006634 0.000000 9.335400e-03 -5.452798e-04 0.000000e+00 0.000000e+00 0.000000e+00 -2.778113e-05 0.000000e+00 0.000000e+00
39000 391.627027 23.912517 15.500000 0.999981 0.006156 0.000000 9.284525e-03 -5.122210e-04 0.000000e+00 0.000000e+00 0.000000e+00 -8.441829e-06 0.000000e+00 0.000000e+00
39050 392.095296 23.889302 15.500000 0.999982 0.006026 0.000000 9.338801e-03 -5.453580e-04 0.000000e+00 0.000000e+00 0.000000e+00 -1.215417e-05 0.000000e+00 0.000000e+00
39100 392.559071 23.865407 15.500000 0.999985 0.005553 0.000000 9.227844e-03 -4.343338e-04 0.000000e+00 0.000000e+00 0.000000e+00 3.437309e-05 0.000000e+00 0.000000e+00
39150 393.025317 23.842455 15.500000 0.999981 0.006126 0.000000 9.351184e-03 -5.187584e-04 0.000000e+00 0.000000e+00 0.000000e+00 -2.671469e-05 0.000000e+00 0.000000e+00
39200 393.490777 23.818143 15.500000 0.999985 0.005485 0.000000 9.266435e-03 -4.715763e-04 0.000000e+00 0.000000e+00 0.000000e+00 -2.091402e-05 0.000000e+00 0.000000e+00
39250 393.956178 23.797339 15.500000 0.999982 0.005995 0.000000 9.460714e-03 -4.868403e-04 0.000000e+00 0.000000e+00 0.000000e+00 5.825598e-06 0.000000e+00 0.000000e+00
39300 394.423469 23.772816 15.500000 0.999986 0.005225 0.000000 9.288307e-03 -5.629902e-04 0.000000e+00 0.000000e+00 0.000000e+00 -3.137524e-05 0.000000e+00 0.000000e+00
39350 394.888290 23.753872 15.500000 0.999985 0.005556 0.000000 9.430677e-03 -4.604617e-04 0.000000e+00 0.000000e+00 0.000000e+00 -6.472775e-06 0.000000e+00 0.000000e+00
39400 395.357146 23.730191 15.500000 0.999989 0.004684 0.000000 9.351673e-03 -6.072541e-04 0.000000e+00 0.000000e+00 0.000000e+00 -4.949493e-05 0.000000e+00 0.000000e+00
39450 395.822105 23.711358 15.500000 0.999990 0.004528 0.000000 9.321894e-03 -4.320997e-04 0.000000e+00 0.000000e+00 0.000000e+00 1.589829e-05 0.000000e+00 0.000000e+00
39500 396.292727 23.688108 15.500000 0.999993 0.003847 0.000000 9.418207e-03 -5.596733e-04 0.000000e+00 0.000000e+00 0.000000e+00 -3.946653e-05 0.000000e+00 0.000000e+00
39550 396.759049 23.666716 15.500000 0.999995 0.003273 0.000000 9.405115e-03 -3.587267e-04 0.000000e+00 0.000000e+00 0.000000e+00 4.421195e-05 0.000000e+00 0.000000e+00
39600 397.230617 23.645626 15.500000 0.999995 0.003077 0.000000 9.472652e-03 -4.781490e-04 0.000000e+00 0.000000e+00 0.000000e+00 -3.253381e-05 0.000000e+00 0.000000e+00
39650 397.698277 23.622287 15.500000 0.999997 0.002250 0.000000 9.313112e-03 -4.461562e-04 0.000000e+00 0.000000e+00 0.000000e+00 1.765341e-05 0.000000e+00 0.000000e+00
39700 398.170040 23.602636 15.500000 0.999998 0.001981 0.000000 9.444874e-03 -4.164757e-04 0.000000e+00 0.000000e+00 0.000000e+00 -2.449539e-05 0.000000e+00 0.000000e+00
39750 398.640538 23.580379 15.500000 0.999999 0.001338 0.000000 9.328063e-03 -5.057157e-04 0.000000e+00 0.000000e+00 0.000000e+00 -1.457152e-05 0.000000e+00 0.000000e+00
39800 399.110827 23.560034 15.500000 1.000000 0.000790 0.000000 9.444079e-03 -3.987832e-04 0.000000e+00 0.000000e+00 0.000000e+00 -2.115640e-05 0.000000e+00 0.000000e+00
39850 399.583768 23.538872 15.500000 1.000000 -0.000175 0.000000 9.404563e-03 -4.524208e-04 0.000000e+00 0.000000e+00 0.000000e+00 -1.488692e-06 0.000000e+00 0.000000e+00
39900 400.053011 23.517623 15.500000 1.000000 -0.000914 0.000000 9.541709e-03 -3.687232e-04 0.000000e+00 0.000000e+00 0.000000e+00 -1.180498e-05 0.000000e+00 0.000000e+00
39950 400.526564 23.497616 15.500000 0.999998 -0.001893 0.000000 9.431476e-03 -4.558196e-04 0.000000e+00 0.000000e+00 0.000000e+00 -1.739341e-05 0.000000e+00 0.000000e+00
40000 400.994973 23.475215 15.500000 0.999996 -0.002874 0.000000 9.513284e-03 -3.793644e-04 0.000000e+00 0.000000e+00 0.000000e+00 -2.664794e-05 0.000000e+00 0.000000e+00
40050 401.469162 23.456338 15.500000 0.999993 -0.003844 0.000000 9.413499e-03 -4.293753e-04 0.000000e+00 0.000000e+00 0.000000e+00 -3.264436e-05 0.000000e+00 0.000000e+00
40100 401.937874 23.432296 15.500000 0.999986 -0.005359 0.000000 9.425021e-03 -4.137699e-04 0.000000e+00 0.000000e+00 0.000000e+00 -1.301509e-05 0.000000e+00 0.000000e+00
40150 402.411657 23.414509 15.500000 0.999983 -0.005901 0.000000 9.323694e-03 -4.195133e-04 0.000000e+00 0.000000e+00 0.000000e+00 -4.181943e-05 0.000000e+00 0.000000e+00
40200 402.880541 23.389340 15.500000 0.999966 -0.008215 0.000000 9.463854e-03 -4.984332e-04 0.000000e+00 0.000000e+00 0.000000e+00 -3.547732e-05 0.000000e+00 0.000000e+00
40250 403.353517 23.370642 15.500000 0.999963 -0.008545 0.000000 9.379223e-03 -2.209238e-04 0.000000e+00 0.000000e+00 0.000000e+00 2.336672e-05 0.000000e+00 0.000000e+00
40300 403.822034 23.345419 15.500000 0.999940 -0.010983 0.000000 9.427032e-03 -5.872629e-04 0.000000e+00 0.000000e+00 0.000000e+00 -7.602657e-05 0.000000e+00 0.000000e+00
40350 404.294569 23.324078 15.500000 0.999925 -0.012230 0.000000 9.455609e-03 -2.803510e-04 0.000000e+00 0.000000e+00 0.000000e+00 1.205461e-05 0.000000e+00 0.000000e+00
40400 404.761034 23.298465 15.500000 0.999908 -0.013533 0.000000 9.353165e-03 -6.468477e-04 0.000000e+00 0.000000e+00 0.000000e+00 -9.188451e-05 0.000000e+00 0.000000e+00
40450 405.230926 23.273295 15.500000 0.999886 -0.015092 0.000000 9.392019e-03 -3.904134e-04 0.000000e+00 0.000000e+00 0.000000e+00 -1.885212e-05 0.000000e+00 0.000000e+00
40500 405.696566 23.248255 15.500000 0.999873 -0.015957 0.000000 9.384455e-03 -6.354645e-04 0.000000e+00 0.000000e+00 0.000000e+00 -6.549898e-05 0.000000e+00 0.000000e+00
40550 406.165896 23.221179 15.500000 0.999832 -0.018325 0.000000 9.297878e-03 -4.100488e-04 0.000000e+00 0.000000e+00 0.000000e+00 -2.259762e-05 0.000000e+00 0.000000e+00
40600 406.630619 23.196629 15.500000 0.999812 -0.019391 0.000000 9.284688e-03 -6.137498e-04 0.000000e+00 0.000000e+00 0.000000e+00 -6.049738e-05 0.000000e+00 0.000000e+00
40650 407.098738 23.167227 15.500000 0.999757 -0.022041 0.000000 9.365590e-03 -4.979864e-04 0.000000e+00 0.000000e+00 0.000000e+00 -4.199625e-05 0.000000e+00 0.000000e+00
40700 407.563258 23.142221 15.500000 0.999720 -0.023671 0.000000 9.249475e-03 -5.771294e-04 0.000000e+00 0.000000e+00 0.000000e+00 -7.630549e-05 0.000000e+00 0.000000e+00
40750 408.029831 23.110216 15.500000 0.999650 -0.026440 0.000000 9.402287e-03 -5.652767e-04 0.000000e+00 0.000000e+00 0.000000e+00 -3.835226e-05 0.000000e+00 0.000000e+00
40800 408.494739 23.082511 15.500000 0.999618 -0.027627 0.000000 9.208387e-03 -5.129990e-04 0.000000e+00 0.000000e+00 0.000000e+00 -5.323145e-05 0.000000e+00 0.000000e+00
40850 408.960165 23.049111 15.500000 0.999559 -0.029693 0.000000 9.296366e-03 -6.189263e-04 0.000000e+00 0.000000e+00 0.000000e+00 -3.797497e-05 0.000000e+00 0.000000e+00
40900 409.423667 23.017568 15.500000 0.999526 -0.030791 0.000000 9.248719e-03 -5.677396e-04 0.000000e+00 0.000000e+00 0.000000e+00 -2.268807e-05 0.000000e+00 0.000000e+00
40950 409.886132 22.982654 15.500000 0.999493 -0.031846 0.000000 9.306216e-03 -6.504220e-04 0.000000e+00 0.000000e+00 0.000000e+00 -1.286893e-05 0.000000e+00 0.000000e+00
41000 410.348878 22.946157 15.500000 0.999466 -0.032689 0.000000 9.198196e-03 -6.407828e-04 0.000000e+00 0.000000e+00 0.000000e+00 -6.621013e-06 0.000000e+00 0.000000e+00
41050 410.811988 22.911872 15.500000 0.999452 -0.033095 0.000000 9.442338e-03 -6.714790e-04 0.000000e+00 0.000000e+00 0.000000e+00 -1.085629e-07 0.000000e+00 0.000000e+00
41100 411.279435 22.873689 15.500000 0.999443 -0.033363 0.000000 9.281527e-03 -7.605824e-04 0.000000e+00 0.000000e+00 0.000000e+00 -3.027054e-05 0.000000e+00 0.000000e+00
41150 411.742139 22.839011 15.500000 0.999465 -0.032710 0.000000 9.297007e-03 -6.615947e-04 0.000000e+00 0.000000e+00 0.000000e+00 1.263508e-05 0.000000e+00 0.000000e+00
41200 412.209960 22.801277 15.500000 0.999480 -0.032241 0.000000 9.334480e-03 -6.846085e-04 0.000000e+00 0.000000e+00 0.000000e+00 -1.883876e-05 0.000000e+00 0.000000e+00
41250 412.673795 22.767566 15.500000 0.999468 -0.032620 0.000000 9.356634e-03 -5.188051e-04 0.000000e+00 0.000000e+00 0.000000e+00 4.639666e-05 0.000000e+00 0.000000e+00
41300 413.142583 22.732732 15.500000 0.999485 -0.032097 0.000000 9.276384e-03 -7.136875e-04 0.000000e+00 0.000000e+00 0.000000e+00 -2.029569e-05 0.000000e+00 0.000000e+00
41350 413.606870 22.698402 15.500000 0.999446 -0.033295 0.000000 9.273623e-03 -5.084664e-04 0.000000e+00 0.000000e+00 0.000000e+00 4.114445e-06 0.000000e+00 0.000000e+00
41400 414.077083 22.665366 15.500000 0.999473 -0.032454 0.000000 9.433429e-03 -7.413973e-04 0.000000e+00 0.000000e+00 0.000000e+00 -3.615209e-05 0.000000e+00 0.000000e+00
41450 414.545220 22.630056 15.500000 0.999449 -0.033202 0.000000 9.365938e-03 -5.950160e-04 0.000000e+00 0.000000e+00 0.000000e+00 1.783412e-05 0.000000e+00 0.000000e+00
41500 415.014226 22.598232 15.500000 0.999471 -0.032509 0.000000 9.367808e-03 -6.547876e-04 0.000000e+00 0.000000e+00 0.000000e+00 -2.681426e-05 0.000000e+00 0.000000e+00
41550 415.486415 22.564879 15.500000 0.999444 -0.033330 0.000000 9.378892e-03 -6.344683e-04 0.000000e+00 0.000000e+00 0.000000e+00 1.143392e-05 0.000000e+00 0.000000e+00
41600 415.954119 22.532833 15.500000 0.999446 -0.033277 0.000000 9.407154e-03 -6.879090e-04 0.000000e+00 0.000000e+00 0.000000e+00 -3.284211e-06 0.000000e+00 0.000000e+00
41650 416.428145 22.501855 15.500000 0.999428 -0.033830 0.000000 9.336556e-03 -6.187014e-04 0.000000e+00 0.000000e+00 0.000000e+00 -1.433637e-05 0.000000e+00 0.000000e+00
41700 416.895007 22.468790 15.500000 0.999409 -0.034373 0.000000 9.525480e-03 -6.702099e-04 0.000000e+00 0.000000e+00 0.000000e+00 -1.662480e-05 0.000000e+00 0.000000e+00
41750 417.369831 22.440121 15.500000 0.999400 -0.034631 0.000000 9.341420e-03 -5.949395e-04 0.000000e+00 0.000000e+00 0.000000e+00 -6.713814e-06 0.000000e+00 0.000000e+00
41800 417.837307 22.406720 15.500000 0.999342 -0.036281 0.000000 9.415484e-03 -7.286876e-04 0.000000e+00 0.000000e+00 0.000000e+00 -5.091055e-05 0.000000e+00 0.000000e+00
41850 418.309995 22.377563 15.500000 0.999332 -0.036549 0.000000 9.487141e-03 -4.891461e-04 0.000000e+00 0.000000e+00 0.000000e+00 2.406349e-05 0.000000e+00 0.000000e+00
41900 418.777931 22.345140 15.500000 0.999270 -0.038215 0.000000 9.433951e-03 -8.115179e-04 0.000000e+00 0.000000e+00 0.000000e+00 -7.195910e-05 0.000000e+00 0.000000e+00
41950 419.249125 22.313869 15.500000 0.999219 -0.039514 0.000000 9.473873e-03 -5.408416e-04 0.000000e+00 0.000000e+00 0.000000e+00 -3.587033e-06 0.000000e+00 0.000000e+00
42000 419.715323 22.280878 15.500000 0.999196 -0.040093 0.000000 9.376624e-03 -8.833846e-04 0.000000e+00 0.000000e+00 0.000000e+00 -7.574260e-05 0.000000e+00 0.000000e+00
42050 420.184437 22.247270 15.500000 0.999127 -0.041767 0.000000 9.253839e-03 -6.318508e-04 0.000000e+00 0.000000e+00 0.000000e+00 -2.374912e-05 0.000000e+00 0.000000e+00
42100 420.649187 22.214902 15.500000 0.999099 -0.042449 0.000000 9.343955e-03 -8.833544e-04 0.000000e+00 0.000000e+00 0.000000e+00 -7.095678e-05 0.000000e+00 0.000000e+00
42150 421.117332 22.179630 15.500000 0.998997 -0.044771 0.000000 9.383194e-03 -6.217755e-04 0.000000e+00 0.000000e+00 0.000000e+00 -3.047989e-05 0.000000e+00 0.000000e+00
42200 421.580864 22.147335 15.500000 0.998938 -0.046085 0.000000 9.268135e-03 -8.485763e-04 0.000000e+00 0.000000e+00 0.000000e+00 -6.557552e-05 0.000000e+00 0.000000e+00
42250 422.047304 22.109425 15.500000 0.998817 -0.048633 0.000000 9.386700e-03 -7.332814e-04 0.000000e+00 0.000000e+00 0.000000e+00 -2.910283e-05 0.000000e+00 0.000000e+00
42300 422.510904 22.074883 15.500000 0.998768 -0.049625 0.000000 9.193385e-03 -9.429009e-04 0.000000e+00 0.000000e+00 0.000000e+00 -6.656071e-05 0.000000e+00 0.000000e+00
42350 422.976323 22.035783 15.500000 0.998682 -0.051331 0.000000 9.324589e-03 -8.076894e-04 0.000000e+00 0.000000e+00 0.000000e+00 -2.564174e-05 0.000000e+00 0.000000e+00
42400 423.438725 21.997249 15.500000 0.998638 -0.052182 0.000000 9.156294e-03 -9.451019e-04 0.000000e+00 0.000000e+00 0.000000e+00 -3.035426e-05 0.000000e+00 0.000000e+00
42450 423.901063 21.956663 15.500000 0.998590 -0.053093 0.000000 9.296297e-03 -8.935550e-04 0.000000e+00 0.000000e+00 0.000000e+00 8.463835e-06 0.000000e+00 0.000000e+00
42500 424.365119 21.914201 15.500000 0.998566 -0.053526 0.000000 9.196479e-03 -8.974551e-04 0.000000e+00 0.000000e+00 0.000000e+00 -1.822152e-05 0.000000e+00 0.000000e+00
42550 424.827384 21.872363 15.500000 0.998603 -0.052839 0.000000 9.351297e-03 -9.346550e-04 0.000000e+00 0.000000e+00 0.000000e+00 1.152953e-05 0.000000e+00 0.000000e+00
42600 425.294269 21.829368 15.500000 0.998634 -0.052245 0.000000 9.311005e-03 -9.379388e-04 0.000000e+00 0.000000e+00 0.000000e+00 5.275719e-07 0.000000e+00 0.000000e+00
42650 425.757797 21.790354 15.500000 0.998665 -0.051648 0.000000 9.307272e-03 -9.089637e-04 0.000000e+00 0.000000e+00 0.000000e+00 1.598430e-05 0.000000e+00 0.000000e+00
42700 426.225862 21.749070 15.500000 0.998690 -0.051171 0.000000 9.286747e-03 -8.164292e-04 0.000000e+00 0.000000e+00 0.000000e+00 1.773837e-05 0.000000e+00 0.000000e+00
42750 426.690391 21.710514 15.500000 0.998656 -0.051820 0.000000 9.403014e-03 -7.337559e-04 0.000000e+00 0.000000e+00 0.000000e+00 3.959463e-05 0.000000e+00 0.000000e+00
42800 427.160345 21.671404 15.500000 0.998701 -0.050956 0.000000 9.385785e-03 -7.906679e-04 0.000000e+00 0.000000e+00 0.000000e+00 1.187480e-05 0.000000e+00 0.000000e+00
42850 427.627563 21.630832 15.500000 0.998680 -0.051365 0.000000 9.272309e-03 -7.988816e-04 0.000000e+00 0.000000e+00 0.000000e+00 1.745615e-06 0.000000e+00 0.000000e+00
42900 428.098217 21.594190 15.500000 0.998720 -0.050579 0.000000 9.421395e-03 -7.639603e-04 0.000000e+00 0.000000e+00 0.000000e+00 -2.364497e-05 0.000000e+00 0.000000e+00
42950 428.569641 21.556320 15.500000 0.998704 -0.050905 0.000000 9.391768e-03 -7.303476e-04 0.000000e+00 0.000000e+00 0.000000e+00 1.567839e-05 0.000000e+00 0.000000e+00
43000 429.038232 21.519368 15.500000 0.998709 -0.050790 0.000000 9.537528e-03 -7.098550e-04 0.000000e+00 0.000000e+00 0.000000e+00 5.893530e-06 0.000000e+00 0.000000e+00
43050 429.511419 21.484226 15.500000 0.998693 -0.051108 0.000000 9.417005e-03 -7.315105e-04 0.000000e+00 0.000000e+00 0.000000e+00 -1.277305e-05 0.000000e+00 0.000000e+00
43100 429.978863 21.446925 15.500000 0.998674 -0.051482 0.000000 9.402364e-03 -6.292896e-04 0.000000e+00 0.000000e+00 0.000000e+00 1.911115e-05 0.000000e+00 0.000000e+00
43150 430.451893 21.414017 15.500000 0.998668 -0.051601 0.000000 9.329958e-03 -7.353001e-04 0.000000e+00 0.000000e+00 0.000000e+00 -4.267859e-05 0.000000e+00 0.000000e+00
43200 430.920632 21.375728 15.500000 0.998576 -0.053342 0.000000 9.433848e-03 -7.341497e-04 0.000000e+00 0.000000e+00 0.000000e+00 -2.016812e-05 0.000000e+00 0.000000e+00
43250 431.391472 21.343907 15.500000 0.998599 -0.052920 0.000000 9.254127e-03 -5.435143e-04 0.000000e+00 0.000000e+00 0.000000e+00 3.041697e-05 0.000000e+00 0.000000e+00
43300 431.859228 21.305038 15.500000 0.998477 -0.055168 0.000000 9.400944e-03 -7.381266e-04 0.000000e+00 0.000000e+00 0.000000e+00 -4.590457e-05 0.000000e+00 0.000000e+00
43350 432.329167 21.271388 15.500000 0.998448 -0.055690 0.000000 9.365454e-03 -5.175854e-04 0.000000e+00 0.000000e+00 0.000000e+00 1.654607e-05 0.000000e+00 0.000000e+00
43400 432.794078 21.232048 15.500000 0.998385 -0.056810 0.000000 9.279942e-03 -7.600904e-04 0.000000e+00 0.000000e+00 0.000000e+00 -5.415260e-05 0.000000e+00 0.000000e+00
43450 433.262268 21.196317 15.500000 0.998308 -0.058151 0.000000 9.274019e-03 -5.922284e-04 0.000000e+00 0.000000e+00 0.000000e+00 -6.083318e-06 0.000000e+00 0.000000e+00
43500 433.726203 21.158269 15.500000 0.998217 -0.059689 0.000000 9.271640e-03 -7.182913e-04 0.000000e+00 0.000000e+00 0.000000e+00 -4.661875e-05 0.000000e+00 0.000000e+00
43550 434.192873 21.120237 15.500000 0.998111 -0.061434 0.000000 9.313354e-03 -6.474720e-04 0.000000e+00 0.000000e+00 0.000000e+00 -1.511655e-05 0.000000e+00 0.000000e+00
43600 434.654232 21.082217 15.500000 0.997988 -0.063409 0.000000 9.261656e-03 -7.335821e-04 0.000000e+00 0.000000e+00 0.000000e+00 -3.929388e-05 0.000000e+00 0.000000e+00
43650 435.120159 21.040207 15.500000 0.997900 -0.064775 0.000000 9.282149e-03 -7.476009e-04 0.000000e+00 0.000000e+00 0.000000e+00 -2.840157e-05 0.000000e+00 0.000000e+00
43700 435.581351 20.998655 15.500000 0.997849 -0.065552 0.000000 9.106540e-03 -6.603297e-04 0.000000e+00 0.000000e+00 0.000000e+00 -3.955422e-05 0.000000e+00 0.000000e+00
43750 436.045235 20.954144 15.500000 0.997809 -0.066153 0.000000 9.369227e-03 -8.612795e-04 0.000000e+00 0.000000e+00 0.000000e+00 -1.705334e-07 0.000000e+00 0.000000e+00
43800 436.507234 20.910233 15.500000 0.997813 -0.066096 0.000000 9.159648e-03 -7.439294e-04 0.000000e+00 0.000000e+00 0.000000e+00 3.404931e-05 0.000000e+00 0.000000e+00
43850 436.971794 20.865189 15.500000 0.997884 -0.065024 0.000000 9.398269e-03 -8.268627e-04 0.000000e+00 0.000000e+00 0.000000e+00 4.270554e-05 0.000000e+00 0.000000e+00
43900 437.437446 20.819381 15.500000 0.997899 -0.064783 0.000000 9.290413e-03 -7.952731e-04 0.000000e+00 0.000000e+00 0.000000e+00 -4.786992e-06 0.000000e+00 0.000000e+00
43950 437.901959 20.778145 15.500000 0.997966 -0.063751 0.000000 9.353804e-03 -8.619125e-04 0.000000e+00 0.000000e+00 0.000000e+00 2.955010e-05 0.000000e+00 0.000000e+00
44000 438.370657 20.733427 15.500000 0.997970 -0.063685 0.000000 9.380411e-03 -8.668655e-04 0.000000e+00 0.000000e+00 0.000000e+00 -4.111847e-05 0.000000e+00 0.000000e+00
44050 438.835303 20.694478 15.500000 0.998003 -0.063167 0.000000 9.367600e-03 -8.107350e-04 0.000000e+00 0.000000e+00 0.000000e+00 4.743141e-05 0.000000e+00 0.000000e+00
44100 439.307184 20.651374 15.500000 0.998009 -0.063079 0.000000 9.453305e-03 -8.937040e-04 0.000000e+00 0.000000e+00 0.000000e+00 -3.607178e-05 0.000000e+00 0.000000e+00
44150 439.773568 20.609967 15.500000 0.998035 -0.062659 0.000000 9.414604e-03 -7.274892e-04 0.000000e+00 0.000000e+00 0.000000e+00 4.389427e-05 0.000000e+00 0.000000e+00
44200 440.246177 20.570675 15.500000 0.998057 -0.062306 0.000000 9.532683e-03 -8.188516e-04 0.000000e+00 0.000000e+00 0.000000e+00 -3.524738e-05 0.000000e+00 0.000000e+00
44250 440.714688 20.530448 15.500000 0.998063 -0.062214 0.000000 9.183399e-03 -7.899970e-04 0.000000e+00 0.000000e+00 0.000000e+00 1.032313e-05 0.000000e+00 0.000000e+00
44300 441.185856 20.492295 15.500000 0.998071 -0.062078 0.000000 9.536677e-03 -7.294340e-04 0.000000e+00 0.000000e+00 0.000000e+00 5.903788e-06 0.000000e+00 0.000000e+00
44350 441.658233 20.454301 15.500000 0.998043 -0.062537 0.000000 9.243029e-03 -7.982611e-04 0.000000e+00 0.000000e+00 0.000000e+00 -1.361221e-05 0.000000e+00 0.000000e+00
44400 442.127451 20.415798 15.500000 0.998030 -0.062745 0.000000 9.393947e-03 -7.121443e-04 0.000000e+00 0.000000e+00 0.000000e+00 -5.935074e-06 0.000000e+00 0.000000e+00
44450 442.598691 20.380102 15.500000 0.998005 -0.063131 0.000000 9.366837e-03 -7.556455e-04 0.000000e+00 0.000000e+00 0.000000e+00 -3.115784e-05 0.000000e+00 0.000000e+00
44500 443.068927 20.340709 15.500000 0.997931 -0.064289 0.000000 9.423217e-03 -6.743619e-04 0.000000e+00 0.000000e+00 0.000000e+00 2.915249e-05 0.000000e+00 0.000000e+00
44550 443.536774 20.305795 15.500000 0.997948 -0.064025 0.000000 9.346142e-03 -9.426355e-04 0.000000e+00 0.000000e+00 0.000000e+00 -2.157001e-05 0.000000e+00 0.000000e+00
44600 444.005380 20.263532 15.500000 0.997819 -0.066006 0.000000 9.488721e-03 -7.769461e-04 0.000000e+00 0.000000e+00 0.000000e+00 -6.835117e-06 0.000000e+00 0.000000e+00
44650 444.472309 20.228591 15.500000 0.997824 -0.065936 0.000000 9.262346e-03 -8.476372e-04 0.000000e+00 0.000000e+00 0.000000e+00 7.990478e-06 0.000000e+00 0.000000e+00
44700 444.937589 20.186193 15.500000 0.997695 -0.067853 0.000000 9.410393e-03 -7.629713e-04 0.000000e+00 0.000000e+00 0.000000e+00 -4.396581e-05 0.000000e+00 0.000000e+00
44750 445.404103 20.150089 15.500000 0.997620 -0.068957 0.000000 9.278321e-03 -8.371522e-04 0.000000e+00 0.000000e+00 0.000000e+00 -1.038415e-05 0.000000e+00 0.000000e+00
44800 445.867973 20.108912 15.500000 0.997478 -0.070975 0.000000 9.390245e-03 -9.765682e-04 0.000000e+00 0.000000e+00 0.000000e+00 -3.757228e-05 0.000000e+00 0.000000e+00
44850 446.334051 20.068373 15.500000 0.997410 -0.071925 0.000000 9.184123e-03 -8.523280e-04 0.000000e+00 0.000000e+00 0.000000e+00 6.217992e-06 0.000000e+00 0.000000e+00
44900 446.795814 20.023711 15.500000 0.997355 -0.072680 0.000000 9.315143e-03 -9.768414e-04 0.000000e+00 0.000000e+00 0.000000e+00 -1.566406e-05 0.000000e+00 0.000000e+00
44950 447.258806 19.979559 15.500000 0.997308 -0.073327 0.000000 9.252456e-03 -9.583823e-04 0.000000e+00 0.000000e+00 0.000000e+00 -2.111073e-05 0.000000e+00 0.000000e+00
45000 447.719196 19.936904 15.500000 0.997245 -0.074183 0.000000 9.273940e-03 -1.044946e-03 0.000000e+00 0.000000e+00 0.000000e+00 -1.252329e-05 0.000000e+00 0.000000e+00
45050 448.187430 19.890398 15.500000 0.997271 -0.073822 0.000000 9.344668e-03 -1.007298e-03 0.000000e+00 0.000000e+00 0.000000e+00 -1.160173e-05 0.000000e+00 0.000000e+00
45100 448.650586 19.845286 15.500000 0.997312 -0.073265 0.000000 9.328647e-03 -9.571117e-04 0.000000e+00 0.000000e+00 0.000000e+00 1.497476e-05 0.000000e+00 0.000000e+00
45150 449.119105 19.799664 15.500000 0.997402 -0.072033 0.000000 9.393375e-03 -9.717587e-04 0.000000e+00 0.000000e+00 0.000000e+00 1.841411e-05 0.000000e+00 0.000000e+00
45200 449.583596 19.755079 15.500000 0.997375 -0.072412 0.000000 9.244591e-03 -8.413052e-04 0.000000e+00 0.000000e+00 0.000000e+00 -8.262841e-07 0.000000e+00 0.000000e+00
45250 450.052698 19.713887 15.500000 0.997467 -0.071134 0.000000 9.435138e-03 -8.949707e-04 0.000000e+00 0.000000e+00 0.000000e+00 -2.794924e-06 0.000000e+00 0.000000e+00
45300 450.519532 19.668007 15.500000 0.997425 -0.071723 0.000000 9.300185e-03 -8.538429e-04 0.000000e+00 0.000000e+00 0.000000e+00 8.529134e-06 0.000000e+00 0.000000e+00
45350 450.988929 19.628895 15.500000 0.997541 -0.070081 0.000000 9.418738e-03 -8.697597e-04 0.000000e+00 0.000000e+00 0.000000e+00 -1.751674e-05 0.000000e+00 0.000000e+00
45400 451.461018 19.586063 15.500000 0.997514 -0.070472 0.000000 9.313383e-03 -7.802414e-04 0.000000e+00 0.000000e+00 0.000000e+00 3.019353e-05 0.000000e+00 0.000000e+00
45450 451.929387 19.546077 15.500000 0.997575 -0.069604 0.000000 9.449035e-03 -8.197498e-04 0.000000e+00 0.000000e+00 0.000000e+00 -1.060574e-05 0.000000e+00 0.000000e+00
45500 452.403858 19.506558 15.500000 0.997582 -0.069498 0.000000 9.240575e-03 -7.834285e-04 0.000000e+00 0.000000e+00 0.000000e+00 -6.310282e-06 0.000000e+00 0.000000e+00
45550 452.870784 19.466173 15.500000 0.997575 -0.069602 0.000000 9.495211e-03 -8.141432e-04 0.000000e+00 0.000000e+00 0.000000e+00 4.839598e-06 0.000000e+00 0.000000e+00
45600 453.345622 19.429561 15.500000 0.997603 -0.069194 0.000000 9.429415e-03 -6.575213e-04 0.000000e+00 0.000000e+00 0.000000e+00 1.914165e-05 0.000000e+00 0.000000e+00
45650 453.813518 19.389545 15.500000 0.997516 -0.070443 0.000000 9.400052e-03 -8.688545e-04 0.000000e+00 0.000000e+00 0.000000e+00 -3.590719e-05 0.000000e+00 0.000000e+00
45700 454.285434 19.352361 15.500000 0.997514 -0.070471 0.000000 9.481727e-03 -6.353220e-04 0.000000e+00 0.000000e+00 0.000000e+00 2.452909e-05 0.000000e+00 0.000000e+00
45750 454.753202 19.313875 15.500000 0.997455 -0.071300 0.000000 9.439941e-03 -8.734737e-04 0.000000e+00 0.000000e+00 0.000000e+00 -7.324363e-05 0.000000e+00 0.000000e+00
45800 455.223371 19.275170 15.500000 0.997382 -0.072316 0.000000 9.385564e-03 -7.037703e-04 0.000000e+00 0.000000e+00 0.000000e+00 -6.689067e-06 0.000000e+00 0.000000e+00
45850 455.689118 19.236005 15.500000 0.997359 -0.072636 0.000000 9.394117e-03 -8.502668e-04 0.000000e+00 0.000000e+00 0.000000e+00 -5.650965e-05 0.000000e+00 0.000000e+00
45900 456.157698 19.196474 15.500000 0.997232 -0.074349 0.000000 9.275030e-03 -7.098280e-04 0.000000e+00 0.000000e+00 0.000000e+00 -2.057012e-06 0.000000e+00 0.000000e+00
45950 456.621639 19.157627 15.500000 0.997161 -0.075305 0.000000 9.223710e-03 -8.028273e-04 0.000000e+00 0.000000e+00 0.000000e+00 -3.480834e-05 0.000000e+00 0.000000e+00
46000 457.088397 19.116141 15.500000 0.997004 -0.077344 0.000000 9.350526e-03 -7.323536e-04 0.000000e+00 0.000000e+00 0.000000e+00 -1.074403e-05 0.000000e+00 0.000000e+00
46050 457.552067 19.075972 15.500000 0.996945 -0.078113 0.000000 9.259204e-03 -6.507429e-04 0.000000e+00 0.000000e+00 0.000000e+00 -3.198030e-06 0.000000e+00 0.000000e+00
46100 458.017940 19.032649 15.500000 0.996835 -0.079499 0.000000 9.400728e-03 -8.057877e-04 0.000000e+00 0.000000e+00 0.000000e+00 -1.878084e-05 0.000000e+00 0.000000e+00
46150 458.479952 18.989073 15.500000 0.996789 -0.080078 0.000000 9.201302e-03 -6.730463e-04 0.000000e+00 0.000000e+00 0.000000e+00 -1.681657e-05 0.000000e+00 0.000000e+00
46200 458.943366 18.944429 15.500000 0.996751 -0.080541 0.000000 9.304055e-03 -8.522641e-04 0.000000e+00 0.000000e+00 0.000000e+00 1.865458e-05 0.000000e+00 0.000000e+00
46250 459.408946 18.896924 15.500000 0.996755 -0.080493 0.000000 9.308381e-03 -8.088785e-04 0.000000e+00 0.000000e+00 0.000000e+00 1.923388e-05 0.000000e+00 0.000000e+00
46300 459.873031 18.851813 15.500000 0.996846 -0.079362 0.000000 9.393328e-03 -8.529529e-04 0.000000e+00 0.000000e+00 0.000000e+00 3.412315e-05 0.000000e+00 0.000000e+00
46350 460.340893 18.804940 15.500000 0.996908 -0.078573 0.000000 9.296785e-03 -8.660037e-04 0.000000e+00 0.000000e+00 0.000000e+00 -1.411353e-05 0.000000e+00 0.000000e+00
46400 460.805569 18.762562 15.500000 0.996973 -0.077746 0.000000 9.287164e-03 -7.905823e-04 0.000000e+00 0.000000e+00 0.000000e+00 2.842249e-05 0.000000e+00 0.000000e+00
46450 461.275382 18.718087 15.500000 0.997021 -0.077127 0.000000 9.367290e-03 -8.923681e-04 0.000000e+00 0.000000e+00 0.000000e+00 -2.553452e-06 0.000000e+00 0.000000e+00
46500 461.741009 18.675875 15.500000 0.997005 -0.077338 0.000000 9.408013e-03 -7.352431e-04 0.000000e+00 0.000000e+00 0.000000e+00 5.634495e-05 0.000000e+00 0.000000e+00
46550 462.212621 18.633969 15.500000 0.997089 -0.076242 0.000000 9.448742e-03 -8.750679e-04 0.000000e+00 0.000000e+00 0.000000e+00 -7.382405e-06 0.000000e+00 0.000000e+00
46600 462.681289 18.590230 15.500000 0.997098 -0.076132 0.000000 9.248005e-03 -8.213649e-04 0.000000e+00 0.000000e+00 0.000000e+00 2.757797e-05 0.000000e+00 0.000000e+00
46650 463.152816 18.550234 15.500000 0.997162 -0.075287 0.000000 9.482650e-03 -8.079304e-04 0.000000e+00 0.000000e+00 0.000000e+00 -7.750291e-06 0.000000e+00 0.000000e+00
46700 463.625778 18.509701 15.500000 0.997158 -0.075334 0.000000 9.310511e-03 -8.302868e-04 0.000000e+00 0.000000e+00 0.000000e+00 -7.115793e-06 0.000000e+00 0.000000e+00
46750 464.095186 18.469907 15.500000 0.997171 -0.075173 0.000000 9.292903e-03 -7.911345e-04 0.000000e+00 0.000000e+00 0.000000e+00 -4.721620e-05 0.000000e+00 0.000000e+00
46800 464.568148 18.431727 15.500000 0.997163 -0.075267 0.000000 9.424126e-03 -8.150139e-04 0.000000e+00 0.000000e+00 0.000000e+00 -2.593294e-05 0.000000e+00 0.000000e+00
46850 465.037155 18.391619 15.500000 0.997124 -0.075784 0.000000 9.515690e-03 -7.628059e-04 0.000000e+00 0.000000e+00 0.000000e+00 1.211689e-05 0.000000e+00 0.000000e+00
46900 465.507970 18.355850 15.500000 0.997157 -0.075349 0.000000 9.391615e-03 -8.316409e-04 0.000000e+00 0.000000e+00 0.000000e+00 -3.172887e-05 0.000000e+00 0.000000e+00
46950 465.978198 18.314844 15.500000 0.997013 -0.077232 0.000000 9.461566e-03 -7.203107e-04 0.000000e+00 0.000000e+00 0.000000e+00 9.212419e-06 0.000000e+00 0.000000e+00
47000 466.447575 18.279313 15.500000 0.997052 -0.076728 0.000000 9.272897e-03 -8.416319e-04 0.000000e+00 0.000000e+00 0.000000e+00 2.996177e-05 0.000000e+00 0.000000e+00
47050 466.914212 18.236298 15.500000 0.996918 -0.078449 0.000000 9.427187e-03 -7.767985e-04 0.000000e+00 0.000000e+00 0.000000e+00 -3.076156e-05 0.000000e+00 0.000000e+00
47100 467.382194 18.199726 15.500000 0.996881 -0.078918 0.000000 9.355099e-03 -7.635944e-04 0.000000e+00 0.000000e+00 0.000000e+00 1.017243e-05 0.000000e+00 0.000000e+00
47150 467.847167 18.158457 15.500000 0.996759 -0.080448 0.000000 9.368914e-03 -8.808483e-04 0.000000e+00 0.000000e+00 0.000000e+00 -3.747135e-05 0.000000e+00 0.000000e+00
47200 468.313435 18.120023 15.500000 0.996664 -0.081613 0.000000 9.242605e-03 -8.367808e-04 0.000000e+00 0.000000e+00 0.000000e+00 -3.044512e-05 0.000000e+00 0.000000e+00
47250 468.775971 18.078397 15.500000 0.996512 -0.083455 0.000000 9.409418e-03 -9.254689e-04 0.000000e+00 0.000000e+00 0.000000e+00 -2.863854e-05 0.000000e+00 0.000000e+00
47300 469.242479 18.035685 15.500000 0.996414 -0.084607 0.000000 9.199677e-03 -9.247988e-04 0.000000e+00 0.000000e+00 0.000000e+00 -8.544690e-07 0.000000e+00 0.000000e+00
47350 469.703374 17.991144 15.500000 0.996358 -0.085271 0.000000 9.308837e-03 -1.018158e-03 0.000000e+00 0.000000e+00 0.000000e+00 -1.964271e-05 0.000000e+00 0.000000e+00
47400 470.169229 17.945391 15.500000 0.996340 -0.085476 0.000000 9.308516e-03 -1.019719e-03 0.000000e+00 0.000000e+00 0.000000e+00 -8.128927e-06 0.000000e+00 0.000000e+00
47450 470.630818 17.899852 15.500000 0.996380 -0.085011 0.000000 9.253042e-03 -9.703290e-04 0.000000e+00 0.000000e+00 0.000000e+00 2.688357e-05 0.000000e+00 0.000000e+00
47500 471.098941 17.854153 15.500000 0.996480 -0.083834 0.000000 9.385206e-03 -1.012987e-03 0.000000e+00 0.000000e+00 0.000000e+00 9.528605e-06 0.000000e+00 0.000000e+00
47550 471.564020 17.807916 15.500000 0.996502 -0.083563 0.000000 9.242675e-03 -9.012976e-04 0.000000e+00 0.000000e+00 0.000000e+00 1.901522e-05 0.000000e+00 0.000000e+00
47600 472.032700 17.765452 15.500000 0.996625 -0.082084 0.000000 9.513419e-03 -9.158842e-04 0.000000e+00 0.000000e+00 0.000000e+00 2.372235e-05 0.000000e+00 0.000000e+00
47650 472.499524 17.719062 15.500000 0.996590 -0.082515 0.000000 9.207211e-03 -8.739325e-04 0.000000e+00 0.000000e+00 0.000000e+00 -6.279099e-06 0.000000e+00 0.000000e+00
47700 472.967281 17.679762 15.500000 0.996715 -0.080986 0.000000 9.450291e-03 -9.013195e-04 0.000000e+00 0.000000e+00 0.000000e+00 9.040240e-07 0.000000e+00 0.000000e+00
47750 473.438803 17.634077 15.500000 0.996687 -0.081328 0.000000 9.263715e-03 -8.708878e-04 0.000000e+00 0.000000e+00 0.000000e+00 1.830207e-05 0.000000e+00 0.000000e+00
47800 473.907725 17.594411 15.500000 0.996813 -0.079775 0.000000 9.480993e-03 -8.366080e-04 0.000000e+00 0.000000e+00 0.000000e+00 1.449817e-05 0.000000e+00 0.000000e+00
47850 474.382354 17.553075 15.500000 0.996808 -0.079831 0.000000 9.267247e-03 -8.182161e-04 0.000000e+00 0.000000e+00 0.000000e+00 3.516417e-06 0.000000e+00 0.000000e+00
47900 474.849296 17.512843 15.500000 0.996853 -0.079267 0.000000 9.462122e-03 -8.038264e-04 0.000000e+00 0.000000e+00 0.000000e+00 2.242795e-06 0.000000e+00 0.000000e+00
47950 475.325471 17.474608 15.500000 0.996893 -0.078763 0.000000 9.681502e-03 -7.557337e-04 0.000000e+00 0.000000e+00 0.000000e+00 1.153798e-05 0.000000e+00 0.000000e+00
48000 475.793286 17.435280 15.500000 0.996851 -0.079303 0.000000 9.357223e-03 -8.189075e-04 0.000000e+00 0.000000e+00 0.000000e+00 1.116227e-05 0.000000e+00 0.000000e+00
48050 476.266737 17.397678 15.500000 0.996875 -0.078995 0.000000 9.558049e-03 -6.505537e-04 0.000000e+00 0.000000e+00 0.000000e+00 2.559513e-05 0.000000e+00 0.000000e+00
48100 476.736107 17.360304 15.500000 0.996822 -0.079656 0.000000 9.434530e-03 -8.267588e-04 0.000000e+00 0.000000e+00 0.000000e+00 -4.973298e-05 0.000000e+00 0.000000e+00
48150 477.207555 17.321422 15.500000 0.996761 -0.080422 0.000000 9.414457e-03 -6.743234e-04 0.000000e+00 0.000000e+00 0.000000e+00 -7.177437e-06 0.000000e+00 0.000000e+00
48200 477.674807 17.283393 15.500000 0.996771 -0.080291 0.000000 9.422482e-03 -8.183498e-04 0.000000e+00 0.000000e+00 0.000000e+00 -5.010554e-05 0.000000e+00 0.000000e+00
48250 478.144879 17.244009 15.500000 0.996661 -0.081650 0.000000 9.304962e-03 -7.088194e-04 0.000000e+00 0.000000e+00 0.000000e+00 -5.352192e-06 0.000000e+00 0.000000e+00
48300 478.609862 17.206206 15.500000 0.996643 -0.081874 0.000000 9.330550e-03 -8.171147e-04 0.000000e+00 0.000000e+00 0.000000e+00 -4.569372e-05 0.000000e+00 0.000000e+00
48350 479.077969 17.166320 15.500000 0.996488 -0.083732 0.000000 9.367050e-03 -7.302896e-04 0.000000e+00 0.000000e+00 0.000000e+00 -2.610211e-05 0.000000e+00 0.000000e+00
48400 479.542191 17.128541 15.500000 0.996401 -0.084767 0.000000 9.194680e-03 -7.743330e-04 0.000000e+00 0.000000e+00 0.000000e+00 -6.776825e-05 0.000000e+00 0.000000e+00
48450 480.008602 17.086736 15.500000 0.996227 -0.086788 0.000000 9.414584e-03 -7.414181e-04 0.000000e+00 0.000000e+00 0.000000e+00 -2.076076e-05 0.000000e+00 0.000000e+00
48500 480.472969 17.045613 15.500000 0.996176 -0.087365 0.000000 9.141527e-03 -7.557465e-04 0.000000e+00 0.000000e+00 0.000000e+00 -3.139406e-05 0.000000e+00 0.000000e+00
48550 480.936764 17.001897 15.500000 0.996142 -0.087760 0.000000 9.283626e-03 -8.014774e-04 0.000000e+00 0.000000e+00 0.000000e+00 -1.701683e-05 0.000000e+00 0.000000e+00
48600 481.399125 16.958047 15.500000 0.996085 -0.088401 0.000000 9.232261e-03 -6.824722e-04 0.000000e+00 0.000000e+00 0.000000e+00 -5.625082e-06 0.000000e+00 0.000000e+00
48650 481.862902 16.915296 15.500000 0.996051 -0.088785 0.000000 9.388184e-03 -7.855941e-04 0.000000e+00 0.000000e+00 0.000000e+00 1.341989e-05 0.000000e+00 0.000000e+00
48700 482.330803 16.868649 15.500000 0.996098 -0.088254 0.000000 9.296917e-03 -8.521989e-04 0.000000e+00 0.000000e+00 0.000000e+00 1.683359e-05 0.000000e+00 0.000000e+00
48750 482.795504 16.825391 15.500000 0.996209 -0.086987 0.000000 9.337171e-03 -8.252095e-04 0.000000e+00 0.000000e+00 0.000000e+00 2.466500e-07 0.000000e+00 0.000000e+00
48800 483.264913 16.780200 15.500000 0.996300 -0.085949 0.000000 9.295973e-03 -8.360922e-04 0.000000e+00 0.000000e+00 0.000000e+00 -1.536763e-05 0.000000e+00 0.000000e+00
48850 483.730864 16.738323 15.500000 0.996319 -0.085721 0.000000 9.401300e-03 -6.719600e-04 0.000000e+00 0.000000e+00 0.000000e+00 5.855932e-05 0.000000e+00 0.000000e+00
48900 484.201277 16.696360 15.500000 0.996403 -0.084743 0.000000 9.412694e-03 -8.968568e-04 0.000000e+00 0.000000e+00 0.000000e+00 6.658040e-06 0.000000e+00 0.000000e+00
48950 484.668966 16.652271 15.500000 0.996409 -0.084668 0.000000 9.428819e-03 -7.289315e-04 0.000000e+00 0.000000e+00 0.000000e+00 4.920009e-05 0.000000e+00 0.000000e+00
49000 485.141415 16.613562 15.500000 0.996524 -0.083312 0.000000 9.456774e-03 -8.013711e-04 0.000000e+00 0.000000e+00 0.000000e+00 5.407125e-06 0.000000e+00 0.000000e+00
49050 485.612926 16.571435 15.500000 0.996549 -0.083004 0.000000 9.354726e-03 -7.891053e-04 0.000000e+00 0.000000e+00 0.000000e+00 3.357340e-05 0.000000e+00 0.000000e+00
49100 486.083939 16.532622 15.500000 0.996613 -0.082240 0.000000 9.408915e-03 -7.401899e-04 0.000000e+00 0.000000e+00 0.000000e+00 6.356435e-05 0.000000e+00 0.000000e+00
49150 486.557907 16.493643 15.500000 0.996618 -0.082172 0.000000 9.438162e-03 -7.840862e-04 0.000000e+00 0.000000e+00 0.000000e+00 -9.828086e-07 0.000000e+00 0.000000e+00
49200 487.027098 16.455363 15.500000 0.996638 -0.081929 0.000000 9.571798e-03 -7.416299e-04 0.000000e+00 0.000000e+00 0.000000e+00 4.793287e-06 0.000000e+00 0.000000e+00
49250 487.500769 16.418824 15.500000 0.996654 -0.081738 0.000000 9.429107e-03 -7.760899e-04 0.000000e+00 0.000000e+00 0.000000e+00 -3.011087e-05 0.000000e+00 0.000000e+00
49300 487.970527 16.379944 15.500000 0.996574 -0.082701 0.000000 9.407270e-03 -7.373278e-04 0.000000e+00 0.000000e+00 0.000000e+00 1.216571e-05 0.000000e+00 0.000000e+00
49350 488.441791 16.345785 15.500000 0.996651 -0.081773 0.000000 9.294794e-03 -7.734687e-04 0.000000e+00 0.000000e+00 0.000000e+00 -6.109912e-06 0.000000e+00 0.000000e+00
49400 488.911613 16.305943 15.500000 0.996482 -0.083805 0.000000 9.415611e-03 -7.323963e-04 0.000000e+00 0.000000e+00 0.000000e+00 -3.139274e-05 0.000000e+00 0.000000e+00
49450 489.382001 16.270919 15.500000 0.996507 -0.083508 0.000000 9.334579e-03 -7.182292e-04 0.000000e+00 0.000000e+00 0.000000e+00 6.065703e-05 0.000000e+00 0.000000e+00
49500 489.848128 16.230361 15.500000 0.996406 -0.084707 0.000000 9.393471e-03 -8.195187e-04 0.000000e+00 0.000000e+00 0.000000e+00 -2.472610e-05 0.000000e+00 0.000000e+00
49550 490.316957 16.194319 15.500000 0.996350 -0.085357 0.000000 9.263150e-03 -7.886870e-04 0.000000e+00 0.000000e+00 0.000000e+00 -3.856887e-06 0.000000e+00 0.000000e+00
49600 490.781953 16.155336 15.500000 0.996225 -0.086812 0.000000 9.337787e-03 -7.925166e-04 0.000000e+00 0.000000e+00 0.000000e+00 -2.001319e-05 0.000000e+00 0.000000e+00
49650 491.249033 16.117816 15.500000 0.996121 -0.087992 0.000000 9.253338e-03 -7.646927e-04 0.000000e+00 0.000000e+00 0.000000e+00 -2.971156e-06 0.000000e+00 0.000000e+00
49700 491.711318 16.078234 15.500000 0.995963 -0.089765 0.000000 9.295507e-03 -8.661171e-04 0.000000e+00 0.000000e+00 0.000000e+00 -1.077742e-05 0.000000e+00 0.000000e+00
49750 492.178437 16.037352 15.500000 0.995874 -0.090747 0.000000 9.338467e-03 -9.040397e-04 0.000000e+00 0.000000e+00 0.000000e+00 -1.041852e-05 0.000000e+00 0.000000e+00
49800 492.639559 15.994424 15.500000 0.995821 -0.091330 0.000000 9.193362e-03 -9.991001e-04 0.000000e+00 0.000000e+00 0.000000e+00 -9.349785e-06 0.000000e+00 0.000000e+00
49850 493.105420 15.951366 15.500000 0.995795 -0.091614 0.000000 9.270734e-03 -9.604939e-04 0.000000e+00 0.000000e+00 0.000000e+00 1.339505e-05 0.000000e+00 0.000000e+00
49900 493.568228 15.906738 15.500000 0.995832 -0.091202 0.000000 9.213601e-03 -9.815086e-04 0.000000e+00 0.000000e+00 0.000000e+00 2.877347e-05 0.000000e+00 0.000000e+00
49950 494.036394 15.864215 15.500000 0.995945 -0.089966 0.000000 9.405562e-03 -9.253163e-04 0.000000e+00 0.000000e+00 0.000000e+00 4.826008e-05 0.000000e+00 0.000000e+00
50000 494.503184 15.818153 15.500000 0.995972 -0.089665 0.000000 9.249930e-03 -8.394208e-04 0.000000e+00 0.000000e+00 0.000000e+00 3.307757e-05 0.000000e+00 0.000000e+00
50050 494.970472 15.778276 15.500000 0.996104 -0.088192 0.000000 9.514651e-03 -8.510334e-04 0.000000e+00 0.000000e+00 0.000000e+00 2.318287e-05 0.000000e+00 0.000000e+00
50100 495.439841 15.733014 15.500000 0.996105 -0.088175 0.000000 9.278808e-03 -9.613820e-04 0.000000e+00 0.000000e+00 0.000000e+00 -2.718890e-05 0.000000e+00 0.000000e+00
50150 495.906487 15.696089 15.500000 0.996224 -0.086826 0.000000 9.413307e-03 -7.724972e-04 0.000000e+00 0.000000e+00 0.000000e+00 3.808336e-05 0.000000e+00 0.000000e+00
50200 496.379341 15.652110 15.500000 0.996222 -0.086841 0.000000 9.280980e-03 -1.020780e-03 0.000000e+00 0.000000e+00 0.000000e+00 -4.238546e-05 0.000000e+00 0.000000e+00
50250 496.847833 15.613800 15.500000 0.996348 -0.085389 0.000000 9.433893e-03 -6.883702e-04 0.000000e+00 0.000000e+00 0.000000e+00 3.085767e-05 0.000000e+00 0.000000e+00
50300 497.323161 15.574105 15.500000 0.996365 -0.085181 0.000000 9.572275e-03 -9.092518e-04 0.000000e+00 0.000000e+00 0.000000e+00 -2.139830e-05 0.000000e+00 0.000000e+00
50350 497.790762 15.535585 15.500000 0.996429 -0.084432 0.000000 9.391431e-03 -7.455185e-04 0.000000e+00 0.000000e+00 0.000000e+00 8.307156e-06 0.000000e+00 0.000000e+00
50400 498.266049 15.498712 15.500000 0.996477 -0.083870 0.000000 9.703751e-03 -7.279454e-04 0.000000e+00 0.000000e+00 0.000000e+00 -2.670946e-07 0.000000e+00 0.000000e+00
50450 498.736107 15.461420 15.500000 0.996461 -0.084058 0.000000 9.247713e-03 -7.304509e-04 0.000000e+00 0.000000e+00 0.000000e+00 2.840818e-06 0.000000e+00 0.000000e+00
50500 499.209110 15.425243 15.500000 0.996492 -0.083687 0.000000 9.563091e-03 -7.357974e-04 0.000000e+00 0.000000e+00 0.000000e+00 -8.044777e-06 0.000000e+00 0.000000e+00
50550 499.680492 15.390093 15.500000 0.996471 -0.083943 0.000000 9.289344e-03 -6.943351e-04 0.000000e+00 0.000000e+00 0.000000e+00 5.700861e-06 0.000000e+00 0.000000e+00
50600 500.152191 15.353142 15.500000 0.996426 -0.084475 0.000000 9.425274e-03 -7.514687e-04 0.000000e+00 0.000000e+00 0.000000e+00 -1.889531e-05 0.000000e+00 0.000000e+00
50650 500.621194 15.318777 15.500000 0.996459 -0.084080 0.000000 9.351385e-03 -7.440543e-04 0.000000e+00 0.000000e+00 0.000000e+00 -2.630019e-05 0.000000e+00 0.000000e+00
50700 501.093331 15.281590 15.500000 0.996332 -0.085570 0.000000 9.402133e-03 -7.148108e-04 0.000000e+00 0.000000e+00 0.000000e+00 -1.161983e-05 0.000000e+00 0.000000e+00
50750 501.559790 15.246531 15.500000 0.996369 -0.085135 0.000000 9.295935e-03 -7.659045e-04 0.000000e+00 0.000000e+00 0.000000e+00 -9.804102e-06 0.000000e+00 0.000000e+00
50800 502.029157 15.208597 15.500000 0.996210 -0.086982 0.000000 9.501709e-03 -6.914725e-04 0.000000e+00 0.000000e+00 0.000000e+00 -2.043820e-05 0.000000e+00 0.000000e+00
50850 502.495264 15.173906 15.500000 0.996177 -0.087359 0.000000 9.266176e-03 -7.089743e-04 0.000000e+00 0.000000e+00 0.000000e+00 -3.400274e-05 0.000000e+00 0.000000e+00
50900 502.961283 15.135684 15.500000 0.996002 -0.089330 0.000000 9.412484e-03 -7.653479e-04 0.000000e+00 0.000000e+00 0.000000e+00 -3.257146e-05 0.000000e+00 0.000000e+00
50950 503.426390 15.099849 15.500000 0.995907 -0.090384 0.000000 9.274170e-03 -6.822007e-04 0.000000e+00 0.000000e+00 0.000000e+00 -4.703545e-05 0.000000e+00 0.000000e+00
51000 503.890910 15.060567 15.500000 0.995761 -0.091973 0.000000 9.325486e-03 -7.675983e-04 0.000000e+00 0.000000e+00 0.000000e+00 -2.989959e-05 0.000000e+00 0.000000e+00
51050 504.355659 15.020433 15.500000 0.995697 -0.092669 0.000000 9.214084e-03 -7.355067e-04 0.000000e+00 0.000000e+00 0.000000e+00 -7.707521e-06 0.000000e+00 0.000000e+00
51100 504.818491 14.979363 15.500000 0.995632 -0.093364 0.000000 9.336671e-03 -6.887678e-04 0.000000e+00 0.000000e+00 0.000000e+00 3.141411e-06 0.000000e+00 0.000000e+00
51150 505.284254 14.936333 15.500000 0.995634 -0.093340 0.000000 9.291892e-03 -8.290865e-04 0.000000e+00 0.000000e+00 0.000000e+00 -3.650964e-06 0.000000e+00 0.000000e+00
51200 505.747267 14.894697 15.500000 0.995696 -0.092680 0.000000 9.407204e-03 -7.627859e-04 0.000000e+00 0.000000e+00 0.000000e+00 9.507853e-06 0.000000e+00 0.000000e+00
51250 506.217783 14.852154 15.500000 0.995786 -0.091704 0.000000 9.364092e-03 -8.659813e-04 0.000000e+00 0.000000e+00 0.000000e+00 1.367000e-05 0.000000e+00 0.000000e+00
51300 506.682942 14.810445 15.500000 0.995857 -0.090938 0.000000 9.390012e-03 -6.592459e-04 0.000000e+00 0.000000e+00 0.000000e+00 5.424657e-05 0.000000e+00 0.000000e+00
51350 507.153470 14.769806 15.500000 0.995982 -0.089550 0.000000 9.349390e-03 -8.805865e-04 0.000000e+00 0.000000e+00 0.000000e+00 7.637143e-06 0.000000e+00 0.000000e+00
51400 507.619577 14.728434 15.500000 0.995955 -0.089849 0.000000 9.352821e-03 -6.007651e-04 0.000000e+00 0.000000e+00 0.000000e+00 2.860308e-05 0.000000e+00 0.000000e+00
51450 508.091060 14.691451 15.500000 0.996090 -0.088347 0.000000 9.485153e-03 -8.557780e-04 0.000000e+00 0.000000e+00 0.000000e+00 4.163893e-06 0.000000e+00 0.000000e+00
51500 508.560258 14.648778 15.500000 0.996092 -0.088317 0.000000 9.358627e-03 -6.821365e-04 0.000000e+00 0.000000e+00 0.000000e+00 5.443684e-05 0.000000e+00 0.000000e+00
51550 509.031867 14.613455 15.500000 0.996240 -0.086637 0.000000 9.522433e-03 -7.776014e-04 0.000000e+00 0.000000e+00 0.000000e+00 -7.676107e-06 0.000000e+00 0.000000e+00
51600 509.505153 14.573991 15.500000 0.996244 -0.086586 0.000000 9.421714e-03 -7.457666e-04 0.000000e+00 0.000000e+00 0.000000e+00 2.616070e-05 0.000000e+00 0.000000e+00
51650 509.975245 14.538342 15.500000 0.996324 -0.085660 0.000000 9.489607e-03 -7.599900e-04 0.000000e+00 0.000000e+00 0.000000e+00 1.226065e-06 0.000000e+00 0.000000e+00
51700 510.450725 14.502222 15.500000 0.996364 -0.085198 0.000000 9.411745e-03 -7.327404e-04 0.000000e+00 0.000000e+00 0.000000e+00 -3.703583e-07 0.000000e+00 0.000000e+00
51750 510.919981 14.466505 15.500000 0.996381 -0.084996 0.000000 9.567559e-03 -7.101486e-04 0.000000e+00 0.000000e+00 0.000000e+00 9.931137e-06 0.000000e+00 0.000000e+00
51800 511.395545 14.433284 15.500000 0.996437 -0.084342 0.000000 9.339789e-03 -7.268384e-04 0.000000e+00 0.000000e+00 0.000000e+00 -1.427591e-06 0.000000e+00 0.000000e+00
51850 511.865126 14.397609 15.500000 0.996345 -0.085421 0.000000 9.457984e-03 -7.265205e-04 0.000000e+00 0.000000e+00 0.000000e+00 -1.388557e-05 0.000000e+00 0.000000e+00
51900 512.338626 14.365081 15.500000 0.996415 -0.084601 0.000000 9.358625e-03 -5.450360e-04 0.000000e+00 0.000000e+00 0.000000e+00 6.005076e-05 0.000000e+00 0.000000e+00
51950 512.808112 14.329959 15.500000 0.996302 -0.085926 0.000000 9.437442e-03 -7.833697e-04 0.000000e+00 0.000000e+00 0.000000e+00 -5.191285e-05 0.000000e+00 0.000000e+00
52000 513.279984 14.297064 15.500000 0.996272 -0.086267 0.000000 9.431591e-03 -6.661502e-04 0.000000e+00 0.000000e+00 0.000000e+00 1.434164e-05 0.000000e+00 0.000000e+00
52050 513.747230 14.261155 15.500000 0.996248 -0.086541 0.000000 9.410403e-03 -8.627567e-04 0.000000e+00 0.000000e+00 0.000000e+00 -5.510471e-05 0.000000e+00 0.000000e+00
52100 514.216915 14.227441 15.500000 0.996168 -0.087465 0.000000 9.351529e-03 -7.226438e-04 0.000000e+00 0.000000e+00 0.000000e+00 4.614184e-08 0.000000e+00 0.000000e+00
52150 514.682729 14.192399 15.500000 0.996115 -0.088059 0.000000 9.386917e-03 -8.460489e-04 0.000000e+00 0.000000e+00 0.000000e+00 -6.818786e-05 0.000000e+00 0.000000e+00
52200 515.151370 14.158312 15.500000 0.995985 -0.089523 0.000000 9.340357e-03 -6.984806e-04 0.000000e+00 0.000000e+00 0.000000e+00 -8.045767e-06 0.000000e+00 0.000000e+00
52250 515.615335 14.123281 15.500000 0.995876 -0.090729 0.000000 9.259006e-03 -8.152995e-04 0.000000e+00 0.000000e+00 0.000000e+00 -4.285263e-05 0.000000e+00 0.000000e+00
52300 516.083361 14.087261 15.500000 0.995727 -0.092347 0.000000 9.289132e-03 -7.482453e-04 0.000000e+00 0.000000e+00 0.000000e+00 -2.189939e-05 0.000000e+00 0.000000e+00
52350 516.547331 14.048886 15.500000 0.995688 -0.092768 0.000000 9.266819e-03 -1.012042e-03 0.000000e+00 0.000000e+00 0.000000e+00 5.166961e-06 0.000000e+00 0.000000e+00
52400 517.012293 14.010698 15.500000 0.995661 -0.093060 0.000000 9.388632e-03 -8.403893e-04 0.000000e+00 0.000000e+00 0.000000e+00 -4.380814e-06 0.000000e+00 0.000000e+00
52450 517.474935 13.971288 15.500000 0.995620 -0.093494 0.000000 9.207783e-03 -9.830026e-04 0.000000e+00 0.000000e+00 0.000000e+00 -1.007069e-05 0.000000e+00 0.000000e+00
52500 517.939820 13.933693 15.500000 0.995600 -0.093701 0.000000 9.298882e-03 -8.030761e-04 0.000000e+00 0.000000e+00 0.000000e+00 2.363162e-05 0.000000e+00 0.000000e+00
52550 518.407319 13.890692 15.500000 0.995631 -0.093378 0.000000 9.358325e-03 -9.260008e-04 0.000000e+00 0.000000e+00 0.000000e+00 3.927738e-05 0.000000e+00 0.000000e+00
52600 518.873132 13.852317 15.500000 0.995756 -0.092035 0.000000 9.424439e-03 -7.834716e-04 0.000000e+00 0.000000e+00 0.000000e+00 3.269656e-05 0.000000e+00 0.000000e+00
52650 519.342533 13.810881 15.500000 0.995855 -0.090954 0.000000 9.328035e-03 -9.610871e-04 0.000000e+00 0.000000e+00 0.000000e+00 1.688343e-05 0.000000e+00 0.000000e+00
52700 519.808743 13.774581 15.500000 0.995947 -0.089941 0.000000 9.319989e-03 -7.426860e-04 0.000000e+00 0.000000e+00 0.000000e+00 3.152502e-05 0.000000e+00 0.000000e+00
52750 520.279923 13.736252 15.500000 0.996040 -0.088906 0.000000 9.377247e-03 -9.279108e-04 0.000000e+00 0.000000e+00 0.000000e+00 -6.964770e-06 0.000000e+00 0.000000e+00
52800 520.746995 13.699919 15.500000 0.996041 -0.088898 0.000000 9.411907e-03 -6.511612e-04 0.000000e+00 0.000000e+00 0.000000e+00 6.284973e-05 0.000000e+00 0.000000e+00
52850 521.219651 13.664137 15.500000 0.996163 -0.087522 0.000000 9.443507e-03 -8.496607e-04 0.000000e+00 0.000000e+00 0.000000e+00 1.375655e-05 0.000000e+00 0.000000e+00
52900 521.689173 13.625309 15.500000 0.996186 -0.087256 0.000000 9.409870e-03 -6.981249e-04 0.000000e+00 0.000000e+00 0.000000e+00 3.116174e-05 0.000000e+00 0.000000e+00
52950 522.162491 13.592828 15.500000 0.996296 -0.085987 0.000000 9.528198e-03 -7.178243e-04 0.000000e+00 0.000000e+00 0.000000e+00 1.031626e-05 0.000000e+00 0.000000e+00
53000 522.635391 13.556303 15.500000 0.996334 -0.085547 0.000000 9.331945e-03 -6.906357e-04 0.000000e+00 0.000000e+00 0.000000e+00 3.444932e-05 0.000000e+00 0.000000e+00
53050 523.106909 13.523935 15.500000 0.996405 -0.084714 0.000000 9.382599e-03 -6.439474e-04 0.000000e+00 0.000000e+00 0.000000e+00 2.943033e-05 0.000000e+00 0.000000e+00
53100 523.581953 13.490141 15.500000 0.996414 -0.084615 0.000000 9.452852e-03 -6.725821e-04 0.000000e+00 0.000000e+00 0.000000e+00 -3.376182e-07 0.000000e+00 0.000000e+00
53150 524.052370 13.458170 15.500000 0.996445 -0.084245 0.000000 9.553989e-03 -6.420070e-04 0.000000e+00 0.000000e+00 0.000000e+00 5.182091e-07 0.000000e+00 0.000000e+00
53200 524.526580 13.426616 15.500000 0.996464 -0.084018 0.000000 9.456055e-03 -6.658447e-04 0.000000e+00 0.000000e+00 0.000000e+00 -2.506687e-05 0.000000e+00 0.000000e+00
53250 524.996985 13.394345 15.500000 0.996419 -0.084555 0.000000 9.472663e-03 -6.008188e-04 0.000000e+00 0.000000e+00 0.000000e+00 1.745468e-05 0.000000e+00 0.000000e+00
53300 525.469532 13.365304 15.500000 0.996491 -0.083700 0.000000 9.345580e-03 -6.472305e-04 0.000000e+00 0.000000e+00 0.000000e+00 -3.776004e-05 0.000000e+00 0.000000e+00
53350 525.940679 13.332320 15.500000 0.996350 -0.085366 0.000000 9.444947e-03 -5.828140e-04 0.000000e+00 0.000000e+00 0.000000e+00 -7.103498e-06 0.000000e+00 0.000000e+00
53400 526.412309 13.303737 15.500000 0.996412 -0.084635 0.000000 9.311101e-03 -5.006670e-04 0.000000e+00 0.000000e+00 0.000000e+00 3.044865e-05 0.000000e+00 0.000000e+00
53450 526.880280 13.269250 15.500000 0.996298 -0.085964 0.000000 9.425825e-03 -6.005928e-04 0.000000e+00 0.000000e+00 0.000000e+00 -1.799210e-05 0.000000e+00 0.000000e+00
53500 527.350091 13.239410 15.500000 0.996305 -0.085887 0.000000 9.393625e-03 -4.827727e-04 0.000000e+00 0.000000e+00 0.000000e+00 8.086473e-06 0.000000e+00 0.000000e+00
53550 527.816447 13.206455 15.500000 0.996220 -0.086867 0.000000 9.329109e-03 -5.904337e-04 0.000000e+00 0.000000e+00 0.000000e+00 -2.777290e-05 0.000000e+00 0.000000e+00
53600 528.285659 13.176417 15.500000 0.996154 -0.087615 0.000000 9.329161e-03 -5.135583e-04 0.000000e+00 0.000000e+00 0.000000e+00 -7.016220e-06 0.000000e+00 0.000000e+00
53650 528.750437 13.143997 15.500000 0.996029 -0.089034 0.000000 9.276803e-03 -5.137803e-04 0.000000e+00 0.000000e+00 0.000000e+00 -1.291757e-05 0.000000e+00 0.000000e+00
53700 529.218432 13.112304 15.500000 0.995931 -0.090117 0.000000 9.261284e-03 -5.918595e-04 0.000000e+00 0.000000e+00 0.000000e+00 2.621657e-05 0.000000e+00 0.000000e+00
53750 529.681858 13.078753 15.500000 0.995802 -0.091536 0.000000 9.285424e-03 -5.747032e-04 0.000000e+00 0.000000e+00 0.000000e+00 -3.735984e-05 0.000000e+00 0.000000e+00
53800 530.149526 13.045184 15.500000 0.995725 -0.092370 0.000000 9.374224e-03 -6.251992e-04 0.000000e+00 0.000000e+00 0.000000e+00 -8.092283e-06 0.000000e+00 0.000000e+00
53850 530.611959 13.008523 15.500000 0.995685 -0.092801 0.000000 9.144771e-03 -4.812466e-04 0.000000e+00 0.000000e+00 0.000000e+00 -9.716307e-06 0.000000e+00 0.000000e+00
53900 531.077753 12.973548 15.500000 0.995649 -0.093180 0.000000 9.212544e-03 -6.416685e-04 0.000000e+00 0.000000e+00 0.000000e+00 -5.067804e-06 0.000000e+00 0.000000e+00
53950 531.540414 12.936092 15.500000 0.995647 -0.093209 0.000000 9.254033e-03 -4.638852e-04 0.000000e+00 0.000000e+00 0.000000e+00 -1.998097e-06 0.000000e+00 0.000000e+00
54000 532.008329 12.901636 15.500000 0.995708 -0.092553 0.000000 9.469992e-03 -6.729456e-04 0.000000e+00 0.000000e+00 0.000000e+00 2.282244e-05 0.000000e+00 0.000000e+00
54050 532.476321 12.861374 15.500000 0.995756 -0.092037 0.000000 9.328424e-03 -6.340064e-04 0.000000e+00 0.000000e+00 0.000000e+00 2.582654e-05 0.000000e+00 0.000000e+00
54100 532.943425 12.827386 15.500000 0.995895 -0.090517 0.000000 9.424297e-03 -6.790701e-04 0.000000e+00 0.000000e+00 0.000000e+00 5.381207e-05 0.000000e+00 0.000000e+00
54150 533.413268 12.788156 15.500000 0.995959 -0.089808 0.000000 9.349266e-03 -6.995440e-04 0.000000e+00 0.000000e+00 0.000000e+00 -1.764971e-05 0.000000e+00 0.000000e+00
54200 533.879960 12.756866 15.500000 0.996077 -0.088489 0.000000 9.418549e-03 -6.012013e-04 0.000000e+00 0.000000e+00 0.000000e+00 3.460576e-05 0.000000e+00 0.000000e+00
54250 534.351679 12.720321 15.500000 0.996122 -0.087986 0.000000 9.412674e-03 -7.910855e-04 0.000000e+00 0.000000e+00 0.000000e+00 -4.060297e-05 0.000000e+00 0.000000e+00
54300 534.818916 12.689265 15.500000 0.996186 -0.087252 0.000000 9.408271e-03 -5.605988e-04 0.000000e+00 0.000000e+00 0.000000e+00 5.654880e-05 0.000000e+00 0.000000e+00
54350 535.293064 12.655098 15.500000 0.996259 -0.086419 0.000000 9.526247e-03 -7.644949e-04 0.000000e+00 0.000000e+00 0.000000e+00 -1.887970e-05 0.000000e+00 0.000000e+00
54400 535.762053 12.621430 15.500000 0.996328 -0.085615 0.000000 9.461158e-03 -4.924172e-04 0.000000e+00 0.000000e+00 0.000000e+00 5.878926e-05 0.000000e+00 0.000000e+00
54450 536.236737 12.591164 15.500000 0.996418 -0.084561 0.000000 9.590979e-03 -6.944698e-04 0.000000e+00 0.000000e+00 0.000000e+00 -1.362229e-05 0.000000e+00 0.000000e+00
54500 536.707750 12.558516 15.500000 0.996469 -0.083959 0.000000 9.223657e-03 -5.617432e-04 0.000000e+00 0.000000e+00 0.000000e+00 2.904924e-05 0.000000e+00 0.000000e+00
54550 537.181433 12.529250 15.500000 0.996542 -0.083089 0.000000 9.554159e-03 -6.312294e-04 0.000000e+00 0.000000e+00 0.000000e+00 -1.407610e-05 0.000000e+00 0.000000e+00
54600 537.655939 12.499018 15.500000 0.996563 -0.082836 0.000000 9.292568e-03 -5.836253e-04 0.000000e+00 0.000000e+00 0.000000e+00 2.875400e-06 0.000000e+00 0.000000e+00
54650 538.127147 12.470722 15.500000 0.996603 -0.082355 0.000000 9.413019e-03 -5.547160e-04 0.000000e+00 0.000000e+00 0.000000e+00 9.391846e-06 0.000000e+00 0.000000e+00
54700 538.602271 12.442083 15.500000 0.996617 -0.082190 0.000000 9.404488e-03 -6.028454e-04 0.000000e+00 0.000000e+00 0.000000e+00 -3.356417e-05 0.000000e+00 0.000000e+00
54750 539.073152 12.413979 15.500000 0.996628 -0.082054 0.000000 9.542295e-03 -5.095143e-04 0.000000e+00 0.000000e+00 0.000000e+00 2.632134e-05 0.000000e+00 0.000000e+00
54800 539.546551 12.387323 15.500000 0.996652 -0.081761 0.000000 9.452323e-03 -5.861511e-04 0.000000e+00 0.000000e+00 0.000000e+00 -3.363699e-05 0.000000e+00 0.000000e+00
54850 540.018081 12.359352 15.500000 0.996589 -0.082529 0.000000 9.527530e-03 -4.995620e-04 0.000000e+00 0.000000e+00 0.000000e+00 2.531197e-05 0.000000e+00 0.000000e+00
54900 540.489044 12.334214 15.500000 0.996669 -0.081554 0.000000 9.320498e-03 -5.449838e-04 0.000000e+00 0.000000e+00 0.000000e+00 1.822030e-05 0.000000e+00 0.000000e+00
54950 540.960473 12.305298 15.500000 0.996521 -0.083344 0.000000 9.531272e-03 -4.742123e-04 0.000000e+00 0.000000e+00 0.000000e+00 7.329480e-06 0.000000e+00 0.000000e+00
55000 541.431463 12.279718 15.500000 0.996578 -0.082652 0.000000 9.321891e-03 -6.039653e-04 0.000000e+00 0.000000e+00 0.000000e+00 4.386962e-05 0.000000e+00 0.000000e+00
55050 541.899394 12.249775 15.500000 0.996468 -0.083977 0.000000 9.449689e-03 -5.222392e-04 0.000000e+00 0.000000e+00 0.000000e+00 -1.701970e-05 0.000000e+00 0.000000e+00
55100 542.369168 12.223553 15.500000 0.996469 -0.083962 0.000000 9.388103e-03 -5.640451e-04 0.000000e+00 0.000000e+00 0.000000e+00 2.547634e-05 0.000000e+00 0.000000e+00
55150 542.835454 12.194663 15.500000 0.996374 -0.085086 0.000000 9.365615e-03 -6.076622e-04 0.000000e+00 0.000000e+00 0.000000e+00 -1.804009e-05 0.000000e+00 0.000000e+00
55200 543.304571 12.168396 15.500000 0.996313 -0.085792 0.000000 9.351816e-03 -6.379814e-04 0.000000e+00 0.000000e+00 0.000000e+00 -8.518276e-06 0.000000e+00 0.000000e+00
55250 543.769272 12.139966 15.500000 0.996194 -0.087169 0.000000 9.316860e-03 -5.746518e-04 0.000000e+00 0.000000e+00 0.000000e+00 -8.224158e-06 0.000000e+00 0.000000e+00
55300 544.237358 12.112134 15.500000 0.996109 -0.088128 0.000000 9.289915e-03 -6.349720e-04 0.000000e+00 0.000000e+00 0.000000e+00 1.583675e-05 0.000000e+00 0.000000e+00
55350 544.700642 12.082721 15.500000 0.995980 -0.089578 0.000000 9.288407e-03 -6.753517e-04 0.000000e+00 0.000000e+00 0.000000e+00 -2.556625e-07 0.000000e+00 0.000000e+00
55400 545.169283 12.053518 15.500000 0.995908 -0.090370 0.000000 9.333764e-03 -7.063558e-04 0.000000e+00 0.000000e+00 0.000000e+00 1.142519e-05 0.000000e+00 0.000000e+00
55450 545.631873 12.020497 15.500000 0.995877 -0.090713 0.000000 9.172497e-03 -8.517840e-04 0.000000e+00 0.000000e+00 0.000000e+00 -5.403004e-06 0.000000e+00 0.000000e+00
55500 546.098005 11.989780 15.500000 0.995856 -0.090941 0.000000 9.233523e-03 -7.348913e-04 0.000000e+00 0.000000e+00 0.000000e+00 -7.921163e-06 0.000000e+00 0.000000e+00
55550 546.560113 11.957081 15.500000 0.995811 -0.091436 0.000000 9.199841e-03 -9.266889e-04 0.000000e+00 0.000000e+00 0.000000e+00 -2.089377e-05 0.000000e+00 0.000000e+00
55600 547.027068 11.926460 15.500000 0.995845 -0.091069 0.000000 9.510441e-03 -7.658174e-04 0.000000e+00 0.000000e+00 0.000000e+00 2.101938e-05 0.000000e+00 0.000000e+00
55650 547.493858 11.890581 15.500000 0.995907 -0.090383 0.000000 9.216109e-03 -7.984865e-04 0.000000e+00 0.000000e+00 0.000000e+00 1.746970e-05 0.000000e+00 0.000000e+00
55700 547.960981 11.859822 15.500000 0.996051 -0.088783 0.000000 9.464419e-03 -6.235375e-04 0.000000e+00 0.000000e+00 0.000000e+00 5.150952e-05 0.000000e+00 0.000000e+00
55750 548.429792 11.824408 15.500000 0.996128 -0.087914 0.000000 9.338043e-03 -7.371809e-04 0.000000e+00 0.000000e+00 0.000000e+00 5.278960e-06 0.000000e+00 0.000000e+00
55800 548.896934 11.796444 15.500000 0.996262 -0.086385 0.000000 9.396563e-03 -5.605486e-04 0.000000e+00 0.000000e+00 0.000000e+00 4.672243e-05 0.000000e+00 0.000000e+00
55850 549.367963 11.763101 15.500000 0.996344 -0.085428 0.000000 9.426355e-03 -8.262423e-04 0.000000e+00 0.000000e+00 0.000000e+00 -6.816355e-06 0.000000e+00 0.000000e+00
55900 549.834921 11.736719 15.500000 0.996444 -0.084255 0.000000 9.397427e-03 -5.495104e-04 0.000000e+00 0.000000e+00 0.000000e+00 3.660850e-05 0.000000e+00 0.000000e+00
55950 550.307119 11.706750 15.500000 0.996501 -0.083581 0.000000 9.377807e-03 -7.840349e-04 0.000000e+00 0.000000e+00 0.000000e+00 -4.280610e-06 0.000000e+00 0.000000e+00
56000 550.774756 11.679268 15.500000 0.996537 -0.083150 0.000000 9.435072e-03 -4.411856e-04 0.000000e+00 0.000000e+00 0.000000e+00 7.281575e-05 0.000000e+00 0.000000e+00
56050 551.248738 11.651751 15.500000 0.996646 -0.081840 0.000000 9.563530e-03 -7.089023e-04 0.000000e+00 0.000000e+00 0.000000e+00 -1.074863e-05 0.000000e+00 0.000000e+00
56100 551.718652 11.622025 15.500000 0.996695 -0.081232 0.000000 9.421923e-03 -4.751630e-04 0.000000e+00 0.000000e+00 0.000000e+00 5.269816e-05 0.000000e+00 0.000000e+00
56150 552.193001 11.597700 15.500000 0.996805 -0.079868 0.000000 9.524674e-03 -5.450805e-04 0.000000e+00 0.000000e+00 0.000000e+00 3.584521e-05 0.000000e+00 0.000000e+00
56200 552.665743 11.569589 15.500000 0.996855 -0.079253 0.000000 9.313726e-03 -5.234329e-04 0.000000e+00 0.000000e+00 0.000000e+00 1.014102e-05 0.000000e+00 0.000000e+00
56250 553.138486 11.545868 15.500000 0.996944 -0.078119 0.000000 9.465858e-03 -5.169755e-04 0.000000e+00 0.000000e+00 0.000000e+00 2.454228e-05 0.000000e+00 0.000000e+00
56300 553.613747 11.520222 15.500000 0.996975 -0.077722 0.000000 9.406944e-03 -4.574654e-04 0.000000e+00 0.000000e+00 0.000000e+00 3.226373e-05 0.000000e+00 0.000000e+00
56350 554.085426 11.497220 15.500000 0.997034 -0.076968 0.000000 9.423500e-03 -4.839203e-04 0.000000e+00 0.000000e+00 0.000000e+00 1.361536e-05 0.000000e+00 0.000000e+00
56400 554.560704 11.473667 15.500000 0.997066 -0.076541 0.000000 9.471907e-03 -4.734628e-04 0.000000e+00 0.000000e+00 0.000000e+00 -3.934743e-06 0.000000e+00 0.000000e+00
56450 555.031477 11.451403 15.500000 0.997095 -0.076171 0.000000 9.583364e-03 -4.522892e-04 0.000000e+00 0.000000e+00 0.000000e+00 7.034767e-07 0.000000e+00 0.000000e+00
56500 555.506482 11.429606 15.500000 0.997136 -0.075634 0.000000 9.464874e-03 -4.617147e-04 0.000000e+00 0.000000e+00 0.000000e+00 -1.931516e-05 0.000000e+00 0.000000e+00
56550 555.977547 11.407475 15.500000 0.997111 -0.075963 0.000000 9.427747e-03 -4.650583e-04 0.000000e+00 0.000000e+00 0.000000e+00 -1.652748e-05 0.000000e+00 0.000000e+00
56600 556.451564 11.387458 15.500000 0.997185 -0.074974 0.000000 9.331497e-03 -4.605293e-04 0.000000e+00 0.000000e+00 0.000000e+00 -3.825789e-05 0.000000e+00 0.000000e+00
56650 556.922973 11.364812 15.500000 0.997091 -0.076220 0.000000 9.472947e-03 -4.181056e-04 0.000000e+00 0.000000e+00 0.000000e+00 -8.788588e-06 0.000000e+00 0.000000e+00
56700 557.396004 11.345624 15.500000 0.997184 -0.074995 0.000000 9.342630e-03 -2.666135e-04 0.000000e+00 0.000000e+00 0.000000e+00 2.023830e-05 0.000000e+00 0.000000e+00
56750 557.866269 11.323142 15.500000 0.997074 -0.076436 0.000000 9.456396e-03 -3.976189e-04 0.000000e+00 0.000000e+00 0.000000e+00 -2.668958e-05 0.000000e+00 0.000000e+00
56800 558.339130 11.303898 15.500000 0.997107 -0.076015 0.000000 9.372183e-03 -2.857798e-04 0.000000e+00 0.000000e+00 0.000000e+00 2.964144e-05 0.000000e+00 0.000000e+00
56850 558.806914 11.280755 15.500000 0.997067 -0.076531 0.000000 9.382364e-03 -3.814852e-04 0.000000e+00 0.000000e+00 0.000000e+00 -4.447061e-05 0.000000e+00 0.000000e+00
56900 559.277701 11.260380 15.500000 0.997064 -0.076571 0.000000 9.321055e-03 -3.247674e-04 0.000000e+00 0.000000e+00 0.000000e+00 -4.667225e-06 0.000000e+00 0.000000e+00
56950 559.744788 11.238554 15.500000 0.997049 -0.076769 0.000000 9.346522e-03 -3.259839e-04 0.000000e+00 0.000000e+00 0.000000e+00 -2.868098e-05 0.000000e+00 0.000000e+00
57000 560.214989 11.218956 15.500000 0.996997 -0.077439 0.000000 9.351247e-03 -3.767056e-04 0.000000e+00 0.000000e+00 0.000000e+00 3.402451e-06 0.000000e+00 0.000000e+00
57050 560.681070 11.197539 15.500000 0.996972 -0.077767 0.000000 9.398200e-03 -3.793847e-04 0.000000e+00 0.000000e+00 0.000000e+00 -3.645764e-05 0.000000e+00 0.000000e+00
57100 561.150566 11.177780 15.500000 0.996879 -0.078948 0.000000 9.361203e-03 -3.627406e-04 0.000000e+00 0.000000e+00 0.000000e+00 -7.154045e-06 0.000000e+00 0.000000e+00
57150 561.615752 11.156281 15.500000 0.996829 -0.079574 0.000000 9.293977e-03 -3.838398e-04 0.000000e+00 0.000000e+00 0.000000e+00 -3.413236e-05 0.000000e+00 0.000000e+00
57200 562.083891 11.135336 15.500000 0.996711 -0.081035 0.000000 9.324885e-03 -3.596903e-04 0.000000e+00 0.000000e+00 0.000000e+00 -3.988070e-06 0.000000e+00 0.000000e+00
57250 562.548327 11.113856 15.500000 0.996649 -0.081795 0.000000 9.180451e-03 -4.039273e-04 0.000000e+00 0.000000e+00 0.000000e+00 -6.076070e-05 0.000000e+00 0.000000e+00
57300 563.015684 11.091502 15.500000 0.996532 -0.083215 0.000000 9.444979e-03 -3.617585e-04 0.000000e+00 0.000000e+00 0.000000e+00 -8.533119e-06 0.000000e+00 0.000000e+00
57350 563.481179 11.067251 15.500000 0.996523 -0.083321 0.000000 9.180367e-03 -3.338095e-04 0.000000e+00 0.000000e+00 0.000000e+00 -1.385911e-05 0.000000e+00 0.000000e+00
57400 563.947871 11.044190 15.500000 0.996456 -0.084114 0.000000 9.324326e-03 -3.525230e-04 0.000000e+00 0.000000e+00 0.000000e+00 -1.779934e-05 0.000000e+00 0.000000e+00
57450 564.412604 11.018941 15.500000 0.996446 -0.084233 0.000000 9.293211e-03 -3.916381e-04 0.000000e+00 0.000000e+00 0.000000e+00 -8.173798e-06 0.000000e+00 0.000000e+00
57500 564.876877 10.994329 15.500000 0.996437 -0.084345 0.000000 9.350885e-03 -3.087693e-04 0.000000e+00 0.000000e+00 0.000000e+00 3.676972e-05 0.000000e+00 0.000000e+00
57550 565.340803 10.968556 15.500000 0.996425 -0.084478 0.000000 9.199033e-03 -3.994141e-04 0.000000e+00 0.000000e+00 0.000000e+00 -1.919305e-05 0.000000e+00 0.000000e+00
57600 565.803966 10.944476 15.500000 0.996403 -0.084736 0.000000 9.439818e-03 -3.307929e-04 0.000000e+00 0.000000e+00 0.000000e+00 1.562460e-05 0.000000e+00 0.000000e+00
57650 566.272686 10.917912 15.500000 0.996487 -0.083750 0.000000 9.334185e-03 -5.418258e-04 0.000000e+00 0.000000e+00 0.000000e+00 -3.723688e-06 0.000000e+00 0.000000e+00
57700 566.736680 10.891990 15.500000 0.996588 -0.082537 0.000000 9.363697e-03 -3.885439e-04 0.000000e+00 0.000000e+00 0.000000e+00 1.683614e-05 0.000000e+00 0.000000e+00
57750 567.208029 10.867363 15.500000 0.996695 -0.081237 0.000000 9.378888e-03 -5.510212e-04 0.000000e+00 0.000000e+00 0.000000e+00 2.151879e-05 0.000000e+00 0.000000e+00
57800 567.674109 10.841641 15.500000 0.996800 -0.079937 0.000000 9.405841e-03 -2.957245e-04 0.000000e+00 0.000000e+00 0.000000e+00 5.609809e-05 0.000000e+00 0.000000e+00
57850 568.144927 10.818611 15.500000 0.996953 -0.078002 0.000000 9.392140e-03 -4.904269e-04 0.000000e+00 0.000000e+00 0.000000e+00 1.486371e-05 0.000000e+00 0.000000e+00
57900 568.612073 10.793322 15.500000 0.996996 -0.077456 0.000000 9.363055e-03 -2.650115e-04 0.000000e+00 0.000000e+00 0.000000e+00 4.102592e-05 0.000000e+00 0.000000e+00
57950 569.083567 10.773916 15.500000 0.997155 -0.075375 0.000000 9.458393e-03 -4.889867e-04 0.000000e+00 0.000000e+00 0.000000e+00 1.493778e-05 0.000000e+00 0.000000e+00
58000 569.551360 10.748994 15.500000 0.997164 -0.075260 0.000000 9.283892e-03 -2.625808e-04 0.000000e+00 0.000000e+00 0.000000e+00 3.053062e-05 0.000000e+00 0.000000e+00
58050 570.022237 10.732423 15.500000 0.997317 -0.073204 0.000000 9.549404e-03 -3.602101e-04 0.000000e+00 0.000000e+00 0.000000e+00 1.892931e-05 0.000000e+00 0.000000e+00
58100 570.491733 10.708166 15.500000 0.997303 -0.073390 0.000000 9.244668e-03 -2.980282e-04 0.000000e+00 0.000000e+00 0.000000e+00 1.383217e-06 0.000000e+00 0.000000e+00
58150 570.961458 10.693109 15.500000 0.997454 -0.071306 0.000000 9.565821e-03 -4.096057e-04 0.000000e+00 0.000000e+00 0.000000e+00 1.972210e-05 0.000000e+00 0.000000e+00
58200 571.434762 10.669597 15.500000 0.997477 -0.070990 0.000000 9.296171e-03 -4.206984e-04 0.000000e+00 0.000000e+00 0.000000e+00 -1.630520e-05 0.000000e+00 0.000000e+00
58250 571.905367 10.654669 15.500000 0.997637 -0.068710 0.000000 9.498702e-03 -2.746098e-04 0.000000e+00 0.000000e+00 0.000000e+00 3.902011e-05 0.000000e+00 0.000000e+00
58300 572.380401 10.634065 15.500000 0.997650 -0.068512 0.000000 9.386668e-03 -4.589705e-04 0.000000e+00 0.000000e+00 0.000000e+00 -1.419354e-05 0.000000e+00 0.000000e+00
58350 572.850583 10.618311 15.500000 0.997786 -0.066513 0.000000 9.479613e-03 -2.135064e-04 0.000000e+00 0.000000e+00 0.000000e+00 5.630670e-05 0.000000e+00 0.000000e+00
58400 573.326874 10.601166 15.500000 0.997823 -0.065950 0.000000 9.557002e-03 -4.156962e-04 0.000000e+00 0.000000e+00 0.000000e+00 -5.178641e-06 0.000000e+00 0.000000e+00
58450 573.796551 10.585244 15.500000 0.997913 -0.064566 0.000000 9.433022e-03 -2.048482e-04 0.000000e+00 0.000000e+00 0.000000e+00 5.370486e-05 0.000000e+00 0.000000e+00
58500 574.272911 10.570573 15.500000 0.997973 -0.063631 0.000000 9.646339e-03 -3.380220e-04 0.000000e+00 0.000000e+00 0.000000e+00 -9.022446e-06 0.000000e+00 0.000000e+00
58550 574.743656 10.555646 15.500000 0.998039 -0.062592 0.000000 9.364327e-03 -2.307937e-04 0.000000e+00 0.000000e+00 0.000000e+00 3.290786e-05 0.000000e+00 0.000000e+00
58600 575.219079 10.542262 15.500000 0.998099 -0.061628 0.000000 9.660888e-03 -2.402652e-04 0.000000e+00 0.000000e+00 0.000000e+00 2.304555e-06 0.000000e+00 0.000000e+00
58650 575.692340 10.528924 15.500000 0.998146 -0.060858 0.000000 9.186831e-03 -2.244187e-04 0.000000e+00 0.000000e+00 0.000000e+00 1.857188e-05 0.000000e+00 0.000000e+00
58700 576.165432 10.516603 15.500000 0.998208 -0.059842 0.000000 9.496370e-03 -3.168213e-04 0.000000e+00 0.000000e+00 0.000000e+00 -1.145395e-05 0.000000e+00 0.000000e+00
58750 576.641061 10.504578 15.500000 0.998242 -0.059262 0.000000 9.324046e-03 -1.968878e-04 0.000000e+00 0.000000e+00 0.000000e+00 1.271938e-05 0.000000e+00 0.000000e+00
58800 577.112967 10.493421 15.500000 0.998291 -0.058441 0.000000 9.418325e-03 -2.577226e-04 0.000000e+00 0.000000e+00 0.000000e+00 9.205173e-06 0.000000e+00 0.000000e+00
58850 577.588655 10.482334 15.500000 0.998325 -0.057853 0.000000 9.465957e-03 -1.940477e-04 0.000000e+00 0.000000e+00 0.000000e+00 3.007742e-06 0.000000e+00 0.000000e+00
58900 578.060323 10.472274 15.500000 0.998359 -0.057264 0.000000 9.581379e-03 -2.440053e-04 0.000000e+00 0.000000e+00 0.000000e+00 1.160476e-05 0.000000e+00 0.000000e+00
58950 578.535511 10.461909 15.500000 0.998395 -0.056640 0.000000 9.472463e-03 -1.933425e-04 0.000000e+00 0.000000e+00 0.000000e+00 -4.908067e-06 0.000000e+00 0.000000e+00
59000 579.006389 10.453006 15.500000 0.998420 -0.056194 0.000000 9.588098e-03 -1.917922e-04 0.000000e+00 0.000000e+00 0.000000e+00 1.783426e-05 0.000000e+00 0.000000e+00
59050 579.481884 10.443423 15.500000 0.998460 -0.055484 0.000000 9.452513e-03 -1.917473e-04 0.000000e+00 0.000000e+00 0.000000e+00 -9.709886e-06 0.000000e+00 0.000000e+00
59100 579.952951 10.434876 15.500000 0.998460 -0.055485 0.000000 9.458444e-03 -1.430645e-04 0.000000e+00 0.000000e+00 0.000000e+00 2.289548e-05 0.000000e+00 0.000000e+00
59150 580.428455 10.426452 15.500000 0.998516 -0.054453 0.000000 9.361029e-03 -2.271739e-04 0.000000e+00 0.000000e+00 0.000000e+00 -6.112919e-06 0.000000e+00 0.000000e+00
59200 580.899081 10.418195 15.500000 0.998492 -0.054903 0.000000 9.502842e-03 -1.453172e-04 0.000000e+00 0.000000e+00 0.000000e+00 1.790523e-05 0.000000e+00 0.000000e+00
59250 581.374876 10.410794 15.500000 0.998560 -0.053647 0.000000 9.362845e-03 -1.157181e-04 0.000000e+00 0.000000e+00 0.000000e+00 4.634054e-05 0.000000e+00 0.000000e+00
59300 581.844761 10.402832 15.500000 0.998521 -0.054364 0.000000 9.502785e-03 -2.276807e-04 0.000000e+00 0.000000e+00 0.000000e+00 -2.194549e-05 0.000000e+00 0.000000e+00
59350 582.320319 10.395279 15.500000 0.998576 -0.053356 0.000000 9.563101e-03 -1.099793e-04 0.000000e+00 0.000000e+00 0.000000e+00 3.493671e-05 0.000000e+00 0.000000e+00
59400 582.789964 10.388670 15.500000 0.998557 -0.053699 0.000000 9.487811e-03 -2.083021e-04 0.000000e+00 0.000000e+00 0.000000e+00 -3.016775e-05 0.000000e+00 0.000000e+00
59450 583.264643 10.380991 15.500000 0.998588 -0.053125 0.000000 9.596878e-03 -1.170974e-04 0.000000e+00 0.000000e+00 0.000000e+00 4.311318e-05 0.000000e+00 0.000000e+00
59500 583.734837 10.375122 15.500000 0.998586 -0.053156 0.000000 9.390606e-03 -1.936008e-04 0.000000e+00 0.000000e+00 0.000000e+00 -3.974601e-05 0.000000e+00 0.000000e+00
59550 584.208663 10.367285 15.500000 0.998588 -0.053132 0.000000 9.466311e-03 -1.711079e-04 0.000000e+00 0.000000e+00 0.000000e+00 1.377256e-05 0.000000e+00 0.000000e+00
59600 584.679180 10.362007 15.500000 0.998610 -0.052699 0.000000 9.431479e-03 -1.400103e-04 0.000000e+00 0.000000e+00 0.000000e+00 -2.734815e-05 0.000000e+00 0.000000e+00
59650 585.152556 10.354725 15.500000 0.998597 -0.052960 0.000000 9.452036e-03 -2.015668e-04 0.000000e+00 0.000000e+00 0.000000e+00 -4.484891e-06 0.000000e+00 0.000000e+00
59700 585.622846 10.349532 15.500000 0.998634 -0.052246 0.000000 9.304304e-03 -1.590206e-04 0.000000e+00 0.000000e+00 0.000000e+00 -1.638280e-05 0.000000e+00 0.000000e+00
59750 586.096284 10.342992 15.500000 0.998604 -0.052813 0.000000 9.456322e-03 -1.436110e-04 0.000000e+00 0.000000e+00 0.000000e+00 1.180775e-05 0.000000e+00 0.000000e+00
59800 586.566287 10.337822 15.500000 0.998649 -0.051956 0.000000 9.397640e-03 -2.113204e-04 0.000000e+00 0.000000e+00 0.000000e+00 -3.650123e-05 0.000000e+00 0.000000e+00
59850 587.038775 10.330903 15.500000 0.998597 -0.052948 0.000000 9.589766e-03 -9.172582e-05 0.000000e+00 0.000000e+00 0.000000e+00 2.546628e-05 0.000000e+00 0.000000e+00
59900 587.509139 10.326311 15.500000 0.998656 -0.051825 0.000000 9.290189e-03 -1.378474e-04 0.000000e+00 0.000000e+00 0.000000e+00 4.295613e-05 0.000000e+00 0.000000e+00
59950 587.980461 10.318893 15.500000 0.998588 -0.053120 0.000000 9.501907e-03 -6.622120e-05 0.000000e+00 0.000000e+00 0.000000e+00 2.316668e-05 0.000000e+00 0.000000e+00
60000 588.452014 10.315025 15.500000 0.998647 -0.052009 0.000000 9.271864e-03 -1.510726e-04 0.000000e+00 0.000000e+00 0.000000e+00 5.485747e-05 0.000000e+00 0.000000e+00
60050 588.921534 10.306568 15.500000 0.998583 -0.053214 0.000000 9.377928e-03 -7.467335e-05 0.000000e+00 0.000000e+00 0.000000e+00 -6.940648e-06 0.000000e+00 0.000000e+00
60100 589.393753 10.302583 15.500000 0.998629 -0.052339 0.000000 9.315217e-03 -8.959132e-05 0.000000e+00 0.000000e+00 0.000000e+00 6.842980e-05 0.000000e+00 0.000000e+00
60150 589.861498 10.293860 15.500000 0.998593 -0.053020 0.000000 9.403216e-03 -1.329926e-04 0.000000e+00 0.000000e+00 0.000000e+00 -2.412847e-05 0.000000e+00 0.000000e+00
60200 590.333241 10.289235 15.500000 0.998624 -0.052447 0.000000 9.369336e-03 -1.045602e-04 0.000000e+00 0.000000e+00 0.000000e+00 4.908774e-05 0.000000e+00 0.000000e+00
60250 590.800431 10.281562 15.500000 0.998613 -0.052653 0.000000 9.363223e-03 -1.715774e-04 0.000000e+00 0.000000e+00 0.000000e+00 -4.192952e-05 0.000000e+00 0.000000e+00
60300 591.271432 10.276479 15.500000 0.998625 -0.052420 0.000000 9.389942e-03 -1.482101e-04 0.000000e+00 0.000000e+00 0.000000e+00 1.085961e-05 0.000000e+00 0.000000e+00
60350 591.738542 10.269873 15.500000 0.998645 -0.052037 0.000000 9.404221e-03 -2.502587e-04 0.000000e+00 0.000000e+00 0.000000e+00 -2.602721e-05 0.000000e+00 0.000000e+00
60400 592.209039 10.265083 15.500000 0.998631 -0.052316 0.000000 9.385520e-03 -1.733503e-04 0.000000e+00 0.000000e+00 0.000000e+00 7.926856e-06 0.000000e+00 0.000000e+00
60450 592.675783 10.258874 15.500000 0.998659 -0.051778 0.000000 9.415949e-03 -2.960055e-04 0.000000e+00 0.000000e+00 0.000000e+00 -4.726458e-05 0.000000e+00 0.000000e+00
60500 593.146786 10.253950 15.500000 0.998626 -0.052407 0.000000 9.315444e-03 -8.089996e-05 0.000000e+00 0.000000e+00 0.000000e+00 4.408186e-05 0.000000e+00 0.000000e+00
60550 593.613020 10.248486 15.500000 0.998665 -0.051658 0.000000 9.353037e-03 -2.971143e-04 0.000000e+00 0.000000e+00 0.000000e+00 -3.151412e-05 0.000000e+00 0.000000e+00
60600 594.083909 10.242831 15.500000 0.998608 -0.052747 0.000000 9.397262e-03 -6.487951e-05 0.000000e+00 0.000000e+00 0.000000e+00 1.258411e-05 0.000000e+00 0.000000e+00
60650 594.550226 10.238291 15.500000 0.998649 -0.051957 0.000000 9.272573e-03 -2.361063e-04 0.000000e+00 0.000000e+00 0.000000e+00 -1.503274e-05 0.000000e+00 0.000000e+00
60700 595.019708 10.232082 15.500000 0.998588 -0.053123 0.000000 9.533953e-03 -1.149747e-04 0.000000e+00 0.000000e+00 0.000000e+00 -3.739405e-06 0.000000e+00 0.000000e+00
60750 595.487336 10.228086 15.500000 0.998623 -0.052460 0.000000 9.283467e-03 -2.353817e-04 0.000000e+00 0.000000e+00 0.000000e+00 1.289755e-05 0.000000e+00 0.000000e+00
60800 595.954941 10.221049 15.500000 0.998561 -0.053622 0.000000 9.499490e-03 -6.041568e-05 0.000000e+00 0.000000e+00 0.000000e+00 -2.625812e-05 0.000000e+00 0.000000e+00
60850 596.423724 10.217137 15.500000 0.998581 -0.053256 0.000000 9.315134e-03 -1.679447e-04 0.000000e+00 0.000000e+00 0.000000e+00 2.689237e-05 0.000000e+00 0.000000e+00
60900 596.890099 10.210022 15.500000 0.998534 -0.054132 0.000000 9.435863e-03 -1.113321e-04 0.000000e+00 0.000000e+00 0.000000e+00 -2.385966e-05 0.000000e+00 0.000000e+00
60950 597.359434 10.205958 15.500000 0.998530 -0.054201 0.000000 9.343253e-03 -1.600973e-04 0.000000e+00 0.000000e+00 0.000000e+00 2.104379e-05 0.000000e+00 0.000000e+00
61000 597.825302 10.198938 15.500000 0.998492 -0.054889 0.000000 9.314160e-03 -1.725971e-04 0.000000e+00 0.000000e+00 0.000000e+00 -8.244259e-07 0.000000e+00 0.000000e+00
61050 598.294651 10.194454 15.500000 0.998478 -0.055151 0.000000 9.354247e-03 -2.181325e-04 0.000000e+00 0.000000e+00 0.000000e+00 4.169926e-06 0.000000e+00 0.000000e+00
61100 598.760323 10.187489 15.500000 0.998442 -0.055808 0.000000 9.362349e-03 -2.178910e-04 0.000000e+00 0.000000e+00 0.000000e+00 -2.186485e-05 0.000000e+00 0.000000e+00
61150 599.229514 10.182885 15.500000 0.998415 -0.056275 0.000000 9.333198e-03 -1.882297e-04 0.000000e+00 0.000000e+00 0.000000e+00 5.612073e-06 0.000000e+00 0.000000e+00
61200 599.694417 10.175556 15.500000 0.998388 -0.056763 0.000000 9.324354e-03 -2.873340e-04 0.000000e+00 0.000000e+00 0.000000e+00 -5.820962e-05 0.000000e+00 0.000000e+00
61250 600.163277 10.170459 15.500000 0.998341 -0.057579 0.000000 9.355525e-03 -1.616102e-04 0.000000e+00 0.000000e+00 0.000000e+00 9.454843e-06 0.000000e+00 0.000000e+00
61300 600.627932 10.163220 15.500000 0.998320 -0.057934 0.000000 9.275001e-03 -2.604251e-04 0.000000e+00 0.000000e+00 0.000000e+00 -2.392758e-05 0.000000e+00 0.000000e+00
61350 601.096214 10.157004 15.500000 0.998259 -0.058981 0.000000 9.388374e-03 -1.261642e-04 0.000000e+00 0.000000e+00 0.000000e+00 5.551043e-06 0.000000e+00 0.000000e+00
61400 601.561042 10.149998 15.500000 0.998245 -0.059227 0.000000 9.237427e-03 -3.147449e-04 0.000000e+00 0.000000e+00 0.000000e+00 -2.980707e-05 0.000000e+00 0.000000e+00
61450 602.028346 10.142610 15.500000 0.998166 -0.060532 0.000000 9.391607e-03 -1.663142e-04 0.000000e+00 0.000000e+00 0.000000e+00 -2.543961e-05 0.000000e+00 0.000000e+00
61500 602.493910 10.135460 15.500000 0.998148 -0.060832 0.000000 9.239212e-03 -2.637633e-04 0.000000e+00 0.000000e+00 0.000000e+00 -1.821716e-05 0.000000e+00 0.000000e+00
61550 602.959634 10.127414 15.500000 0.998066 -0.062156 0.000000 9.392042e-03 -2.589889e-04 0.000000e+00 0.000000e+00 0.000000e+00 -4.144583e-05 0.000000e+00 0.000000e+00
61600 603.425539 10.119876 15.500000 0.998041 -0.062569 0.000000 9.293457e-03 -3.284399e-04 0.000000e+00 0.000000e+00 0.000000e+00 -2.219812e-05 0.000000e+00 0.000000e+00
61650 603.890201 10.110769 15.500000 0.997968 -0.063719 0.000000 9.385703e-03 -2.929006e-04 0.000000e+00 0.000000e+00 0.000000e+00 -3.026209e-05 0.000000e+00 0.000000e+00
61700 604.357784 10.101251 15.500000 0.997976 -0.063588 0.000000 9.314284e-03 -3.310161e-04 0.000000e+00 0.000000e+00 0.000000e+00 -1.540484e-05 0.000000e+00 0.000000e+00
61750 604.822480 10.091110 15.500000 0.997911 -0.064608 0.000000 9.472395e-03 -2.792912e-04 0.000000e+00 0.000000e+00 0.000000e+00 -1.347452e-05 0.000000e+00 0.000000e+00
61800 605.290893 10.081378 15.500000 0.997902 -0.064739 0.000000 9.287155e-03 -3.111444e-04 0.000000e+00 0.000000e+00 0.000000e+00 2.323787e-05 0.000000e+00 0.000000e+00
61850 605.754742 10.069720 15.500000 0.997881 -0.065066 0.000000 9.395059e-03 -2.777731e-04 0.000000e+00 0.000000e+00 0.000000e+00 5.303596e-06 0.000000e+00 0.000000e+00
61900 606.223130 10.060286 15.500000 0.997866 -0.065301 0.000000 9.268957e-03 -3.361034e-04 0.000000e+00 0.000000e+00 0.000000e+00 9.178552e-06 0.000000e+00 0.000000e+00
61950 606.685271 10.046939 15.500000 0.997876 -0.065137 0.000000 9.303860e-03 -3.379444e-04 0.000000e+00 0.000000e+00 0.000000e+00 1.268453e-05 0.000000e+00 0.000000e+00
62000 607.153188 10.038422 15.500000 0.997866 -0.065290 0.000000 9.385112e-03 -2.751366e-04 0.000000e+00 0.000000e+00 0.000000e+00 6.786061e-06 0.000000e+00 0.000000e+00
62050 607.615345 10.025036 15.500000 0.997884 -0.065016 0.000000 9.192819e-03 -5.248710e-04 0.000000e+00 0.000000e+00 0.000000e+00 1.445306e-05 0.000000e+00 0.000000e+00
62100 608.081131 10.015114 15.500000 0.997914 -0.064560 0.000000 9.204751e-03 -3.241959e-04 0.000000e+00 0.000000e+00 0.000000e+00 1.114068e-05 0.000000e+00 0.000000e+00
62150 608.543408 10.002809 15.500000 0.997933 -0.064263 0.000000 9.272486e-03 -6.096184e-04 0.000000e+00 0.000000e+00 0.000000e+00 1.284668e-05 0.000000e+00 0.000000e+00
62200 609.008109 9.993554 15.500000 0.997953 -0.063950 0.000000 9.390070e-03 -3.028503e-04 0.000000e+00 0.000000e+00 0.000000e+00 7.615536e-06 0.000000e+00 0.000000e+00
62250 609.470936 9.982088 15.500000 0.997969 -0.063703 0.000000 9.213788e-03 -5.320215e-04 0.000000e+00 0.000000e+00 0.000000e+00 6.805428e-06 0.000000e+00 0.000000e+00
62300 609.934923 9.973107 15.500000 0.997981 -0.063518 0.000000 9.281117e-03 -3.204900e-04 0.000000e+00 0.000000e+00 0.000000e+00 9.555126e-06 0.000000e+00 0.000000e+00
62350 610.398169 9.961832 15.500000 0.997987 -0.063425 0.000000 9.247211e-03 -4.178399e-04 0.000000e+00 0.000000e+00 0.000000e+00 5.867768e-06 0.000000e+00 0.000000e+00
62400 610.862127 9.952874 15.500000 0.998002 -0.063183 0.000000 9.316403e-03 -3.141041e-04 0.000000e+00 0.000000e+00 0.000000e+00 2.328008e-09 0.000000e+00 0.000000e+00
62450 611.328996 9.940934 15.500000 0.998071 -0.062084 0.000000 9.252413e-03 -4.225939e-04 0.000000e+00 0.000000e+00 0.000000e+00 1.089353e-05 0.000000e+00 0.000000e+00
62500 611.793823 9.931385 15.500000 0.998135 -0.061038 0.000000 9.448426e-03 -3.194507e-04 0.000000e+00 0.000000e+00 0.000000e+00 3.106031e-05 0.000000e+00 0.000000e+00
62550 612.263358 9.920793 15.500000 0.998220 -0.059636 0.000000 9.318270e-03 -4.384029e-04 0.000000e+00 0.000000e+00 0.000000e+00 2.626203e-06 0.000000e+00 0.000000e+00
62600 612.727608 9.910620 15.500000 0.998296 -0.058346 0.000000 9.347174e-03 -3.184848e-04 0.000000e+00 0.000000e+00 0.000000e+00 8.121311e-06 0.000000e+00 0.000000e+00
62650 613.198980 9.902370 15.500000 0.998386 -0.056794 0.000000 9.347300e-03 -3.435772e-04 0.000000e+00 0.000000e+00 0.000000e+00 1.135870e-05 0.000000e+00 0.000000e+00
62700 613.663929 9.892329 15.500000 0.998473 -0.055233 0.000000 9.327065e-03 -2.753314e-04 0.000000e+00 0.000000e+00 0.000000e+00 4.905447e-05 0.000000e+00 0.000000e+00
62750 614.134708 9.886114 15.500000 0.998579 -0.053300 0.000000 9.407258e-03 -3.370224e-04 0.000000e+00 0.000000e+00 0.000000e+00 8.885496e-06 0.000000e+00 0.000000e+00
62800 614.600610 9.876510 15.500000 0.998655 -0.051841 0.000000 9.316641e-03 -2.313972e-04 0.000000e+00 0.000000e+00 0.000000e+00 4.974796e-05 0.000000e+00 0.000000e+00
62850 615.070111 9.871737 15.500000 0.998777 -0.049448 0.000000 9.413485e-03 -2.176586e-04 0.000000e+00 0.000000e+00 0.000000e+00 3.017673e-05 0.000000e+00 0.000000e+00
62900 615.536787 9.862940 15.500000 0.998840 -0.048145 0.000000 9.246529e-03 -1.948663e-04 0.000000e+00 0.000000e+00 0.000000e+00 6.159012e-05 0.000000e+00 0.000000e+00
62950 616.005344 9.860695 15.500000 0.998959 -0.045621 0.000000 9.460748e-03 -1.010208e-04 0.000000e+00 0.000000e+00 0.000000e+00 5.967664e-05 0.000000e+00 0.000000e+00
63000 616.473388 9.853877 15.500000 0.999022 -0.044221 0.000000 9.340535e-03 -1.809274e-04 0.000000e+00 0.000000e+00 0.000000e+00 2.649238e-05 0.000000e+00 0.000000e+00
63050 616.940875 9.853214 15.500000 0.999121 -0.041914 0.000000 9.416884e-03 -3.523784e-05 0.000000e+00 0.000000e+00 0.000000e+00 4.757909e-05 0.000000e+00 0.000000e+00
63100 617.409857 9.848709 15.500000 0.999187 -0.040316 0.000000 9.317786e-03 -1.729173e-04 0.000000e+00 0.000000e+00 0.000000e+00 3.070938e-05 0.000000e+00 0.000000e+00
63150 617.876877 9.849563 15.500000 0.999275 -0.038079 0.000000 9.430993e-03 -7.248268e-06 0.000000e+00 0.000000e+00 0.000000e+00 4.676935e-05 0.000000e+00 0.000000e+00
63200 618.346349 9.847638 15.500000 0.999339 -0.036357 0.000000 9.302026e-03 -1.560165e-04 0.000000e+00 0.000000e+00 0.000000e+00 5.439645e-05 0.000000e+00 0.000000e+00
63250 618.812727 9.849341 15.500000 0.999410 -0.034334 0.000000 9.372280e-03 -1.715271e-05 0.000000e+00 0.000000e+00 0.000000e+00 4.047815e-05 0.000000e+00 0.000000e+00
63300 619.282653 9.850004 15.500000 0.999474 -0.032442 0.000000 9.302263e-03 -1.824332e-04 0.000000e+00 0.000000e+00 0.000000e+00 3.412898e-05 0.000000e+00 0.000000e+00
63350 619.748511 9.852954 15.500000 0.999538 -0.030379 0.000000 9.285980e-03 -2.597495e-05 0.000000e+00 0.000000e+00 0.000000e+00 3.841503e-05 0.000000e+00 0.000000e+00
63400 620.218682 9.856455 15.500000 0.999598 -0.028357 0.000000 9.348146e-03 -9.597108e-05 0.000000e+00 0.000000e+00 0.000000e+00 1.581321e-05 0.000000e+00 0.000000e+00
63450 620.684263 9.860181 15.500000 0.999650 -0.026448 0.000000 9.347799e-03 3.811643e-05 0.000000e+00 0.000000e+00 0.000000e+00 5.254903e-05 0.000000e+00 0.000000e+00
63500 621.153775 9.866323 15.500000 0.999707 -0.024195 0.000000 9.392941e-03 -3.344110e-05 0.000000e+00 0.000000e+00 0.000000e+00 2.008144e-05 0.000000e+00 0.000000e+00
63550 621.619193 9.871181 15.500000 0.999749 -0.022402 0.000000 9.293346e-03 5.407795e-05 0.000000e+00 0.000000e+00 0.000000e+00 3.782770e-05 0.000000e+00 0.000000e+00
63600 622.088433 9.880412 15.500000 0.999801 -0.019931 0.000000 9.404400e-03 7.934372e-05 0.000000e+00 0.000000e+00 0.000000e+00 2.231361e-05 0.000000e+00 0.000000e+00
63650 622.554201 9.886274 15.500000 0.999830 -0.018444 0.000000 9.168094e-03 1.236115e-04 0.000000e+00 0.000000e+00 0.000000e+00 9.188455e-05 0.000000e+00 0.000000e+00
63700 623.022803 9.897814 15.500000 0.999871 -0.016076 0.000000 9.463664e-03 1.158465e-04 0.000000e+00 0.000000e+00 0.000000e+00 2.641300e-05 0.000000e+00 0.000000e+00
63750 623.489857 9.906005 15.500000 0.999889 -0.014927 0.000000 9.217175e-03 2.803125e-05 0.000000e+00 0.000000e+00 0.000000e+00 4.440291e-05 0.000000e+00 0.000000e+00
63800 623.957094 9.918856 15.500000 0.999917 -0.012910 0.000000 9.374621e-03 2.387099e-04 0.000000e+00 0.000000e+00 0.000000e+00 6.020834e-05 0.000000e+00 0.000000e+00
63850 624.424375 9.929061 15.500000 0.999931 -0.011754 0.000000 9.278494e-03 8.573638e-05 0.000000e+00 0.000000e+00 0.000000e+00 3.233367e-05 0.000000e+00 0.000000e+00
63900 624.890858 9.943605 15.500000 0.999948 -0.010226 0.000000 9.350954e-03 2.761169e-04 0.000000e+00 0.000000e+00 0.000000e+00 4.485955e-05 0.000000e+00 0.000000e+00
63950 625.357282 9.956468 15.500000 0.999960 -0.008904 0.000000 9.234511e-03 1.161236e-04 0.000000e+00 0.000000e+00 0.000000e+00 8.376681e-06 0.000000e+00 0.000000e+00
64000 625.820585 9.973011 15.500000 0.999965 -0.008375 0.000000 9.376671e-03 1.471900e-04 0.000000e+00 0.000000e+00 0.000000e+00 2.719962e-05 0.000000e+00 0.000000e+00
64050 626.285072 9.989533 15.500000 0.999971 -0.007656 0.000000 9.300301e-03 1.167077e-04 0.000000e+00 0.000000e+00 0.000000e+00 4.084855e-06 0.000000e+00 0.000000e+00
64100 626.747046 10.005418 15.500000 0.999976 -0.006962 0.000000 9.356310e-03 1.177300e-04 0.000000e+00 0.000000e+00 0.000000e+00 2.304804e-05 0.000000e+00 0.000000e+00
64150 627.212005 10.023206 15.500000 0.999981 -0.006170 0.000000 9.212915e-03 1.681163e-04 0.000000e+00 0.000000e+00 0.000000e+00 1.730096e-05 0.000000e+00 0.000000e+00
64200 627.673090 10.038268 15.500000 0.999986 -0.005261 0.000000 9.247286e-03 9.286279e-05 0.000000e+00 0.000000e+00 0.000000e+00 2.937429e-05 0.000000e+00 0.000000e+00
64250 628.140247 10.058095 15.500000 0.999988 -0.004967 0.000000 9.338597e-03 2.928222e-04 0.000000e+00 0.000000e+00 0.000000e+00 1.642669e-05 0.000000e+00 0.000000e+00
64300 628.602910 10.075685 15.500000 0.999989 -0.004789 0.000000 9.265252e-03 7.441523e-05 0.000000e+00 0.000000e+00 0.000000e+00 1.838912e-07 0.000000e+00 0.000000e+00
64350 629.071313 10.094455 15.500000 0.999987 -0.005067 0.000000 9.332116e-03 3.066531e-04 0.000000e+00 0.000000e+00 0.000000e+00 -7.328497e-06 0.000000e+00 0.000000e+00
64400 629.535988 10.113512 15.500000 0.999988 -0.004913 0.000000 9.208042e-03 1.504249e-04 0.000000e+00 0.000000e+00 0.000000e+00 3.390831e-06 0.000000e+00 0.000000e+00
64450 630.002092 10.131929 15.500000 0.999982 -0.006022 0.000000 9.369266e-03 2.984094e-04 0.000000e+00 0.000000e+00 0.000000e+00 -2.617099e-05 0.000000e+00 0.000000e+00
64500 630.467875 10.151599 15.500000 0.999982 -0.006047 0.000000 9.297243e-03 2.137643e-04 0.000000e+00 0.000000e+00 0.000000e+00 -1.584314e-05 0.000000e+00 0.000000e+00
64550 630.933357 10.168284 15.500000 0.999976 -0.006995 0.000000 9.374899e-03 3.207805e-04 0.000000e+00 0.000000e+00 0.000000e+00 -3.475054e-05 0.000000e+00 0.000000e+00
64600 631.400725 10.187577 15.500000 0.999975 -0.007059 0.000000 9.325816e-03 2.572189e-04 0.000000e+00 0.000000e+00 0.000000e+00 2.589377e-05 0.000000e+00 0.000000e+00
64650 631.865995 10.202189 15.500000 0.999970 -0.007738 0.000000 9.364582e-03 2.902553e-04 0.000000e+00 0.000000e+00 0.000000e+00 1.183303e-05 0.000000e+00 0.000000e+00
64700 632.334790 10.220301 15.500000 0.999969 -0.007844 0.000000 9.312285e-03 2.477000e-04 0.000000e+00 0.000000e+00 0.000000e+00 1.759492e-05 0.000000e+00 0.000000e+00
64750 632.800139 10.234530 15.500000 0.999967 -0.008165 0.000000 9.298921e-03 2.236038e-04 0.000000e+00 0.000000e+00 0.000000e+00 -2.004864e-05 0.000000e+00 0.000000e+00
64800 633.269947 10.251283 15.500000 0.999966 -0.008300 0.000000 9.365522e-03 2.732994e-04 0.000000e+00 0.000000e+00 0.000000e+00 6.729183e-06 0.000000e+00 0.000000e+00
64850 633.735983 10.265515 15.500000 0.999969 -0.007893 0.000000 9.364277e-03 1.245700e-04 0.000000e+00 0.000000e+00 0.000000e+00 -2.287528e-05 0.000000e+00 0.000000e+00
64900 634.205834 10.281122 15.500000 0.999967 -0.008105 0.000000 9.381277e-03 2.521889e-04 0.000000e+00 0.000000e+00 0.000000e+00 1.379444e-05 0.000000e+00 0.000000e+00
64950 634.671800 10.296179 15.500000 0.999975 -0.007136 0.000000 9.408031e-03 1.035362e-04 0.000000e+00 0.000000e+00 0.000000e+00 -4.146708e-05 0.000000e+00 0.000000e+00
65000 635.143064 10.311295 15.500000 0.999970 -0.007793 0.000000 9.373445e-03 2.823802e-04 0.000000e+00 0.000000e+00 0.000000e+00 7.470813e-06 0.000000e+00 0.000000e+00
65050 635.610773 10.327973 15.500000 0.999976 -0.006982 0.000000 9.295802e-03 1.497766e-04 0.000000e+00 0.000000e+00 0.000000e+00 -1.839232e-05 0.000000e+00 0.000000e+00
65100 636.083006 10.341722 15.500000 0.999970 -0.007801 0.000000 9.446874e-03 2.812998e-04 0.000000e+00 0.000000e+00 0.000000e+00 1.479616e-06 0.000000e+00 0.000000e+00
65150 636.552644 10.358208 15.500000 0.999975 -0.007002 0.000000 9.398931e-03 2.246741e-04 0.000000e+00 0.000000e+00 0.000000e+00 -1.872264e-05 0.000000e+00 0.000000e+00
65200 637.023453 10.371542 15.500000 0.999970 -0.007779 0.000000 9.553141e-03 3.288423e-04 0.000000e+00 0.000000e+00 0.000000e+00 2.578930e-05 0.000000e+00 0.000000e+00
65250 637.495396 10.387502 15.500000 0.999977 -0.006763 0.000000 9.369062e-03 2.222929e-04 0.000000e+00 0.000000e+00 0.000000e+00 -2.135131e-05 0.000000e+00 0.000000e+00
65300 637.965487 10.401100 15.500000 0.999973 -0.007389 0.000000 9.367568e-03 2.015205e-04 0.000000e+00 0.000000e+00 0.000000e+00 -1.370144e-05 0.000000e+00 0.000000e+00
65350 638.439300 10.415955 15.500000 0.999980 -0.006360 0.000000 9.300882e-03 2.176045e-04 0.000000e+00 0.000000e+00 0.000000e+00 -1.354646e-05 0.000000e+00 0.000000e+00
65400 638.908570 10.429899 15.500000 0.999977 -0.006834 0.000000 9.497604e-03 2.694764e-04 0.000000e+00 0.000000e+00 0.000000e+00 1.147462e-05 0.000000e+00 0.000000e+00
65450 639.383923 10.443802 15.500000 0.999983 -0.005907 0.000000 9.300014e-03 2.406376e-04 0.000000e+00 0.000000e+00 0.000000e+00 2.375309e-05 0.000000e+00 0.000000e+00
65500 639.851866 10.458485 15.500000 0.999982 -0.005989 0.000000 9.475146e-03 2.306202e-04 0.000000e+00 0.000000e+00 0.000000e+00 1.361497e-05 0.000000e+00 0.000000e+00
65550 640.328261 10.471220 15.500000 0.999986 -0.005341 0.000000 9.609100e-03 2.468835e-04 0.000000e+00 0.000000e+00 0.000000e+00 -1.060457e-05 0.000000e+00 0.000000e+00
65600 640.796034 10.486214 15.500000 0.999987 -0.005110 0.000000 9.405016e-03 2.787377e-04 0.000000e+00 0.000000e+00 0.000000e+00 1.411432e-05 0.000000e+00 0.000000e+00
65650 641.271653 10.498979 15.500000 0.999990 -0.004462 0.000000 9.664692e-03 1.910991e-04 0.000000e+00 0.000000e+00 0.000000e+00 -2.920274e-05 0.000000e+00 0.000000e+00
65700 641.741708 10.513829 15.500000 0.999993 -0.003752 0.000000 9.196723e-03 3.168579e-04 0.000000e+00 0.000000e+00 0.000000e+00 7.577611e-06 0.000000e+00 0.000000e+00
65750 642.215296 10.527239 15.500000 0.999995 -0.003144 0.000000 9.599472e-03 2.723737e-04 0.000000e+00 0.000000e+00 0.000000e+00 -2.954895e-06 0.000000e+00 0.000000e+00
65800 642.687809 10.541523 15.500000 0.999998 -0.002206 0.000000 9.227072e-03 3.761936e-04 0.000000e+00 0.000000e+00 0.000000e+00 2.678681e-05 0.000000e+00 0.000000e+00
65850 643.159821 10.556320 15.500000 0.999999 -0.001348 0.000000 9.481322e-03 2.181827e-04 0.000000e+00 0.000000e+00 0.000000e+00 -2.214653e-06 0.000000e+00 0.000000e+00
65900 643.633302 10.569539 15.500000 1.000000 -0.000506 0.000000 9.360496e-03 3.643484e-04 0.000000e+00 0.000000e+00 0.000000e+00 3.561001e-05 0.000000e+00 0.000000e+00
65950 644.104381 10.586115 15.500000 1.000000 0.000461 0.000000 9.402770e-03 2.123569e-04 0.000000e+00 0.000000e+00 0.000000e+00 2.123501e-05 0.000000e+00 0.000000e+00
66000 644.577458 10.598421 15.500000 0.999999 0.001237 0.000000 9.414610e-03 3.876505e-04 0.000000e+00 0.000000e+00 0.000000e+00 6.056125e-05 0.000000e+00 0.000000e+00
66050 645.048873 10.616598 15.500000 0.999996 0.002685 0.000000 9.577768e-03 2.961107e-04 0.000000e+00 0.000000e+00 0.000000e+00 7.101383e-06 0.000000e+00 0.000000e+00
66100 645.520841 10.628281 15.500000 0.999995 0.003020 0.000000 9.421013e-03 3.778948e-04 0.000000e+00 0.000000e+00 0.000000e+00 4.155900e-05 0.000000e+00 0.000000e+00
66150 645.992289 10.648141 15.500000 0.999987 0.005146 0.000000 9.492891e-03 3.168843e-04 0.000000e+00 0.000000e+00 0.000000e+00 2.885841e-06 0.000000e+00 0.000000e+00
66200 646.463713 10.659803 15.500000 0.999987 0.005041 0.000000 9.316805e-03 3.584845e-04 0.000000e+00 0.000000e+00 0.000000e+00 1.366995e-05 0.000000e+00 0.000000e+00
66250 646.934319 10.681071 15.500000 0.999970 0.007688 0.000000 9.446003e-03 3.576808e-04 0.000000e+00 0.000000e+00 0.000000e+00 2.036140e-05 0.000000e+00 0.000000e+00
66300 647.406578 10.694187 15.500000 0.999969 0.007893 0.000000 9.313341e-03 3.253657e-04 0.000000e+00 0.000000e+00 0.000000e+00 -3.332172e-05 0.000000e+00 0.000000e+00
66350 647.873982 10.716881 15.500000 0.999952 0.009747 0.000000 9.419023e-03 4.622752e-04 0.000000e+00 0.000000e+00 0.000000e+00 4.824722e-05 0.000000e+00 0.000000e+00
66400 648.344735 10.733260 15.500000 0.999948 0.010233 0.000000 9.383472e-03 2.854761e-04 0.000000e+00 0.000000e+00 0.000000e+00 -3.184891e-05 0.000000e+00 0.000000e+00
66450 648.810999 10.754719 15.500000 0.999933 0.011539 0.000000 9.327304e-03 5.160328e-04 0.000000e+00 0.000000e+00 0.000000e+00 6.295216e-05 0.000000e+00 0.000000e+00
66500 649.281474 10.773107 15.500000 0.999918 0.012815 0.000000 9.360339e-03 3.999149e-04 0.000000e+00 0.000000e+00 0.000000e+00 -1.836024e-06 0.000000e+00 0.000000e+00
66550 649.747818 10.793532 15.500000 0.999900 0.014140 0.000000 9.372994e-03 5.960496e-04 0.000000e+00 0.000000e+00 0.000000e+00 5.481059e-05 0.000000e+00 0.000000e+00
66600 650.217406 10.813917 15.500000 0.999875 0.015830 0.000000 9.360671e-03 3.820258e-04 0.000000e+00 0.000000e+00 0.000000e+00 -1.217764e-05 0.000000e+00 0.000000e+00
66650 650.682657 10.834089 15.500000 0.999850 0.017305 0.000000 9.396146e-03 6.402343e-04 0.000000e+00 0.000000e+00 0.000000e+00 7.146343e-05 0.000000e+00 0.000000e+00
66700 651.151258 10.856930 15.500000 0.999813 0.019364 0.000000 9.375527e-03 4.151486e-04 0.000000e+00 0.000000e+00 0.000000e+00 1.527964e-05 0.000000e+00 0.000000e+00
66750 651.615655 10.877735 15.500000 0.999778 0.021069 0.000000 9.259722e-03 6.046429e-04 0.000000e+00 0.000000e+00 0.000000e+00 4.688301e-05 0.000000e+00 0.000000e+00
66800 652.084118 10.903434 15.500000 0.999730 0.023243 0.000000 9.333167e-03 5.209655e-04 0.000000e+00 0.000000e+00 0.000000e+00 1.709581e-05 0.000000e+00 0.000000e+00
66850 652.548759 10.926515 15.500000 0.999707 0.024206 0.000000 9.274305e-03 7.322027e-04 0.000000e+00 0.000000e+00 0.000000e+00 1.084731e-05 0.000000e+00 0.000000e+00
66900 653.015837 10.953685 15.500000 0.999670 0.025692 0.000000 9.422398e-03 6.072750e-04 0.000000e+00 0.000000e+00 0.000000e+00 1.566702e-05 0.000000e+00 0.000000e+00
66950 653.479531 10.980228 15.500000 0.999648 0.026527 0.000000 9.223498e-03 9.118537e-04 0.000000e+00 0.000000e+00 0.000000e+00 1.058021e-05 0.000000e+00 0.000000e+00
67000 653.943369 11.008725 15.500000 0.999633 0.027100 0.000000 9.277428e-03 7.192045e-04 0.000000e+00 0.000000e+00 0.000000e+00 2.581470e-05 0.000000e+00 0.000000e+00
67050 654.405912 11.037357 15.500000 0.999610 0.027913 0.000000 9.257131e-03 7.611813e-04 0.000000e+00 0.000000e+00 0.000000e+00 1.245856e-05 0.000000e+00 0.000000e+00
67100 654.869670 11.065429 15.500000 0.999594 0.028496 0.000000 9.311685e-03 7.191680e-04 0.000000e+00 0.000000e+00 0.000000e+00 2.415741e-06 0.000000e+00 0.000000e+00
67150 655.336229 11.097391 15.500000 0.999592 0.028554 0.000000 9.253076e-03 7.238149e-04 0.000000e+00 0.000000e+00 0.000000e+00 -1.223257e-06 0.000000e+00 0.000000e+00
67200 655.799861 11.126370 15.500000 0.999621 0.027539 0.000000 9.379518e-03 7.908008e-04 0.000000e+00 0.000000e+00 0.000000e+00 4.923658e-06 0.000000e+00 0.000000e+00
67250 656.267581 11.158022 15.500000 0.999639 0.026854 0.000000 9.221621e-03 8.039059e-04 0.000000e+00 0.000000e+00 0.000000e+00 -1.958656e-06 0.000000e+00 0.000000e+00
67300 656.731855 11.185455 15.500000 0.999660 0.026064 0.000000 9.346810e-03 7.091289e-04 0.000000e+00 0.000000e+00 0.000000e+00 -3.656419e-05 0.000000e+00 0.000000e+00
67350 657.200810 11.215500 15.500000 0.999680 0.025306 0.000000 9.333054e-03 6.907917e-04 0.000000e+00 0.000000e+00 0.000000e+00 1.585441e-05 0.000000e+00 0.000000e+00
67400 657.665921 11.242523 15.500000 0.999671 0.025654 0.000000 9.366065e-03 5.598575e-04 0.000000e+00 0.000000e+00 0.000000e+00 -3.009603e-05 0.000000e+00 0.000000e+00
67450 658.135782 11.269513 15.500000 0.999691 0.024840 0.000000 9.280020e-03 6.463689e-04 0.000000e+00 0.000000e+00 0.000000e+00 2.590626e-05 0.000000e+00 0.000000e+00
67500 658.601140 11.297306 15.500000 0.999667 0.025808 0.000000 9.251848e-03 5.362895e-04 0.000000e+00 0.000000e+00 0.000000e+00 1.887164e-05 0.000000e+00 0.000000e+00
67550 659.072123 11.322606 15.500000 0.999694 0.024721 0.000000 9.489812e-03 5.787529e-04 0.000000e+00 0.000000e+00 0.000000e+00 6.320877e-06 0.000000e+00 0.000000e+00
67600 659.540924 11.351502 15.500000 0.999679 0.025340 0.000000 9.381079e-03 5.205314e-04 0.000000e+00 0.000000e+00 0.000000e+00 -2.182193e-05 0.000000e+00 0.000000e+00
67650 660.011241 11.375453 15.500000 0.999708 0.024163 0.000000 9.501986e-03 5.531781e-04 0.000000e+00 0.000000e+00 0.000000e+00 1.907143e-05 0.000000e+00 0.000000e+00
67700 660.483348 11.402647 15.500000 0.999691 0.024852 0.000000 9.361267e-03 4.857303e-04 0.000000e+00 0.000000e+00 0.000000e+00 -3.221058e-05 0.000000e+00 0.000000e+00
67750 660.952866 11.427191 15.500000 0.999708 0.024144 0.000000 9.456900e-03 5.075239e-04 0.000000e+00 0.000000e+00 0.000000e+00 1.526258e-05 0.000000e+00 0.000000e+00
67800 661.427089 11.452116 15.500000 0.999696 0.024665 0.000000 9.314342e-03 4.891628e-04 0.000000e+00 0.000000e+00 0.000000e+00 -1.698740e-05 0.000000e+00 0.000000e+00
67850 661.895219 11.477184 15.500000 0.999699 0.024532 0.000000 9.545575e-03 4.264410e-04 0.000000e+00 0.000000e+00 0.000000e+00 -5.380000e-06 0.000000e+00 0.000000e+00
67900 662.371551 11.500089 15.500000 0.999694 0.024748 0.000000 9.380540e-03 4.665863e-04 0.000000e+00 0.000000e+00 0.000000e+00 7.586717e-06 0.000000e+00 0.000000e+00
67950 662.838815 11.525436 15.500000 0.999682 0.025212 0.000000 9.446004e-03 4.545647e-04 0.000000e+00 0.000000e+00 0.000000e+00 -7.763310e-06 0.000000e+00 0.000000e+00
68000 663.314818 11.547370 15.500000 0.999679 0.025345 0.000000 9.644384e-03 3.605143e-04 0.000000e+00 0.000000e+00 0.000000e+00 -2.238090e-05 0.000000e+00 0.000000e+00
68050 663.783439 11.572326 15.500000 0.999651 0.026402 0.000000 9.387670e-03 5.366998e-04 0.000000e+00 0.000000e+00 0.000000e+00 1.534822e-05 0.000000e+00 0.000000e+00
68100 664.257125 11.595022 15.500000 0.999642 0.026773 0.000000 9.567825e-03 3.295414e-04 0.000000e+00 0.000000e+00 0.000000e+00 -1.379061e-05 0.000000e+00 0.000000e+00
68150 664.727061 11.618328 15.500000 0.999617 0.027666 0.000000 9.418102e-03 5.405981e-04 0.000000e+00 0.000000e+00 0.000000e+00 5.043711e-05 0.000000e+00 0.000000e+00
68200 665.199553 11.643190 15.500000 0.999588 0.028700 0.000000 9.446740e-03 3.703979e-04 0.000000e+00 0.000000e+00 0.000000e+00 9.094734e-06 0.000000e+00 0.000000e+00
68250 665.668690 11.665114 15.500000 0.999578 0.029058 0.000000 9.442960e-03 5.370154e-04 0.000000e+00 0.000000e+00 0.000000e+00 3.833598e-05 0.000000e+00 0.000000e+00
68300 666.141247 11.691462 15.500000 0.999524 0.030857 0.000000 9.364296e-03 4.251032e-04 0.000000e+00 0.000000e+00 0.000000e+00 3.394500e-05 0.000000e+00 0.000000e+00
68350 666.608621 11.714124 15.500000 0.999526 0.030802 0.000000 9.332267e-03 5.173223e-04 0.000000e+00 0.000000e+00 0.000000e+00 1.730341e-05 0.000000e+00 0.000000e+00
68400 667.079571 11.743031 15.500000 0.999462 0.032784 0.000000 9.408935e-03 4.553418e-04 0.000000e+00 0.000000e+00 0.000000e+00 1.898086e-05 0.000000e+00 0.000000e+00
68450 667.545634 11.765643 15.500000 0.999462 0.032803 0.000000 9.235640e-03 5.035670e-04 0.000000e+00 0.000000e+00 0.000000e+00 -9.687904e-06 0.000000e+00 0.000000e+00
68500 668.014156 11.795304 15.500000 0.999387 0.035005 0.000000 9.484992e-03 4.775584e-04 0.000000e+00 0.000000e+00 0.000000e+00 3.510420e-05 0.000000e+00 0.000000e+00
68550 668.481266 11.818564 15.500000 0.999361 0.035731 0.000000 9.306150e-03 4.614184e-04 0.000000e+00 0.000000e+00 0.000000e+00 2.768040e-05 0.000000e+00 0.000000e+00
68600 668.947383 11.848773 15.500000 0.999281 0.037912 0.000000 9.393267e-03 5.559537e-04 0.000000e+00 0.000000e+00 0.000000e+00 3.828262e-05 0.000000e+00 0.000000e+00
68650 669.414109 11.873780 15.500000 0.999229 0.039254 0.000000 9.305100e-03 4.116737e-04 0.000000e+00 0.000000e+00 0.000000e+00 3.520110e-05 0.000000e+00 0.000000e+00
68700 669.878921 11.904255 15.500000 0.999147 0.041293 0.000000 9.347491e-03 5.958677e-04 0.000000e+00 0.000000e+00 0.000000e+00 2.315366e-05 0.000000e+00 0.000000e+00
68750 670.346060 11.933554 15.500000 0.999104 0.042313 0.000000 9.223614e-03 4.393325e-04 0.000000e+00 0.000000e+00 0.000000e+00 1.185249e-05 0.000000e+00 0.000000e+00
68800 670.808910 11.966571 15.500000 0.999079 0.042902 0.000000 9.369252e-03 4.756024e-04 0.000000e+00 0.000000e+00 0.000000e+00 1.654261e-05 0.000000e+00 0.000000e+00
68850 671.272811 11.999887 15.500000 0.999055 0.043468 0.000000 9.288385e-03 4.413034e-04 0.000000e+00 0.000000e+00 0.000000e+00 4.950918e-06 0.000000e+00 0.000000e+00
68900 671.734051 12.031407 15.500000 0.999022 0.044219 0.000000 9.311502e-03 4.487178e-04 0.000000e+00 0.000000e+00 0.000000e+00 3.245294e-05 0.000000e+00 0.000000e+00
68950 672.200737 12.067043 15.500000 0.999021 0.044235 0.000000 9.282524e-03 5.375149e-04 0.000000e+00 0.000000e+00 0.000000e+00 4.348122e-06 0.000000e+00 0.000000e+00
69000 672.662517 12.100027 15.500000 0.999041 0.043788 0.000000 9.284830e-03 5.312839e-04 0.000000e+00 0.000000e+00 0.000000e+00 -1.081071e-05 0.000000e+00 0.000000e+00
69050 673.131520 12.134983 15.500000 0.999068 0.043156 0.000000 9.361011e-03 7.202595e-04 0.000000e+00 0.000000e+00 0.000000e+00 2.595616e-05 0.000000e+00 0.000000e+00
69100 673.595993 12.168986 15.500000 0.999082 0.042827 0.000000 9.299418e-03 4.965621e-04 0.000000e+00 0.000000e+00 0.000000e+00 -2.325013e-05 0.000000e+00 0.000000e+00
69150 674.064711 12.201929 15.500000 0.999140 0.041472 0.000000 9.410187e-03 7.185640e-04 0.000000e+00 0.000000e+00 0.000000e+00 -6.750271e-06 0.000000e+00 0.000000e+00
69200 674.530748 12.235749 15.500000 0.999127 0.041771 0.000000 9.221072e-03 4.706454e-04 0.000000e+00 0.000000e+00 0.000000e+00 -1.500630e-05 0.000000e+00 0.000000e+00
69250 674.998777 12.265051 15.500000 0.999181 0.040461 0.000000 9.510799e-03 6.066653e-04 0.000000e+00 0.000000e+00 0.000000e+00 -4.738837e-06 0.000000e+00 0.000000e+00
69300 675.466950 12.298812 15.500000 0.999147 0.041296 0.000000 9.239075e-03 4.967321e-04 0.000000e+00 0.000000e+00 0.000000e+00 5.141419e-05 0.000000e+00 0.000000e+00
69350 675.934646 12.326415 15.500000 0.999204 0.039888 0.000000 9.403871e-03 6.443627e-04 0.000000e+00 0.000000e+00 0.000000e+00 -2.238457e-06 0.000000e+00 0.000000e+00
69400 676.406910 12.359831 15.500000 0.999174 0.040640 0.000000 9.243178e-03 6.535595e-04 0.000000e+00 0.000000e+00 0.000000e+00 4.332407e-05 0.000000e+00 0.000000e+00
69450 676.875406 12.388295 15.500000 0.999229 0.039261 0.000000 9.465049e-03 5.299719e-04 0.000000e+00 0.000000e+00 0.000000e+00 -1.782541e-05 0.000000e+00 0.000000e+00
69500 677.350127 12.418601 15.500000 0.999212 0.039692 0.000000 9.421153e-03 6.750958e-04 0.000000e+00 0.000000e+00 0.000000e+00 4.617910e-05 0.000000e+00 0.000000e+00
69550 677.817335 12.447619 15.500000 0.999236 0.039086 0.000000 9.448959e-03 5.071505e-04 0.000000e+00 0.000000e+00 0.000000e+00 -1.820335e-05 0.000000e+00 0.000000e+00
69600 678.292882 12.475186 15.500000 0.999233 0.039157 0.000000 9.644773e-03 5.832102e-04 0.000000e+00 0.000000e+00 0.000000e+00 3.133609e-05 0.000000e+00 0.000000e+00
69650 678.761278 12.504068 15.500000 0.999228 0.039283 0.000000 9.256546e-03 5.910233e-04 0.000000e+00 0.000000e+00 0.000000e+00 3.235923e-06 0.000000e+00 0.000000e+00
69700 679.235201 12.530839 15.500000 0.999229 0.039266 0.000000 9.660562e-03 5.926539e-04 0.000000e+00 0.000000e+00 0.000000e+00 -7.392188e-06 0.000000e+00 0.000000e+00
69750 679.706338 12.558364 15.500000 0.999202 0.039937 0.000000 9.234907e-03 6.145938e-04 0.000000e+00 0.000000e+00 0.000000e+00 1.630789e-05 0.000000e+00 0.000000e+00
69800 680.178128 12.585714 15.500000 0.999190 0.040253 0.000000 9.513521e-03 5.196585e-04 0.000000e+00 0.000000e+00 0.000000e+00 -7.811757e-06 0.000000e+00 0.000000e+00
69850 680.649858 12.611294 15.500000 0.999169 0.040762 0.000000 9.319613e-03 5.672171e-04 0.000000e+00 0.000000e+00 0.000000e+00 1.669655e-05 0.000000e+00 0.000000e+00
69900 681.121370 12.640353 15.500000 0.999128 0.041763 0.000000 9.393765e-03 5.652618e-04 0.000000e+00 0.000000e+00 0.000000e+00 1.176996e-05 0.000000e+00 0.000000e+00
69950 681.590858 12.664572 15.500000 0.999130 0.041703 0.000000 9.338339e-03 6.623288e-04 0.000000e+00 0.000000e+00 0.000000e+00 3.485312e-05 0.000000e+00 0.000000e+00
70000 682.063193 12.694945 15.500000 0.999049 0.043612 0.000000 9.427605e-03 5.048629e-04 0.000000e+00 0.000000e+00 0.000000e+00 -5.679167e-06 0.000000e+00 0.000000e+00
70050 682.530995 12.719864 15.500000 0.999063 0.043285 0.000000 9.249104e-03 7.777678e-04 0.000000e+00 0.000000e+00 0.000000e+00 2.940026e-05 0.000000e+00 0.000000e+00
70100 683.000259 12.752277 15.500000 0.998973 0.045301 0.000000 9.514804e-03 5.974546e-04 0.000000e+00 0.000000e+00 0.000000e+00 1.535292e-05 0.000000e+00 0.000000e+00
70150 683.468175 12.777368 15.500000 0.998970 0.045385 0.000000 9.256587e-03 6.394377e-04 0.000000e+00 0.000000e+00 0.000000e+00 -3.973776e-05 0.000000e+00 0.000000e+00
70200 683.934489 12.810138 15.500000 0.998881 0.047302 0.000000 9.430274e-03 5.750073e-04 0.000000e+00 0.000000e+00 0.000000e+00 5.427120e-05 0.000000e+00 0.000000e+00
70250 684.402374 12.836657 15.500000 0.998831 0.048348 0.000000 9.262712e-03 6.586520e-04 0.000000e+00 0.000000e+00 0.000000e+00 -1.345927e-05 0.000000e+00 0.000000e+00
70300 684.867606 12.868220 15.500000 0.998736 0.050255 0.000000 9.395699e-03 7.387326e-04 0.000000e+00 0.000000e+00 0.000000e+00 4.855768e-05 0.000000e+00 0.000000e+00
70350 685.334586 12.898500 15.500000 0.998688 0.051210 0.000000 9.270563e-03 7.067379e-04 0.000000e+00 0.000000e+00 0.000000e+00 2.512082e-05 0.000000e+00 0.000000e+00
70400 685.798867 12.930993 15.500000 0.998599 0.052906 0.000000 9.424044e-03 8.467728e-04 0.000000e+00 0.000000e+00 0.000000e+00 2.629086e-05 0.000000e+00 0.000000e+00
70450 686.265279 12.964361 15.500000 0.998540 0.054016 0.000000 9.246617e-03 7.918485e-04 0.000000e+00 0.000000e+00 0.000000e+00 6.822853e-06 0.000000e+00 0.000000e+00
70500 686.726709 12.999126 15.500000 0.998511 0.054545 0.000000 9.319482e-03 9.225518e-04 0.000000e+00 0.000000e+00 0.000000e+00 4.307033e-06 0.000000e+00 0.000000e+00
70550 687.191648 13.035096 15.500000 0.998480 0.055108 0.000000 9.241038e-03 8.999191e-04 0.000000e+00 0.000000e+00 0.000000e+00 8.528095e-06 0.000000e+00 0.000000e+00
70600 687.652867 13.069177 15.500000 0.998461 0.055461 0.000000 9.272338e-03 9.324535e-04 0.000000e+00 0.000000e+00 0.000000e+00 -1.211349e-05 0.000000e+00 0.000000e+00
70650 688.121585 13.106453 15.500000 0.998487 0.054993 0.000000 9.394719e-03 9.026062e-04 0.000000e+00 0.000000e+00 0.000000e+00 8.778136e-06 0.000000e+00 0.000000e+00
70700 688.586064 13.143350 15.500000 0.998510 0.054570 0.000000 9.251284e-03 7.649634e-04 0.000000e+00 0.000000e+00 0.000000e+00 -6.727700e-05 0.000000e+00 0.000000e+00
70750 689.054299 13.179667 15.500000 0.998582 0.053235 0.000000 9.415435e-03 8.071575e-04 0.000000e+00 0.000000e+00 0.000000e+00 -3.218715e-05 0.000000e+00 0.000000e+00
70800 689.520800 13.216495 15.500000 0.998578 0.053301 0.000000 9.184248e-03 6.878279e-04 0.000000e+00 0.000000e+00 0.000000e+00 -1.200740e-05 0.000000e+00 0.000000e+00
70850 689.988513 13.248735 15.500000 0.998652 0.051914 0.000000 9.487618e-03 7.547242e-04 0.000000e+00 0.000000e+00 0.000000e+00 -1.048265e-05 0.000000e+00 0.000000e+00
70900 690.456980 13.285310 15.500000 0.998625 0.052423 0.000000 9.241555e-03 7.707208e-04 0.000000e+00 0.000000e+00 0.000000e+00 4.517382e-06 0.000000e+00 0.000000e+00
70950 690.924016 13.315276 15.500000 0.998693 0.051104 0.000000 9.380908e-03 6.926240e-04 0.000000e+00 0.000000e+00 0.000000e+00 -9.491745e-06 0.000000e+00 0.000000e+00
71000 691.396314 13.351574 15.500000 0.998668 0.051595 0.000000 9.340047e-03 8.432979e-04 0.000000e+00 0.000000e+00 0.000000e+00 9.828380e-06 0.000000e+00 0.000000e+00
71050 691.864701 13.382666 15.500000 0.998738 0.050220 0.000000 9.452459e-03 6.129557e-04 0.000000e+00 0.000000e+00 0.000000e+00 -3.290197e-05 0.000000e+00 0.000000e+00
71100 692.339351 13.415480 15.500000 0.998724 0.050510 0.000000 9.467179e-03 7.591227e-04 0.000000e+00 0.000000e+00 0.000000e+00 1.346927e-05 0.000000e+00 0.000000e+00
71150 692.806575 13.447183 15.500000 0.998757 0.049853 0.000000 9.421568e-03 6.436718e-04 0.000000e+00 0.000000e+00 0.000000e+00 -1.933091e-06 0.000000e+00 0.000000e+00
71200 693.281913 13.477123 15.500000 0.998764 0.049698 0.000000 9.664244e-03 6.171604e-04 0.000000e+00 0.000000e+00 0.000000e+00 -2.606373e-06 0.000000e+00 0.000000e+00
71250 693.750928 13.508308 15.500000 0.998759 0.049811 0.000000 9.215427e-03 6.383779e-04 0.000000e+00 0.000000e+00 0.000000e+00 -4.246023e-07 0.000000e+00 0.000000e+00
71300 694.224399 13.537510 15.500000 0.998767 0.049640 0.000000 9.617851e-03 5.530846e-04 0.000000e+00 0.000000e+00 0.000000e+00 -9.835372e-06 0.000000e+00 0.000000e+00
71350 694.696022 13.566980 15.500000 0.998738 0.050214 0.000000 9.216580e-03 6.100424e-04 0.000000e+00 0.000000e+00 0.000000e+00 1.521111e-05 0.000000e+00 0.000000e+00
71400 695.167615 13.596895 15.500000 0.998725 0.050490 0.000000 9.453038e-03 5.251254e-04 0.000000e+00 0.000000e+00 0.000000e+00 1.607226e-05 0.000000e+00 0.000000e+00
71450 695.639251 13.624298 15.500000 0.998708 0.050807 0.000000 9.266139e-03 5.317945e-04 0.000000e+00 0.000000e+00 0.000000e+00 -1.667522e-05 0.000000e+00 0.000000e+00
71500 696.111237 13.655344 15.500000 0.998654 0.051864 0.000000 9.383749e-03 5.599166e-04 0.000000e+00 0.000000e+00 0.000000e+00 4.065621e-06 0.000000e+00 0.000000e+00
71550 696.579778 13.682336 15.500000 0.998671 0.051544 0.000000 9.317321e-03 5.947261e-04 0.000000e+00 0.000000e+00 0.000000e+00 1.558236e-05 0.000000e+00 0.000000e+00
71600 697.051476 13.714900 15.500000 0.998567 0.053521 0.000000 9.463102e-03 5.564108e-04 0.000000e+00 0.000000e+00 0.000000e+00 -3.515592e-06 0.000000e+00 0.000000e+00
71650 697.518579 13.742188 15.500000 0.998591 0.053066 0.000000 9.219228e-03 5.816286e-04 0.000000e+00 0.000000e+00 0.000000e+00 -3.971926e-05 0.000000e+00 0.000000e+00
71700 697.987126 13.776193 15.500000 0.998484 0.055045 0.000000 9.445133e-03 5.393492e-04 0.000000e+00 0.000000e+00 0.000000e+00 1.865494e-05 0.000000e+00 0.000000e+00
71750 698.454698 13.803659 15.500000 0.998464 0.055397 0.000000 9.331433e-03 4.887641e-04 0.000000e+00 0.000000e+00 0.000000e+00 5.072601e-06 0.000000e+00 0.000000e+00
71800 698.920718 13.837414 15.500000 0.998359 0.057260 0.000000 9.368275e-03 6.333507e-04 0.000000e+00 0.000000e+00 0.000000e+00 2.833610e-05 0.000000e+00 0.000000e+00
71850 699.387725 13.866294 15.500000 0.998291 0.058433 0.000000 9.314403e-03 4.883022e-04 0.000000e+00 0.000000e+00 0.000000e+00 4.091664e-05 0.000000e+00 0.000000e+00
71900 699.852395 13.899549 15.500000 0.998178 0.060345 0.000000 9.366568e-03 6.201042e-04 0.000000e+00 0.000000e+00 0.000000e+00 1.018552e-05 0.000000e+00 0.000000e+00
71950 700.320026 13.932689 15.500000 0.998120 0.061290 0.000000 9.217507e-03 5.050905e-04 0.000000e+00 0.000000e+00 0.000000e+00 -5.378726e-07 0.000000e+00 0.000000e+00
72000 700.782611 13.969065 15.500000 0.998086 0.061834 0.000000 9.345808e-03 5.072235e-04 0.000000e+00 0.000000e+00 0.000000e+00 1.495971e-05 0.000000e+00 0.000000e+00
72050 701.246929 14.005419 15.500000 0.998058 0.062296 0.000000 9.272303e-03 5.100635e-04 0.000000e+00 0.000000e+00 0.000000e+00 4.452389e-06 0.000000e+00 0.000000e+00
72100 701.708131 14.040120 15.500000 0.998014 0.062987 0.000000 9.295285e-03 4.884666e-04 0.000000e+00 0.000000e+00 0.000000e+00 2.665077e-05 0.000000e+00 0.000000e+00
72150 702.176037 14.078839 15.500000 0.998035 0.062666 0.000000 9.368106e-03 6.600816e-04 0.000000e+00 0.000000e+00 0.000000e+00 4.929627e-06 0.000000e+00 0.000000e+00
72200 702.639096 14.115692 15.500000 0.998073 0.062045 0.000000 9.319875e-03 5.802643e-04 0.000000e+00 0.000000e+00 0.000000e+00 -3.144725e-05 0.000000e+00 0.000000e+00
72250 703.107433 14.153716 15.500000 0.998158 0.060663 0.000000 9.425859e-03 7.861877e-04 0.000000e+00 0.000000e+00 0.000000e+00 4.591737e-06 0.000000e+00 0.000000e+00
72300 703.572776 14.190966 15.500000 0.998172 0.060435 0.000000 9.255806e-03 5.467314e-04 0.000000e+00 0.000000e+00 0.000000e+00 -1.119746e-05 0.000000e+00 0.000000e+00
72350 704.041974 14.225279 15.500000 0.998266 0.058868 0.000000 9.482444e-03 6.784145e-04 0.000000e+00 0.000000e+00 0.000000e+00 -2.665663e-05 0.000000e+00 0.000000e+00
72400 704.508924 14.262587 15.500000 0.998245 0.059226 0.000000 9.165149e-03 5.707476e-04 0.000000e+00 0.000000e+00 0.000000e+00 5.236547e-05 0.000000e+00 0.000000e+00
72450 704.976917 14.293499 15.500000 0.998326 0.057842 0.000000 9.469629e-03 6.930869e-04 0.000000e+00 0.000000e+00 0.000000e+00 2.185866e-05 0.000000e+00 0.000000e+00
72500 705.447550 14.331159 15.500000 0.998308 0.058145 0.000000 9.264381e-03 6.086511e-04 0.000000e+00 0.000000e+00 0.000000e+00 1.577896e-05 0.000000e+00 0.000000e+00
72550 705.917003 14.361327 15.500000 0.998409 0.056388 0.000000 9.444787e-03 5.920032e-04 0.000000e+00 0.000000e+00 0.000000e+00 -2.342665e-05 0.000000e+00 0.000000e+00
72600 706.390615 14.396283 15.500000 0.998380 0.056896 0.000000 9.300707e-03 6.521694e-04 0.000000e+00 0.000000e+00 0.000000e+00 1.761409e-05 0.000000e+00 0.000000e+00
72650 706.859070 14.427271 15.500000 0.998448 0.055695 0.000000 9.506985e-03 5.354218e-04 0.000000e+00 0.000000e+00 0.000000e+00 -3.026673e-05 0.000000e+00 0.000000e+00
72700 707.334953 14.458563 15.500000 0.998451 0.055638 0.000000 9.569164e-03 6.154456e-04 0.000000e+00 0.000000e+00 0.000000e+00 -1.904008e-06 0.000000e+00 0.000000e+00
72750 707.802273 14.489961 15.500000 0.998470 0.055297 0.000000 9.375944e-03 6.115002e-04 0.000000e+00 0.000000e+00 0.000000e+00 5.930589e-06 0.000000e+00 0.000000e+00
72800 708.277886 14.519654 15.500000 0.998478 0.055159 0.000000 9.668985e-03 6.046141e-04 0.000000e+00 0.000000e+00 0.000000e+00 -3.518368e-06 0.000000e+00 0.000000e+00
72850 708.747659 14.550022 15.500000 0.998453 0.055606 0.000000 9.324994e-03 6.735900e-04 0.000000e+00 0.000000e+00 0.000000e+00 1.446890e-05 0.000000e+00 0.000000e+00
72900 709.221084 14.579456 15.500000 0.998460 0.055477 0.000000 9.588500e-03 5.555525e-04 0.000000e+00 0.000000e+00 0.000000e+00 -2.927933e-05 0.000000e+00 0.000000e+00
72950 709.692191 14.607730 15.500000 0.998435 0.055927 0.000000 9.306892e-03 6.507648e-04 0.000000e+00 0.000000e+00 0.000000e+00 3.307551e-05 0.000000e+00 0.000000e+00
73000 710.164321 14.638471 15.500000 0.998395 0.056641 0.000000 9.431888e-03 5.624412e-04 0.000000e+00 0.000000e+00 0.000000e+00 3.694616e-06 0.000000e+00 0.000000e+00
73050 710.634001 14.665705 15.500000 0.998400 0.056552 0.000000 9.384681e-03 7.414698e-04 0.000000e+00 0.000000e+00 0.000000e+00 5.146376e-05 0.000000e+00 0.000000e+00
73100 711.106724 14.696845 15.500000 0.998315 0.058033 0.000000 9.377165e-03 5.561794e-04 0.000000e+00 0.000000e+00 0.000000e+00 2.005464e-05 0.000000e+00 0.000000e+00
73150 711.574175 14.725131 15.500000 0.998333 0.057725 0.000000 9.310727e-03 8.309930e-04 0.000000e+00 0.000000e+00 0.000000e+00 4.328640e-05 0.000000e+00 0.000000e+00
73200 712.044773 14.758028 15.500000 0.998222 0.059597 0.000000 9.489201e-03 6.279164e-04 0.000000e+00 0.000000e+00 0.000000e+00 1.257560e-05 0.000000e+00 0.000000e+00
73250 712.511550 14.785903 15.500000 0.998220 0.059641 0.000000 9.249490e-03 8.290057e-04 0.000000e+00 0.000000e+00 0.000000e+00 3.020102e-05 0.000000e+00 0.000000e+00
73300 712.978776 14.819317 15.500000 0.998108 0.061487 0.000000 9.449132e-03 6.145034e-04 0.000000e+00 0.000000e+00 0.000000e+00 4.264881e-05 0.000000e+00 0.000000e+00
73350 713.445646 14.848198 15.500000 0.998048 0.062446 0.000000 9.309131e-03 7.393329e-04 0.000000e+00 0.000000e+00 0.000000e+00 2.854746e-05 0.000000e+00 0.000000e+00
73400 713.911194 14.881220 15.500000 0.997922 0.064428 0.000000 9.358551e-03 8.357693e-04 0.000000e+00 0.000000e+00 0.000000e+00 5.456923e-05 0.000000e+00 0.000000e+00
73450 714.378033 14.913377 15.500000 0.997885 0.065007 0.000000 9.310632e-03 8.199065e-04 0.000000e+00 0.000000e+00 0.000000e+00 2.993475e-05 0.000000e+00 0.000000e+00
73500 714.843674 14.947705 15.500000 0.997792 0.066409 0.000000 9.387695e-03 8.651915e-04 0.000000e+00 0.000000e+00 0.000000e+00 4.237589e-05 0.000000e+00 0.000000e+00
73550 715.309332 14.982700 15.500000 0.997740 0.067199 0.000000 9.271723e-03 8.912049e-04 0.000000e+00 0.000000e+00 0.000000e+00 3.324253e-06 0.000000e+00 0.000000e+00
73600 715.771442 15.018512 15.500000 0.997694 0.067870 0.000000 9.356672e-03 9.694722e-04 0.000000e+00 0.000000e+00 0.000000e+00 6.218323e-06 0.000000e+00 0.000000e+00
73650 716.237607 15.056305 15.500000 0.997687 0.067979 0.000000 9.276172e-03 9.669253e-04 0.000000e+00 0.000000e+00 0.000000e+00 -9.158525e-07 0.000000e+00 0.000000e+00
73700 716.700372 15.092711 15.500000 0.997719 0.067506 0.000000 9.322133e-03 9.426327e-04 0.000000e+00 0.000000e+00 0.000000e+00 -1.280507e-05 0.000000e+00 0.000000e+00
73750 717.170522 15.130297 15.500000 0.997765 0.066823 0.000000 9.369120e-03 9.211163e-04 0.000000e+00 0.000000e+00 0.000000e+00 2.082128e-06 0.000000e+00 0.000000e+00
73800 717.635317 15.167695 15.500000 0.997811 0.066129 0.000000 9.342243e-03 8.298091e-04 0.000000e+00 0.000000e+00 0.000000e+00 -2.138202e-05 0.000000e+00 0.000000e+00
73850 718.105057 15.203683 15.500000 0.997902 0.064741 0.000000 9.402165e-03 8.061021e-04 0.000000e+00 0.000000e+00 0.000000e+00 -2.692945e-05 0.000000e+00 0.000000e+00
73900 718.571027 15.240656 15.500000 0.997886 0.064992 0.000000 9.224683e-03 7.450363e-04 0.000000e+00 0.000000e+00 0.000000e+00 1.763383e-05 0.000000e+00 0.000000e+00
73950 719.041072 15.272748 15.500000 0.997982 0.063494 0.000000 9.550727e-03 7.506272e-04 0.000000e+00 0.000000e+00 0.000000e+00 -7.467294e-06 0.000000e+00 0.000000e+00
74000 719.508637 15.309865 15.500000 0.997937 0.064207 0.000000 9.289848e-03 7.037863e-04 0.000000e+00 0.000000e+00 0.000000e+00 1.252764e-06 0.000000e+00 0.000000e+00
74050 719.978251 15.340287 15.500000 0.998040 0.062577 0.000000 9.477189e-03 7.279967e-04 0.000000e+00 0.000000e+00 0.000000e+00 6.617888e-06 0.000000e+00 0.000000e+00
74100 720.450679 15.376688 15.500000 0.998018 0.062934 0.000000 9.314977e-03 6.734869e-04 0.000000e+00 0.000000e+00 0.000000e+00 -4.552128e-05 0.000000e+00 0.000000e+00
74150 720.920592 15.407827 15.500000 0.998112 0.061426 0.000000 9.462459e-03 6.418722e-04 0.000000e+00 0.000000e+00 0.000000e+00 -2.223647e-05 0.000000e+00 0.000000e+00
74200 721.395685 15.440787 15.500000 0.998101 0.061599 0.000000 9.320905e-03 6.553090e-04 0.000000e+00 0.000000e+00 0.000000e+00 -2.204623e-05 0.000000e+00 0.000000e+00
74250 721.863926 15.472361 15.500000 0.998140 0.060963 0.000000 9.507908e-03 5.889884e-04 0.000000e+00 0.000000e+00 0.000000e+00 -4.446382e-06 0.000000e+00 0.000000e+00
74300 722.340885 15.502446 15.500000 0.998164 0.060572 0.000000 9.530008e-03 5.918226e-04 0.000000e+00 0.000000e+00 0.000000e+00 -1.227000e-05 0.000000e+00 0.000000e+00
74350 722.808854 15.533748 15.500000 0.998149 0.060818 0.000000 9.429647e-03 5.879449e-04 0.000000e+00 0.000000e+00 0.000000e+00 -1.823427e-05 0.000000e+00 0.000000e+00
74400 723.284281 15.562696 15.500000 0.998176 0.060366 0.000000 9.639759e-03 4.880650e-04 0.000000e+00 0.000000e+00 0.000000e+00 -1.869019e-05 0.000000e+00 0.000000e+00
74450 723.754207 15.592491 15.500000 0.998135 0.061053 0.000000 9.371610e-03 6.431721e-04 0.000000e+00 0.000000e+00 0.000000e+00 8.057778e-06 0.000000e+00 0.000000e+00
74500 724.227225 15.622370 15.500000 0.998125 0.061211 0.000000 9.494721e-03 4.666916e-04 0.000000e+00 0.000000e+00 0.000000e+00 -1.755316e-05 0.000000e+00 0.000000e+00
74550 724.697696 15.650253 15.500000 0.998101 0.061603 0.000000 9.462765e-03 6.066076e-04 0.000000e+00 0.000000e+00 0.000000e+00 3.931993e-05 0.000000e+00 0.000000e+00
74600 725.170144 15.681276 15.500000 0.998033 0.062687 0.000000 9.435540e-03 5.538992e-04 0.000000e+00 0.000000e+00 0.000000e+00 1.947013e-05 0.000000e+00 0.000000e+00
74650 725.638134 15.710178 15.500000 0.998053 0.062376 0.000000 9.402816e-03 5.855011e-04 0.000000e+00 0.000000e+00 0.000000e+00 3.993030e-05 0.000000e+00 0.000000e+00
74700 726.109559 15.742397 15.500000 0.997954 0.063935 0.000000 9.384791e-03 5.389024e-04 0.000000e+00 0.000000e+00 0.000000e+00 4.696552e-06 0.000000e+00 0.000000e+00
74750 726.575585 15.771041 15.500000 0.997965 0.063759 0.000000 9.244192e-03 5.598350e-04 0.000000e+00 0.000000e+00 0.000000e+00 -1.268858e-05 0.000000e+00 0.000000e+00
74800 727.045060 15.803662 15.500000 0.997840 0.065697 0.000000 9.489350e-03 5.426202e-04 0.000000e+00 0.000000e+00 0.000000e+00 2.067513e-05 0.000000e+00 0.000000e+00
74850 727.511269 15.832238 15.500000 0.997806 0.066206 0.000000 9.239198e-03 5.481120e-04 0.000000e+00 0.000000e+00 0.000000e+00 3.036017e-05 0.000000e+00 0.000000e+00
74900 727.977755 15.865445 15.500000 0.997668 0.068251 0.000000 9.321943e-03 6.488884e-04 0.000000e+00 0.000000e+00 0.000000e+00 6.659784e-05 0.000000e+00 0.000000e+00
74950 728.443342 15.895213 15.500000 0.997594 0.069323 0.000000 9.272220e-03 4.923168e-04 0.000000e+00 0.000000e+00 0.000000e+00 4.784244e-05 0.000000e+00 0.000000e+00
75000 728.908437 15.929339 15.500000 0.997477 0.070988 0.000000 9.373505e-03 6.763083e-04 0.000000e+00 0.000000e+00 0.000000e+00 4.032807e-05 0.000000e+00 0.000000e+00
75050 729.374297 15.963087 15.500000 0.997422 0.071755 0.000000 9.188834e-03 4.943640e-04 0.000000e+00 0.000000e+00 0.000000e+00 -1.302968e-05 0.000000e+00 0.000000e+00
75100 729.837845 15.999401 15.500000 0.997390 0.072209 0.000000 9.345835e-03 4.730277e-04 0.000000e+00 0.000000e+00 0.000000e+00 2.687323e-05 0.000000e+00 0.000000e+00
75150 730.301718 16.036043 15.500000 0.997352 0.072727 0.000000 9.237584e-03 5.190125e-04 0.000000e+00 0.000000e+00 0.000000e+00 1.183333e-05 0.000000e+00 0.000000e+00
75200 730.764030 16.070936 15.500000 0.997310 0.073300 0.000000 9.415156e-03 5.373655e-04 0.000000e+00 0.000000e+00 0.000000e+00 2.426529e-06 0.000000e+00 0.000000e+00
75250 731.233386 16.109296 15.500000 0.997351 0.072744 0.000000 9.296951e-03 6.872611e-04 0.000000e+00 0.000000e+00 0.000000e+00 3.499772e-05 0.000000e+00 0.000000e+00
75300 731.698083 16.146287 15.500000 0.997432 0.071626 0.000000 9.337148e-03 5.656102e-04 0.000000e+00 0.000000e+00 0.000000e+00 -3.854494e-05 0.000000e+00 0.000000e+00
75350 732.167669 16.183892 15.500000 0.997523 0.070343 0.000000 9.378169e-03 7.145134e-04 0.000000e+00 0.000000e+00 0.000000e+00 -7.684197e-07 0.000000e+00 0.000000e+00
75400 732.633420 16.220239 15.500000 0.997527 0.070278 0.000000 9.363550e-03 4.392984e-04 0.000000e+00 0.000000e+00 0.000000e+00 -4.211786e-05 0.000000e+00 0.000000e+00
75450 733.104287 16.254048 15.500000 0.997632 0.068771 0.000000 9.419369e-03 8.013231e-04 0.000000e+00 0.000000e+00 0.000000e+00 1.275727e-05 0.000000e+00 0.000000e+00
75500 733.570696 16.290802 15.500000 0.997595 0.069320 0.000000 9.232386e-03 4.522316e-04 0.000000e+00 0.000000e+00 0.000000e+00 -3.201634e-05 0.000000e+00 0.000000e+00
75550 734.041646 16.322140 15.500000 0.997703 0.067737 0.000000 9.569938e-03 6.692333e-04 0.000000e+00 0.000000e+00 0.000000e+00 -5.082712e-06 0.000000e+00 0.000000e+00
75600 734.511967 16.359077 15.500000 0.997695 0.067853 0.000000 9.384819e-03 5.886236e-04 0.000000e+00 0.000000e+00 0.000000e+00 -2.705477e-05 0.000000e+00 0.000000e+00
75650 734.982926 16.389545 15.500000 0.997808 0.066177 0.000000 9.475616e-03 6.242740e-04 0.000000e+00 0.000000e+00 0.000000e+00 -9.887104e-07 0.000000e+00 0.000000e+00
75700 735.456943 16.423446 15.500000 0.997797 0.066345 0.000000 9.352746e-03 6.162862e-04 0.000000e+00 0.000000e+00 0.000000e+00 -2.990073e-05 0.000000e+00 0.000000e+00
75750 735.926835 16.454246 15.500000 0.997859 0.065410 0.000000 9.480085e-03 6.625879e-04 0.000000e+00 0.000000e+00 0.000000e+00 2.175281e-05 0.000000e+00 0.000000e+00
75800 736.402682 16.485589 15.500000 0.997874 0.065171 0.000000 9.312915e-03 6.221553e-04 0.000000e+00 0.000000e+00 0.000000e+00 1.284353e-05 0.000000e+00 0.000000e+00
75850 736.870924 16.516634 15.500000 0.997888 0.064951 0.000000 9.504391e-03 6.163016e-04 0.000000e+00 0.000000e+00 0.000000e+00 -1.927714e-05 0.000000e+00 0.000000e+00
75900 737.347885 16.545605 15.500000 0.997916 0.064523 0.000000 9.505137e-03 5.689499e-04 0.000000e+00 0.000000e+00 0.000000e+00 -1.181577e-05 0.000000e+00 0.000000e+00
75950 737.816695 16.576212 15.500000 0.997868 0.065265 0.000000 9.441327e-03 7.013889e-04 0.000000e+00 0.000000e+00 0.000000e+00 3.166047e-05 0.000000e+00 0.000000e+00
76000 738.291328 16.604647 15.500000 0.997893 0.064878 0.000000 9.575528e-03 5.175228e-04 0.000000e+00 0.000000e+00 0.000000e+00 -4.907511e-05 0.000000e+00 0.000000e+00
76050 738.761341 16.633805 15.500000 0.997838 0.065723 0.000000 9.457497e-03 7.387723e-04 0.000000e+00 0.000000e+00 0.000000e+00 5.031084e-05 0.000000e+00 0.000000e+00
76100 739.234203 16.663429 15.500000 0.997805 0.066214 0.000000 9.489752e-03 5.491463e-04 0.000000e+00 0.000000e+00 0.000000e+00 -1.469640e-05 0.000000e+00 0.000000e+00
76150 739.702856 16.692514 15.500000 0.997803 0.066257 0.000000 9.504515e-03 7.294196e-04 0.000000e+00 0.000000e+00 0.000000e+00 6.763397e-05 0.000000e+00 0.000000e+00
76200 740.174295 16.722660 15.500000 0.997728 0.067377 0.000000 9.344459e-03 6.369574e-04 0.000000e+00 0.000000e+00 0.000000e+00 2.674000e-06 0.000000e+00 0.000000e+00
76250 740.641270 16.752281 15.500000 0.997735 0.067261 0.000000 9.352897e-03 8.387586e-04 0.000000e+00 0.000000e+00 0.000000e+00 5.608926e-05 0.000000e+00 0.000000e+00
76300 741.111998 16.783063 15.500000 0.997624 0.068900 0.000000 9.401185e-03 5.148598e-04 0.000000e+00 0.000000e+00 0.000000e+00 -1.004469e-05 0.000000e+00 0.000000e+00
76350 741.577388 16.812272 15.500000 0.997598 0.069274 0.000000 9.286097e-03 7.788527e-04 0.000000e+00 0.000000e+00 0.000000e+00 2.730570e-05 0.000000e+00 0.000000e+00
76400 742.045594 16.843969 15.500000 0.997464 0.071174 0.000000 9.413279e-03 6.044398e-04 0.000000e+00 0.000000e+00 0.000000e+00 2.147716e-05 0.000000e+00 0.000000e+00
76450 742.511242 16.873398 15.500000 0.997393 0.072156 0.000000 9.112112e-03 7.544626e-04 0.000000e+00 0.000000e+00 0.000000e+00 -2.886284e-05 0.000000e+00 0.000000e+00
76500 742.977745 16.906715 15.500000 0.997245 0.074178 0.000000 9.347766e-03 7.903971e-04 0.000000e+00 0.000000e+00 0.000000e+00 3.673535e-05 0.000000e+00 0.000000e+00
76550 743.443739 16.939384 15.500000 0.997205 0.074715 0.000000 9.284960e-03 1.014610e-03 0.000000e+00 0.000000e+00 0.000000e+00 2.730337e-05 0.000000e+00 0.000000e+00
76600 743.908087 16.974936 15.500000 0.997182 0.075019 0.000000 9.275999e-03 9.004161e-04 0.000000e+00 0.000000e+00 0.000000e+00 4.108455e-05 0.000000e+00 0.000000e+00
76650 744.371744 17.010384 15.500000 0.997156 0.075370 0.000000 9.217921e-03 9.465176e-04 0.000000e+00 0.000000e+00 0.000000e+00 1.425728e-05 0.000000e+00 0.000000e+00
76700 744.834925 17.044836 15.500000 0.997103 0.076062 0.000000 9.427935e-03 9.268039e-04 0.000000e+00 0.000000e+00 0.000000e+00 -1.991433e-05 0.000000e+00 0.000000e+00
76750 745.301829 17.082428 15.500000 0.997130 0.075708 0.000000 9.276398e-03 9.592710e-04 0.000000e+00 0.000000e+00 0.000000e+00 3.114634e-05 0.000000e+00 0.000000e+00
76800 745.765126 17.118140 15.500000 0.997209 0.074659 0.000000 9.397801e-03 8.572810e-04 0.000000e+00 0.000000e+00 0.000000e+00 -2.676761e-05 0.000000e+00 0.000000e+00
76850 746.234739 17.155209 15.500000 0.997301 0.073424 0.000000 9.322950e-03 9.338700e-04 0.000000e+00 0.000000e+00 0.000000e+00 9.958062e-07 0.000000e+00 0.000000e+00
76900 746.700095 17.189815 15.500000 0.997365 0.072544 0.000000 9.385441e-03 7.684227e-04 0.000000e+00 0.000000e+00 0.000000e+00 -5.775217e-05 0.000000e+00 0.000000e+00
76950 747.170473 17.224554 15.500000 0.997458 0.071253 0.000000 9.350389e-03 8.177683e-04 0.000000e+00 0.000000e+00 0.000000e+00 -1.368133e-05 0.000000e+00 0.000000e+00
77000 747.636744 17.259114 15.500000 0.997442 0.071486 0.000000 9.382801e-03 7.155790e-04 0.000000e+00 0.000000e+00 0.000000e+00 -2.894116e-05 0.000000e+00 0.000000e+00
77050 748.108065 17.289920 15.500000 0.997540 0.070104 0.000000 9.345481e-03 7.000041e-04 0.000000e+00 0.000000e+00 0.000000e+00 -4.819180e-06 0.000000e+00 0.000000e+00
77100 748.575592 17.325431 15.500000 0.997504 0.070617 0.000000 9.329056e-03 6.783421e-04 0.000000e+00 0.000000e+00 0.000000e+00 -2.391202e-05 0.000000e+00 0.000000e+00
77150 749.047687 17.354704 15.500000 0.997627 0.068857 0.000000 9.619895e-03 6.845660e-04 0.000000e+00 0.000000e+00 0.000000e+00 -3.361251e-06 0.000000e+00 0.000000e+00
77200 749.519350 17.388954 15.500000 0.997628 0.068841 0.000000 9.386489e-03 6.009293e-04 0.000000e+00 0.000000e+00 0.000000e+00 -4.217913e-05 0.000000e+00 0.000000e+00
77250 749.990501 17.418520 15.500000 0.997710 0.067635 0.000000 9.438726e-03 6.424042e-04 0.000000e+00 0.000000e+00 0.000000e+00 -2.396208e-05 0.000000e+00 0.000000e+00
77300 750.465479 17.449764 15.500000 0.997711 0.067618 0.000000 9.417236e-03 6.156281e-04 0.000000e+00 0.000000e+00 0.000000e+00 -1.626080e-05 0.000000e+00 0.000000e+00
77350 750.935439 17.479077 15.500000 0.997760 0.066895 0.000000 9.551631e-03 5.850647e-04 0.000000e+00 0.000000e+00 0.000000e+00 -3.429445e-05 0.000000e+00 0.000000e+00
77400 751.411466 17.508096 15.500000 0.997786 0.066502 0.000000 9.309021e-03 5.990277e-04 0.000000e+00 0.000000e+00 0.000000e+00 8.498000e-06 0.000000e+00 0.000000e+00
77450 751.880472 17.537586 15.500000 0.997784 0.066544 0.000000 9.516813e-03 6.199962e-04 0.000000e+00 0.000000e+00 0.000000e+00 -1.597112e-05 0.000000e+00 0.000000e+00
77500 752.356823 17.564238 15.500000 0.997822 0.065963 0.000000 9.440770e-03 4.623857e-04 0.000000e+00 0.000000e+00 0.000000e+00 -1.630150e-05 0.000000e+00 0.000000e+00
77550 752.826284 17.593359 15.500000 0.997760 0.066898 0.000000 9.494022e-03 6.119393e-04 0.000000e+00 0.000000e+00 0.000000e+00 1.267305e-05 0.000000e+00 0.000000e+00
77600 753.300600 17.620257 15.500000 0.997786 0.066510 0.000000 9.546659e-03 3.831746e-04 0.000000e+00 0.000000e+00 0.000000e+00 -3.396810e-05 0.000000e+00 0.000000e+00
77650 753.770469 17.648007 15.500000 0.997728 0.067377 0.000000 9.469264e-03 6.243165e-04 0.000000e+00 0.000000e+00 0.000000e+00 5.216027e-05 0.000000e+00 0.000000e+00
77700 754.243413 17.675791 15.500000 0.997692 0.067897 0.000000 9.483015e-03 4.330747e-04 0.000000e+00 0.000000e+00 0.000000e+00 -1.793662e-06 0.000000e+00 0.000000e+00
77750 754.711905 17.704042 15.500000 0.997693 0.067891 0.000000 9.423008e-03 5.467501e-04 0.000000e+00 0.000000e+00 0.000000e+00 5.873651e-05 0.000000e+00 0.000000e+00
77800 755.182651 17.732867 15.500000 0.997631 0.068796 0.000000 9.363008e-03 5.003546e-04 0.000000e+00 0.000000e+00 0.000000e+00 1.400055e-05 0.000000e+00 0.000000e+00
77850 755.649379 17.760844 15.500000 0.997633 0.068766 0.000000 9.384867e-03 5.305961e-04 0.000000e+00 0.000000e+00 0.000000e+00 3.725764e-05 0.000000e+00 0.000000e+00
77900 756.120002 17.789674 15.500000 0.997520 0.070385 0.000000 9.351200e-03 5.043026e-04 0.000000e+00 0.000000e+00 0.000000e+00 1.139946e-05 0.000000e+00 0.000000e+00
77950 756.585527 17.817511 15.500000 0.997493 0.070769 0.000000 9.318789e-03 5.179764e-04 0.000000e+00 0.000000e+00 0.000000e+00 4.324772e-05 0.000000e+00 0.000000e+00
78000 757.053835 17.847323 15.500000 0.997359 0.072633 0.000000 9.375779e-03 5.161552e-04 0.000000e+00 0.000000e+00 0.000000e+00 3.010107e-05 0.000000e+00 0.000000e+00
78050 757.519341 17.875308 15.500000 0.997285 0.073634 0.000000 9.179892e-03 3.476333e-04 0.000000e+00 0.000000e+00 0.000000e+00 2.766007e-06 0.000000e+00 0.000000e+00
78100 757.986162 17.906611 15.500000 0.997139 0.075592 0.000000 9.370124e-03 5.169490e-04 0.000000e+00 0.000000e+00 0.000000e+00 4.429261e-05 0.000000e+00 0.000000e+00
78150 758.452118 17.937769 15.500000 0.997100 0.076098 0.000000 9.292608e-03 4.299898e-04 0.000000e+00 0.000000e+00 0.000000e+00 2.740963e-05 0.000000e+00 0.000000e+00
78200 758.917290 17.970726 15.500000 0.997057 0.076670 0.000000 9.298352e-03 5.360916e-04 0.000000e+00 0.000000e+00 0.000000e+00 1.730923e-05 0.000000e+00 0.000000e+00
78250 759.381363 18.004627 15.500000 0.997030 0.077009 0.000000 9.247581e-03 4.426126e-04 0.000000e+00 0.000000e+00 0.000000e+00 8.011538e-06 0.000000e+00 0.000000e+00
78300 759.844730 18.037354 15.500000 0.996979 0.077674 0.000000 9.345513e-03 4.469237e-04 0.000000e+00 0.000000e+00 0.000000e+00 -1.433171e-05 0.000000e+00 0.000000e+00
78350 760.311412 18.073374 15.500000 0.997005 0.077334 0.000000 9.234468e-03 5.828293e-04 0.000000e+00 0.000000e+00 0.000000e+00 1.154630e-05 0.000000e+00 0.000000e+00
78400 760.775460 18.107051 15.500000 0.997072 0.076469 0.000000 9.462528e-03 5.372825e-04 0.000000e+00 0.000000e+00 0.000000e+00 -1.847109e-05 0.000000e+00 0.000000e+00
78450 761.246075 18.142026 15.500000 0.997136 0.075633 0.000000 9.341058e-03 6.915328e-04 0.000000e+00 0.000000e+00 0.000000e+00 9.245934e-06 0.000000e+00 0.000000e+00
78500 761.711824 18.175466 15.500000 0.997216 0.074569 0.000000 9.365556e-03 4.342676e-04 0.000000e+00 0.000000e+00 0.000000e+00 -4.979769e-05 0.000000e+00 0.000000e+00
78550 762.182395 18.209198 15.500000 0.997321 0.073147 0.000000 9.374137e-03 6.820232e-04 0.000000e+00 0.000000e+00 0.000000e+00 -1.564287e-06 0.000000e+00 0.000000e+00
78600 762.649004 18.242140 15.500000 0.997320 0.073164 0.000000 9.381802e-03 3.739364e-04 0.000000e+00 0.000000e+00 0.000000e+00 -5.294802e-05 0.000000e+00 0.000000e+00
78650 763.120479 18.271963 15.500000 0.997430 0.071649 0.000000 9.343153e-03 6.817401e-04 0.000000e+00 0.000000e+00 0.000000e+00 1.358816e-05 0.000000e+00 0.000000e+00
78700 763.587532 18.305403 15.500000 0.997392 0.072173 0.000000 9.291824e-03 4.234140e-04 0.000000e+00 0.000000e+00 0.000000e+00 -2.866860e-05 0.000000e+00 0.000000e+00
78750 764.059880 18.333257 15.500000 0.997516 0.070444 0.000000 9.522367e-03 6.435362e-04 0.000000e+00 0.000000e+00 0.000000e+00 -8.835571e-07 0.000000e+00 0.000000e+00
78800 764.530785 18.366959 15.500000 0.997517 0.070431 0.000000 9.411719e-03 5.182974e-04 0.000000e+00 0.000000e+00 0.000000e+00 -3.034252e-05 0.000000e+00 0.000000e+00
78850 765.002381 18.394111 15.500000 0.997627 0.068849 0.000000 9.490902e-03 5.642432e-04 0.000000e+00 0.000000e+00 0.000000e+00 3.241837e-06 0.000000e+00 0.000000e+00
78900 765.476777 18.424942 15.500000 0.997628 0.068841 0.000000 9.411615e-03 5.735931e-04 0.000000e+00 0.000000e+00 0.000000e+00 -2.242444e-05 0.000000e+00 0.000000e+00
78950 765.947265 18.452306 15.500000 0.997692 0.067898 0.000000 9.407825e-03 6.084392e-04 0.000000e+00 0.000000e+00 0.000000e+00 -1.637508e-06 0.000000e+00 0.000000e+00
79000 766.423322 18.480504 15.500000 0.997717 0.067534 0.000000 9.365416e-03 5.671600e-04 0.000000e+00 0.000000e+00 0.000000e+00 -5.582152e-06 0.000000e+00 0.000000e+00
79050 766.892557 18.507869 15.500000 0.997741 0.067176 0.000000 9.525401e-03 5.662791e-04 0.000000e+00 0.000000e+00 0.000000e+00 6.694875e-06 0.000000e+00 0.000000e+00
79100 767.369825 18.533821 15.500000 0.997774 0.066685 0.000000 9.388476e-03 5.053674e-04 0.000000e+00 0.000000e+00 0.000000e+00 6.559321e-07 0.000000e+00 0.000000e+00
79150 767.839023 18.560970 15.500000 0.997741 0.067176 0.000000 9.501400e-03 6.179880e-04 0.000000e+00 0.000000e+00 0.000000e+00 2.823997e-06 0.000000e+00 0.000000e+00
79200 768.314890 18.586081 15.500000 0.997781 0.066585 0.000000 9.553571e-03 4.513561e-04 0.000000e+00 0.000000e+00 0.000000e+00 -4.880563e-05 0.000000e+00 0.000000e+00
79250 768.784953 18.611936 15.500000 0.997723 0.067444 0.000000 9.487215e-03 6.249340e-04 0.000000e+00 0.000000e+00 0.000000e+00 4.200421e-05 0.000000e+00 0.000000e+00
79300 769.258654 18.637632 15.500000 0.997724 0.067435 0.000000 9.550312e-03 4.985441e-04 0.000000e+00 0.000000e+00 0.000000e+00 -3.961832e-05 0.000000e+00 0.000000e+00
79350 769.728772 18.662419 15.500000 0.997695 0.067854 0.000000 9.467795e-03 6.758182e-04 0.000000e+00 0.000000e+00 0.000000e+00 4.688725e-05 0.000000e+00 0.000000e+00
79400 770.201689 18.688424 15.500000 0.997639 0.068678 0.000000 9.378707e-03 5.212570e-04 0.000000e+00 0.000000e+00 0.000000e+00 6.231604e-07 0.000000e+00 0.000000e+00
79450 770.669855 18.714354 15.500000 0.997659 0.068392 0.000000 9.448559e-03 7.409142e-04 0.000000e+00 0.000000e+00 0.000000e+00 5.965738e-05 0.000000e+00 0.000000e+00
79500 771.141487 18.741196 15.500000 0.997579 0.069540 0.000000 9.308919e-03 4.898994e-04 0.000000e+00 0.000000e+00 0.000000e+00 -3.843867e-05 0.000000e+00 0.000000e+00
79550 771.607922 18.766807 15.500000 0.997591 0.069368 0.000000 9.359359e-03 7.708182e-04 0.000000e+00 0.000000e+00 0.000000e+00 4.621283e-05 0.000000e+00 0.000000e+00
79600 772.078457 18.793781 15.500000 0.997468 0.071116 0.000000 9.395691e-03 4.761651e-04 0.000000e+00 0.000000e+00 0.000000e+00 6.116713e-07 0.000000e+00 0.000000e+00
79650 772.544612 18.819183 15.500000 0.997444 0.071451 0.000000 9.185684e-03 6.735024e-04 0.000000e+00 0.000000e+00 0.000000e+00 3.013117e-05 0.000000e+00 0.000000e+00
79700 773.012456 18.846993 15.500000 0.997309 0.073314 0.000000 9.420739e-03 5.499678e-04 0.000000e+00 0.000000e+00 0.000000e+00 2.110577e-05 0.000000e+00 0.000000e+00
79750 773.478691 18.873165 15.500000 0.997240 0.074244 0.000000 9.271691e-03 7.437683e-04 0.000000e+00 0.000000e+00 0.000000e+00 5.610054e-05 0.000000e+00 0.000000e+00
79800 773.944779 18.901713 15.500000 0.997114 0.075923 0.000000 9.417293e-03 7.284729e-04 0.000000e+00 0.000000e+00 0.000000e+00 5.552511e-05 0.000000e+00 0.000000e+00
79850 774.411691 18.930862 15.500000 0.997080 0.076364 0.000000 9.290148e-03 8.714806e-04 0.000000e+00 0.000000e+00 0.000000e+00 3.026879e-05 0.000000e+00 0.000000e+00
79900 774.877563 18.960649 15.500000 0.997009 0.077285 0.000000 9.377494e-03 7.447534e-04 0.000000e+00 0.000000e+00 0.000000e+00 3.232126e-05 0.000000e+00 0.000000e+00
79950 775.342694 18.992072 15.500000 0.996975 0.077717 0.000000 9.241423e-03 8.741192e-04 0.000000e+00 0.000000e+00 0.000000e+00 1.014721e-06 0.000000e+00 0.000000e+00
80000 775.805816 19.023038 15.500000 0.996927 0.078335 0.000000 9.325279e-03 9.082857e-04 0.000000e+00 0.000000e+00 0.000000e+00 5.540665e-06 0.000000e+00 0.000000e+00
80050 776.272168 19.055980 15.500000 0.996938 0.078195 0.000000 9.304022e-03 9.060790e-04 0.000000e+00 0.000000e+00 0.000000e+00 5.962436e-06 0.000000e+00 0.000000e+00
80100 776.736140 19.087418 15.500000 0.996978 0.077690 0.000000 9.377625e-03 8.145958e-04 0.000000e+00 0.000000e+00 0.000000e+00 -2.657160e-06 0.000000e+00 0.000000e+00
80150 777.207094 19.119318 15.500000 0.997044 0.076827 0.000000 9.315560e-03 8.876736e-04 0.000000e+00 0.000000e+00 0.000000e+00 -3.955944e-06 0.000000e+00 0.000000e+00
80200 777.672697 19.152199 15.500000 0.997123 0.075803 0.000000 9.385645e-03 7.509265e-04 0.000000e+00 0.000000e+00 0.000000e+00 -1.705760e-05 0.000000e+00 0.000000e+00
80250 778.142939 19.183022 15.500000 0.997243 0.074203 0.000000 9.380992e-03 7.558300e-04 0.000000e+00 0.000000e+00 0.000000e+00 -1.471964e-05 0.000000e+00 0.000000e+00
80300 778.609589 19.215470 15.500000 0.997252 0.074086 0.000000 9.341864e-03 6.856147e-04 0.000000e+00 0.000000e+00 0.000000e+00 -2.484373e-05 0.000000e+00 0.000000e+00
80350 779.080879 19.242679 15.500000 0.997380 0.072339 0.000000 9.443747e-03 6.563624e-04 0.000000e+00 0.000000e+00 0.000000e+00 -2.482632e-05 0.000000e+00 0.000000e+00
80400 779.548411 19.275260 15.500000 0.997348 0.072774 0.000000 9.257449e-03 5.890550e-04 0.000000e+00 0.000000e+00 0.000000e+00 1.646398e-05 0.000000e+00 0.000000e+00
80450 780.018985 19.299981 15.500000 0.997467 0.071124 0.000000 9.575583e-03 6.299423e-04 0.000000e+00 0.000000e+00 0.000000e+00 -9.800824e-06 0.000000e+00 0.000000e+00
80500 780.489861 19.332872 15.500000 0.997458 0.071262 0.000000 9.308093e-03 6.355594e-04 0.000000e+00 0.000000e+00 0.000000e+00 -3.452764e-07 0.000000e+00 0.000000e+00
80550 780.961278 19.356840 15.500000 0.997600 0.069241 0.000000 9.468937e-03 5.541598e-04 0.000000e+00 0.000000e+00 0.000000e+00 -9.296856e-06 0.000000e+00 0.000000e+00
80600 781.435388 19.387150 15.500000 0.997580 0.069521 0.000000 9.339651e-03 5.799788e-04 0.000000e+00 0.000000e+00 0.000000e+00 -4.109496e-05 0.000000e+00 0.000000e+00
80650 781.905975 19.411962 15.500000 0.997693 0.067889 0.000000 9.467524e-03 5.281658e-04 0.000000e+00 0.000000e+00 0.000000e+00 -7.805466e-06 0.000000e+00 0.000000e+00
80700 782.382260 19.438942 15.500000 0.997698 0.067817 0.000000 9.331486e-03 5.587076e-04 0.000000e+00 0.000000e+00 0.000000e+00 -1.819398e-05 0.000000e+00 0.000000e+00
80750 782.851355 19.463929 15.500000 0.997754 0.066988 0.000000 9.531331e-03 4.603858e-04 0.000000e+00 0.000000e+00 0.000000e+00 -1.011477e-05 0.000000e+00 0.000000e+00
80800 783.329037 19.488367 15.500000 0.997789 0.066462 0.000000 9.713483e-03 4.983987e-04 0.000000e+00 0.000000e+00 0.000000e+00 -8.673556e-06 0.000000e+00 0.000000e+00
80850 783.797804 19.513106 15.500000 0.997797 0.066342 0.000000 9.400792e-03 4.381091e-04 0.000000e+00 0.000000e+00 0.000000e+00 -2.157969e-05 0.000000e+00 0.000000e+00
80900 784.274218 19.536409 15.500000 0.997834 0.065790 0.000000 9.660025e-03 4.213676e-04 0.000000e+00 0.000000e+00 0.000000e+00 -1.353449e-06 0.000000e+00 0.000000e+00
80950 784.745056 19.559551 15.500000 0.997814 0.066086 0.000000 9.378390e-03 4.319739e-04 0.000000e+00 0.000000e+00 0.000000e+00 -4.646408e-06 0.000000e+00 0.000000e+00
81000 785.219464 19.582760 15.500000 0.997834 0.065775 0.000000 9.598967e-03 4.192608e-04 0.000000e+00 0.000000e+00 0.000000e+00 -4.929488e-06 0.000000e+00 0.000000e+00
81050 785.691465 19.604392 15.500000 0.997825 0.065913 0.000000 9.321753e-03 3.899852e-04 0.000000e+00 0.000000e+00 0.000000e+00 1.305002e-05 0.000000e+00 0.000000e+00
81100 786.164668 19.628190 15.500000 0.997806 0.066213 0.000000 9.445018e-03 4.770863e-04 0.000000e+00 0.000000e+00 0.000000e+00 2.287313e-05 0.000000e+00 0.000000e+00
81150 786.635701 19.648969 15.500000 0.997820 0.065989 0.000000 9.405637e-03 3.846042e-04 0.000000e+00 0.000000e+00 0.000000e+00 1.582336e-05 0.000000e+00 0.000000e+00
81200 787.109241 19.672325 15.500000 0.997759 0.066914 0.000000 9.412145e-03 4.338638e-04 0.000000e+00 0.000000e+00 0.000000e+00 -2.070343e-06 0.000000e+00 0.000000e+00
81250 787.578240 19.693766 15.500000 0.997797 0.066344 0.000000 9.329061e-03 4.265899e-04 0.000000e+00 0.000000e+00 0.000000e+00 5.679280e-06 0.000000e+00 0.000000e+00
81300 788.050034 19.718676 15.500000 0.997707 0.067683 0.000000 9.504576e-03 4.049724e-04 0.000000e+00 0.000000e+00 0.000000e+00 -1.829076e-05 0.000000e+00 0.000000e+00
81350 788.518029 19.739982 15.500000 0.997756 0.066948 0.000000 9.239527e-03 3.901037e-04 0.000000e+00 0.000000e+00 0.000000e+00 -4.677659e-05 0.000000e+00 0.000000e+00
81400 788.987512 19.764883 15.500000 0.997643 0.068623 0.000000 9.495161e-03 3.780722e-04 0.000000e+00 0.000000e+00 0.000000e+00 5.384127e-06 0.000000e+00 0.000000e+00
81450 789.456304 19.786201 15.500000 0.997648 0.068548 0.000000 9.310612e-03 2.791386e-04 0.000000e+00 0.000000e+00 0.000000e+00 -1.441033e-05 0.000000e+00 0.000000e+00
81500 789.923072 19.810913 15.500000 0.997544 0.070040 0.000000 9.410196e-03 4.314845e-04 0.000000e+00 0.000000e+00 0.000000e+00 3.494075e-06 0.000000e+00 0.000000e+00
81550 790.391761 19.832754 15.500000 0.997491 0.070789 0.000000 9.343287e-03 2.920665e-04 0.000000e+00 0.000000e+00 0.000000e+00 3.764505e-05 0.000000e+00 0.000000e+00
81600 790.857752 19.856822 15.500000 0.997379 0.072350 0.000000 9.412547e-03 3.849079e-04 0.000000e+00 0.000000e+00 0.000000e+00 2.998844e-05 0.000000e+00 0.000000e+00
81650 791.325161 19.879997 15.500000 0.997308 0.073327 0.000000 9.277658e-03 3.370209e-04 0.000000e+00 0.000000e+00 0.000000e+00 3.479921e-05 0.000000e+00 0.000000e+00
81700 791.789221 19.905136 15.500000 0.997180 0.075042 0.000000 9.444280e-03 3.476403e-04 0.000000e+00 0.000000e+00 0.000000e+00 2.475534e-05 0.000000e+00 0.000000e+00
81750 792.258307 19.931052 15.500000 0.997121 0.075829 0.000000 9.286838e-03 3.567095e-04 0.000000e+00 0.000000e+00 0.000000e+00 -1.514216e-06 0.000000e+00 0.000000e+00
81800 792.721070 19.959834 15.500000 0.997098 0.076131 0.000000 9.317871e-03 2.588159e-04 0.000000e+00 0.000000e+00 0.000000e+00 -1.073214e-05 0.000000e+00 0.000000e+00
81850 793.187170 19.987137 15.500000 0.997088 0.076260 0.000000 9.249238e-03 3.439617e-04 0.000000e+00 0.000000e+00 0.000000e+00 1.416607e-05 0.000000e+00 0.000000e+00
81900 793.649148 20.015321 15.500000 0.997060 0.076624 0.000000 9.228305e-03 1.494313e-04 0.000000e+00 0.000000e+00 0.000000e+00 1.882004e-05 0.000000e+00 0.000000e+00
81950 794.115781 20.042756 15.500000 0.997053 0.076721 0.000000 9.309146e-03 4.698655e-04 0.000000e+00 0.000000e+00 0.000000e+00 -9.750157e-06 0.000000e+00 0.000000e+00
82000 794.579710 20.072680 15.500000 0.997087 0.076268 0.000000 9.310614e-03 1.476889e-04 0.000000e+00 0.000000e+00 0.000000e+00 -1.762849e-07 0.000000e+00 0.000000e+00
82050 795.049284 20.099145 15.500000 0.997161 0.075300 0.000000 9.441991e-03 4.705169e-04 0.000000e+00 0.000000e+00 0.000000e+00 -4.005521e-05 0.000000e+00 0.000000e+00
82100 795.516462 20.131007 15.500000 0.997199 0.074789 0.000000 9.172510e-03 4.035262e-04 0.000000e+00 0.000000e+00 0.000000e+00 3.017668e-05 0.000000e+00 0.000000e+00
82150 795.984596 20.156953 15.500000 0.997327 0.073063 0.000000 9.455960e-03 4.956401e-04 0.000000e+00 0.000000e+00 0.000000e+00 -5.029972e-05 0.000000e+00 0.000000e+00
82200 796.453628 20.187860 15.500000 0.997377 0.072388 0.000000 9.365812e-03 4.179230e-04 0.000000e+00 0.000000e+00 0.000000e+00 -7.829992e-06 0.000000e+00 0.000000e+00
82250 796.921102 20.211351 15.500000 0.997483 0.070901 0.000000 9.480353e-03 5.014892e-04 0.000000e+00 0.000000e+00 0.000000e+00 -6.070743e-05 0.000000e+00 0.000000e+00
82300 797.392269 20.240338 15.500000 0.997529 0.070250 0.000000 9.381736e-03 4.479126e-04 0.000000e+00 0.000000e+00 0.000000e+00 3.568007e-05 0.000000e+00 0.000000e+00
82350 797.859383 20.262382 15.500000 0.997615 0.069024 0.000000 9.409164e-03 3.578710e-04 0.000000e+00 0.000000e+00 0.000000e+00 -4.846974e-05 0.000000e+00 0.000000e+00
82400 798.331619 20.288617 15.500000 0.997643 0.068615 0.000000 9.400142e-03 5.275007e-04 0.000000e+00 0.000000e+00 0.000000e+00 4.224334e-05 0.000000e+00 0.000000e+00
82450 798.799400 20.311264 15.500000 0.997684 0.068024 0.000000 9.421321e-03 2.983256e-04 0.000000e+00 0.000000e+00 0.000000e+00 -6.206677e-05 0.000000e+00 0.000000e+00
82500 799.273429 20.335613 15.500000 0.997753 0.066994 0.000000 9.541795e-03 5.148535e-04 0.000000e+00 0.000000e+00 0.000000e+00 1.618944e-06 0.000000e+00 0.000000e+00
82550 799.742950 20.360929 15.500000 0.997796 0.066356 0.000000 9.413361e-03 2.490481e-04 0.000000e+00 0.000000e+00 0.000000e+00 -7.270108e-05 0.000000e+00 0.000000e+00
82600 800.217357 20.381608 15.500000 0.997874 0.065166 0.000000 9.514123e-03 4.812442e-04 0.000000e+00 0.000000e+00 0.000000e+00 9.449330e-06 0.000000e+00 0.000000e+00
82650 800.688914 20.406583 15.500000 0.997907 0.064670 0.000000 9.336743e-03 4.012119e-04 0.000000e+00 0.000000e+00 0.000000e+00 -3.960409e-05 0.000000e+00 0.000000e+00
82700 801.162607 20.426420 15.500000 0.997975 0.063600 0.000000 9.516417e-03 4.204818e-04 0.000000e+00 0.000000e+00 0.000000e+00 2.264212e-06 0.000000e+00 0.000000e+00
82750 801.637048 20.449026 15.500000 0.998007 0.063098 0.000000 9.372140e-03 4.220848e-04 0.000000e+00 0.000000e+00 0.000000e+00 -3.020282e-05 0.000000e+00 0.000000e+00
82800 802.109091 20.468380 15.500000 0.998060 0.062262 0.000000 9.402898e-03 4.474181e-04 0.000000e+00 0.000000e+00 0.000000e+00 -2.782866e-05 0.000000e+00 0.000000e+00
82850 802.584806 20.489070 15.500000 0.998074 0.062036 0.000000 9.468498e-03 4.050766e-04 0.000000e+00 0.000000e+00 0.000000e+00 -8.655164e-06 0.000000e+00 0.000000e+00
82900 803.056396 20.507921 15.500000 0.998106 0.061524 0.000000 9.641279e-03 3.901572e-04 0.000000e+00 0.000000e+00 0.000000e+00 -9.898363e-06 0.000000e+00 0.000000e+00
82950 803.531648 20.527055 15.500000 0.998124 0.061228 0.000000 9.478852e-03 3.955506e-04 0.000000e+00 0.000000e+00 0.000000e+00 6.517495e-06 0.000000e+00 0.000000e+00
83000 804.002372 20.545458 15.500000 0.998133 0.061082 0.000000 9.530409e-03 3.524681e-04 0.000000e+00 0.000000e+00 0.000000e+00 -1.128844e-05 0.000000e+00 0.000000e+00
83050 804.477936 20.563296 15.500000 0.998157 0.060686 0.000000 9.449822e-03 3.795205e-04 0.000000e+00 0.000000e+00 0.000000e+00 1.969394e-05 0.000000e+00 0.000000e+00
83100 804.949314 20.581761 15.500000 0.998129 0.061147 0.000000 9.475239e-03 2.985969e-04 0.000000e+00 0.000000e+00 0.000000e+00 -2.022391e-05 0.000000e+00 0.000000e+00
83150 805.424141 20.598081 15.500000 0.998182 0.060272 0.000000 9.365921e-03 4.270854e-04 0.000000e+00 0.000000e+00 0.000000e+00 -5.113512e-07 0.000000e+00 0.000000e+00
83200 805.895222 20.616744 15.500000 0.998108 0.061484 0.000000 9.500070e-03 4.012148e-04 0.000000e+00 0.000000e+00 0.000000e+00 4.433474e-06 0.000000e+00 0.000000e+00
83250 806.369533 20.632811 15.500000 0.998168 0.060504 0.000000 9.376467e-03 3.155980e-04 0.000000e+00 0.000000e+00 0.000000e+00 -4.065108e-05 0.000000e+00 0.000000e+00
83300 806.839953 20.651244 15.500000 0.998084 0.061877 0.000000 9.456230e-03 4.161486e-04 0.000000e+00 0.000000e+00 0.000000e+00 4.550996e-05 0.000000e+00 0.000000e+00
83350 807.313888 20.667951 15.500000 0.998099 0.061631 0.000000 9.489393e-03 3.400965e-04 0.000000e+00 0.000000e+00 0.000000e+00 -3.489857e-05 0.000000e+00 0.000000e+00
83400 807.782917 20.685825 15.500000 0.998068 0.062139 0.000000 9.466428e-03 5.041070e-04 0.000000e+00 0.000000e+00 0.000000e+00 6.751414e-05 0.000000e+00 0.000000e+00
83450 808.255877 20.702722 15.500000 0.998039 0.062596 0.000000 9.489646e-03 4.249087e-04 0.000000e+00 0.000000e+00 0.000000e+00 -1.212410e-05 0.000000e+00 0.000000e+00
83500 808.724069 20.721361 15.500000 0.998048 0.062447 0.000000 9.462346e-03 5.931384e-04 0.000000e+00 0.000000e+00 0.000000e+00 5.844315e-05 0.000000e+00 0.000000e+00
83550 809.195199 20.738909 15.500000 0.998006 0.063126 0.000000 9.382791e-03 4.362738e-04 0.000000e+00 0.000000e+00 0.000000e+00 -3.148185e-06 0.000000e+00 0.000000e+00
83600 809.662469 20.756986 15.500000 0.998014 0.062998 0.000000 9.410509e-03 6.096295e-04 0.000000e+00 0.000000e+00 0.000000e+00 6.610798e-05 0.000000e+00 0.000000e+00
83650 810.133616 20.774271 15.500000 0.997937 0.064202 0.000000 9.355212e-03 3.368215e-04 0.000000e+00 0.000000e+00 0.000000e+00 -1.689926e-05 0.000000e+00 0.000000e+00
83700 810.599812 20.792068 15.500000 0.997940 0.064162 0.000000 9.347132e-03 5.775266e-04 0.000000e+00 0.000000e+00 0.000000e+00 3.673576e-05 0.000000e+00 0.000000e+00
83750 811.069790 20.810102 15.500000 0.997836 0.065757 0.000000 9.424663e-03 3.166144e-04 0.000000e+00 0.000000e+00 0.000000e+00 4.001546e-06 0.000000e+00 0.000000e+00
83800 811.536264 20.827969 15.500000 0.997815 0.066077 0.000000 9.179476e-03 5.426187e-04 0.000000e+00 0.000000e+00 0.000000e+00 2.370711e-05 0.000000e+00 0.000000e+00
83850 812.004047 20.846665 15.500000 0.997703 0.067745 0.000000 9.382221e-03 4.012671e-04 0.000000e+00 0.000000e+00 0.000000e+00 1.090424e-05 0.000000e+00 0.000000e+00
83900 812.470826 20.865059 15.500000 0.997654 0.068451 0.000000 9.316014e-03 5.937966e-04 0.000000e+00 0.000000e+00 0.000000e+00 3.667532e-05 0.000000e+00 0.000000e+00
83950 812.936889 20.884363 15.500000 0.997533 0.070197 0.000000 9.415756e-03 5.459698e-04 0.000000e+00 0.000000e+00 0.000000e+00 5.462803e-05 0.000000e+00 0.000000e+00
84000 813.404652 20.904829 15.500000 0.997514 0.070465 0.000000 9.358734e-03 6.861360e-04 0.000000e+00 0.000000e+00 0.000000e+00 1.478744e-05 0.000000e+00 0.000000e+00
84050 813.870424 20.925530 15.500000 0.997425 0.071716 0.000000 9.363842e-03 5.491735e-04 0.000000e+00 0.000000e+00 0.000000e+00 2.881798e-05 0.000000e+00 0.000000e+00
84100 814.337886 20.946968 15.500000 0.997390 0.072209 0.000000 9.245299e-03 6.418529e-04 0.000000e+00 0.000000e+00 0.000000e+00 8.176067e-06 0.000000e+00 0.000000e+00
84150 814.801742 20.970823 15.500000 0.997381 0.072332 0.000000 9.405752e-03 6.789296e-04 0.000000e+00 0.000000e+00 0.000000e+00 -1.025164e-05 0.000000e+00 0.000000e+00
84200 815.267038 20.993345 15.500000 0.997373 0.072436 0.000000 9.306123e-03 7.601278e-04 0.000000e+00 0.000000e+00 0.000000e+00 1.104909e-05 0.000000e+00 0.000000e+00
84250 815.729401 21.016562 15.500000 0.997352 0.072731 0.000000 9.328722e-03 7.534675e-04 0.000000e+00 0.000000e+00 0.000000e+00 2.109301e-06 0.000000e+00 0.000000e+00
84300 816.195948 21.039188 15.500000 0.997350 0.072759 0.000000 9.309870e-03 7.725388e-04 0.000000e+00 0.000000e+00 0.000000e+00 -1.465211e-05 0.000000e+00 0.000000e+00
84350 816.658912 21.062521 15.500000 0.997362 0.072582 0.000000 9.284600e-03 7.675464e-04 0.000000e+00 0.000000e+00 0.000000e+00 -2.619850e-05 0.000000e+00 0.000000e+00
84400 817.128735 21.085156 15.500000 0.997433 0.071611 0.000000 9.443330e-03 6.862607e-04 0.000000e+00 0.000000e+00 0.000000e+00 -6.457026e-06 0.000000e+00 0.000000e+00
84450 817.594242 21.110652 15.500000 0.997487 0.070854 0.000000 9.264564e-03 6.865825e-04 0.000000e+00 0.000000e+00 0.000000e+00 -3.309521e-05 0.000000e+00 0.000000e+00
84500 818.063375 21.132359 15.500000 0.997617 0.068994 0.000000 9.397566e-03 5.976309e-04 0.000000e+00 0.000000e+00 0.000000e+00 -2.417411e-05 0.000000e+00 0.000000e+00
84550 818.530587 21.158426 15.500000 0.997663 0.068324 0.000000 9.183074e-03 6.011445e-04 0.000000e+00 0.000000e+00 0.000000e+00 -3.179512e-05 0.000000e+00 0.000000e+00
84600 818.999545 21.177737 15.500000 0.997790 0.066452 0.000000 9.497251e-03 4.742284e-04 0.000000e+00 0.000000e+00 0.000000e+00 -3.557094e-05 0.000000e+00 0.000000e+00
84650 819.468840 21.202590 15.500000 0.997834 0.065788 0.000000 9.357501e-03 5.557846e-04 0.000000e+00 0.000000e+00 0.000000e+00 -5.701267e-06 0.000000e+00 0.000000e+00
84700 819.936718 21.219320 15.500000 0.997943 0.064113 0.000000 9.495315e-03 3.875342e-04 0.000000e+00 0.000000e+00 0.000000e+00 -1.752655e-05 0.000000e+00 0.000000e+00
84750 820.407784 21.242503 15.500000 0.997984 0.063468 0.000000 9.368812e-03 6.935459e-04 0.000000e+00 0.000000e+00 0.000000e+00 7.388831e-06 0.000000e+00 0.000000e+00
84800 820.875058 21.257941 15.500000 0.998072 0.062072 0.000000 9.436732e-03 3.705169e-04 0.000000e+00 0.000000e+00 0.000000e+00 -3.284042e-05 0.000000e+00 0.000000e+00
84850 821.347314 21.278560 15.500000 0.998103 0.061564 0.000000 9.426440e-03 6.884174e-04 0.000000e+00 0.000000e+00 0.000000e+00 1.676135e-05 0.000000e+00 0.000000e+00
84900 821.814801 21.293926 15.500000 0.998159 0.060646 0.000000 9.370652e-03 3.433954e-04 0.000000e+00 0.000000e+00 0.000000e+00 -5.133064e-05 0.000000e+00 0.000000e+00
84950 822.288770 21.312738 15.500000 0.998219 0.059656 0.000000 9.497140e-03 5.892858e-04 0.000000e+00 0.000000e+00 0.000000e+00 1.491729e-05 0.000000e+00 0.000000e+00
85000 822.757994 21.330169 15.500000 0.998261 0.058956 0.000000 9.418111e-03 2.511975e-04 0.000000e+00 0.000000e+00 0.000000e+00 -7.700741e-05 0.000000e+00 0.000000e+00
85050 823.232232 21.345508 15.500000 0.998345 0.057508 0.000000 9.540544e-03 4.876451e-04 0.000000e+00 0.000000e+00 0.000000e+00 1.870150e-06 0.000000e+00 0.000000e+00
85100 823.702655 21.364349 15.500000 0.998373 0.057025 0.000000 9.395271e-03 2.916107e-04 0.000000e+00 0.000000e+00 0.000000e+00 -4.673030e-05 0.000000e+00 0.000000e+00
85150 824.177090 21.377187 15.500000 0.998455 0.055557 0.000000 9.470475e-03 3.525023e-04 0.000000e+00 0.000000e+00 0.000000e+00 -8.822053e-06 0.000000e+00 0.000000e+00
85200 824.649543 21.394940 15.500000 0.998484 0.055037 0.000000 9.348684e-03 3.561155e-04 0.000000e+00 0.000000e+00 0.000000e+00 6.793091e-06 0.000000e+00 0.000000e+00
85250 825.122868 21.406960 15.500000 0.998552 0.053791 0.000000 9.441416e-03 3.137606e-04 0.000000e+00 0.000000e+00 0.000000e+00 -4.696708e-06 0.000000e+00 0.000000e+00
85300 825.597292 21.422365 15.500000 0.998588 0.053130 0.000000 9.405272e-03 2.870037e-04 0.000000e+00 0.000000e+00 0.000000e+00 -2.410079e-05 0.000000e+00 0.000000e+00
85350 826.069590 21.434258 15.500000 0.998646 0.052018 0.000000 9.574854e-03 2.366970e-04 0.000000e+00 0.000000e+00 0.000000e+00 -2.940765e-05 0.000000e+00 0.000000e+00
85400 826.545097 21.448209 15.500000 0.998669 0.051568 0.000000 9.475854e-03 2.492690e-04 0.000000e+00 0.000000e+00 0.000000e+00 -2.536736e-05 0.000000e+00 0.000000e+00
85450 827.016594 21.459520 15.500000 0.998715 0.050684 0.000000 9.593709e-03 2.499875e-04 0.000000e+00 0.000000e+00 0.000000e+00 -1.729788e-05 0.000000e+00 0.000000e+00
85500 827.492584 21.471868 15.500000 0.998739 0.050195 0.000000 9.474423e-03 2.290984e-04 0.000000e+00 0.000000e+00 0.000000e+00 -1.519602e-05 0.000000e+00 0.000000e+00
85550 827.963595 21.482239 15.500000 0.998777 0.049447 0.000000 9.492137e-03 2.402535e-04 0.000000e+00 0.000000e+00 0.000000e+00 -1.774745e-05 0.000000e+00 0.000000e+00
85600 828.440236 21.493646 15.500000 0.998803 0.048913 0.000000 9.417274e-03 2.116293e-04 0.000000e+00 0.000000e+00 0.000000e+00 -9.565510e-06 0.000000e+00 0.000000e+00
85650 828.910668 21.503261 15.500000 0.998826 0.048445 0.000000 9.633015e-03 2.059936e-04 0.000000e+00 0.000000e+00 0.000000e+00 -2.584254e-05 0.000000e+00 0.000000e+00
85700 829.388211 21.513611 15.500000 0.998856 0.047829 0.000000 9.381981e-03 1.947631e-04 0.000000e+00 0.000000e+00 0.000000e+00 -3.862720e-06 0.000000e+00 0.000000e+00
85750 829.857624 21.522542 15.500000 0.998866 0.047607 0.000000 9.461673e-03 1.638809e-04 0.000000e+00 0.000000e+00 0.000000e+00 -4.679043e-05 0.000000e+00 0.000000e+00
85800 830.335633 21.532339 15.500000 0.998896 0.046980 0.000000 9.578585e-03 1.392593e-04 0.000000e+00 0.000000e+00 0.000000e+00 -1.273895e-06 0.000000e+00 0.000000e+00
85850 830.804985 21.540350 15.500000 0.998888 0.047137 0.000000 9.449450e-03 1.015110e-04 0.000000e+00 0.000000e+00 0.000000e+00 -1.595030e-05 0.000000e+00 0.000000e+00
85900 831.281647 21.549668 15.500000 0.998920 0.046455 0.000000 9.679168e-03 1.180343e-04 0.000000e+00 0.000000e+00 0.000000e+00 -1.408412e-05 0.000000e+00 0.000000e+00
85950 831.752298 21.557360 15.500000 0.998913 0.046615 0.000000 9.374971e-03 1.112591e-04 0.000000e+00 0.000000e+00 0.000000e+00 -5.810568e-06 0.000000e+00 0.000000e+00
86000 832.227404 21.566329 15.500000 0.998932 0.046207 0.000000 9.603609e-03 1.609545e-04 0.000000e+00 0.000000e+00 0.000000e+00 -6.322127e-06 0.000000e+00 0.000000e+00
86050 832.699587 21.573352 15.500000 0.998934 0.046159 0.000000 9.260122e-03 8.978100e-05 0.000000e+00 0.000000e+00 0.000000e+00 4.877334e-06 0.000000e+00 0.000000e+00
86100 833.173304 21.581669 15.500000 0.998943 0.045976 0.000000 9.548057e-03 1.602200e-04 0.000000e+00 0.000000e+00 0.000000e+00 -3.154164e-06 0.000000e+00 0.000000e+00
86150 833.646696 21.588774 15.500000 0.998946 0.045892 0.000000 9.329106e-03 1.920622e-05 0.000000e+00 0.000000e+00 0.000000e+00 -1.311834e-05 0.000000e+00 0.000000e+00
86200 834.119313 21.596449 15.500000 0.998948 0.045850 0.000000 9.387389e-03 1.447819e-04 0.000000e+00 0.000000e+00 0.000000e+00 -1.920283e-05 0.000000e+00 0.000000e+00
86250 834.592865 21.603539 15.500000 0.998957 0.045660 0.000000 9.425137e-03 9.333208e-05 0.000000e+00 0.000000e+00 0.000000e+00 1.630871e-06 0.000000e+00 0.000000e+00
86300 835.065236 21.610782 15.500000 0.998943 0.045962 0.000000 9.573281e-03 1.258988e-04 0.000000e+00 0.000000e+00 0.000000e+00 -1.146553e-05 0.000000e+00 0.000000e+00
86350 835.538011 21.617461 15.500000 0.998967 0.045452 0.000000 9.430678e-03 1.422831e-04 0.000000e+00 0.000000e+00 0.000000e+00 3.485936e-05 0.000000e+00 0.000000e+00
86400 836.009887 21.624887 15.500000 0.998932 0.046209 0.000000 9.507158e-03 1.121226e-04 0.000000e+00 0.000000e+00 0.000000e+00 -2.541604e-05 0.000000e+00 0.000000e+00
86450 836.482797 21.630727 15.500000 0.998974 0.045293 0.000000 9.374453e-03 1.481957e-04 0.000000e+00 0.000000e+00 0.000000e+00 3.028689e-05 0.000000e+00 0.000000e+00
86500 836.954642 21.638734 15.500000 0.998917 0.046518 0.000000 9.484562e-03 6.639721e-05 0.000000e+00 0.000000e+00 0.000000e+00 -2.822015e-05 0.000000e+00 0.000000e+00
86550 837.427764 21.644152 15.500000 0.998971 0.045348 0.000000 9.313806e-03 4.286632e-05 0.000000e+00 0.000000e+00 0.000000e+00 1.404381e-05 0.000000e+00 0.000000e+00
86600 837.898536 21.652750 15.500000 0.998904 0.046805 0.000000 9.475835e-03 9.412142e-05 0.000000e+00 0.000000e+00 0.000000e+00 1.196973e-05 0.000000e+00 0.000000e+00
86650 838.372221 21.658331 15.500000 0.998946 0.045902 0.000000 9.294679e-03 -1.113230e-04 0.000000e+00 0.000000e+00 0.000000e+00 -6.051260e-05 0.000000e+00 0.000000e+00
86700 838.842002 21.666637 15.500000 0.998891 0.047074 0.000000 9.402853e-03 1.492013e-04 0.000000e+00 0.000000e+00 0.000000e+00 3.409042e-05 0.000000e+00 0.000000e+00
86750 839.315919 21.672610 15.500000 0.998905 0.046784 0.000000 9.443721e-03 -2.882172e-06 0.000000e+00 0.000000e+00 0.000000e+00 -3.595796e-05 0.000000e+00 0.000000e+00
86800 839.784832 21.680398 15.500000 0.998885 0.047217 0.000000 9.458912e-03 1.569444e-04 0.000000e+00 0.000000e+00 0.000000e+00 6.034690e-05 0.000000e+00 0.000000e+00
86850 840.258184 21.686786 15.500000 0.998869 0.047547 0.000000 9.518185e-03 6.339963e-05 0.000000e+00 0.000000e+00 0.000000e+00 -8.227605e-06 0.000000e+00 0.000000e+00
86900 840.726496 21.694853 15.500000 0.998883 0.047257 0.000000 9.450334e-03 8.781484e-05 0.000000e+00 0.000000e+00 0.000000e+00 6.024117e-05 0.000000e+00 0.000000e+00
86950 841.199173 21.701301 15.500000 0.998845 0.048042 0.000000 9.449235e-03 1.070553e-04 0.000000e+00 0.000000e+00 0.000000e+00 1.126863e-05 0.000000e+00 0.000000e+00
87000 841.667116 21.709284 15.500000 0.998876 0.047408 0.000000 9.428467e-03 1.073118e-04 0.000000e+00 0.000000e+00 0.000000e+00 3.148500e-05 0.000000e+00 0.000000e+00
87050 842.138805 21.717046 15.500000 0.998841 0.048140 0.000000 9.312398e-03 1.284555e-04 0.000000e+00 0.000000e+00 0.000000e+00 1.431830e-07 0.000000e+00 0.000000e+00
87100 842.606053 21.724610 15.500000 0.998877 0.047380 0.000000 9.343284e-03 8.650483e-05 0.000000e+00 0.000000e+00 0.000000e+00 -2.526583e-07 0.000000e+00 0.000000e+00
87150 843.077727 21.732957 15.500000 0.998823 0.048506 0.000000 9.443582e-03 1.248981e-04 0.000000e+00 0.000000e+00 0.000000e+00 1.590137e-05 0.000000e+00 0.000000e+00
87200 843.544750 21.739583 15.500000 0.998864 0.047657 0.000000 9.246870e-03 1.050220e-04 0.000000e+00 0.000000e+00 0.000000e+00 -9.024743e-06 0.000000e+00 0.000000e+00
87250 844.014900 21.748370 15.500000 0.998796 0.049050 0.000000 9.525875e-03 5.551644e-05 0.000000e+00 0.000000e+00 0.000000e+00 -7.663983e-07 0.000000e+00 0.000000e+00
87300 844.483487 21.754512 15.500000 0.998826 0.048435 0.000000 9.275713e-03 5.276414e-05 0.000000e+00 0.000000e+00 0.000000e+00 2.606973e-05 0.000000e+00 0.000000e+00
87350 844.951678 21.763942 15.500000 0.998760 0.049792 0.000000 9.527529e-03 1.056192e-04 0.000000e+00 0.000000e+00 0.000000e+00 -2.250404e-06 0.000000e+00 0.000000e+00
87400 845.421218 21.770036 15.500000 0.998771 0.049556 0.000000 9.336054e-03 -8.153920e-05 0.000000e+00 0.000000e+00 0.000000e+00 -9.068162e-06 0.000000e+00 0.000000e+00
87450 845.887831 21.779935 15.500000 0.998720 0.050589 0.000000 9.432649e-03 9.239652e-05 0.000000e+00 0.000000e+00 0.000000e+00 7.498803e-06 0.000000e+00 0.000000e+00
87500 846.357609 21.786475 15.500000 0.998710 0.050771 0.000000 9.371191e-03 -6.721359e-05 0.000000e+00 0.000000e+00 0.000000e+00 1.188140e-05 0.000000e+00 0.000000e+00
87550 846.823852 21.796010 15.500000 0.998666 0.051643 0.000000 9.351013e-03 2.714380e-05 0.000000e+00 0.000000e+00 0.000000e+00 2.364359e-05 0.000000e+00 0.000000e+00
87600 847.293665 21.802965 15.500000 0.998641 0.052122 0.000000 9.368962e-03 -5.041448e-05 0.000000e+00 0.000000e+00 0.000000e+00 -2.920447e-06 0.000000e+00 0.000000e+00
87650 847.759688 21.812654 15.500000 0.998597 0.052952 0.000000 9.372351e-03 -6.480459e-05 0.000000e+00 0.000000e+00 0.000000e+00 3.947897e-05 0.000000e+00 0.000000e+00
87700 848.229261 21.820173 15.500000 0.998561 0.053636 0.000000 9.332526e-03 4.493658e-05 0.000000e+00 0.000000e+00 0.000000e+00 -1.433623e-05 0.000000e+00 0.000000e+00
87750 848.694651 21.830205 15.500000 0.998518 0.054418 0.000000 9.305425e-03 3.143482e-05 0.000000e+00 0.000000e+00 0.000000e+00 2.069803e-05 0.000000e+00 0.000000e+00
87800 849.163754 21.838456 15.500000 0.998457 0.055530 0.000000 9.375082e-03 7.598240e-05 0.000000e+00 0.000000e+00 0.000000e+00 6.317278e-06 0.000000e+00 0.000000e+00
87850 849.628664 21.848736 15.500000 0.998418 0.056219 0.000000 9.337695e-03 5.729624e-05 0.000000e+00 0.000000e+00 0.000000e+00 2.509997e-05 0.000000e+00 0.000000e+00
87900 850.096972 21.858124 15.500000 0.998342 0.057563 0.000000 9.371711e-03 1.103291e-04 0.000000e+00 0.000000e+00 0.000000e+00 1.446819e-05 0.000000e+00 0.000000e+00
87950 850.561844 21.868351 15.500000 0.998304 0.058216 0.000000 9.268321e-03 1.103310e-04 0.000000e+00 0.000000e+00 0.000000e+00 6.707448e-05 0.000000e+00 0.000000e+00
88000 851.029210 21.879554 15.500000 0.998206 0.059868 0.000000 9.413390e-03 1.020890e-04 0.000000e+00 0.000000e+00 0.000000e+00 7.557043e-06 0.000000e+00 0.000000e+00
88050 851.494982 21.890864 15.500000 0.998186 0.060214 0.000000 9.212954e-03 3.562693e-07 0.000000e+00 0.000000e+00 0.000000e+00 1.176208e-05 0.000000e+00 0.000000e+00
88100 851.961381 21.903140 15.500000 0.998105 0.061529 0.000000 9.388967e-03 1.752482e-04 0.000000e+00 0.000000e+00 0.000000e+00 3.648427e-05 0.000000e+00 0.000000e+00
88150 852.428297 21.915746 15.500000 0.998103 0.061570 0.000000 9.308007e-03 4.322982e-05 0.000000e+00 0.000000e+00 0.000000e+00 2.765600e-05 0.000000e+00 0.000000e+00
88200 852.894645 21.928893 15.500000 0.998052 0.062394 0.000000 9.368429e-03 1.549974e-04 0.000000e+00 0.000000e+00 0.000000e+00 1.881268e-05 0.000000e+00 0.000000e+00
88250 853.361435 21.941857 15.500000 0.998035 0.062657 0.000000 9.208833e-03 7.158137e-05 0.000000e+00 0.000000e+00 0.000000e+00 2.204222e-05 0.000000e+00 0.000000e+00
88300 853.825888 21.956906 15.500000 0.998025 0.062818 0.000000 9.436439e-03 -2.553535e-05 0.000000e+00 0.000000e+00 0.000000e+00 2.751633e-05 0.000000e+00 0.000000e+00
88350 854.292093 21.970541 15.500000 0.998008 0.063082 0.000000 9.297247e-03 8.214179e-05 0.000000e+00 0.000000e+00 0.000000e+00 -1.039108e-05 0.000000e+00 0.000000e+00
88400 854.754797 21.986424 15.500000 0.998015 0.062978 0.000000 9.373972e-03 -8.156767e-05 0.000000e+00 0.000000e+00 0.000000e+00 9.363878e-06 0.000000e+00 0.000000e+00
88450 855.220179 22.000129 15.500000 0.998026 0.062796 0.000000 9.265934e-03 1.834876e-05 0.000000e+00 0.000000e+00 0.000000e+00 -1.152795e-05 0.000000e+00 0.000000e+00
88500 855.682275 22.015003 15.500000 0.998023 0.062849 0.000000 9.291125e-03 -1.178320e-04 0.000000e+00 0.000000e+00 0.000000e+00 6.657534e-06 0.000000e+00 0.000000e+00
88550 856.148334 22.028360 15.500000 0.998021 0.062877 0.000000 9.299079e-03 6.103121e-05 0.000000e+00 0.000000e+00 0.000000e+00 2.117311e-05 0.000000e+00 0.000000e+00
88600 856.610143 22.042651 15.500000 0.998012 0.063028 0.000000 9.186237e-03 -3.729319e-04 0.000000e+00 0.000000e+00 0.000000e+00 -1.242044e-05 0.000000e+00 0.000000e+00
88650 857.077794 22.056385 15.500000 0.998058 0.062298 0.000000 9.283164e-03 1.036669e-04 0.000000e+00 0.000000e+00 0.000000e+00 -3.580108e-05 0.000000e+00 0.000000e+00
88700 857.542219 22.072591 15.500000 0.998102 0.061586 0.000000 9.282493e-03 -1.679565e-04 0.000000e+00 0.000000e+00 0.000000e+00 1.581804e-05 0.000000e+00 0.000000e+00
88750 858.010972 22.085042 15.500000 0.998177 0.060348 0.000000 9.474127e-03 1.402428e-04 0.000000e+00 0.000000e+00 0.000000e+00 -2.635785e-05 0.000000e+00 0.000000e+00
88800 858.478732 22.102193 15.500000 0.998228 0.059502 0.000000 9.260440e-03 -4.171191e-05 0.000000e+00 0.000000e+00 0.000000e+00 -4.597534e-05 0.000000e+00 0.000000e+00
88850 858.946105 22.114233 15.500000 0.998330 0.057762 0.000000 9.450846e-03 2.584385e-05 0.000000e+00 0.000000e+00 0.000000e+00 -6.165478e-05 0.000000e+00 0.000000e+00
88900 859.415368 22.130433 15.500000 0.998386 0.056799 0.000000 9.340809e-03 5.192593e-05 0.000000e+00 0.000000e+00 0.000000e+00 -2.629168e-05 0.000000e+00 0.000000e+00
88950 859.882316 22.141934 15.500000 0.998495 0.054843 0.000000 9.437498e-03 5.825475e-05 0.000000e+00 0.000000e+00 0.000000e+00 -5.341262e-05 0.000000e+00 0.000000e+00
89000 860.351750 22.156153 15.500000 0.998573 0.053398 0.000000 9.332591e-03 8.075381e-05 0.000000e+00 0.000000e+00 0.000000e+00 -8.333391e-06 0.000000e+00 0.000000e+00
89050 860.818466 22.166356 15.500000 0.998661 0.051739 0.000000 9.404025e-03 3.379526e-05 0.000000e+00 0.000000e+00 0.000000e+00 -3.986931e-05 0.000000e+00 0.000000e+00
89100 861.289141 22.178064 15.500000 0.998741 0.050172 0.000000 9.391289e-03 5.842449e-05 0.000000e+00 0.000000e+00 0.000000e+00 -1.267863e-05 0.000000e+00 0.000000e+00
89150 861.756159 22.187227 15.500000 0.998814 0.048694 0.000000 9.384505e-03 -1.060854e-04 0.000000e+00 0.000000e+00 0.000000e+00 -3.470270e-05 0.000000e+00 0.000000e+00
89200 862.227268 22.196315 15.500000 0.998889 0.047123 0.000000 9.363400e-03 7.735684e-05 0.000000e+00 0.000000e+00 0.000000e+00 -3.225716e-05 0.000000e+00 0.000000e+00
89250 862.694307 22.205132 15.500000 0.998936 0.046115 0.000000 9.426170e-03 -1.629380e-04 0.000000e+00 0.000000e+00 0.000000e+00 -9.012921e-05 0.000000e+00 0.000000e+00
89300 863.165700 22.211831 15.500000 0.999019 0.044275 0.000000 9.370468e-03 1.512055e-04 0.000000e+00 0.000000e+00 0.000000e+00 -1.756723e-05 0.000000e+00 0.000000e+00
89350 863.632922 22.220393 15.500000 0.999038 0.043846 0.000000 9.393213e-03 -1.871467e-04 0.000000e+00 0.000000e+00 0.000000e+00 -5.550620e-05 0.000000e+00 0.000000e+00
89400 864.104565 22.224359 15.500000 0.999129 0.041718 0.000000 9.431136e-03 2.044706e-04 0.000000e+00 0.000000e+00 0.000000e+00 5.023434e-06 0.000000e+00 0.000000e+00
89450 864.571863 22.232679 15.500000 0.999141 0.041448 0.000000 9.229237e-03 -9.489348e-05 0.000000e+00 0.000000e+00 0.000000e+00 -1.628411e-05 0.000000e+00 0.000000e+00
89500 865.042961 22.234439 15.500000 0.999229 0.039249 0.000000 9.540180e-03 1.948881e-05 0.000000e+00 0.000000e+00 0.000000e+00 -3.629773e-05 0.000000e+00 0.000000e+00
89550 865.511565 22.242276 15.500000 0.999238 0.039036 0.000000 9.242288e-03 -7.209216e-05 0.000000e+00 0.000000e+00 0.000000e+00 -1.072201e-05 0.000000e+00 0.000000e+00
89600 865.981045 22.242496 15.500000 0.999320 0.036876 0.000000 9.483794e-03 9.508502e-06 0.000000e+00 0.000000e+00 0.000000e+00 -2.848795e-05 0.000000e+00 0.000000e+00
89650 866.451456 22.249048 15.500000 0.999330 0.036603 0.000000 9.292586e-03 -5.314181e-05 0.000000e+00 0.000000e+00 0.000000e+00 5.991218e-05 0.000000e+00 0.000000e+00
89700 866.919485 22.247920 15.500000 0.999398 0.034706 0.000000 9.492199e-03 3.481601e-05 0.000000e+00 0.000000e+00 0.000000e+00 -5.347482e-05 0.000000e+00 0.000000e+00
89750 867.391024 22.252603 15.500000 0.999416 0.034161 0.000000 9.386028e-03 -6.026959e-05 0.000000e+00 0.000000e+00 0.000000e+00 3.409605e-05 0.000000e+00 0.000000e+00
89800 867.858183 22.251354 15.500000 0.999470 0.032560 0.000000 9.410972e-03 -9.851626e-05 0.000000e+00 0.000000e+00 0.000000e+00 -3.439154e-05 0.000000e+00 0.000000e+00
89850 868.329945 22.254062 15.500000 0.999499 0.031660 0.000000 9.396069e-03 -2.224497e-05 0.000000e+00 0.000000e+00 0.000000e+00 4.374216e-05 0.000000e+00 0.000000e+00
89900 868.797288 22.252817 15.500000 0.999535 0.030481 0.000000 9.336766e-03 -1.948550e-04 0.000000e+00 0.000000e+00 0.000000e+00 -6.356260e-05 0.000000e+00 0.000000e+00
89950 869.269101 22.253134 15.500000 0.999575 0.029157 0.000000 9.412612e-03 -4.746738e-05 0.000000e+00 0.000000e+00 0.000000e+00 -2.298476e-05 0.000000e+00 0.000000e+00
90000 869.736699 22.252408 15.500000 0.999593 0.028523 0.000000 9.395162e-03 -3.758358e-04 0.000000e+00 0.000000e+00 0.000000e+00 -9.414099e-05 0.000000e+00 0.000000e+00
