# t X Y Z ex ey ez Ux Uy Uz Wx Wy Wz Fwall_y Fwall_z
50 31.833184 16.692820 15.500000 0.866043 0.499969 0.000000 7.914593e-03 4.618303e-03 0.000000e+00 0.000000e+00 0.000000e+00 -7.506243e-06 0.000000e+00 0.000000e+00
100 32.242071 16.927380 15.500000 0.865297 0.501259 0.000000 8.326938e-03 4.697557e-03 0.000000e+00 0.000000e+00 0.000000e+00 2.430821e-05 0.000000e+00 0.000000e+00
150 32.656209 17.170187 15.500000 0.866470 0.499230 0.000000 8.296539e-03 4.925714e-03 0.000000e+00 0.000000e+00 0.000000e+00 -6.029629e-05 0.000000e+00 0.000000e+00
200 33.078364 17.414482 15.500000 0.866554 0.499083 0.000000 8.622235e-03 4.918815e-03 0.000000e+00 0.000000e+00 0.000000e+00 4.062255e-05 0.000000e+00 0.000000e+00
250 33.505909 17.658644 15.500000 0.865284 0.501281 0.000000 8.502199e-03 4.865784e-03 0.000000e+00 0.000000e+00 0.000000e+00 4.267007e-05 0.000000e+00 0.000000e+00
300 33.938497 17.914237 15.500000 0.865544 0.500833 0.000000 8.741325e-03 5.243811e-03 0.000000e+00 0.000000e+00 0.000000e+00 -4.119801e-05 0.000000e+00 0.000000e+00
350 34.370900 18.163597 15.500000 0.866085 0.499897 0.000000 8.536318e-03 4.930736e-03 0.000000e+00 0.000000e+00 0.000000e+00 -5.079864e-05 0.000000e+00 0.000000e+00
400 34.797244 18.413291 15.500000 0.867154 0.498041 0.000000 8.653661e-03 4.922428e-03 0.000000e+00 0.000000e+00 0.000000e+00 1.565330e-05 0.000000e+00 0.000000e+00
450 35.235455 18.661357 15.500000 0.866153 0.499778 0.000000 8.645947e-03 4.860701e-03 0.000000e+00 0.000000e+00 0.000000e+00 5.056558e-05 0.000000e+00 0.000000e+00
500 35.667240 18.910182 15.500000 0.865972 0.500092 0.000000 8.697350e-03 5.090489e-03 0.000000e+00 0.000000e+00 0.000000e+00 -7.198222e-06 0.000000e+00 0.000000e+00
550 36.099227 19.164064 15.500000 0.866601 0.499002 0.000000 8.645919e-03 4.978901e-03 0.000000e+00 0.000000e+00 0.000000e+00 -8.569423e-06 0.000000e+00 0.000000e+00
600 36.530007 19.410130 15.500000 0.867195 0.497969 0.000000 8.595017e-03 4.902579e-03 0.000000e+00 0.000000e+00 0.000000e+00 -1.921849e-05 0.000000e+00 0.000000e+00
650 36.966286 19.659220 15.500000 0.867635 0.497202 0.000000 8.834232e-03 5.000946e-03 0.000000e+00 0.000000e+00 0.000000e+00 3.729380e-05 0.000000e+00 0.000000e+00
700 37.406157 19.907208 15.500000 0.867270 0.497838 0.000000 8.712534e-03 4.982766e-03 0.000000e+00 0.000000e+00 0.000000e+00 5.536502e-06 0.000000e+00 0.000000e+00
750 37.835042 20.159910 15.500000 0.868588 0.495534 0.000000 8.510997e-03 4.982881e-03 0.000000e+00 0.000000e+00 0.000000e+00 -3.998477e-05 0.000000e+00 0.000000e+00
800 38.266928 20.404647 15.500000 0.868469 0.495743 0.000000 8.673216e-03 4.916571e-03 0.000000e+00 0.000000e+00 0.000000e+00 1.054431e-05 0.000000e+00 0.000000e+00
850 38.696048 20.650218 15.500000 0.868453 0.495772 0.000000 8.785337e-03 5.141219e-03 0.000000e+00 0.000000e+00 0.000000e+00 -1.480349e-05 0.000000e+00 0.000000e+00
900 39.136536 20.905415 15.500000 0.868499 0.495692 0.000000 8.717129e-03 4.906666e-03 0.000000e+00 0.000000e+00 0.000000e+00 3.061481e-05 0.000000e+00 0.000000e+00
950 39.567785 21.152823 15.500000 0.869605 0.493749 0.000000 8.497357e-03 4.982543e-03 0.000000e+00 0.000000e+00 0.000000e+00 -8.694761e-05 0.000000e+00 0.000000e+00
1000 39.995462 21.399884 15.500000 0.870481 0.492201 0.000000 8.751976e-03 4.848314e-03 0.000000e+00 0.000000e+00 0.000000e+00 2.101353e-05 0.000000e+00 0.000000e+00
1050 40.429873 21.642410 15.500000 0.869437 0.494044 0.000000 8.555230e-03 4.861147e-03 0.000000e+00 0.000000e+00 0.000000e+00 2.292108e-05 0.000000e+00 0.000000e+00
1100 40.860766 21.893820 15.500000 0.869921 0.493192 0.000000 8.653619e-03 5.120906e-03 0.000000e+00 0.000000e+00 0.000000e+00 -3.292549e-05 0.000000e+00 0.000000e+00
1150 41.293474 22.141243 15.500000 0.870754 0.491720 0.000000 8.490550e-03 4.781465e-03 0.000000e+00 0.000000e+00 0.000000e+00 -4.888210e-05 0.000000e+00 0.000000e+00
1200 41.716968 22.386482 15.500000 0.872408 0.488779 0.000000 8.458624e-03 4.806343e-03 0.000000e+00 0.000000e+00 0.000000e+00 -1.152210e-05 0.000000e+00 0.000000e+00
1250 42.150643 22.629124 15.500000 0.871790 0.489881 0.000000 8.685367e-03 4.781955e-03 0.000000e+00 0.000000e+00 0.000000e+00 2.083760e-05 0.000000e+00 0.000000e+00
1300 42.578444 22.869341 15.500000 0.871763 0.489927 0.000000 8.542768e-03 4.998125e-03 0.000000e+00 0.000000e+00 0.000000e+00 -5.374285e-05 0.000000e+00 0.000000e+00
1350 43.004068 23.117449 15.500000 0.872997 0.487725 0.000000 8.518184e-03 4.854928e-03 0.000000e+00 0.000000e+00 0.000000e+00 -3.166613e-05 0.000000e+00 0.000000e+00
1400 43.429646 23.355550 15.500000 0.873895 0.486115 0.000000 8.474744e-03 4.745444e-03 0.000000e+00 0.000000e+00 0.000000e+00 -5.312051e-05 0.000000e+00 0.000000e+00
1450 43.855061 23.593610 15.500000 0.875054 0.484026 0.000000 8.714051e-03 4.880848e-03 0.000000e+00 0.000000e+00 0.000000e+00 -7.730752e-06 0.000000e+00 0.000000e+00
1500 44.288089 23.831306 15.500000 0.875261 0.483651 0.000000 8.558624e-03 4.725345e-03 0.000000e+00 0.000000e+00 0.000000e+00 -1.274873e-05 0.000000e+00 0.000000e+00
1550 44.711362 24.073158 15.500000 0.876871 0.480727 0.000000 8.268799e-03 4.905023e-03 0.000000e+00 0.000000e+00 0.000000e+00 -9.332961e-05 0.000000e+00 0.000000e+00
1600 45.130693 24.307290 15.500000 0.877893 0.478857 0.000000 8.434737e-03 4.505514e-03 0.000000e+00 0.000000e+00 0.000000e+00 -1.298065e-05 0.000000e+00 0.000000e+00
1650 45.549029 24.535462 15.500000 0.878692 0.477389 0.000000 8.297395e-03 4.580146e-03 0.000000e+00 0.000000e+00 0.000000e+00 -4.333185e-05 0.000000e+00 0.000000e+00
1700 45.973586 24.773065 15.500000 0.879851 0.475249 0.000000 8.550187e-03 4.719546e-03 0.000000e+00 0.000000e+00 0.000000e+00 -1.501727e-05 0.000000e+00 0.000000e+00
1750 46.399123 25.003237 15.500000 0.880835 0.473423 0.000000 8.286569e-03 4.654320e-03 0.000000e+00 0.000000e+00 0.000000e+00 -1.238260e-04 0.000000e+00 0.000000e+00
1800 46.810485 25.234927 15.500000 0.883425 0.468572 0.000000 8.259062e-03 4.499925e-03 0.000000e+00 0.000000e+00 0.000000e+00 -7.865627e-05 0.000000e+00 0.000000e+00
1850 47.226915 25.456159 15.500000 0.884083 0.467330 0.000000 8.366824e-03 4.366469e-03 0.000000e+00 0.000000e+00 0.000000e+00 -9.522522e-06 0.000000e+00 0.000000e+00
1900 47.635964 25.675208 15.500000 0.884916 0.465751 0.000000 8.283329e-03 4.529726e-03 0.000000e+00 0.000000e+00 0.000000e+00 -4.662980e-05 0.000000e+00 0.000000e+00
1950 48.055975 25.903721 15.500000 0.887112 0.461553 0.000000 8.439355e-03 4.446964e-03 0.000000e+00 0.000000e+00 0.000000e+00 -6.701115e-05 0.000000e+00 0.000000e+00
2000 48.466508 26.120994 15.500000 0.889609 0.456723 0.000000 8.043937e-03 4.367818e-03 0.000000e+00 0.000000e+00 0.000000e+00 -1.640022e-04 0.000000e+00 0.000000e+00
2050 48.866866 26.332643 15.500000 0.893025 0.450006 0.000000 8.081284e-03 4.184735e-03 0.000000e+00 0.000000e+00 0.000000e+00 -1.050447e-04 0.000000e+00 0.000000e+00
2100 49.276094 26.534505 15.500000 0.894462 0.447144 0.000000 8.088885e-03 3.915668e-03 0.000000e+00 0.000000e+00 0.000000e+00 -5.394916e-05 -5.879190e-06 0.000000e+00
2150 49.674803 26.733915 15.500000 0.896723 0.442592 0.000000 8.089468e-03 4.248578e-03 0.000000e+00 0.000000e+00 0.000000e+00 -1.731950e-04 -3.314181e-04 0.000000e+00
2200 50.083869 26.938577 15.500000 0.900574 0.434703 0.000000 8.227156e-03 3.900532e-03 0.000000e+00 0.000000e+00 0.000000e+00 -1.446661e-04 -1.187168e-03 0.000000e+00
2250 50.480000 27.130859 15.500000 0.904949 0.425521 0.000000 7.741427e-03 3.780255e-03 0.000000e+00 0.000000e+00 0.000000e+00 -2.658793e-04 -2.470719e-03 0.000000e+00
2300 50.865568 27.308229 15.500000 0.910084 0.414424 0.000000 7.752002e-03 3.443491e-03 0.000000e+00 0.000000e+00 0.000000e+00 -2.086588e-04 -4.069491e-03 0.000000e+00
2350 51.256864 27.467715 15.500000 0.913456 0.406938 0.000000 7.686706e-03 3.041561e-03 0.000000e+00 0.000000e+00 0.000000e+00 -1.678077e-04 -5.847103e-03 0.000000e+00
2400 51.633728 27.618630 15.500000 0.918164 0.396200 0.000000 7.555759e-03 3.028447e-03 0.000000e+00 0.000000e+00 0.000000e+00 -2.535886e-04 -7.819845e-03 0.000000e+00
2450 52.023121 27.773909 15.500000 0.924407 0.381408 0.000000 7.835416e-03 2.931634e-03 0.000000e+00 0.000000e+00 0.000000e+00 -3.102801e-04 -1.014975e-02 0.000000e+00
2500 52.409720 27.922090 15.500000 0.931196 0.364519 0.000000 7.592490e-03 2.938917e-03 0.000000e+00 0.000000e+00 0.000000e+00 -3.900440e-04 -1.265428e-02 0.000000e+00
2550 52.786962 28.000000 15.500000 0.939435 0.342727 0.000000 7.553308e-03 0.000000e+00 0.000000e+00 0.000000e+00 0.000000e+00 -4.824573e-04 -1.413717e-02 0.000000e+00
2600 53.168639 28.000000 15.500000 0.947742 0.319037 0.000000 7.774789e-03 0.000000e+00 0.000000e+00 0.000000e+00 0.000000e+00 -5.313059e-04 -1.413717e-02 0.000000e+00
2650 53.548761 28.000000 15.500000 0.955767 0.294125 0.000000 7.645232e-03 0.000000e+00 0.000000e+00 0.000000e+00 0.000000e+00 -5.475495e-04 -1.413717e-02 0.000000e+00
2700 53.936369 28.000000 15.500000 0.962705 0.270553 0.000000 7.783988e-03 0.000000e+00 0.000000e+00 0.000000e+00 0.000000e+00 -4.932548e-04 -1.413717e-02 0.000000e+00
2750 54.331363 28.000000 15.500000 0.969263 0.246027 0.000000 7.893560e-03 0.000000e+00 0.000000e+00 0.000000e+00 0.000000e+00 -5.279548e-04 -1.413717e-02 0.000000e+00
2800 54.726933 28.000000 15.500000 0.975303 0.220870 0.000000 7.954468e-03 0.000000e+00 0.000000e+00 0.000000e+00 0.000000e+00 -4.563770e-04 -1.413717e-02 0.000000e+00
2850 55.132837 28.000000 15.500000 0.980433 0.196854 0.000000 8.207507e-03 0.000000e+00 0.000000e+00 0.000000e+00 0.000000e+00 -5.308077e-04 -1.413717e-02 0.000000e+00
2900 55.540518 28.000000 15.500000 0.985187 0.171481 0.000000 8.179913e-03 0.000000e+00 0.000000e+00 0.000000e+00 0.000000e+00 -5.288880e-04 -1.413717e-02 0.000000e+00
2950 55.954700 28.000000 15.500000 0.989000 0.147914 0.000000 8.268517e-03 0.000000e+00 0.000000e+00 0.000000e+00 0.000000e+00 -4.836256e-04 -1.413717e-02 0.000000e+00
3000 56.376287 28.000000 15.500000 0.992404 0.123022 0.000000 8.384160e-03 0.000000e+00 0.000000e+00 0.000000e+00 0.000000e+00 -5.216622e-04 -1.413717e-02 0.000000e+00
3050 56.798333 28.000000 15.500000 0.995115 0.098726 0.000000 8.533708e-03 0.000000e+00 0.000000e+00 0.000000e+00 0.000000e+00 -4.565026e-04 -1.413717e-02 0.000000e+00
3100 57.230308 28.000000 15.500000 0.997215 0.074575 0.000000 8.627969e-03 0.000000e+00 0.000000e+00 0.000000e+00 0.000000e+00 -4.859970e-04 -1.413717e-02 0.000000e+00
3150 57.661985 28.000000 15.500000 0.998748 0.050021 0.000000 8.682614e-03 0.000000e+00 0.000000e+00 0.000000e+00 0.000000e+00 -4.502833e-04 -1.413717e-02 0.000000e+00
3200 58.100951 28.000000 15.500000 0.999629 0.027228 0.000000 8.831545e-03 0.000000e+00 0.000000e+00 0.000000e+00 0.000000e+00 -5.031209e-04 -1.413717e-02 0.000000e+00
3250 58.541613 28.000000 15.500000 0.999996 0.002957 0.000000 8.812186e-03 0.000000e+00 0.000000e+00 0.000000e+00 0.000000e+00 -4.839468e-04 -1.413717e-02 0.000000e+00
3300 58.986823 28.000000 15.500000 0.999815 -0.019216 0.000000 8.995509e-03 0.000000e+00 0.000000e+00 0.000000e+00 0.000000e+00 -4.517937e-04 -1.413717e-02 0.000000e+00
3350 59.437031 28.000000 15.500000 0.999078 -0.042929 0.000000 8.903964e-03 0.000000e+00 0.000000e+00 0.000000e+00 0.000000e+00 -4.424349e-04 -1.413717e-02 0.000000e+00
3400 59.887951 28.000000 15.500000 0.997905 -0.064702 0.000000 9.177631e-03 0.000000e+00 0.000000e+00 0.000000e+00 0.000000e+00 -4.259048e-04 -1.413717e-02 0.000000e+00
3450 60.344617 28.000000 15.500000 0.996164 -0.087509 0.000000 9.125303e-03 0.000000e+00 0.000000e+00 0.000000e+00 0.000000e+00 -4.463736e-04 -1.413717e-02 0.000000e+00
3500 60.800032 28.000000 15.500000 0.994049 -0.108931 0.000000 9.176604e-03 0.000000e+00 0.000000e+00 0.000000e+00 0.000000e+00 -3.973899e-04 -1.413717e-02 0.000000e+00
3550 61.261890 28.000000 15.500000 0.991422 -0.130699 0.000000 9.201290e-03 0.000000e+00 0.000000e+00 0.000000e+00 0.000000e+00 -4.455113e-04 -1.413717e-02 0.000000e+00
3600 61.721897 27.998959 15.500000 0.988424 -0.151717 0.000000 9.193198e-03 -1.735984e-04 0.000000e+00 0.000000e+00 0.000000e+00 -3.765095e-04 -1.412081e-02 0.000000e+00
3650 62.187365 27.995120 15.500000 0.985059 -0.172218 0.000000 9.333975e-03 -3.276778e-05 0.000000e+00 0.000000e+00 0.000000e+00 -4.335109e-04 -1.404594e-02 0.000000e+00
3700 62.651348 27.982397 15.500000 0.981264 -0.192669 0.000000 9.335766e-03 -4.786558e-04 0.000000e+00 0.000000e+00 0.000000e+00 -3.837007e-04 -1.381623e-02 0.000000e+00
3750 63.119130 27.961625 15.500000 0.977324 -0.211750 0.000000 9.340598e-03 -4.956148e-04 0.000000e+00 0.000000e+00 0.000000e+00 -4.132104e-04 -1.343217e-02 0.000000e+00
3800 63.587225 27.933358 15.500000 0.973087 -0.230440 0.000000 9.376997e-03 -1.593855e-03 0.000000e+00 0.000000e+00 0.000000e+00 -3.353794e-04 -1.293763e-02 0.000000e+00
3850 64.057406 27.883544 15.500000 0.968844 -0.247671 0.000000 9.488077e-03 -3.735712e-03 0.000000e+00 0.000000e+00 0.000000e+00 -3.587560e-04 -1.209227e-02 0.000000e+00
3900 64.528476 27.724461 15.500000 0.965994 -0.258563 0.000000 9.542582e-03 -9.776380e-03 0.000000e+00 0.000000e+00 0.000000e+00 -1.452818e-04 -9.571447e-03 0.000000e+00
3950 65.013561 27.248122 15.500000 0.965046 -0.262079 0.000000 1.012314e-02 -1.287191e-02 0.000000e+00 0.000000e+00 0.000000e+00 -1.083917e-04 -3.638671e-03 0.000000e+00
4000 65.503562 27.000886 15.500000 0.963388 -0.268112 0.000000 9.593196e-03 -1.087210e-03 0.000000e+00 0.000000e+00 0.000000e+00 -1.157405e-04 -1.583217e-03 0.000000e+00
4050 65.985102 26.896853 15.500000 0.962205 -0.272325 0.000000 9.699139e-03 -1.214920e-03 0.000000e+00 0.000000e+00 0.000000e+00 -1.193978e-04 -9.956200e-04 0.000000e+00
4100 66.467800 26.814184 15.500000 0.961107 -0.276178 0.000000 9.592028e-03 -1.561548e-03 0.000000e+00 0.000000e+00 0.000000e+00 -4.916656e-05 -6.264023e-04 0.000000e+00
4150 66.948749 26.729337 15.500000 0.960127 -0.279564 0.000000 9.689855e-03 -1.647601e-03 0.000000e+00 0.000000e+00 0.000000e+00 -9.130788e-05 -3.352331e-04 0.000000e+00
4200 67.436255 26.645985 15.500000 0.958876 -0.283824 0.000000 9.655523e-03 -1.603855e-03 0.000000e+00 0.000000e+00 0.000000e+00 -5.679061e-05 -1.368629e-04 0.000000e+00
4250 67.923420 26.558925 15.500000 0.957840 -0.287301 0.000000 9.910640e-03 -1.790944e-03 0.000000e+00 0.000000e+00 0.000000e+00 -1.094402e-04 -2.316258e-05 0.000000e+00
4300 68.415098 26.466390 15.500000 0.956351 -0.292221 0.000000 9.623653e-03 -1.957531e-03 0.000000e+00 0.000000e+00 0.000000e+00 -6.472101e-05 0.000000e+00 0.000000e+00
4350 68.906368 26.370332 15.500000 0.955198 -0.295968 0.000000 9.973290e-03 -2.086600e-03 0.000000e+00 0.000000e+00 0.000000e+00 -6.003442e-05 0.000000e+00 0.000000e+00
4400 69.402964 26.270756 15.500000 0.953807 -0.300419 0.000000 9.813470e-03 -1.892570e-03 0.000000e+00 0.000000e+00 0.000000e+00 -1.225501e-04 0.000000e+00 0.000000e+00
4450 69.892635 26.165603 15.500000 0.953129 -0.302565 0.000000 9.907490e-03 -2.227414e-03 0.000000e+00 0.000000e+00 0.000000e+00 -3.069164e-05 0.000000e+00 0.000000e+00
4500 70.388149 26.058667 15.500000 0.952195 -0.305491 0.000000 9.769541e-03 -2.206255e-03 0.000000e+00 0.000000e+00 0.000000e+00 -3.496662e-05 0.000000e+00 0.000000e+00
4550 70.873406 25.948545 15.500000 0.952090 -0.305819 0.000000 9.750872e-03 -2.234612e-03 0.000000e+00 0.000000e+00 0.000000e+00 -3.508533e-05 0.000000e+00 0.000000e+00
4600 71.360947 25.840161 15.500000 0.951789 -0.306752 0.000000 9.651522e-03 -2.237896e-03 0.000000e+00 0.000000e+00 0.000000e+00 1.771175e-05 0.000000e+00 0.000000e+00
4650 71.845370 25.728243 15.500000 0.951786 -0.306763 0.000000 9.753794e-03 -2.247939e-03 0.000000e+00 0.000000e+00 0.000000e+00 -2.234806e-05 0.000000e+00 0.000000e+00
4700 72.335023 25.616315 15.500000 0.951107 -0.308862 0.000000 9.760573e-03 -2.382215e-03 0.000000e+00 0.000000e+00 0.000000e+00 -1.098437e-05 0.000000e+00 0.000000e+00
4750 72.824152 25.501571 15.500000 0.950920 -0.309438 0.000000 1.004239e-02 -2.247718e-03 0.000000e+00 0.000000e+00 0.000000e+00 -4.632721e-05 0.000000e+00 0.000000e+00
4800 73.321804 25.383390 15.500000 0.949956 -0.312384 0.000000 9.835233e-03 -2.368572e-03 0.000000e+00 0.000000e+00 0.000000e+00 -8.227827e-05 0.000000e+00 0.000000e+00
4850 73.812174 25.258401 15.500000 0.949406 -0.314053 0.000000 9.889797e-03 -2.602374e-03 0.000000e+00 0.000000e+00 0.000000e+00 -4.444128e-06 0.000000e+00 0.000000e+00
4900 74.308788 25.131449 15.500000 0.948761 -0.315993 0.000000 9.864450e-03 -2.519978e-03 0.000000e+00 0.000000e+00 0.000000e+00 -3.929875e-05 0.000000e+00 0.000000e+00
4950 74.797265 25.002636 15.500000 0.948597 -0.316486 0.000000 9.718083e-03 -2.602782e-03 0.000000e+00 0.000000e+00 0.000000e+00 1.727928e-05 0.000000e+00 0.000000e+00
5000 75.285966 24.876227 15.500000 0.948711 -0.316146 0.000000 9.761443e-03 -2.448426e-03 0.000000e+00 0.000000e+00 0.000000e+00 1.303430e-05 0.000000e+00 0.000000e+00
5050 75.770126 24.748137 15.500000 0.949104 -0.314962 0.000000 9.699812e-03 -2.462862e-03 0.000000e+00 0.000000e+00 0.000000e+00 -1.724868e-05 0.000000e+00 0.000000e+00
5100 76.259549 24.622933 15.500000 0.948676 -0.316249 0.000000 9.765829e-03 -2.579930e-03 0.000000e+00 0.000000e+00 0.000000e+00 -7.929385e-06 0.000000e+00 0.000000e+00
5150 76.746598 24.493258 15.500000 0.948701 -0.316175 0.000000 1.004822e-02 -2.561259e-03 0.000000e+00 0.000000e+00 0.000000e+00 9.919009e-07 0.000000e+00 0.000000e+00
5200 77.245261 24.363175 15.500000 0.948214 -0.317632 0.000000 9.810581e-03 -2.553962e-03 0.000000e+00 0.000000e+00 0.000000e+00 -6.165059e-05 0.000000e+00 0.000000e+00
5250 77.734066 24.230961 15.500000 0.947814 -0.318825 0.000000 9.943436e-03 -2.898012e-03 0.000000e+00 0.000000e+00 0.000000e+00 3.650983e-05 0.000000e+00 0.000000e+00
5300 78.229466 24.092946 15.500000 0.947613 -0.319422 0.000000 9.913446e-03 -2.665858e-03 0.000000e+00 0.000000e+00 0.000000e+00 -4.440526e-05 0.000000e+00 0.000000e+00
5350 78.717080 23.955965 15.500000 0.947932 -0.318474 0.000000 9.629707e-03 -2.899902e-03 0.000000e+00 0.000000e+00 0.000000e+00 2.734571e-05 0.000000e+00 0.000000e+00
5400 79.203577 23.820720 15.500000 0.948039 -0.318153 0.000000 9.715588e-03 -2.672797e-03 0.000000e+00 0.000000e+00 0.000000e+00 1.525375e-05 0.000000e+00 0.000000e+00
5450 79.688082 23.683039 15.500000 0.948572 -0.316562 0.000000 9.604831e-03 -2.654769e-03 0.000000e+00 0.000000e+00 0.000000e+00 -8.672218e-06 0.000000e+00 0.000000e+00
5500 80.179841 23.548382 15.500000 0.948064 -0.318080 0.000000 9.860084e-03 -2.735029e-03 0.000000e+00 0.000000e+00 0.000000e+00 -4.992027e-05 0.000000e+00 0.000000e+00
5550 80.665253 23.409945 15.500000 0.947589 -0.319493 0.000000 9.749065e-03 -2.767442e-03 0.000000e+00 0.000000e+00 0.000000e+00 -2.499488e-05 0.000000e+00 0.000000e+00
5600 81.163740 23.266029 15.500000 0.947399 -0.320056 0.000000 9.906498e-03 -2.824290e-03 0.000000e+00 0.000000e+00 0.000000e+00 -2.624269e-05 0.000000e+00 0.000000e+00
5650 81.652930 23.124499 15.500000 0.947005 -0.321220 0.000000 9.775926e-03 -2.889414e-03 0.000000e+00 0.000000e+00 0.000000e+00 2.329634e-06 0.000000e+00 0.000000e+00
5700 82.142905 22.977592 15.500000 0.947093 -0.320958 0.000000 9.763606e-03 -2.783980e-03 0.000000e+00 0.000000e+00 0.000000e+00 3.249726e-06 0.000000e+00 0.000000e+00
5750 82.627500 22.835820 15.500000 0.947728 -0.319080 0.000000 9.639061e-03 -2.934118e-03 0.000000e+00 0.000000e+00 0.000000e+00 8.116569e-05 0.000000e+00 0.000000e+00
5800 83.112813 22.694849 15.500000 0.947759 -0.318988 0.000000 9.858143e-03 -2.718446e-03 0.000000e+00 0.000000e+00 0.000000e+00 -2.893765e-05 0.000000e+00 0.000000e+00
5850 83.598580 22.554441 15.500000 0.947903 -0.318560 0.000000 9.701890e-03 -2.857577e-03 0.000000e+00 0.000000e+00 0.000000e+00 2.184953e-05 0.000000e+00 0.000000e+00
5900 84.093773 22.410955 15.500000 0.947751 -0.319011 0.000000 1.004223e-02 -2.957049e-03 0.000000e+00 0.000000e+00 0.000000e+00 -4.838529e-05 0.000000e+00 0.000000e+00
5950 84.583147 22.268457 15.500000 0.947109 -0.320913 0.000000 9.631624e-03 -2.926579e-03 0.000000e+00 0.000000e+00 0.000000e+00 9.721511e-06 0.000000e+00 0.000000e+00
6000 85.075475 22.116375 15.500000 0.947365 -0.320157 0.000000 9.901481e-03 -2.970994e-03 0.000000e+00 0.000000e+00 0.000000e+00 -3.112503e-05 0.000000e+00 0.000000e+00
6050 85.563777 21.970115 15.500000 0.947434 -0.319951 0.000000 9.660675e-03 -3.024773e-03 0.000000e+00 0.000000e+00 0.000000e+00 3.397515e-05 0.000000e+00 0.000000e+00
6100 86.048152 21.822768 15.500000 0.947773 -0.318945 0.000000 9.836122e-03 -2.845966e-03 0.000000e+00 0.000000e+00 0.000000e+00 1.574070e-05 0.000000e+00 0.000000e+00
6150 86.534152 21.677269 15.500000 0.948290 -0.317404 0.000000 9.710069e-03 -3.065663e-03 0.000000e+00 0.000000e+00 0.000000e+00 5.276260e-05 0.000000e+00 0.000000e+00
6200 87.023011 21.532822 15.500000 0.948168 -0.317771 0.000000 9.921523e-03 -2.886807e-03 0.000000e+00 0.000000e+00 0.000000e+00 -1.586825e-05 0.000000e+00 0.000000e+00
6250 87.512597 21.386298 15.500000 0.947652 -0.319305 0.000000 9.730723e-03 -2.938830e-03 0.000000e+00 0.000000e+00 0.000000e+00 -2.614457e-05 0.000000e+00 0.000000e+00
6300 88.003476 21.232629 15.500000 0.947547 -0.319617 0.000000 9.914661e-03 -3.063828e-03 0.000000e+00 0.000000e+00 0.000000e+00 -2.209469e-05 0.000000e+00 0.000000e+00
6350 88.495181 21.082020 15.500000 0.947167 -0.320742 0.000000 9.724475e-03 -2.971565e-03 0.000000e+00 0.000000e+00 0.000000e+00 -4.686453e-06 0.000000e+00 0.000000e+00
6400 88.979235 20.929011 15.500000 0.947544 -0.319625 0.000000 9.653797e-03 -2.955226e-03 0.000000e+00 0.000000e+00 0.000000e+00 -1.126920e-06 0.000000e+00 0.000000e+00
6450 89.464671 20.781477 15.500000 0.948035 -0.318167 0.000000 9.650510e-03 -3.058237e-03 0.000000e+00 0.000000e+00 0.000000e+00 6.830497e-05 0.000000e+00 0.000000e+00
6500 89.948068 20.632007 15.500000 0.948255 -0.317510 0.000000 9.767953e-03 -3.004971e-03 0.000000e+00 0.000000e+00 0.000000e+00 4.565937e-06 0.000000e+00 0.000000e+00
6550 90.435483 20.483927 15.500000 0.947763 -0.318977 0.000000 9.603688e-03 -3.002033e-03 0.000000e+00 0.000000e+00 0.000000e+00 -1.729351e-05 0.000000e+00 0.000000e+00
6600 90.924619 20.331182 15.500000 0.947681 -0.319219 0.000000 9.859165e-03 -3.073223e-03 0.000000e+00 0.000000e+00 0.000000e+00 -5.828214e-07 0.000000e+00 0.000000e+00
6650 91.417011 20.179044 15.500000 0.947258 -0.320472 0.000000 9.714332e-03 -3.007532e-03 0.000000e+00 0.000000e+00 0.000000e+00 -3.105452e-05 0.000000e+00 0.000000e+00
6700 91.902401 20.022194 15.500000 0.947264 -0.320453 0.000000 9.753577e-03 -3.197804e-03 0.000000e+00 0.000000e+00 0.000000e+00 3.132962e-05 0.000000e+00 0.000000e+00
6750 92.387394 19.870654 15.500000 0.947646 -0.319323 0.000000 9.605422e-03 -2.987995e-03 0.000000e+00 0.000000e+00 0.000000e+00 3.351077e-05 0.000000e+00 0.000000e+00
6800 92.868458 19.718225 15.500000 0.948257 -0.317503 0.000000 9.663172e-03 -3.056203e-03 0.000000e+00 0.000000e+00 0.000000e+00 9.673763e-06 0.000000e+00 0.000000e+00
6850 93.355101 19.568933 15.500000 0.947978 -0.318337 0.000000 9.669606e-03 -3.020649e-03 0.000000e+00 0.000000e+00 0.000000e+00 -2.103114e-07 0.000000e+00 0.000000e+00
6900 93.840780 19.417105 15.500000 0.948050 -0.318122 0.000000 9.929699e-03 -3.088623e-03 0.000000e+00 0.000000e+00 0.000000e+00 3.439386e-06 0.000000e+00 0.000000e+00
6950 94.333422 19.263788 15.500000 0.947678 -0.319228 0.000000 9.757821e-03 -2.959827e-03 0.000000e+00 0.000000e+00 0.000000e+00 -6.716468e-05 0.000000e+00 0.000000e+00
7000 94.818242 19.108151 15.500000 0.947560 -0.319578 0.000000 9.746298e-03 -3.187613e-03 0.000000e+00 0.000000e+00 0.000000e+00 -1.172727e-05 0.000000e+00 0.000000e+00
7050 95.305984 18.950566 15.500000 0.947708 -0.319138 0.000000 9.688089e-03 -3.008590e-03 0.000000e+00 0.000000e+00 0.000000e+00 2.605844e-05 0.000000e+00 0.000000e+00
7100 95.785412 18.797085 15.500000 0.948426 -0.316998 0.000000 9.555133e-03 -3.026702e-03 0.000000e+00 0.000000e+00 0.000000e+00 2.489618e-05 0.000000e+00 0.000000e+00
7150 96.269297 18.646461 15.500000 0.948331 -0.317284 0.000000 9.690824e-03 -3.083519e-03 0.000000e+00 0.000000e+00 0.000000e+00 2.097347e-05 0.000000e+00 0.000000e+00
7200 96.752140 18.494346 15.500000 0.948702 -0.316173 0.000000 9.911556e-03 -3.018582e-03 0.000000e+00 0.000000e+00 0.000000e+00 -2.575605e-06 0.000000e+00 0.000000e+00
7250 97.245540 18.340972 15.500000 0.948422 -0.317011 0.000000 9.697683e-03 -2.997387e-03 0.000000e+00 0.000000e+00 0.000000e+00 -4.840400e-05 0.000000e+00 0.000000e+00
7300 97.729271 18.186837 15.500000 0.948186 -0.317716 0.000000 9.705380e-03 -3.247392e-03 0.000000e+00 0.000000e+00 0.000000e+00 2.680456e-05 0.000000e+00 0.000000e+00
7350 98.218397 18.027308 15.500000 0.948138 -0.317859 0.000000 9.733710e-03 -3.090725e-03 0.000000e+00 0.000000e+00 0.000000e+00 -1.849882e-05 0.000000e+00 0.000000e+00
7400 98.699913 17.870643 15.500000 0.948720 -0.316117 0.000000 9.530125e-03 -3.130987e-03 0.000000e+00 0.000000e+00 0.000000e+00 5.613287e-05 0.000000e+00 0.000000e+00
7450 99.181351 17.718845 15.500000 0.948900 -0.315577 0.000000 9.640270e-03 -2.978228e-03 0.000000e+00 0.000000e+00 0.000000e+00 -2.639205e-08 0.000000e+00 0.000000e+00
7500 99.662738 17.565667 15.500000 0.949424 -0.313998 0.000000 9.598475e-03 -3.182484e-03 0.000000e+00 0.000000e+00 0.000000e+00 7.632621e-05 0.000000e+00 0.000000e+00
7550 100.154810 17.411432 15.500000 0.949119 -0.314917 0.000000 9.837575e-03 -3.109712e-03 0.000000e+00 0.000000e+00 0.000000e+00 -2.568525e-05 0.000000e+00 0.000000e+00
7600 100.638272 17.258435 15.500000 0.948609 -0.316450 0.000000 9.638965e-03 -3.201389e-03 0.000000e+00 0.000000e+00 0.000000e+00 3.602722e-05 0.000000e+00 0.000000e+00
7650 101.126931 17.096464 15.500000 0.948818 -0.315822 0.000000 9.728252e-03 -3.087222e-03 0.000000e+00 0.000000e+00 0.000000e+00 -2.873235e-05 0.000000e+00 0.000000e+00
7700 101.609883 16.939883 15.500000 0.949071 -0.315061 0.000000 9.649854e-03 -3.169939e-03 0.000000e+00 0.000000e+00 0.000000e+00 2.204186e-05 0.000000e+00 0.000000e+00
7750 102.089859 16.784943 15.500000 0.949440 -0.313948 0.000000 9.683310e-03 -3.014721e-03 0.000000e+00 0.000000e+00 0.000000e+00 1.506072e-05 0.000000e+00 0.000000e+00
7800 102.571685 16.631757 15.500000 0.949971 -0.312338 0.000000 9.604976e-03 -3.031204e-03 0.000000e+00 0.000000e+00 0.000000e+00 2.723694e-05 0.000000e+00 0.000000e+00
7850 103.058448 16.477800 15.500000 0.949854 -0.312694 0.000000 9.797877e-03 -3.073173e-03 0.000000e+00 0.000000e+00 0.000000e+00 -3.282479e-05 0.000000e+00 0.000000e+00
7900 103.543566 16.324155 15.500000 0.949236 -0.314565 0.000000 9.590150e-03 -3.066542e-03 0.000000e+00 0.000000e+00 0.000000e+00 -2.623208e-05 0.000000e+00 0.000000e+00
7950 104.029878 16.160609 15.500000 0.949405 -0.314054 0.000000 9.863222e-03 -3.228842e-03 0.000000e+00 0.000000e+00 0.000000e+00 -5.461660e-05 0.000000e+00 0.000000e+00
8000 104.514786 16.003421 15.500000 0.949326 -0.314294 0.000000 9.571212e-03 -3.245433e-03 0.000000e+00 0.000000e+00 0.000000e+00 4.608258e-05 0.000000e+00 0.000000e+00
8050 104.992732 15.844742 15.500000 0.949760 -0.312978 0.000000 9.634606e-03 -3.084952e-03 0.000000e+00 0.000000e+00 0.000000e+00 -5.981190e-06 0.000000e+00 0.000000e+00
8100 105.473961 15.690305 15.500000 0.950259 -0.311461 0.000000 9.577072e-03 -3.217257e-03 0.000000e+00 0.000000e+00 0.000000e+00 5.994199e-05 0.000000e+00 0.000000e+00
8150 105.955902 15.535705 15.500000 0.950337 -0.311222 0.000000 9.720222e-03 -3.003803e-03 0.000000e+00 0.000000e+00 0.000000e+00 -5.983746e-05 0.000000e+00 0.000000e+00
8200 106.441605 15.380892 15.500000 0.949841 -0.312733 0.000000 9.555034e-03 -3.129732e-03 0.000000e+00 0.000000e+00 0.000000e+00 -2.454005e-05 0.000000e+00 0.000000e+00
8250 106.924900 15.219634 15.500000 0.949859 -0.312678 0.000000 9.751809e-03 -3.334569e-03 0.000000e+00 0.000000e+00 0.000000e+00 1.118800e-05 0.000000e+00 0.000000e+00
8300 107.411775 15.059322 15.500000 0.949537 -0.313656 0.000000 9.584375e-03 -3.078964e-03 0.000000e+00 0.000000e+00 0.000000e+00 -2.058996e-05 0.000000e+00 0.000000e+00
8350 107.888717 14.899522 15.500000 0.950099 -0.311948 0.000000 9.586428e-03 -3.128586e-03 0.000000e+00 0.000000e+00 0.000000e+00 -7.723909e-06 0.000000e+00 0.000000e+00
8400 108.367618 14.744442 15.500000 0.950360 -0.311153 0.000000 9.586025e-03 -3.150102e-03 0.000000e+00 0.000000e+00 0.000000e+00 4.978764e-05 0.000000e+00 0.000000e+00
8450 108.846112 14.587982 15.500000 0.950751 -0.309955 0.000000 9.734535e-03 -3.107711e-03 0.000000e+00 0.000000e+00 0.000000e+00 -2.352822e-05 0.000000e+00 0.000000e+00
8500 109.332160 14.432662 15.500000 0.950312 -0.311300 0.000000 9.583494e-03 -3.136146e-03 0.000000e+00 0.000000e+00 0.000000e+00 -3.705569e-05 0.000000e+00 0.000000e+00
8550 109.812597 14.272840 15.500000 0.950178 -0.311707 0.000000 9.753879e-03 -3.295062e-03 0.000000e+00 0.000000e+00 0.000000e+00 7.227457e-06 0.000000e+00 0.000000e+00
8600 110.298779 14.110618 15.500000 0.949933 -0.312454 0.000000 9.668054e-03 -3.243861e-03 0.000000e+00 0.000000e+00 0.000000e+00 -6.939758e-06 0.000000e+00 0.000000e+00
8650 110.776552 13.949991 15.500000 0.950390 -0.311061 0.000000 9.472834e-03 -3.267135e-03 0.000000e+00 0.000000e+00 0.000000e+00 4.966131e-05 0.000000e+00 0.000000e+00
8700 111.253872 13.792815 15.500000 0.950686 -0.310156 0.000000 9.530109e-03 -3.174668e-03 0.000000e+00 0.000000e+00 0.000000e+00 5.379884e-05 0.000000e+00 0.000000e+00
8750 111.729322 13.635223 15.500000 0.951327 -0.308183 0.000000 9.495463e-03 -3.064542e-03 0.000000e+00 0.000000e+00 0.000000e+00 -2.059874e-05 0.000000e+00 0.000000e+00
8800 112.214557 13.480095 15.500000 0.950965 -0.309298 0.000000 9.647699e-03 -3.137327e-03 0.000000e+00 0.000000e+00 0.000000e+00 -2.398451e-05 0.000000e+00 0.000000e+00
8850 112.691660 13.322928 15.500000 0.950635 -0.310310 0.000000 9.668307e-03 -3.387300e-03 0.000000e+00 0.000000e+00 0.000000e+00 2.534081e-05 0.000000e+00 0.000000e+00
8900 113.177053 13.158289 15.500000 0.950635 -0.310311 0.000000 9.634146e-03 -3.166979e-03 0.000000e+00 0.000000e+00 0.000000e+00 -2.136935e-05 0.000000e+00 0.000000e+00
8950 113.656051 12.998334 15.500000 0.950810 -0.309774 0.000000 9.505221e-03 -3.224151e-03 0.000000e+00 0.000000e+00 0.000000e+00 4.925311e-05 0.000000e+00 0.000000e+00
9000 114.131306 12.838578 15.500000 0.951194 -0.308593 0.000000 9.548761e-03 -3.148968e-03 0.000000e+00 0.000000e+00 0.000000e+00 2.422439e-05 0.000000e+00 0.000000e+00
9050 114.606278 12.680375 15.500000 0.951988 -0.306134 0.000000 9.414158e-03 -3.226974e-03 0.000000e+00 0.000000e+00 0.000000e+00 8.325348e-05 0.000000e+00 0.000000e+00
9100 115.085923 12.524979 15.500000 0.951832 -0.306619 0.000000 9.785973e-03 -3.114026e-03 0.000000e+00 0.000000e+00 0.000000e+00 -2.993156e-05 0.000000e+00 0.000000e+00
9150 115.563579 12.369159 15.500000 0.951499 -0.307653 0.000000 9.469826e-03 -3.089159e-03 0.000000e+00 0.000000e+00 0.000000e+00 -2.500250e-05 0.000000e+00 0.000000e+00
9200 116.045020 12.204275 15.500000 0.951594 -0.307359 0.000000 9.727378e-03 -3.247582e-03 0.000000e+00 0.000000e+00 0.000000e+00 -2.781080e-05 0.000000e+00 0.000000e+00
9250 116.525385 12.044634 15.500000 0.951481 -0.307707 0.000000 9.496577e-03 -3.265656e-03 0.000000e+00 0.000000e+00 0.000000e+00 4.836399e-05 0.000000e+00 0.000000e+00
9300 116.998007 11.883983 15.500000 0.952035 -0.305988 0.000000 9.515392e-03 -3.138125e-03 0.000000e+00 0.000000e+00 0.000000e+00 5.514460e-06 0.000000e+00 0.000000e+00
9350 117.472580 11.726772 15.500000 0.952660 -0.304037 0.000000 9.479584e-03 -3.238920e-03 0.000000e+00 0.000000e+00 0.000000e+00 8.123865e-05 0.000000e+00 0.000000e+00
9400 117.946821 11.570335 15.500000 0.952897 -0.303293 0.000000 9.625220e-03 -3.097911e-03 0.000000e+00 0.000000e+00 0.000000e+00 -1.919978e-05 0.000000e+00 0.000000e+00
9450 118.425987 11.414816 15.500000 0.952607 -0.304205 0.000000 9.417100e-03 -3.114219e-03 0.000000e+00 0.000000e+00 0.000000e+00 -4.402231e-08 0.000000e+00 0.000000e+00
9500 118.902611 11.253710 15.500000 0.952685 -0.303960 0.000000 9.539700e-03 -3.310252e-03 0.000000e+00 0.000000e+00 0.000000e+00 2.232787e-05 0.000000e+00 0.000000e+00
9550 119.383202 11.092283 15.500000 0.952557 -0.304361 0.000000 9.514581e-03 -3.247049e-03 0.000000e+00 0.000000e+00 0.000000e+00 4.461908e-05 0.000000e+00 0.000000e+00
9600 119.854209 10.932059 15.500000 0.953184 -0.302390 0.000000 9.434140e-03 -3.220673e-03 0.000000e+00 0.000000e+00 0.000000e+00 4.476087e-05 0.000000e+00 0.000000e+00
9650 120.326763 10.775983 15.500000 0.953610 -0.301044 0.000000 9.434138e-03 -3.031699e-03 0.000000e+00 0.000000e+00 0.000000e+00 3.083262e-05 0.000000e+00 0.000000e+00
9700 120.797244 10.619125 15.500000 0.954311 -0.298816 0.000000 9.539172e-03 -3.051889e-03 0.000000e+00 0.000000e+00 0.000000e+00 -2.064493e-05 0.000000e+00 0.000000e+00
9750 121.276739 10.464235 15.500000 0.954132 -0.299386 0.000000 9.481679e-03 -3.084932e-03 0.000000e+00 0.000000e+00 0.000000e+00 -1.752720e-05 0.000000e+00 0.000000e+00
9800 121.748111 10.307668 15.500000 0.954104 -0.299476 0.000000 9.577232e-03 -3.364828e-03 0.000000e+00 0.000000e+00 0.000000e+00 4.938910e-05 0.000000e+00 0.000000e+00
9850 122.227201 10.145550 15.500000 0.954221 -0.299101 0.000000 9.557732e-03 -3.119388e-03 0.000000e+00 0.000000e+00 0.000000e+00 -2.984416e-05 0.000000e+00 0.000000e+00
9900 122.698900 9.987062 15.500000 0.954706 -0.297552 0.000000 9.283352e-03 -3.269639e-03 0.000000e+00 0.000000e+00 0.000000e+00 5.940132e-05 0.000000e+00 0.000000e+00
9950 123.168013 9.829806 15.500000 0.955264 -0.295754 0.000000 9.380018e-03 -3.094130e-03 0.000000e+00 0.000000e+00 0.000000e+00 4.457557e-05 0.000000e+00 0.000000e+00
10000 123.636140 9.674154 15.500000 0.956270 -0.292484 0.000000 9.258354e-03 -3.066309e-03 0.000000e+00 0.000000e+00 0.000000e+00 2.667759e-05 0.000000e+00 0.000000e+00
10050 124.109585 9.521671 15.500000 0.956287 -0.292429 0.000000 9.567845e-03 -3.024485e-03 0.000000e+00 0.000000e+00 0.000000e+00 -1.599951e-05 0.000000e+00 0.000000e+00
10100 124.579485 9.370183 15.500000 0.956229 -0.292618 0.000000 9.324925e-03 -3.007023e-03 0.000000e+00 0.000000e+00 0.000000e+00 -1.115362e-05 0.000000e+00 0.000000e+00
10150 125.053926 9.209028 15.500000 0.956597 -0.291413 0.000000 9.641587e-03 -3.181526e-03 0.000000e+00 0.000000e+00 0.000000e+00 -1.604201e-06 0.000000e+00 0.000000e+00
10200 125.526544 9.053093 15.500000 0.956827 -0.290657 0.000000 9.345315e-03 -3.073895e-03 0.000000e+00 0.000000e+00 0.000000e+00 7.911017e-05 0.000000e+00 0.000000e+00
10250 125.991190 8.896622 15.500000 0.957678 -0.287840 0.000000 9.327190e-03 -3.046294e-03 0.000000e+00 0.000000e+00 0.000000e+00 2.951713e-05 0.000000e+00 0.000000e+00
10300 126.458076 8.744734 15.500000 0.958593 -0.284778 0.000000 9.330866e-03 -3.091154e-03 0.000000e+00 0.000000e+00 0.000000e+00 1.023043e-04 0.000000e+00 0.000000e+00
10350 126.922779 8.593431 15.500000 0.959207 -0.282705 0.000000 9.349088e-03 -3.071208e-03 0.000000e+00 0.000000e+00 0.000000e+00 2.135592e-05 0.000000e+00 0.000000e+00
10400 127.392945 8.444837 15.500000 0.959299 -0.282391 0.000000 9.159625e-03 -2.954059e-03 0.000000e+00 0.000000e+00 0.000000e+00 3.278411e-05 0.000000e+00 0.000000e+00
10450 127.859139 8.291959 15.500000 0.959717 -0.280969 0.000000 9.426570e-03 -3.139427e-03 0.000000e+00 0.000000e+00 0.000000e+00 2.387087e-05 0.000000e+00 0.000000e+00
10500 128.330859 8.138416 15.500000 0.960119 -0.279593 0.000000 9.359579e-03 -3.066190e-03 0.000000e+00 0.000000e+00 0.000000e+00 2.120878e-05 0.000000e+00 0.000000e+00
10550 128.793635 7.985688 15.500000 0.960984 -0.276605 0.000000 9.203246e-03 -3.112035e-03 0.000000e+00 0.000000e+00 0.000000e+00 8.844656e-05 0.000000e+00 0.000000e+00
10600 129.256775 7.835958 15.500000 0.961966 -0.273170 0.000000 9.236457e-03 -2.869952e-03 0.000000e+00 0.000000e+00 0.000000e+00 7.449507e-05 0.000000e+00 0.000000e+00
10650 129.715353 7.689004 15.500000 0.963292 -0.268457 0.000000 9.185109e-03 -2.814507e-03 0.000000e+00 0.000000e+00 0.000000e+00 2.619316e-05 0.000000e+00 0.000000e+00
10700 130.180658 7.545143 15.500000 0.963714 -0.266938 0.000000 9.342424e-03 -2.834437e-03 0.000000e+00 0.000000e+00 0.000000e+00 1.723528e-05 0.000000e+00 0.000000e+00
10750 130.637862 7.405258 15.500000 0.964256 -0.264972 0.000000 9.106589e-03 -2.811751e-03 0.000000e+00 0.000000e+00 0.000000e+00 4.264205e-05 0.000000e+00 0.000000e+00
10800 131.105958 7.256070 15.500000 0.965128 -0.261780 0.000000 9.371237e-03 -2.923294e-03 0.000000e+00 0.000000e+00 0.000000e+00 6.051882e-05 0.000000e+00 0.000000e+00
10850 131.567650 7.112512 15.500000 0.965951 -0.258727 0.000000 9.180330e-03 -2.928725e-03 0.000000e+00 0.000000e+00 0.000000e+00 9.692790e-05 0.000000e+00 0.000000e+00
10900 132.024467 6.964873 15.500000 0.967160 -0.254170 0.000000 9.205411e-03 -2.886364e-03 0.000000e+00 0.000000e+00 0.000000e+00 8.283873e-05 0.000000e+00 0.000000e+00
10950 132.480240 6.826190 15.500000 0.968687 -0.248283 0.000000 9.038354e-03 -2.815042e-03 0.000000e+00 0.000000e+00 0.000000e+00 1.650109e-04 0.000000e+00 0.000000e+00
11000 132.931992 6.689908 15.500000 0.970162 -0.242457 0.000000 9.028129e-03 -2.698072e-03 0.000000e+00 0.000000e+00 0.000000e+00 6.883080e-05 0.000000e+00 0.000000e+00
11050 133.389211 6.561457 15.500000 0.971144 -0.238492 0.000000 8.966739e-03 -2.460585e-03 0.000000e+00 0.000000e+00 0.000000e+00 1.223911e-04 0.000000e+00 0.000000e+00
11100 133.842810 6.431734 15.500000 0.972599 -0.232490 0.000000 9.298785e-03 -2.677403e-03 0.000000e+00 0.000000e+00 0.000000e+00 1.049980e-04 2.702947e-05 0.000000e+00
11150 134.303302 6.302608 15.500000 0.973895 -0.226997 0.000000 9.081937e-03 -2.395395e-03 0.000000e+00 0.000000e+00 0.000000e+00 6.846940e-05 2.389098e-04 0.000000e+00
11200 134.754571 6.175878 15.500000 0.975310 -0.220839 0.000000 9.075907e-03 -2.696947e-03 0.000000e+00 0.000000e+00 0.000000e+00 1.654799e-04 6.491399e-04 0.000000e+00
11250 135.211038 6.044240 15.500000 0.977001 -0.213232 0.000000 9.111178e-03 -2.481495e-03 0.000000e+00 0.000000e+00 0.000000e+00 1.364465e-04 1.290949e-03 0.000000e+00
11300 135.659414 5.917244 15.500000 0.979102 -0.203368 0.000000 8.913310e-03 -2.540993e-03 0.000000e+00 0.000000e+00 0.000000e+00 2.157071e-04 2.115231e-03 0.000000e+00
11350 136.105988 5.805668 15.500000 0.981005 -0.193984 0.000000 9.014035e-03 -2.082705e-03 0.000000e+00 0.000000e+00 0.000000e+00 2.054326e-04 3.010958e-03 0.000000e+00
11400 136.551674 5.695382 15.500000 0.983296 -0.182015 0.000000 8.844211e-03 -2.345381e-03 0.000000e+00 0.000000e+00 0.000000e+00 2.793779e-04 4.044119e-03 0.000000e+00
11450 136.995135 5.597601 15.500000 0.985052 -0.172255 0.000000 9.058850e-03 -1.954826e-03 0.000000e+00 0.000000e+00 0.000000e+00 1.931817e-04 5.094404e-03 0.000000e+00
11500 137.439569 5.509794 15.500000 0.986753 -0.162228 0.000000 8.691532e-03 -1.736559e-03 0.000000e+00 0.000000e+00 0.000000e+00 2.553748e-04 6.139123e-03 0.000000e+00
11550 137.883610 5.416699 15.500000 0.988843 -0.148962 0.000000 9.083121e-03 -1.832065e-03 0.000000e+00 0.000000e+00 0.000000e+00 2.824931e-04 7.348660e-03 0.000000e+00
11600 138.332556 5.332182 15.500000 0.990857 -0.134916 0.000000 8.945018e-03 -1.520237e-03 0.000000e+00 0.000000e+00 0.000000e+00 2.467842e-04 8.546708e-03 0.000000e+00
11650 138.773951 5.247346 15.500000 0.992809 -0.119711 0.000000 8.906958e-03 -1.825707e-03 0.000000e+00 0.000000e+00 0.000000e+00 3.896641e-04 9.830498e-03 0.000000e+00
11700 139.221978 5.164099 15.500000 0.994791 -0.101937 0.000000 8.959121e-03 -1.533295e-03 0.000000e+00 0.000000e+00 0.000000e+00 3.808808e-04 1.118744e-02 0.000000e+00
11750 139.664893 5.086082 15.500000 0.996506 -0.083525 0.000000 8.863701e-03 -1.224140e-03 0.000000e+00 0.000000e+00 0.000000e+00 3.398264e-04 1.253938e-02 0.000000e+00
11800 140.108057 5.012672 15.500000 0.998038 -0.062605 0.000000 8.848381e-03 -8.440539e-04 0.000000e+00 0.000000e+00 0.000000e+00 4.733235e-04 1.388355e-02 0.000000e+00
11850 140.550104 5.002794 15.500000 0.999229 -0.039257 0.000000 8.807515e-03 2.793883e-03 0.000000e+00 0.000000e+00 0.000000e+00 3.489961e-04 1.413717e-02 0.000000e+00
11900 140.993046 5.068183 15.500000 0.999777 -0.021109 0.000000 8.886825e-03 1.292539e-02 0.000000e+00 0.000000e+00 0.000000e+00 2.071438e-04 1.311478e-02 0.000000e+00
11950 141.452291 5.860002 15.500000 0.999786 -0.020671 0.000000 9.511527e-03 1.237621e-02 0.000000e+00 0.000000e+00 0.000000e+00 4.403593e-04 2.674072e-03 0.000000e+00
12000 141.914173 6.077287 15.500000 0.999910 -0.013422 0.000000 9.420664e-03 -5.613343e-04 0.000000e+00 0.000000e+00 0.000000e+00 1.470384e-04 1.119738e-03 0.000000e+00
12050 142.387410 6.081395 15.500000 0.999977 -0.006798 0.000000 9.358591e-03 -1.357934e-03 0.000000e+00 0.000000e+00 0.000000e+00 1.911675e-04 1.093873e-03 0.000000e+00
12100 142.857224 6.044867 15.500000 1.000000 -0.000199 0.000000 9.410282e-03 -1.383167e-03 0.000000e+00 0.000000e+00 0.000000e+00 1.302884e-04 1.293636e-03 0.000000e+00
12150 143.331401 6.005926 15.500000 0.999972 0.007496 0.000000 9.475848e-03 -1.084726e-03 0.000000e+00 0.000000e+00 0.000000e+00 1.729302e-04 1.527058e-03 0.000000e+00
12200 143.803940 5.966142 15.500000 0.999882 0.015343 0.000000 9.372768e-03 -1.487805e-03 0.000000e+00 0.000000e+00 0.000000e+00 1.567751e-04 1.780767e-03 0.000000e+00
12250 144.280984 5.931560 15.500000 0.999724 0.023502 0.000000 9.540955e-03 -8.152484e-04 0.000000e+00 0.000000e+00 0.000000e+00 1.667340e-04 2.024432e-03 0.000000e+00
12300 144.756974 5.901606 15.500000 0.999471 0.032532 0.000000 9.491939e-03 -8.524743e-04 0.000000e+00 0.000000e+00 0.000000e+00 1.761585e-04 2.243452e-03 0.000000e+00
12350 145.238346 5.874461 15.500000 0.999182 0.040443 0.000000 9.574704e-03 -5.261057e-04 0.000000e+00 0.000000e+00 0.000000e+00 1.783924e-04 2.454468e-03 0.000000e+00
12400 145.715223 5.854559 15.500000 0.998736 0.050268 0.000000 9.571674e-03 -5.976349e-04 0.000000e+00 0.000000e+00 0.000000e+00 1.908752e-04 2.612694e-03 0.000000e+00
12450 146.199086 5.833758 15.500000 0.998271 0.058774 0.000000 9.626972e-03 -4.289355e-04 0.000000e+00 0.000000e+00 0.000000e+00 2.069129e-04 2.785383e-03 0.000000e+00
12500 146.678447 5.820228 15.500000 0.997633 0.068769 0.000000 9.647392e-03 -3.197342e-04 0.000000e+00 0.000000e+00 0.000000e+00 1.648704e-04 2.900669e-03 0.000000e+00
12550 147.164330 5.806676 15.500000 0.997013 0.077234 0.000000 9.695651e-03 -3.237124e-04 0.000000e+00 0.000000e+00 0.000000e+00 1.842356e-04 3.017492e-03 0.000000e+00
12600 147.645215 5.798128 15.500000 0.996178 0.087341 0.000000 9.602429e-03 -8.859481e-05 0.000000e+00 0.000000e+00 0.000000e+00 1.463826e-04 3.094471e-03 0.000000e+00
12650 148.132513 5.794187 15.500000 0.995430 0.095496 0.000000 9.857689e-03 -1.464113e-04 0.000000e+00 0.000000e+00 0.000000e+00 1.969059e-04 3.128812e-03 0.000000e+00
12700 148.615554 5.790480 15.500000 0.994401 0.105669 0.000000 9.591763e-03 4.126549e-06 0.000000e+00 0.000000e+00 0.000000e+00 1.657913e-04 3.163105e-03 0.000000e+00
12750 149.103838 5.795798 15.500000 0.993541 0.113474 0.000000 9.868244e-03 4.026614e-06 0.000000e+00 0.000000e+00 0.000000e+00 2.020689e-04 3.115867e-03 0.000000e+00
12800 149.589280 5.798217 15.500000 0.992344 0.123505 0.000000 9.659135e-03 1.276404e-04 0.000000e+00 0.000000e+00 0.000000e+00 1.758354e-04 3.095587e-03 0.000000e+00
12850 150.078557 5.811538 15.500000 0.991364 0.131135 0.000000 9.935070e-03 1.616564e-04 0.000000e+00 0.000000e+00 0.000000e+00 1.976737e-04 2.979504e-03 0.000000e+00
12900 150.565970 5.821874 15.500000 0.990048 0.140727 0.000000 9.705778e-03 2.920171e-04 0.000000e+00 0.000000e+00 0.000000e+00 1.598061e-04 2.891842e-03 0.000000e+00
12950 151.056495 5.841810 15.500000 0.988936 0.148343 0.000000 9.973054e-03 3.141354e-04 0.000000e+00 0.000000e+00 0.000000e+00 1.858035e-04 2.724559e-03 0.000000e+00
13000 151.545717 5.860701 15.500000 0.987542 0.157354 0.000000 9.709472e-03 4.787707e-04 0.000000e+00 0.000000e+00 0.000000e+00 1.382969e-04 2.571809e-03 0.000000e+00
13050 152.036521 5.889007 15.500000 0.986365 0.164574 0.000000 9.945790e-03 4.825942e-04 0.000000e+00 0.000000e+00 0.000000e+00 1.481029e-04 2.349299e-03 0.000000e+00
13100 152.528626 5.913494 15.500000 0.984995 0.172585 0.000000 9.766139e-03 4.498816e-04 0.000000e+00 0.000000e+00 0.000000e+00 1.629952e-04 2.164665e-03 0.000000e+00
13150 153.017988 5.948073 15.500000 0.983807 0.179232 0.000000 9.943094e-03 5.892679e-04 0.000000e+00 0.000000e+00 0.000000e+00 1.406866e-04 1.918094e-03 0.000000e+00
13200 153.507718 5.978869 15.500000 0.982582 0.185830 0.000000 9.679655e-03 4.122090e-04 0.000000e+00 0.000000e+00 0.000000e+00 1.012169e-04 1.709074e-03 0.000000e+00
13250 153.994121 6.016590 15.500000 0.981639 0.190748 0.000000 9.779610e-03 6.667576e-04 0.000000e+00 0.000000e+00 0.000000e+00 1.004974e-04 1.472340e-03 0.000000e+00
13300 154.481830 6.052635 15.500000 0.980517 0.196432 0.000000 9.688861e-03 4.719399e-04 0.000000e+00 0.000000e+00 0.000000e+00 1.397235e-04 1.260145e-03 0.000000e+00
13350 154.967919 6.094372 15.500000 0.979526 0.201318 0.000000 9.831399e-03 6.259636e-04 0.000000e+00 0.000000e+00 0.000000e+00 1.169632e-04 1.036991e-03 0.000000e+00
13400 155.457629 6.136050 15.500000 0.978563 0.205948 0.000000 9.682896e-03 7.624712e-04 0.000000e+00 0.000000e+00 0.000000e+00 5.750808e-05 8.357598e-04 0.000000e+00
13450 155.943682 6.181693 15.500000 0.977806 0.209514 0.000000 9.829327e-03 7.812028e-04 0.000000e+00 0.000000e+00 0.000000e+00 1.105540e-04 6.397375e-04 0.000000e+00
13500 156.434038 6.228957 15.500000 0.976905 0.213672 0.000000 9.786384e-03 1.057117e-03 0.000000e+00 0.000000e+00 0.000000e+00 4.011646e-05 4.651974e-04 0.000000e+00
13550 156.922264 6.280444 15.500000 0.976045 0.217570 0.000000 9.764746e-03 1.045385e-03 0.000000e+00 0.000000e+00 0.000000e+00 1.044974e-04 3.057697e-04 0.000000e+00
13600 157.416210 6.333405 15.500000 0.975039 0.222035 0.000000 9.889203e-03 1.177313e-03 0.000000e+00 0.000000e+00 0.000000e+00 3.405079e-05 1.768565e-04 0.000000e+00
13650 157.907954 6.389639 15.500000 0.974183 0.225759 0.000000 1.000844e-02 1.160691e-03 0.000000e+00 0.000000e+00 0.000000e+00 1.025563e-04 7.814498e-05 0.000000e+00
13700 158.403748 6.449967 15.500000 0.973002 0.230795 0.000000 9.726336e-03 1.253836e-03 0.000000e+00 0.000000e+00 0.000000e+00 8.079413e-05 1.652715e-05 0.000000e+00
13750 158.899342 6.512401 15.500000 0.972165 0.234296 0.000000 1.000346e-02 1.330796e-03 0.000000e+00 0.000000e+00 0.000000e+00 7.184818e-05 0.000000e+00 0.000000e+00
13800 159.399599 6.581098 15.500000 0.971007 0.239052 0.000000 9.778082e-03 1.508176e-03 0.000000e+00 0.000000e+00 0.000000e+00 7.732869e-05 0.000000e+00 0.000000e+00
13850 159.895789 6.655012 15.500000 0.970056 0.242879 0.000000 1.006568e-02 1.580147e-03 0.000000e+00 0.000000e+00 0.000000e+00 6.429373e-05 0.000000e+00 0.000000e+00
13900 160.397881 6.728706 15.500000 0.968938 0.247304 0.000000 9.892237e-03 1.427049e-03 0.000000e+00 0.000000e+00 0.000000e+00 9.556361e-05 0.000000e+00 0.000000e+00
13950 160.892585 6.808484 15.500000 0.968328 0.249683 0.000000 9.952823e-03 1.710847e-03 0.000000e+00 0.000000e+00 0.000000e+00 2.470262e-05 0.000000e+00 0.000000e+00
14000 161.392841 6.890693 15.500000 0.967409 0.253217 0.000000 9.906315e-03 1.762786e-03 0.000000e+00 0.000000e+00 0.000000e+00 3.823848e-05 0.000000e+00 0.000000e+00
14050 161.886220 6.977058 15.500000 0.966783 0.255598 0.000000 9.953297e-03 1.872911e-03 0.000000e+00 0.000000e+00 0.000000e+00 2.382554e-05 0.000000e+00 0.000000e+00
14100 162.379655 7.059771 15.500000 0.966461 0.256813 0.000000 9.753657e-03 1.702195e-03 0.000000e+00 0.000000e+00 0.000000e+00 8.498443e-06 0.000000e+00 0.000000e+00
14150 162.868639 7.145811 15.500000 0.966436 0.256906 0.000000 9.774550e-03 1.720983e-03 0.000000e+00 0.000000e+00 0.000000e+00 2.222739e-05 0.000000e+00 0.000000e+00
14200 163.361200 7.229153 15.500000 0.966131 0.258052 0.000000 9.811203e-03 1.825112e-03 0.000000e+00 0.000000e+00 0.000000e+00 -2.025163e-05 0.000000e+00 0.000000e+00
14250 163.852018 7.317944 15.500000 0.965959 0.258697 0.000000 9.846266e-03 1.743316e-03 0.000000e+00 0.000000e+00 0.000000e+00 4.806082e-05 0.000000e+00 0.000000e+00
14300 164.348838 7.406817 15.500000 0.965341 0.260992 0.000000 9.848697e-03 1.869254e-03 0.000000e+00 0.000000e+00 0.000000e+00 1.335463e-05 0.000000e+00 0.000000e+00
14350 164.843808 7.497561 15.500000 0.965086 0.261934 0.000000 1.013207e-02 1.790095e-03 0.000000e+00 0.000000e+00 0.000000e+00 4.955809e-05 0.000000e+00 0.000000e+00
14400 165.346239 7.592361 15.500000 0.964292 0.264842 0.000000 9.853582e-03 1.936452e-03 0.000000e+00 0.000000e+00 0.000000e+00 7.673934e-05 0.000000e+00 0.000000e+00
14450 165.842165 7.693008 15.500000 0.963757 0.266780 0.000000 1.010596e-02 2.130668e-03 0.000000e+00 0.000000e+00 0.000000e+00 2.023335e-05 0.000000e+00 0.000000e+00
14500 166.344027 7.794587 15.500000 0.963218 0.268721 0.000000 9.966168e-03 1.928717e-03 0.000000e+00 0.000000e+00 0.000000e+00 5.123604e-05 0.000000e+00 0.000000e+00
14550 166.839164 7.898300 15.500000 0.962757 0.270367 0.000000 9.900783e-03 2.097199e-03 0.000000e+00 0.000000e+00 0.000000e+00 1.682266e-05 0.000000e+00 0.000000e+00
14600 167.337834 8.003164 15.500000 0.962496 0.271295 0.000000 9.849100e-03 1.969885e-03 0.000000e+00 0.000000e+00 0.000000e+00 -5.842037e-07 0.000000e+00 0.000000e+00
14650 167.827972 8.109619 15.500000 0.962649 0.270751 0.000000 9.779575e-03 2.033598e-03 0.000000e+00 0.000000e+00 0.000000e+00 1.395860e-06 0.000000e+00 0.000000e+00
14700 168.320295 8.211297 15.500000 0.962561 0.271067 0.000000 9.806907e-03 1.968545e-03 0.000000e+00 0.000000e+00 0.000000e+00 -7.094963e-06 0.000000e+00 0.000000e+00
14750 168.811039 8.317222 15.500000 0.962711 0.270533 0.000000 9.918542e-03 2.006141e-03 0.000000e+00 0.000000e+00 0.000000e+00 3.183338e-05 0.000000e+00 0.000000e+00
14800 169.308163 8.421683 15.500000 0.962268 0.272105 0.000000 9.898913e-03 2.143763e-03 0.000000e+00 0.000000e+00 0.000000e+00 1.934788e-05 0.000000e+00 0.000000e+00
14850 169.801803 8.528995 15.500000 0.962163 0.272475 0.000000 1.017577e-02 2.088513e-03 0.000000e+00 0.000000e+00 0.000000e+00 3.103679e-05 0.000000e+00 0.000000e+00
14900 170.304893 8.638289 15.500000 0.961666 0.274224 0.000000 9.951971e-03 2.176223e-03 0.000000e+00 0.000000e+00 0.000000e+00 7.664071e-05 0.000000e+00 0.000000e+00
14950 170.799841 8.751302 15.500000 0.961384 0.275209 0.000000 1.000124e-02 2.456386e-03 0.000000e+00 0.000000e+00 0.000000e+00 -3.311327e-06 0.000000e+00 0.000000e+00
15000 171.300573 8.867713 15.500000 0.960984 0.276605 0.000000 9.907002e-03 2.376173e-03 0.000000e+00 0.000000e+00 0.000000e+00 2.620300e-05 0.000000e+00 0.000000e+00
15050 171.793800 8.984022 15.500000 0.960886 0.276945 0.000000 9.818969e-03 2.464274e-03 0.000000e+00 0.000000e+00 0.000000e+00 -2.928990e-05 0.000000e+00 0.000000e+00
15100 172.287160 9.098778 15.500000 0.961058 0.276347 0.000000 9.876225e-03 2.277733e-03 0.000000e+00 0.000000e+00 0.000000e+00 -1.792033e-05 0.000000e+00 0.000000e+00
15150 172.776335 9.212909 15.500000 0.961519 0.274737 0.000000 9.802098e-03 2.338208e-03 0.000000e+00 0.000000e+00 0.000000e+00 -2.010879e-05 0.000000e+00 0.000000e+00
15200 173.269719 9.324143 15.500000 0.961341 0.275360 0.000000 9.918116e-03 2.332680e-03 0.000000e+00 0.000000e+00 0.000000e+00 -8.256600e-06 0.000000e+00 0.000000e+00
15250 173.762332 9.439252 15.500000 0.961692 0.274133 0.000000 1.011155e-02 2.294052e-03 0.000000e+00 0.000000e+00 0.000000e+00 3.728449e-06 0.000000e+00 0.000000e+00
15300 174.264734 9.554098 15.500000 0.961181 0.275920 0.000000 9.901995e-03 2.316045e-03 0.000000e+00 0.000000e+00 0.000000e+00 4.371988e-05 0.000000e+00 0.000000e+00
15350 174.757822 9.674178 15.500000 0.960784 0.277299 0.000000 1.000531e-02 2.561681e-03 0.000000e+00 0.000000e+00 0.000000e+00 -4.287440e-05 0.000000e+00 0.000000e+00
15400 175.259518 9.796786 15.500000 0.960554 0.278094 0.000000 9.921375e-03 2.280603e-03 0.000000e+00 0.000000e+00 0.000000e+00 5.912757e-05 0.000000e+00 0.000000e+00
15450 175.753468 9.919025 15.500000 0.960256 0.279120 0.000000 9.865896e-03 2.493663e-03 0.000000e+00 0.000000e+00 0.000000e+00 1.527067e-05 0.000000e+00 0.000000e+00
15500 176.248019 10.042962 15.500000 0.960418 0.278563 0.000000 9.821876e-03 2.309109e-03 0.000000e+00 0.000000e+00 0.000000e+00 -1.716956e-05 0.000000e+00 0.000000e+00
15550 176.736627 10.163323 15.500000 0.960950 0.276722 0.000000 9.752747e-03 2.331397e-03 0.000000e+00 0.000000e+00 0.000000e+00 -3.629449e-05 0.000000e+00 0.000000e+00
15600 177.228484 10.280699 15.500000 0.960964 0.276673 0.000000 9.805426e-03 2.285107e-03 0.000000e+00 0.000000e+00 0.000000e+00 1.338175e-06 0.000000e+00 0.000000e+00
15650 177.719707 10.401604 15.500000 0.961437 0.275026 0.000000 9.890992e-03 2.297850e-03 0.000000e+00 0.000000e+00 0.000000e+00 1.514522e-05 0.000000e+00 0.000000e+00
15700 178.220798 10.520754 15.500000 0.960985 0.276601 0.000000 9.970399e-03 2.443127e-03 0.000000e+00 0.000000e+00 0.000000e+00 4.775468e-05 0.000000e+00 0.000000e+00
15750 178.712265 10.644474 15.500000 0.960555 0.278089 0.000000 1.000714e-02 2.649451e-03 0.000000e+00 0.000000e+00 0.000000e+00 1.303344e-06 0.000000e+00 0.000000e+00
15800 179.214072 10.772470 15.500000 0.960446 0.278465 0.000000 9.926168e-03 2.490647e-03 0.000000e+00 0.000000e+00 0.000000e+00 3.042033e-05 0.000000e+00 0.000000e+00
15850 179.707610 10.898509 15.500000 0.960140 0.279519 0.000000 9.854573e-03 2.644399e-03 0.000000e+00 0.000000e+00 0.000000e+00 1.357262e-05 0.000000e+00 0.000000e+00
15900 180.201843 11.027437 15.500000 0.960251 0.279137 0.000000 9.902815e-03 2.574181e-03 0.000000e+00 0.000000e+00 0.000000e+00 -3.073940e-05 0.000000e+00 0.000000e+00
15950 180.690424 11.152111 15.500000 0.960789 0.277281 0.000000 9.707945e-03 2.579502e-03 0.000000e+00 0.000000e+00 0.000000e+00 -3.809542e-05 0.000000e+00 0.000000e+00
16000 181.181079 11.274176 15.500000 0.960878 0.276971 0.000000 9.825974e-03 2.418546e-03 0.000000e+00 0.000000e+00 0.000000e+00 -5.323653e-07 0.000000e+00 0.000000e+00
16050 181.671531 11.398877 15.500000 0.961361 0.275291 0.000000 9.810954e-03 2.529632e-03 0.000000e+00 0.000000e+00 0.000000e+00 -4.345548e-05 0.000000e+00 0.000000e+00
16100 182.171751 11.522128 15.500000 0.961007 0.276525 0.000000 1.005170e-02 2.419574e-03 0.000000e+00 0.000000e+00 0.000000e+00 4.568272e-05 0.000000e+00 0.000000e+00
16150 182.662906 11.648573 15.500000 0.960551 0.278105 0.000000 9.858890e-03 2.626295e-03 0.000000e+00 0.000000e+00 0.000000e+00 2.125685e-06 0.000000e+00 0.000000e+00
16200 183.163253 11.781298 15.500000 0.960491 0.278312 0.000000 9.998096e-03 2.531740e-03 0.000000e+00 0.000000e+00 0.000000e+00 3.024560e-05 0.000000e+00 0.000000e+00
16250 183.656437 11.910491 15.500000 0.960221 0.279240 0.000000 9.854723e-03 2.531404e-03 0.000000e+00 0.000000e+00 0.000000e+00 1.966445e-05 0.000000e+00 0.000000e+00
16300 184.147776 12.042710 15.500000 0.960359 0.278767 0.000000 9.805887e-03 2.482823e-03 0.000000e+00 0.000000e+00 0.000000e+00 -2.194669e-05 0.000000e+00 0.000000e+00
16350 184.636646 12.170108 15.500000 0.960926 0.276805 0.000000 9.731787e-03 2.514904e-03 0.000000e+00 0.000000e+00 0.000000e+00 -4.673925e-05 0.000000e+00 0.000000e+00
16400 185.126486 12.296353 15.500000 0.960970 0.276653 0.000000 9.866191e-03 2.431060e-03 0.000000e+00 0.000000e+00 0.000000e+00 2.518176e-05 0.000000e+00 0.000000e+00
16450 185.616449 12.422432 15.500000 0.961248 0.275686 0.000000 9.739928e-03 2.591889e-03 0.000000e+00 0.000000e+00 0.000000e+00 -4.183281e-05 0.000000e+00 0.000000e+00
16500 186.115578 12.550391 15.500000 0.961060 0.276340 0.000000 1.004824e-02 2.614417e-03 0.000000e+00 0.000000e+00 0.000000e+00 1.295149e-05 0.000000e+00 0.000000e+00
16550 186.608378 12.678592 15.500000 0.960498 0.278285 0.000000 9.810670e-03 2.659448e-03 0.000000e+00 0.000000e+00 0.000000e+00 3.834944e-05 0.000000e+00 0.000000e+00
16600 187.105782 12.815621 15.500000 0.960548 0.278116 0.000000 9.993502e-03 2.638644e-03 0.000000e+00 0.000000e+00 0.000000e+00 3.529612e-05 0.000000e+00 0.000000e+00
16650 187.599394 12.947961 15.500000 0.960291 0.279001 0.000000 9.760502e-03 2.734808e-03 0.000000e+00 0.000000e+00 0.000000e+00 6.363448e-06 0.000000e+00 0.000000e+00
16700 188.088634 13.081043 15.500000 0.960598 0.277941 0.000000 9.816054e-03 2.541353e-03 0.000000e+00 0.000000e+00 0.000000e+00 -1.609423e-05 0.000000e+00 0.000000e+00
16750 188.577236 13.211524 15.500000 0.961175 0.275939 0.000000 9.754983e-03 2.722765e-03 0.000000e+00 0.000000e+00 0.000000e+00 -4.534312e-05 0.000000e+00 0.000000e+00
16800 189.067030 13.340013 15.500000 0.961186 0.275902 0.000000 9.953648e-03 2.546090e-03 0.000000e+00 0.000000e+00 0.000000e+00 1.945348e-05 0.000000e+00 0.000000e+00
16850 189.556884 13.468594 15.500000 0.961130 0.276096 0.000000 9.735021e-03 2.622674e-03 0.000000e+00 0.000000e+00 0.000000e+00 -1.559315e-05 0.000000e+00 0.000000e+00
16900 190.054652 13.599303 15.500000 0.961145 0.276042 0.000000 1.003321e-02 2.700405e-03 0.000000e+00 0.000000e+00 0.000000e+00 -1.634146e-05 0.000000e+00 0.000000e+00
16950 190.547827 13.728846 15.500000 0.960664 0.277714 0.000000 9.713746e-03 2.573686e-03 0.000000e+00 0.000000e+00 0.000000e+00 -9.819397e-06 0.000000e+00 0.000000e+00
17000 191.041514 13.867133 15.500000 0.960898 0.276902 0.000000 9.977627e-03 2.753443e-03 0.000000e+00 0.000000e+00 0.000000e+00 2.765509e-06 0.000000e+00 0.000000e+00
17050 191.533884 13.999412 15.500000 0.960844 0.277089 0.000000 9.730816e-03 2.502233e-03 0.000000e+00 0.000000e+00 0.000000e+00 -3.490479e-05 0.000000e+00 0.000000e+00
17100 192.021118 14.133477 15.500000 0.961113 0.276156 0.000000 9.842836e-03 2.524939e-03 0.000000e+00 0.000000e+00 0.000000e+00 3.113648e-06 0.000000e+00 0.000000e+00
17150 192.510033 14.264926 15.500000 0.961587 0.274502 0.000000 9.804817e-03 2.726011e-03 0.000000e+00 0.000000e+00 0.000000e+00 -8.060111e-05 0.000000e+00 0.000000e+00
17200 192.998892 14.396042 15.500000 0.961566 0.274575 0.000000 9.972793e-03 2.576268e-03 0.000000e+00 0.000000e+00 0.000000e+00 2.122046e-05 0.000000e+00 0.000000e+00
17250 193.489312 14.527494 15.500000 0.961191 0.275883 0.000000 9.722077e-03 2.646709e-03 0.000000e+00 0.000000e+00 0.000000e+00 1.319291e-05 0.000000e+00 0.000000e+00
17300 193.983900 14.662565 15.500000 0.961129 0.276098 0.000000 1.003342e-02 2.714207e-03 0.000000e+00 0.000000e+00 0.000000e+00 2.633003e-05 0.000000e+00 0.000000e+00
17350 194.478660 14.796300 15.500000 0.960698 0.277595 0.000000 9.747533e-03 2.734781e-03 0.000000e+00 0.000000e+00 0.000000e+00 6.109158e-06 0.000000e+00 0.000000e+00
17400 194.968902 14.936301 15.500000 0.960792 0.277269 0.000000 9.872082e-03 2.907413e-03 0.000000e+00 0.000000e+00 0.000000e+00 -2.884701e-06 0.000000e+00 0.000000e+00
17450 195.459644 15.072093 15.500000 0.960920 0.276825 0.000000 9.809834e-03 2.896880e-03 0.000000e+00 0.000000e+00 0.000000e+00 -2.972450e-05 0.000000e+00 0.000000e+00
17500 195.943928 15.206273 15.500000 0.961412 0.275112 0.000000 9.772015e-03 2.601647e-03 0.000000e+00 0.000000e+00 0.000000e+00 1.879211e-05 0.000000e+00 0.000000e+00
17550 196.434089 15.337695 15.500000 0.961649 0.274282 0.000000 9.756128e-03 2.718309e-03 0.000000e+00 0.000000e+00 0.000000e+00 -5.618327e-05 0.000000e+00 0.000000e+00
17600 196.924720 15.470310 15.500000 0.961789 0.273793 0.000000 9.817410e-03 2.630515e-03 0.000000e+00 0.000000e+00 0.000000e+00 1.847388e-05 0.000000e+00 0.000000e+00
17650 197.418614 15.603496 15.500000 0.961353 0.275320 0.000000 9.701560e-03 2.708669e-03 0.000000e+00 0.000000e+00 0.000000e+00 2.536261e-05 0.000000e+00 0.000000e+00
17700 197.909467 15.742502 15.500000 0.961276 0.275589 0.000000 9.807062e-03 2.837925e-03 0.000000e+00 0.000000e+00 0.000000e+00 -2.204148e-05 0.000000e+00 0.000000e+00
17750 198.404082 15.880833 15.500000 0.960990 0.276582 0.000000 9.807758e-03 2.690950e-03 0.000000e+00 0.000000e+00 0.000000e+00 2.226935e-05 0.000000e+00 0.000000e+00
17800 198.890562 16.019863 15.500000 0.961165 0.275973 0.000000 9.787535e-03 2.746879e-03 0.000000e+00 0.000000e+00 0.000000e+00 -3.310024e-05 0.000000e+00 0.000000e+00
17850 199.378455 16.154328 15.500000 0.961508 0.274776 0.000000 9.700263e-03 2.584795e-03 0.000000e+00 0.000000e+00 0.000000e+00 -2.870959e-05 0.000000e+00 0.000000e+00
17900 199.862765 16.289838 15.500000 0.961959 0.273196 0.000000 9.729240e-03 2.708601e-03 0.000000e+00 0.000000e+00 0.000000e+00 -1.904427e-05 0.000000e+00 0.000000e+00
17950 200.352994 16.423021 15.500000 0.961791 0.273784 0.000000 9.766588e-03 2.684690e-03 0.000000e+00 0.000000e+00 0.000000e+00 -1.246415e-05 0.000000e+00 0.000000e+00
18000 200.841759 16.557115 15.500000 0.961916 0.273344 0.000000 1.003168e-02 2.729217e-03 0.000000e+00 0.000000e+00 0.000000e+00 2.299702e-05 0.000000e+00 0.000000e+00
18050 201.337171 16.693242 15.500000 0.961615 0.274402 0.000000 9.858847e-03 2.662037e-03 0.000000e+00 0.000000e+00 0.000000e+00 6.521105e-05 0.000000e+00 0.000000e+00
18100 201.824753 16.831318 15.500000 0.961609 0.274423 0.000000 9.802876e-03 2.928153e-03 0.000000e+00 0.000000e+00 0.000000e+00 -2.382257e-05 0.000000e+00 0.000000e+00
18150 202.317691 16.971525 15.500000 0.961536 0.274680 0.000000 9.780193e-03 2.827588e-03 0.000000e+00 0.000000e+00 0.000000e+00 -2.409436e-05 0.000000e+00 0.000000e+00
18200 202.801430 17.110681 15.500000 0.962021 0.272974 0.000000 9.579887e-03 2.803615e-03 0.000000e+00 0.000000e+00 0.000000e+00 -1.102667e-05 0.000000e+00 0.000000e+00
18250 203.288016 17.243577 15.500000 0.962252 0.272159 0.000000 9.625343e-03 2.677658e-03 0.000000e+00 0.000000e+00 0.000000e+00 2.284913e-05 0.000000e+00 0.000000e+00
18300 203.772720 17.380251 15.500000 0.962711 0.270531 0.000000 9.830269e-03 2.645982e-03 0.000000e+00 0.000000e+00 0.000000e+00 2.356593e-05 0.000000e+00 0.000000e+00
18350 204.267103 17.514032 15.500000 0.962410 0.271600 0.000000 9.823444e-03 2.744825e-03 0.000000e+00 0.000000e+00 0.000000e+00 5.588337e-06 0.000000e+00 0.000000e+00
18400 204.751963 17.651340 15.500000 0.962139 0.272559 0.000000 9.903168e-03 2.866834e-03 0.000000e+00 0.000000e+00 0.000000e+00 -9.504537e-06 0.000000e+00 0.000000e+00
18450 205.246891 17.792069 15.500000 0.962059 0.272843 0.000000 9.742365e-03 2.676018e-03 0.000000e+00 0.000000e+00 0.000000e+00 5.151412e-06 0.000000e+00 0.000000e+00
18500 205.733953 17.931158 15.500000 0.961887 0.273447 0.000000 9.689974e-03 2.805185e-03 0.000000e+00 0.000000e+00 0.000000e+00 -1.367826e-05 0.000000e+00 0.000000e+00
18550 206.219888 18.072383 15.500000 0.962159 0.272488 0.000000 9.748784e-03 2.652209e-03 0.000000e+00 0.000000e+00 0.000000e+00 -2.579169e-05 0.000000e+00 0.000000e+00
18600 206.702326 18.208501 15.500000 0.962801 0.270213 0.000000 9.590716e-03 2.617831e-03 0.000000e+00 0.000000e+00 0.000000e+00 -3.553869e-05 0.000000e+00 0.000000e+00
18650 207.188356 18.342685 15.500000 0.962739 0.270431 0.000000 9.766623e-03 2.646203e-03 0.000000e+00 0.000000e+00 0.000000e+00 3.842860e-05 0.000000e+00 0.000000e+00
18700 207.671837 18.477686 15.500000 0.963066 0.269266 0.000000 9.625727e-03 2.716472e-03 0.000000e+00 0.000000e+00 0.000000e+00 -3.999574e-05 0.000000e+00 0.000000e+00
18750 208.167499 18.615252 15.500000 0.962974 0.269593 0.000000 9.838286e-03 2.718387e-03 0.000000e+00 0.000000e+00 0.000000e+00 9.234433e-06 0.000000e+00 0.000000e+00
18800 208.653055 18.749894 15.500000 0.962659 0.270717 0.000000 9.708818e-03 2.953855e-03 0.000000e+00 0.000000e+00 0.000000e+00 -4.388476e-05 0.000000e+00 0.000000e+00
18850 209.144245 18.893468 15.500000 0.962838 0.270080 0.000000 9.818833e-03 2.780996e-03 0.000000e+00 0.000000e+00 0.000000e+00 3.722711e-05 0.000000e+00 0.000000e+00
18900 209.629988 19.031841 15.500000 0.963077 0.269227 0.000000 9.736420e-03 3.048613e-03 0.000000e+00 0.000000e+00 0.000000e+00 -6.425991e-05 0.000000e+00 0.000000e+00
18950 210.112550 19.169431 15.500000 0.963338 0.268289 0.000000 9.676370e-03 2.745151e-03 0.000000e+00 0.000000e+00 0.000000e+00 -3.025130e-05 0.000000e+00 0.000000e+00
19000 210.595451 19.307189 15.500000 0.963951 0.266080 0.000000 9.573460e-03 2.855866e-03 0.000000e+00 0.000000e+00 0.000000e+00 -4.751601e-05 0.000000e+00 0.000000e+00
19050 211.081881 19.442090 15.500000 0.963779 0.266703 0.000000 9.867749e-03 2.756509e-03 0.000000e+00 0.000000e+00 0.000000e+00 3.523277e-05 0.000000e+00 0.000000e+00
19100 211.565423 19.578105 15.500000 0.963459 0.267857 0.000000 9.620262e-03 2.701259e-03 0.000000e+00 0.000000e+00 0.000000e+00 1.606583e-05 0.000000e+00 0.000000e+00
19150 212.056420 19.719753 15.500000 0.963438 0.267932 0.000000 9.925400e-03 2.808472e-03 0.000000e+00 0.000000e+00 0.000000e+00 5.848968e-06 0.000000e+00 0.000000e+00
19200 212.543965 19.858019 15.500000 0.963231 0.268674 0.000000 9.665157e-03 2.803829e-03 0.000000e+00 0.000000e+00 0.000000e+00 -1.501670e-05 0.000000e+00 0.000000e+00
19250 213.028265 20.001591 15.500000 0.963380 0.268142 0.000000 9.731541e-03 2.780117e-03 0.000000e+00 0.000000e+00 0.000000e+00 -2.442802e-05 0.000000e+00 0.000000e+00
19300 213.510902 20.138983 15.500000 0.963893 0.266290 0.000000 9.638479e-03 2.778381e-03 0.000000e+00 0.000000e+00 0.000000e+00 -9.691191e-05 0.000000e+00 0.000000e+00
19350 213.990520 20.275775 15.500000 0.964325 0.264721 0.000000 9.793203e-03 2.695913e-03 0.000000e+00 0.000000e+00 0.000000e+00 1.339063e-05 0.000000e+00 0.000000e+00
19400 214.474952 20.409929 15.500000 0.964470 0.264192 0.000000 9.607064e-03 2.613401e-03 0.000000e+00 0.000000e+00 0.000000e+00 -1.031010e-05 0.000000e+00 0.000000e+00
19450 214.962566 20.546534 15.500000 0.964738 0.263210 0.000000 9.902836e-03 2.834715e-03 0.000000e+00 0.000000e+00 0.000000e+00 -4.971343e-06 0.000000e+00 0.000000e+00
19500 215.451594 20.682385 15.500000 0.964291 0.264845 0.000000 9.609596e-03 2.692610e-03 0.000000e+00 0.000000e+00 0.000000e+00 3.331329e-05 0.000000e+00 0.000000e+00
19550 215.935289 20.823815 15.500000 0.964610 0.263679 0.000000 9.784149e-03 2.951250e-03 0.000000e+00 0.000000e+00 0.000000e+00 5.090123e-06 0.000000e+00 0.000000e+00
19600 216.422850 20.963213 15.500000 0.964576 0.263804 0.000000 9.538221e-03 2.820121e-03 0.000000e+00 0.000000e+00 0.000000e+00 -6.087619e-06 0.000000e+00 0.000000e+00
19650 216.901397 21.102869 15.500000 0.965098 0.261890 0.000000 9.639555e-03 2.797312e-03 0.000000e+00 0.000000e+00 0.000000e+00 -2.283618e-05 0.000000e+00 0.000000e+00
19700 217.383152 21.238087 15.500000 0.965453 0.260576 0.000000 9.678095e-03 2.854445e-03 0.000000e+00 0.000000e+00 0.000000e+00 -7.483327e-05 0.000000e+00 0.000000e+00
19750 217.863155 21.374291 15.500000 0.965836 0.259155 0.000000 9.718937e-03 2.712794e-03 0.000000e+00 0.000000e+00 0.000000e+00 9.206629e-06 0.000000e+00 0.000000e+00
19800 218.348935 21.510132 15.500000 0.965591 0.260065 0.000000 9.533215e-03 2.711245e-03 0.000000e+00 0.000000e+00 0.000000e+00 6.501977e-06 0.000000e+00 0.000000e+00
19850 218.830535 21.647383 15.500000 0.965635 0.259902 0.000000 9.821619e-03 2.923223e-03 0.000000e+00 0.000000e+00 0.000000e+00 -5.373797e-05 0.000000e+00 0.000000e+00
19900 219.319243 21.787011 15.500000 0.965598 0.260039 0.000000 9.719421e-03 2.706891e-03 0.000000e+00 0.000000e+00 0.000000e+00 7.210146e-07 0.000000e+00 0.000000e+00
19950 219.800269 21.926511 15.500000 0.965586 0.260084 0.000000 9.583037e-03 2.864550e-03 0.000000e+00 0.000000e+00 0.000000e+00 -2.557045e-05 0.000000e+00 0.000000e+00
20000 220.282182 22.066992 15.500000 0.966010 0.258504 0.000000 9.598972e-03 2.647733e-03 0.000000e+00 0.000000e+00 0.000000e+00 -4.770148e-05 0.000000e+00 0.000000e+00
20050 220.757770 22.202979 15.500000 0.966708 0.255884 0.000000 9.493190e-03 2.592238e-03 0.000000e+00 0.000000e+00 0.000000e+00 -3.724465e-05 0.000000e+00 0.000000e+00
20100 221.237804 22.336367 15.500000 0.966824 0.255444 0.000000 9.579283e-03 2.673484e-03 0.000000e+00 0.000000e+00 0.000000e+00 -3.706832e-05 0.000000e+00 0.000000e+00
20150 221.715773 22.469690 15.500000 0.967427 0.253152 0.000000 9.727205e-03 2.662471e-03 0.000000e+00 0.000000e+00 0.000000e+00 -3.011671e-05 0.000000e+00 0.000000e+00
20200 222.205771 22.606226 15.500000 0.967358 0.253415 0.000000 9.685013e-03 2.673517e-03 0.000000e+00 0.000000e+00 0.000000e+00 1.720765e-05 0.000000e+00 0.000000e+00
20250 222.685037 22.739513 15.500000 0.967239 0.253868 0.000000 9.638704e-03 2.953559e-03 0.000000e+00 0.000000e+00 0.000000e+00 -5.046947e-05 0.000000e+00 0.000000e+00
20300 223.170310 22.882494 15.500000 0.967456 0.253041 0.000000 9.616750e-03 2.744007e-03 0.000000e+00 0.000000e+00 0.000000e+00 3.996360e-07 0.000000e+00 0.000000e+00
20350 223.649658 23.019156 15.500000 0.967865 0.251471 0.000000 9.535459e-03 2.949109e-03 0.000000e+00 0.000000e+00 0.000000e+00 -5.625463e-05 0.000000e+00 0.000000e+00
20400 224.125785 23.154892 15.500000 0.968295 0.249811 0.000000 9.524692e-03 2.718507e-03 0.000000e+00 0.000000e+00 0.000000e+00 -5.063536e-05 0.000000e+00 0.000000e+00
20450 224.601839 23.289849 15.500000 0.969130 0.246549 0.000000 9.412488e-03 2.752330e-03 0.000000e+00 0.000000e+00 0.000000e+00 -2.449107e-05 0.000000e+00 0.000000e+00
20500 225.080916 23.421722 15.500000 0.969195 0.246295 0.000000 9.631165e-03 2.684952e-03 0.000000e+00 0.000000e+00 0.000000e+00 -1.299385e-05 0.000000e+00 0.000000e+00
20550 225.557227 23.552682 15.500000 0.969201 0.246272 0.000000 9.460279e-03 2.614973e-03 0.000000e+00 0.000000e+00 0.000000e+00 -1.372171e-05 0.000000e+00 0.000000e+00
20600 226.040694 23.689447 15.500000 0.969449 0.245293 0.000000 9.792343e-03 2.729283e-03 0.000000e+00 0.000000e+00 0.000000e+00 -7.918788e-06 0.000000e+00 0.000000e+00
20650 226.520880 23.822450 15.500000 0.969467 0.245223 0.000000 9.433440e-03 2.632096e-03 0.000000e+00 0.000000e+00 0.000000e+00 -2.858413e-05 0.000000e+00 0.000000e+00
20700 226.997974 23.961626 15.500000 0.969865 0.243641 0.000000 9.630576e-03 2.691171e-03 0.000000e+00 0.000000e+00 0.000000e+00 -1.108754e-05 0.000000e+00 0.000000e+00
20750 227.473723 24.095217 15.500000 0.970529 0.240985 0.000000 9.462183e-03 2.561094e-03 0.000000e+00 0.000000e+00 0.000000e+00 -7.542122e-05 0.000000e+00 0.000000e+00
20800 227.943648 24.226724 15.500000 0.971331 0.237730 0.000000 9.416233e-03 2.578382e-03 0.000000e+00 0.000000e+00 0.000000e+00 -4.135866e-05 0.000000e+00 0.000000e+00
20850 228.420685 24.355124 15.500000 0.971880 0.235478 0.000000 9.507405e-03 2.515951e-03 0.000000e+00 0.000000e+00 0.000000e+00 -7.781922e-05 0.000000e+00 0.000000e+00
20900 228.897166 24.483476 15.500000 0.972482 0.232980 0.000000 9.629082e-03 2.564403e-03 0.000000e+00 0.000000e+00 0.000000e+00 6.124374e-06 0.000000e+00 0.000000e+00
20950 229.377483 24.610884 15.500000 0.972535 0.232758 0.000000 9.454101e-03 2.554449e-03 0.000000e+00 0.000000e+00 0.000000e+00 3.913471e-06 0.000000e+00 0.000000e+00
21000 229.851941 24.742881 15.500000 0.972948 0.231024 0.000000 9.558478e-03 2.729867e-03 0.000000e+00 0.000000e+00 0.000000e+00 -4.121709e-05 0.000000e+00 0.000000e+00
21050 230.331295 24.875894 15.500000 0.973252 0.229740 0.000000 9.505094e-03 2.706843e-03 0.000000e+00 0.000000e+00 0.000000e+00 -1.996779e-05 0.000000e+00 0.000000e+00
21100 230.802219 25.007324 15.500000 0.973912 0.226924 0.000000 9.365156e-03 2.760601e-03 0.000000e+00 0.000000e+00 0.000000e+00 -8.754755e-05 0.000000e+00 0.000000e+00
21150 231.274855 25.136025 15.500000 0.974708 0.223483 0.000000 9.425899e-03 2.528143e-03 0.000000e+00 0.000000e+00 0.000000e+00 -7.940367e-05 0.000000e+00 0.000000e+00
21200 231.742007 25.261518 15.500000 0.975716 0.219039 0.000000 9.425773e-03 2.447843e-03 0.000000e+00 0.000000e+00 0.000000e+00 -4.620545e-05 0.000000e+00 0.000000e+00
21250 232.215290 25.383467 15.500000 0.976125 0.217212 0.000000 9.460272e-03 2.461540e-03 0.000000e+00 0.000000e+00 0.000000e+00 -5.247625e-05 0.000000e+00 0.000000e+00
21300 232.682155 25.503759 15.500000 0.976903 0.213685 0.000000 9.289243e-03 2.465481e-03 0.000000e+00 0.000000e+00 0.000000e+00 -8.909762e-05 0.000000e+00 0.000000e+00
21350 233.162669 25.628089 15.500000 0.977524 0.210824 0.000000 9.541839e-03 2.423311e-03 0.000000e+00 0.000000e+00 0.000000e+00 -5.898254e-05 0.000000e+00 0.000000e+00
21400 233.631575 25.745622 15.500000 0.977930 0.208931 0.000000 9.311216e-03 2.471817e-03 0.000000e+00 0.000000e+00 0.000000e+00 -1.116126e-04 0.000000e+00 0.000000e+00
21450 234.105164 25.874264 15.500000 0.978864 0.204511 0.000000 9.488253e-03 2.462685e-03 0.000000e+00 0.000000e+00 0.000000e+00 -5.445119e-05 0.000000e+00 0.000000e+00
21500 234.573885 25.996132 15.500000 0.979737 0.200289 0.000000 9.270385e-03 2.194793e-03 0.000000e+00 0.000000e+00 0.000000e+00 -1.132239e-04 0.000000e+00 0.000000e+00
21550 235.038559 26.116709 15.500000 0.980711 0.195464 0.000000 9.388721e-03 2.266423e-03 0.000000e+00 0.000000e+00 0.000000e+00 -9.417537e-05 0.000000e+00 0.000000e+00
21600 235.504191 26.233022 15.500000 0.981967 0.189050 0.000000 9.197908e-03 2.315970e-03 0.000000e+00 0.000000e+00 0.000000e+00 -1.370829e-04 0.000000e+00 0.000000e+00
21650 235.966958 26.345458 15.500000 0.982887 0.184207 0.000000 9.368478e-03 2.204952e-03 0.000000e+00 0.000000e+00 0.000000e+00 -6.833188e-05 0.000000e+00 0.000000e+00
21700 236.433685 26.451366 15.500000 0.983660 0.180039 0.000000 9.138342e-03 2.052190e-03 0.000000e+00 0.000000e+00 0.000000e+00 -1.222242e-04 0.000000e+00 0.000000e+00
21750 236.900005 26.560396 15.500000 0.984727 0.174103 0.000000 9.485528e-03 2.214031e-03 0.000000e+00 0.000000e+00 0.000000e+00 -1.323488e-04 -2.126956e-05 0.000000e+00
21800 237.370253 26.665418 15.500000 0.985585 0.169180 0.000000 9.381862e-03 2.027171e-03 0.000000e+00 0.000000e+00 0.000000e+00 -7.541842e-05 -1.677386e-04 0.000000e+00
21850 237.832526 26.773440 15.500000 0.986693 0.162596 0.000000 9.355290e-03 2.287434e-03 0.000000e+00 0.000000e+00 0.000000e+00 -1.574011e-04 -4.619616e-04 0.000000e+00
21900 238.300183 26.882950 15.500000 0.987742 0.156096 0.000000 9.284676e-03 2.270931e-03 0.000000e+00 0.000000e+00 0.000000e+00 -1.491111e-04 -9.105393e-04 0.000000e+00
21950 238.760244 26.987989 15.500000 0.988978 0.148061 0.000000 9.163342e-03 2.233575e-03 0.000000e+00 0.000000e+00 0.000000e+00 -1.919070e-04 -1.482573e-03 0.000000e+00
22000 239.220791 27.089392 15.500000 0.990286 0.139048 0.000000 9.245859e-03 2.043920e-03 0.000000e+00 0.000000e+00 0.000000e+00 -2.161439e-04 -2.167563e-03 0.000000e+00
22050 239.676703 27.180496 15.500000 0.991750 0.128188 0.000000 9.099614e-03 1.823232e-03 0.000000e+00 0.000000e+00 0.000000e+00 -2.002856e-04 -2.894014e-03 0.000000e+00
22100 240.135580 27.263277 15.500000 0.992875 0.119163 0.000000 9.291948e-03 1.597044e-03 0.000000e+00 0.000000e+00 0.000000e+00 -1.964506e-04 -3.645229e-03 0.000000e+00
22150 240.593665 27.348466 15.500000 0.994293 0.106682 0.000000 9.016674e-03 1.598098e-03 0.000000e+00 0.000000e+00 0.000000e+00 -2.848414e-04 -4.506206e-03 0.000000e+00
22200 241.054380 27.418493 15.500000 0.995302 0.096820 0.000000 9.308931e-03 1.457904e-03 0.000000e+00 0.000000e+00 0.000000e+00 -1.515715e-04 -5.283861e-03 0.000000e+00
22250 241.510456 27.482503 15.500000 0.996301 0.085929 0.000000 9.013111e-03 1.349998e-03 0.000000e+00 0.000000e+00 0.000000e+00 -2.625529e-04 -6.048578e-03 0.000000e+00
22300 241.971985 27.553738 15.500000 0.997362 0.072592 0.000000 9.404956e-03 1.481424e-03 0.000000e+00 0.000000e+00 0.000000e+00 -2.694392e-04 -6.957012e-03 0.000000e+00
22350 242.433062 27.612727 15.500000 0.998199 0.059994 0.000000 9.050446e-03 1.310986e-03 0.000000e+00 0.000000e+00 0.000000e+00 -2.563434e-04 -7.761274e-03 0.000000e+00
22400 242.890833 27.675152 15.500000 0.998951 0.045781 0.000000 9.250770e-03 1.317838e-03 0.000000e+00 0.000000e+00 0.000000e+00 -3.436285e-04 -8.657523e-03 0.000000e+00
22450 243.353129 27.733088 15.500000 0.999557 0.029767 0.000000 9.187680e-03 9.666590e-04 0.000000e+00 0.000000e+00 0.000000e+00 -2.443842e-04 -9.538646e-03 0.000000e+00
22500 243.810064 27.784339 15.500000 0.999901 0.014045 0.000000 9.161224e-03 1.333209e-03 0.000000e+00 0.000000e+00 0.000000e+00 -4.078465e-04 -1.034277e-02 0.000000e+00
22550 244.271986 27.835244 15.500000 0.999992 -0.003896 0.000000 9.155336e-03 1.515487e-03 0.000000e+00 0.000000e+00 0.000000e+00 -4.000547e-04 -1.117673e-02 0.000000e+00
22600 244.729962 27.870157 15.500000 0.999794 -0.020285 0.000000 9.115063e-03 1.746445e-03 0.000000e+00 0.000000e+00 0.000000e+00 -3.591841e-04 -1.176557e-02 0.000000e+00
22650 245.190300 27.863574 15.500000 0.999348 -0.036113 0.000000 9.146140e-03 1.974305e-03 0.000000e+00 0.000000e+00 0.000000e+00 -3.280828e-04 -1.164874e-02 0.000000e+00
22700 245.651545 27.574120 15.500000 0.999378 -0.035277 0.000000 9.111438e-03 -4.435377e-03 0.000000e+00 0.000000e+00 0.000000e+00 -1.315261e-04 -7.309118e-03 0.000000e+00
22750 246.135012 27.054073 15.500000 0.999267 -0.038277 0.000000 9.581234e-03 -3.989981e-03 0.000000e+00 0.000000e+00 0.000000e+00 -2.068455e-04 -1.956799e-03 0.000000e+00
22800 246.611154 27.009105 15.500000 0.998939 -0.046051 0.000000 9.578460e-03 -1.323308e-03 0.000000e+00 0.000000e+00 0.000000e+00 -1.262814e-04 -1.636999e-03 0.000000e+00
22850 247.088150 27.016476 15.500000 0.998603 -0.052845 0.000000 9.577434e-03 -3.399923e-05 0.000000e+00 0.000000e+00 0.000000e+00 -1.494044e-04 -1.676245e-03 0.000000e+00
22900 247.564719 27.035580 15.500000 0.998178 -0.060334 0.000000 9.525885e-03 -3.875050e-04 0.000000e+00 0.000000e+00 0.000000e+00 -1.040527e-04 -1.804914e-03 0.000000e+00
22950 248.044112 27.047916 15.500000 0.997721 -0.067470 0.000000 9.806433e-03 1.026785e-04 0.000000e+00 0.000000e+00 0.000000e+00 -1.485878e-04 -1.885579e-03 0.000000e+00
23000 248.526654 27.065668 15.500000 0.997122 -0.075815 0.000000 9.587819e-03 8.484023e-05 0.000000e+00 0.000000e+00 0.000000e+00 -1.305836e-04 -2.009896e-03 0.000000e+00
23050 249.008275 27.070382 15.500000 0.996537 -0.083146 0.000000 9.812775e-03 3.316137e-05 0.000000e+00 0.000000e+00 0.000000e+00 -1.451512e-04 -2.043904e-03 0.000000e+00
23100 249.494618 27.081616 15.500000 0.995803 -0.091518 0.000000 9.628253e-03 4.757386e-05 0.000000e+00 0.000000e+00 0.000000e+00 -1.164585e-04 -2.125108e-03 0.000000e+00
23150 249.977726 27.080591 15.500000 0.995080 -0.099076 0.000000 9.740927e-03 -6.330127e-05 0.000000e+00 0.000000e+00 0.000000e+00 -1.498589e-04 -2.118433e-03 0.000000e+00
23200 250.466903 27.083987 15.500000 0.994219 -0.107371 0.000000 9.710282e-03 7.336979e-05 0.000000e+00 0.000000e+00 0.000000e+00 -1.491309e-04 -2.142281e-03 0.000000e+00
23250 250.951424 27.077700 15.500000 0.993386 -0.114826 0.000000 9.868438e-03 -2.202969e-04 0.000000e+00 0.000000e+00 0.000000e+00 -1.257849e-04 -2.098532e-03 0.000000e+00
23300 251.441930 27.073600 15.500000 0.992412 -0.122954 0.000000 9.694305e-03 3.470955e-05 0.000000e+00 0.000000e+00 0.000000e+00 -1.271743e-04 -2.067025e-03 0.000000e+00
23350 251.927274 27.062658 15.500000 0.991511 -0.130021 0.000000 9.839172e-03 -3.045811e-04 0.000000e+00 0.000000e+00 0.000000e+00 -1.199521e-04 -1.991313e-03 0.000000e+00
23400 252.417779 27.051273 15.500000 0.990472 -0.137715 0.000000 9.643318e-03 -2.564205e-05 0.000000e+00 0.000000e+00 0.000000e+00 -1.406983e-04 -1.909653e-03 0.000000e+00
23450 252.902808 27.036997 15.500000 0.989579 -0.143993 0.000000 9.851429e-03 -3.818127e-04 0.000000e+00 0.000000e+00 0.000000e+00 -1.206296e-04 -1.814435e-03 0.000000e+00
23500 253.391626 27.019813 15.500000 0.988576 -0.150724 0.000000 9.644983e-03 -2.148216e-04 0.000000e+00 0.000000e+00 0.000000e+00 -1.283703e-04 -1.699157e-03 0.000000e+00
23550 253.875736 27.000686 15.500000 0.987726 -0.156196 0.000000 9.824935e-03 -3.515180e-04 0.000000e+00 0.000000e+00 0.000000e+00 -7.589040e-05 -1.577324e-03 0.000000e+00
23600 254.363410 26.979287 15.500000 0.986743 -0.162293 0.000000 9.697288e-03 -3.214667e-04 0.000000e+00 0.000000e+00 0.000000e+00 -1.271749e-04 -1.445284e-03 0.000000e+00
23650 254.847536 26.953753 15.500000 0.985850 -0.167630 0.000000 9.646402e-03 -3.695189e-04 0.000000e+00 0.000000e+00 0.000000e+00 -9.902191e-05 -1.295763e-03 0.000000e+00
23700 255.337334 26.927844 15.500000 0.984923 -0.172995 0.000000 9.773221e-03 -4.056320e-04 0.000000e+00 0.000000e+00 0.000000e+00 -1.099734e-04 -1.152319e-03 0.000000e+00
23750 255.822667 26.897494 15.500000 0.984134 -0.177428 0.000000 9.662676e-03 -5.227568e-04 0.000000e+00 0.000000e+00 0.000000e+00 -1.045412e-04 -9.953673e-04 0.000000e+00
23800 256.313498 26.866844 15.500000 0.983170 -0.182696 0.000000 9.761810e-03 -5.359855e-04 0.000000e+00 0.000000e+00 0.000000e+00 -8.862294e-05 -8.480292e-04 0.000000e+00
23850 256.799050 26.831179 15.500000 0.982509 -0.186214 0.000000 9.674587e-03 -6.225037e-04 0.000000e+00 0.000000e+00 0.000000e+00 -8.618746e-05 -6.917298e-04 0.000000e+00
23900 257.289546 26.797210 15.500000 0.981567 -0.191117 0.000000 9.699495e-03 -6.494828e-04 0.000000e+00 0.000000e+00 0.000000e+00 -1.055813e-04 -5.574447e-04 0.000000e+00
23950 257.777063 26.755805 15.500000 0.980846 -0.194786 0.000000 9.767683e-03 -6.405485e-04 0.000000e+00 0.000000e+00 0.000000e+00 -1.203176e-04 -4.132085e-04 0.000000e+00
24000 258.269387 26.716493 15.500000 0.979782 -0.200068 0.000000 9.802291e-03 -8.392344e-04 0.000000e+00 0.000000e+00 0.000000e+00 -7.407611e-05 -2.967744e-04 0.000000e+00
24050 258.758672 26.667725 15.500000 0.979131 -0.203231 0.000000 9.872289e-03 -8.208920e-04 0.000000e+00 0.000000e+00 0.000000e+00 -1.150799e-04 -1.784907e-04 0.000000e+00
24100 259.255222 26.621719 15.500000 0.977990 -0.208650 0.000000 9.855547e-03 -1.066316e-03 0.000000e+00 0.000000e+00 0.000000e+00 -8.582430e-05 -9.472670e-05 0.000000e+00
24150 259.746661 26.568370 15.500000 0.977342 -0.211668 0.000000 1.007795e-02 -9.937315e-04 0.000000e+00 0.000000e+00 0.000000e+00 -6.023124e-05 -3.023024e-05 0.000000e+00
24200 260.248991 26.515249 15.500000 0.976230 -0.216737 0.000000 9.919554e-03 -1.155156e-03 0.000000e+00 0.000000e+00 0.000000e+00 -1.265847e-04 -1.690710e-06 0.000000e+00
24250 260.739916 26.455427 15.500000 0.975268 -0.221024 0.000000 1.014339e-02 -1.130168e-03 0.000000e+00 0.000000e+00 0.000000e+00 -9.075302e-05 0.000000e+00 0.000000e+00
24300 261.245289 26.393424 15.500000 0.974373 -0.224939 0.000000 9.971202e-03 -1.231121e-03 0.000000e+00 0.000000e+00 0.000000e+00 -1.127102e-04 0.000000e+00 0.000000e+00
24350 261.739860 26.327650 15.500000 0.973268 -0.229673 0.000000 1.002155e-02 -1.607472e-03 0.000000e+00 0.000000e+00 0.000000e+00 -3.745877e-05 0.000000e+00 0.000000e+00
24400 262.243783 26.254644 15.500000 0.972532 -0.232768 0.000000 9.934959e-03 -1.344643e-03 0.000000e+00 0.000000e+00 0.000000e+00 -8.021169e-05 0.000000e+00 0.000000e+00
24450 262.738657 26.184632 15.500000 0.971649 -0.236428 0.000000 9.957229e-03 -1.654581e-03 0.000000e+00 0.000000e+00 0.000000e+00 -4.059128e-05 0.000000e+00 0.000000e+00
24500 263.239789 26.108953 15.500000 0.970920 -0.239404 0.000000 9.980935e-03 -1.474430e-03 0.000000e+00 0.000000e+00 0.000000e+00 -6.669935e-05 0.000000e+00 0.000000e+00
24550 263.735091 26.032466 15.500000 0.970333 -0.241773 0.000000 9.806723e-03 -1.714703e-03 0.000000e+00 0.000000e+00 0.000000e+00 -1.145717e-05 0.000000e+00 0.000000e+00
24600 264.228670 25.953682 15.500000 0.970029 -0.242990 0.000000 9.898568e-03 -1.546935e-03 0.000000e+00 0.000000e+00 0.000000e+00 -1.782673e-05 0.000000e+00 0.000000e+00
24650 264.719121 25.876567 15.500000 0.969973 -0.243212 0.000000 9.737914e-03 -1.659953e-03 0.000000e+00 0.000000e+00 0.000000e+00 2.030826e-05 0.000000e+00 0.000000e+00
24700 265.211406 25.800042 15.500000 0.969698 -0.244308 0.000000 9.848432e-03 -1.628657e-03 0.000000e+00 0.000000e+00 0.000000e+00 -3.176179e-05 0.000000e+00 0.000000e+00
24750 265.701645 25.718037 15.500000 0.969651 -0.244494 0.000000 9.792198e-03 -1.544370e-03 0.000000e+00 0.000000e+00 0.000000e+00 -6.180580e-05 0.000000e+00 0.000000e+00
24800 266.198762 25.638650 15.500000 0.968993 -0.247088 0.000000 9.925152e-03 -1.632723e-03 0.000000e+00 0.000000e+00 0.000000e+00 -6.009514e-05 0.000000e+00 0.000000e+00
24850 266.691325 25.553720 15.500000 0.968834 -0.247710 0.000000 9.876393e-03 -1.692187e-03 0.000000e+00 0.000000e+00 0.000000e+00 -1.950476e-05 0.000000e+00 0.000000e+00
24900 267.196615 25.468574 15.500000 0.968177 -0.250268 0.000000 1.000761e-02 -1.702247e-03 0.000000e+00 0.000000e+00 0.000000e+00 -5.022008e-05 0.000000e+00 0.000000e+00
24950 267.690331 25.378512 15.500000 0.967448 -0.253069 0.000000 9.978426e-03 -1.843263e-03 0.000000e+00 0.000000e+00 0.000000e+00 -2.633023e-05 0.000000e+00 0.000000e+00
25000 268.196287 25.282619 15.500000 0.967068 -0.254518 0.000000 1.000778e-02 -1.829180e-03 0.000000e+00 0.000000e+00 0.000000e+00 -5.171982e-05 0.000000e+00 0.000000e+00
25050 268.691916 25.190030 15.500000 0.966484 -0.256727 0.000000 9.936691e-03 -1.961956e-03 0.000000e+00 0.000000e+00 0.000000e+00 -2.333169e-06 0.000000e+00 0.000000e+00
25100 269.193116 25.091007 15.500000 0.966148 -0.257988 0.000000 1.002273e-02 -1.750264e-03 0.000000e+00 0.000000e+00 0.000000e+00 -9.226171e-05 0.000000e+00 0.000000e+00
25150 269.688232 24.994474 15.500000 0.966081 -0.258241 0.000000 9.828403e-03 -1.939690e-03 0.000000e+00 0.000000e+00 0.000000e+00 1.444724e-05 0.000000e+00 0.000000e+00
25200 270.182147 24.897545 15.500000 0.966093 -0.258194 0.000000 9.950975e-03 -1.908767e-03 0.000000e+00 0.000000e+00 0.000000e+00 2.591270e-05 0.000000e+00 0.000000e+00
25250 270.673597 24.799931 15.500000 0.966403 -0.257033 0.000000 9.814129e-03 -1.871179e-03 0.000000e+00 0.000000e+00 0.000000e+00 2.362449e-05 0.000000e+00 0.000000e+00
25300 271.168067 24.704644 15.500000 0.966165 -0.257926 0.000000 9.916210e-03 -1.854460e-03 0.000000e+00 0.000000e+00 0.000000e+00 -3.314294e-05 0.000000e+00 0.000000e+00
25350 271.661409 24.605743 15.500000 0.966373 -0.257144 0.000000 9.844286e-03 -2.029183e-03 0.000000e+00 0.000000e+00 0.000000e+00 5.603133e-05 0.000000e+00 0.000000e+00
25400 272.164302 24.507550 15.500000 0.965928 -0.258812 0.000000 1.014725e-02 -2.023990e-03 0.000000e+00 0.000000e+00 0.000000e+00 -2.822397e-05 0.000000e+00 0.000000e+00
25450 272.657338 24.404900 15.500000 0.965384 -0.260834 0.000000 9.862309e-03 -2.064506e-03 0.000000e+00 0.000000e+00 0.000000e+00 -3.599842e-05 0.000000e+00 0.000000e+00
25500 273.163007 24.297192 15.500000 0.965128 -0.261778 0.000000 1.004352e-02 -2.108628e-03 0.000000e+00 0.000000e+00 0.000000e+00 -3.825083e-05 0.000000e+00 0.000000e+00
25550 273.658741 24.193065 15.500000 0.964653 -0.263524 0.000000 9.943550e-03 -2.323806e-03 0.000000e+00 0.000000e+00 0.000000e+00 5.196763e-06 0.000000e+00 0.000000e+00
25600 274.159362 24.080867 15.500000 0.964512 -0.264038 0.000000 1.000992e-02 -2.104633e-03 0.000000e+00 0.000000e+00 0.000000e+00 -7.049505e-05 0.000000e+00 0.000000e+00
25650 274.654249 23.973355 15.500000 0.964571 -0.263824 0.000000 9.871585e-03 -2.389176e-03 0.000000e+00 0.000000e+00 0.000000e+00 3.300878e-05 0.000000e+00 0.000000e+00
25700 275.147276 23.865448 15.500000 0.964642 -0.263563 0.000000 9.937563e-03 -2.169813e-03 0.000000e+00 0.000000e+00 0.000000e+00 2.531981e-05 0.000000e+00 0.000000e+00
25750 275.638733 23.756951 15.500000 0.965100 -0.261880 0.000000 9.767706e-03 -2.223016e-03 0.000000e+00 0.000000e+00 0.000000e+00 1.624819e-05 0.000000e+00 0.000000e+00
25800 276.134042 23.651592 15.500000 0.964863 -0.262753 0.000000 9.957437e-03 -2.065011e-03 0.000000e+00 0.000000e+00 0.000000e+00 -4.469141e-05 0.000000e+00 0.000000e+00
25850 276.627143 23.543318 15.500000 0.964886 -0.262668 0.000000 9.804423e-03 -2.199949e-03 0.000000e+00 0.000000e+00 0.000000e+00 2.163299e-05 0.000000e+00 0.000000e+00
25900 277.130660 23.433147 15.500000 0.964673 -0.263449 0.000000 1.009963e-02 -2.259861e-03 0.000000e+00 0.000000e+00 0.000000e+00 -2.106207e-05 0.000000e+00 0.000000e+00
25950 277.626703 23.322330 15.500000 0.964059 -0.265687 0.000000 9.869481e-03 -2.289105e-03 0.000000e+00 0.000000e+00 0.000000e+00 -6.524700e-06 0.000000e+00 0.000000e+00
26000 278.127912 23.202854 15.500000 0.964029 -0.265799 0.000000 1.008781e-02 -2.295532e-03 0.000000e+00 0.000000e+00 0.000000e+00 -5.105464e-05 0.000000e+00 0.000000e+00
26050 278.624315 23.087907 15.500000 0.963702 -0.266981 0.000000 9.829832e-03 -2.261516e-03 0.000000e+00 0.000000e+00 0.000000e+00 -1.297690e-05 0.000000e+00 0.000000e+00
26100 279.118437 22.969560 15.500000 0.963760 -0.266771 0.000000 9.841278e-03 -2.166530e-03 0.000000e+00 0.000000e+00 0.000000e+00 -1.090873e-05 0.000000e+00 0.000000e+00
26150 279.609697 22.855862 15.500000 0.964176 -0.265263 0.000000 9.736344e-03 -2.274896e-03 0.000000e+00 0.000000e+00 0.000000e+00 5.301318e-05 0.000000e+00 0.000000e+00
26200 280.101224 22.743266 15.500000 0.964292 -0.264840 0.000000 9.931419e-03 -2.201044e-03 0.000000e+00 0.000000e+00 0.000000e+00 -9.261698e-06 0.000000e+00 0.000000e+00
26250 280.594584 22.629608 15.500000 0.964621 -0.263641 0.000000 9.818164e-03 -2.302221e-03 0.000000e+00 0.000000e+00 0.000000e+00 3.456175e-05 0.000000e+00 0.000000e+00
26300 281.093909 22.516182 15.500000 0.964430 -0.264340 0.000000 1.009126e-02 -2.280615e-03 0.000000e+00 0.000000e+00 0.000000e+00 -2.091675e-05 0.000000e+00 0.000000e+00
26350 281.588314 22.399973 15.500000 0.964005 -0.265883 0.000000 9.818446e-03 -2.313479e-03 0.000000e+00 0.000000e+00 0.000000e+00 -4.190049e-05 0.000000e+00 0.000000e+00
26400 282.090081 22.278400 15.500000 0.963855 -0.266427 0.000000 1.016777e-02 -2.416764e-03 0.000000e+00 0.000000e+00 0.000000e+00 -1.352970e-05 0.000000e+00 0.000000e+00
26450 282.586351 22.160184 15.500000 0.963488 -0.267752 0.000000 9.869373e-03 -2.491006e-03 0.000000e+00 0.000000e+00 0.000000e+00 9.483633e-06 0.000000e+00 0.000000e+00
26500 283.083579 22.035309 15.500000 0.963445 -0.267906 0.000000 1.002878e-02 -2.476568e-03 0.000000e+00 0.000000e+00 0.000000e+00 -2.390282e-05 0.000000e+00 0.000000e+00
26550 283.576428 21.915035 15.500000 0.963641 -0.267202 0.000000 9.829390e-03 -2.559476e-03 0.000000e+00 0.000000e+00 0.000000e+00 3.647080e-05 0.000000e+00 0.000000e+00
26600 284.067496 21.796942 15.500000 0.963951 -0.266079 0.000000 9.940435e-03 -2.304709e-03 0.000000e+00 0.000000e+00 0.000000e+00 1.860265e-05 0.000000e+00 0.000000e+00
26650 284.560320 21.677815 15.500000 0.964396 -0.264462 0.000000 9.805738e-03 -2.514028e-03 0.000000e+00 0.000000e+00 0.000000e+00 4.037396e-05 0.000000e+00 0.000000e+00
26700 285.055449 21.560401 15.500000 0.964187 -0.265222 0.000000 9.998440e-03 -2.387167e-03 0.000000e+00 0.000000e+00 0.000000e+00 -5.791916e-05 0.000000e+00 0.000000e+00
26750 285.548473 21.440379 15.500000 0.963765 -0.266752 0.000000 9.796732e-03 -2.411242e-03 0.000000e+00 0.000000e+00 0.000000e+00 -2.106201e-05 0.000000e+00 0.000000e+00
26800 286.048643 21.316577 15.500000 0.963631 -0.267238 0.000000 1.009234e-02 -2.511514e-03 0.000000e+00 0.000000e+00 0.000000e+00 -2.034128e-05 0.000000e+00 0.000000e+00
26850 286.545126 21.194881 15.500000 0.963224 -0.268699 0.000000 9.759673e-03 -2.436586e-03 0.000000e+00 0.000000e+00 0.000000e+00 9.459620e-06 0.000000e+00 0.000000e+00
26900 287.040808 21.066068 15.500000 0.963256 -0.268584 0.000000 1.003956e-02 -2.513637e-03 0.000000e+00 0.000000e+00 0.000000e+00 -1.558851e-05 0.000000e+00 0.000000e+00
26950 287.534222 20.942110 15.500000 0.963352 -0.268240 0.000000 9.776104e-03 -2.356585e-03 0.000000e+00 0.000000e+00 0.000000e+00 9.680274e-06 0.000000e+00 0.000000e+00
27000 288.024191 20.819120 15.500000 0.963672 -0.267090 0.000000 9.916480e-03 -2.406318e-03 0.000000e+00 0.000000e+00 0.000000e+00 2.493226e-05 0.000000e+00 0.000000e+00
27050 288.516554 20.697088 15.500000 0.964096 -0.265553 0.000000 9.791946e-03 -2.508647e-03 0.000000e+00 0.000000e+00 0.000000e+00 5.089688e-05 0.000000e+00 0.000000e+00
27100 289.009677 20.575223 15.500000 0.963965 -0.266028 0.000000 1.006113e-02 -2.408682e-03 0.000000e+00 0.000000e+00 0.000000e+00 -2.506334e-05 0.000000e+00 0.000000e+00
27150 289.502709 20.452043 15.500000 0.963543 -0.267555 0.000000 9.780498e-03 -2.479750e-03 0.000000e+00 0.000000e+00 0.000000e+00 -2.086189e-05 0.000000e+00 0.000000e+00
27200 290.000379 20.325224 15.500000 0.963429 -0.267965 0.000000 1.012395e-02 -2.596653e-03 0.000000e+00 0.000000e+00 0.000000e+00 -2.580064e-05 0.000000e+00 0.000000e+00
27250 290.497462 20.199980 15.500000 0.962995 -0.269518 0.000000 9.775818e-03 -2.570653e-03 0.000000e+00 0.000000e+00 0.000000e+00 5.342903e-07 0.000000e+00 0.000000e+00
27300 290.990924 20.068250 15.500000 0.963052 -0.269315 0.000000 9.995416e-03 -2.661158e-03 0.000000e+00 0.000000e+00 0.000000e+00 -1.556917e-05 0.000000e+00 0.000000e+00
27350 291.484432 19.940718 15.500000 0.963139 -0.269003 0.000000 9.772509e-03 -2.716581e-03 0.000000e+00 0.000000e+00 0.000000e+00 -8.791772e-07 0.000000e+00 0.000000e+00
27400 291.972378 19.814558 15.500000 0.963528 -0.267607 0.000000 9.780406e-03 -2.443865e-03 0.000000e+00 0.000000e+00 0.000000e+00 -2.317268e-06 0.000000e+00 0.000000e+00
27450 292.464991 19.690618 15.500000 0.963909 -0.266232 0.000000 9.828921e-03 -2.669114e-03 0.000000e+00 0.000000e+00 0.000000e+00 7.431919e-05 0.000000e+00 0.000000e+00
27500 292.957265 19.565949 15.500000 0.963959 -0.266050 0.000000 9.955588e-03 -2.431338e-03 0.000000e+00 0.000000e+00 0.000000e+00 -2.343448e-05 0.000000e+00 0.000000e+00
27550 293.452190 19.440678 15.500000 0.963585 -0.267403 0.000000 9.748075e-03 -2.542219e-03 0.000000e+00 0.000000e+00 0.000000e+00 -3.154635e-05 0.000000e+00 0.000000e+00
27600 293.947215 19.310804 15.500000 0.963459 -0.267854 0.000000 1.000820e-02 -2.628963e-03 0.000000e+00 0.000000e+00 0.000000e+00 -6.098777e-06 0.000000e+00 0.000000e+00
27650 294.444801 19.182289 15.500000 0.963095 -0.269163 0.000000 9.816280e-03 -2.492305e-03 0.000000e+00 0.000000e+00 0.000000e+00 -2.932188e-05 0.000000e+00 0.000000e+00
27700 294.936531 19.049110 15.500000 0.963070 -0.269250 0.000000 9.915514e-03 -2.676430e-03 0.000000e+00 0.000000e+00 0.000000e+00 1.325342e-05 0.000000e+00 0.000000e+00
27750 295.428000 18.921012 15.500000 0.963321 -0.268354 0.000000 9.812980e-03 -2.514395e-03 0.000000e+00 0.000000e+00 0.000000e+00 4.201891e-05 0.000000e+00 0.000000e+00
27800 295.913746 18.792770 15.500000 0.963843 -0.266469 0.000000 9.747210e-03 -2.475818e-03 0.000000e+00 0.000000e+00 0.000000e+00 -1.703297e-05 0.000000e+00 0.000000e+00
27850 296.405705 18.667762 15.500000 0.964020 -0.265828 0.000000 9.812158e-03 -2.502573e-03 0.000000e+00 0.000000e+00 0.000000e+00 4.636955e-05 0.000000e+00 0.000000e+00
27900 296.898010 18.541201 15.500000 0.964206 -0.265156 0.000000 9.996543e-03 -2.525717e-03 0.000000e+00 0.000000e+00 0.000000e+00 -4.488590e-05 0.000000e+00 0.000000e+00
27950 297.394198 18.414381 15.500000 0.963794 -0.266646 0.000000 9.743920e-03 -2.596881e-03 0.000000e+00 0.000000e+00 0.000000e+00 -2.896192e-05 0.000000e+00 0.000000e+00
28000 297.886847 18.282021 15.500000 0.963674 -0.267083 0.000000 9.910948e-03 -2.652461e-03 0.000000e+00 0.000000e+00 0.000000e+00 -1.298132e-05 0.000000e+00 0.000000e+00
28050 298.383587 18.150272 15.500000 0.963407 -0.268042 0.000000 9.835723e-03 -2.654735e-03 0.000000e+00 0.000000e+00 0.000000e+00 5.319257e-06 0.000000e+00 0.000000e+00
28100 298.872482 18.017161 15.500000 0.963381 -0.268135 0.000000 9.785748e-03 -2.764016e-03 0.000000e+00 0.000000e+00 0.000000e+00 -9.596860e-08 0.000000e+00 0.000000e+00
28150 299.362583 17.887233 15.500000 0.963655 -0.267150 0.000000 9.671707e-03 -2.519437e-03 0.000000e+00 0.000000e+00 0.000000e+00 2.759082e-05 0.000000e+00 0.000000e+00
28200 299.848352 17.758065 15.500000 0.964189 -0.265216 0.000000 9.745738e-03 -2.612179e-03 0.000000e+00 0.000000e+00 0.000000e+00 6.217549e-06 0.000000e+00 0.000000e+00
28250 300.339436 17.630927 15.500000 0.964149 -0.265361 0.000000 9.814699e-03 -2.650940e-03 0.000000e+00 0.000000e+00 0.000000e+00 6.538836e-05 0.000000e+00 0.000000e+00
28300 300.830198 17.503253 15.500000 0.964427 -0.264351 0.000000 1.007936e-02 -2.568214e-03 0.000000e+00 0.000000e+00 0.000000e+00 -1.778337e-05 0.000000e+00 0.000000e+00
28350 301.327949 17.373801 15.500000 0.963994 -0.265923 0.000000 9.871780e-03 -2.529329e-03 0.000000e+00 0.000000e+00 0.000000e+00 -5.420881e-05 0.000000e+00 0.000000e+00
28400 301.818769 17.240726 15.500000 0.963908 -0.266235 0.000000 9.932032e-03 -2.742668e-03 0.000000e+00 0.000000e+00 0.000000e+00 3.061342e-05 0.000000e+00 0.000000e+00
28450 302.314666 17.105375 15.500000 0.963633 -0.267228 0.000000 9.833897e-03 -2.643620e-03 0.000000e+00 0.000000e+00 0.000000e+00 -3.077742e-05 0.000000e+00 0.000000e+00
28500 302.802212 16.972039 15.500000 0.963905 -0.266245 0.000000 9.758971e-03 -2.603406e-03 0.000000e+00 0.000000e+00 0.000000e+00 8.119531e-06 0.000000e+00 0.000000e+00
28550 303.291218 16.842028 15.500000 0.964209 -0.265142 0.000000 9.718490e-03 -2.443477e-03 0.000000e+00 0.000000e+00 0.000000e+00 3.523867e-05 0.000000e+00 0.000000e+00
28600 303.776821 16.711521 15.500000 0.964679 -0.263429 0.000000 9.782393e-03 -2.536892e-03 0.000000e+00 0.000000e+00 0.000000e+00 3.861220e-06 0.000000e+00 0.000000e+00
28650 304.268937 16.583036 15.500000 0.964477 -0.264167 0.000000 9.792378e-03 -2.616052e-03 0.000000e+00 0.000000e+00 0.000000e+00 -2.481567e-06 0.000000e+00 0.000000e+00
28700 304.756285 16.453405 15.500000 0.964558 -0.263871 0.000000 1.009025e-02 -2.621773e-03 0.000000e+00 0.000000e+00 0.000000e+00 1.394420e-06 0.000000e+00 0.000000e+00
28750 305.254767 16.321058 15.500000 0.964411 -0.264409 0.000000 9.798669e-03 -2.560943e-03 0.000000e+00 0.000000e+00 0.000000e+00 -5.425543e-05 0.000000e+00 0.000000e+00
28800 305.743880 16.189547 15.500000 0.964215 -0.265122 0.000000 9.867488e-03 -2.825745e-03 0.000000e+00 0.000000e+00 0.000000e+00 7.668469e-06 0.000000e+00 0.000000e+00
28850 306.237999 16.053163 15.500000 0.964153 -0.265346 0.000000 9.855794e-03 -2.661792e-03 0.000000e+00 0.000000e+00 0.000000e+00 -2.514363e-05 0.000000e+00 0.000000e+00
28900 306.724707 15.918633 15.500000 0.964575 -0.263807 0.000000 9.588692e-03 -2.778720e-03 0.000000e+00 0.000000e+00 0.000000e+00 4.242238e-05 0.000000e+00 0.000000e+00
28950 307.210895 15.788485 15.500000 0.964710 -0.263315 0.000000 9.729902e-03 -2.619237e-03 0.000000e+00 0.000000e+00 0.000000e+00 1.236923e-05 0.000000e+00 0.000000e+00
29000 307.695868 15.656150 15.500000 0.965207 -0.261486 0.000000 9.697038e-03 -2.577095e-03 0.000000e+00 0.000000e+00 0.000000e+00 -9.609708e-07 0.000000e+00 0.000000e+00
29050 308.188840 15.526338 15.500000 0.964852 -0.262794 0.000000 9.904142e-03 -2.655080e-03 0.000000e+00 0.000000e+00 0.000000e+00 -2.991124e-05 0.000000e+00 0.000000e+00
29100 308.673778 15.395168 15.500000 0.964540 -0.263938 0.000000 9.815714e-03 -2.664796e-03 0.000000e+00 0.000000e+00 0.000000e+00 -1.665600e-05 0.000000e+00 0.000000e+00
29150 309.171288 15.257933 15.500000 0.964497 -0.264092 0.000000 9.844845e-03 -2.656476e-03 0.000000e+00 0.000000e+00 0.000000e+00 -1.608313e-05 0.000000e+00 0.000000e+00
29200 309.659792 15.124637 15.500000 0.964246 -0.265008 0.000000 9.831495e-03 -2.706271e-03 0.000000e+00 0.000000e+00 0.000000e+00 -3.095869e-06 0.000000e+00 0.000000e+00
29250 310.148742 14.986326 15.500000 0.964363 -0.264582 0.000000 9.752118e-03 -2.559829e-03 0.000000e+00 0.000000e+00 0.000000e+00 -2.227231e-05 0.000000e+00 0.000000e+00
29300 310.633310 14.853514 15.500000 0.964921 -0.262541 0.000000 9.599370e-03 -2.611802e-03 0.000000e+00 0.000000e+00 0.000000e+00 4.563665e-05 0.000000e+00 0.000000e+00
29350 311.118413 14.722508 15.500000 0.965110 -0.261846 0.000000 9.822086e-03 -2.557061e-03 0.000000e+00 0.000000e+00 0.000000e+00 -6.628149e-06 0.000000e+00 0.000000e+00
29400 311.604380 14.592119 15.500000 0.965501 -0.260399 0.000000 9.651517e-03 -2.649626e-03 0.000000e+00 0.000000e+00 0.000000e+00 5.082257e-05 0.000000e+00 0.000000e+00
29450 312.098513 14.459992 15.500000 0.965440 -0.260626 0.000000 1.001468e-02 -2.694779e-03 0.000000e+00 0.000000e+00 0.000000e+00 -1.808202e-05 0.000000e+00 0.000000e+00
29500 312.587103 14.329030 15.500000 0.965003 -0.262239 0.000000 9.670812e-03 -2.662302e-03 0.000000e+00 0.000000e+00 0.000000e+00 -8.101573e-06 0.000000e+00 0.000000e+00
29550 313.078977 14.188758 15.500000 0.965127 -0.261780 0.000000 9.936756e-03 -2.735253e-03 0.000000e+00 0.000000e+00 0.000000e+00 -2.948501e-05 0.000000e+00 0.000000e+00
29600 313.568658 14.053366 15.500000 0.964953 -0.262423 0.000000 9.689108e-03 -2.854779e-03 0.000000e+00 0.000000e+00 0.000000e+00 3.522054e-05 0.000000e+00 0.000000e+00
29650 314.052626 13.917865 15.500000 0.965305 -0.261126 0.000000 9.786793e-03 -2.639044e-03 0.000000e+00 0.000000e+00 0.000000e+00 1.099703e-05 0.000000e+00 0.000000e+00
29700 314.537692 13.785325 15.500000 0.965882 -0.258984 0.000000 9.601645e-03 -2.747836e-03 0.000000e+00 0.000000e+00 0.000000e+00 6.031980e-05 0.000000e+00 0.000000e+00
29750 315.022439 13.653693 15.500000 0.966039 -0.258396 0.000000 9.843145e-03 -2.586766e-03 0.000000e+00 0.000000e+00 0.000000e+00 -2.931999e-05 0.000000e+00 0.000000e+00
29800 315.508366 13.523417 15.500000 0.965967 -0.258665 0.000000 9.639722e-03 -2.617477e-03 0.000000e+00 0.000000e+00 0.000000e+00 1.360143e-05 0.000000e+00 0.000000e+00
29850 316.000032 13.389952 15.500000 0.966078 -0.258251 0.000000 9.986819e-03 -2.681671e-03 0.000000e+00 0.000000e+00 0.000000e+00 -1.342794e-05 0.000000e+00 0.000000e+00
29900 316.490325 13.258694 15.500000 0.965721 -0.259584 0.000000 9.620117e-03 -2.548239e-03 0.000000e+00 0.000000e+00 0.000000e+00 -2.847284e-05 0.000000e+00 0.000000e+00
29950 316.977075 13.119317 15.500000 0.965973 -0.258642 0.000000 9.821327e-03 -2.811009e-03 0.000000e+00 0.000000e+00 0.000000e+00 1.573748e-05 0.000000e+00 0.000000e+00
30000 317.465334 12.984456 15.500000 0.966044 -0.258378 0.000000 9.658345e-03 -2.639951e-03 0.000000e+00 0.000000e+00 0.000000e+00 6.808019e-05 0.000000e+00 0.000000e+00
30050 317.946630 12.849242 15.500000 0.966453 -0.256845 0.000000 9.737231e-03 -2.552570e-03 0.000000e+00 0.000000e+00 0.000000e+00 1.851202e-05 0.000000e+00 0.000000e+00
30100 318.431934 12.717956 15.500000 0.966884 -0.255218 0.000000 9.660862e-03 -2.648960e-03 0.000000e+00 0.000000e+00 0.000000e+00 5.871446e-05 0.000000e+00 0.000000e+00
30150 318.916115 12.586051 15.500000 0.967085 -0.254453 0.000000 9.785142e-03 -2.649854e-03 0.000000e+00 0.000000e+00 0.000000e+00 -5.952493e-06 0.000000e+00 0.000000e+00
30200 319.404550 12.454577 15.500000 0.966860 -0.255306 0.000000 9.555146e-03 -2.646166e-03 0.000000e+00 0.000000e+00 0.000000e+00 -1.023468e-05 0.000000e+00 0.000000e+00
30250 319.890834 12.319477 15.500000 0.966862 -0.255299 0.000000 9.808755e-03 -2.808393e-03 0.000000e+00 0.000000e+00 0.000000e+00 8.579004e-06 0.000000e+00 0.000000e+00
30300 320.381633 12.184041 15.500000 0.966723 -0.255826 0.000000 9.677388e-03 -2.687140e-03 0.000000e+00 0.000000e+00 0.000000e+00 -1.530757e-05 0.000000e+00 0.000000e+00
30350 320.864955 12.046933 15.500000 0.966720 -0.255836 0.000000 9.655981e-03 -2.836963e-03 0.000000e+00 0.000000e+00 0.000000e+00 8.768348e-06 0.000000e+00 0.000000e+00
30400 321.349527 11.911672 15.500000 0.967095 -0.254417 0.000000 9.600839e-03 -2.697707e-03 0.000000e+00 0.000000e+00 0.000000e+00 3.416167e-05 0.000000e+00 0.000000e+00
30450 321.827912 11.779312 15.500000 0.967711 -0.252062 0.000000 9.593019e-03 -2.679777e-03 0.000000e+00 0.000000e+00 0.000000e+00 3.076808e-05 0.000000e+00 0.000000e+00
30500 322.311759 11.648969 15.500000 0.967783 -0.251786 0.000000 9.677034e-03 -2.713062e-03 0.000000e+00 0.000000e+00 0.000000e+00 4.967962e-05 0.000000e+00 0.000000e+00
30550 322.794966 11.518962 15.500000 0.968269 -0.249909 0.000000 9.959784e-03 -2.677248e-03 0.000000e+00 0.000000e+00 0.000000e+00 7.846597e-07 0.000000e+00 0.000000e+00
30600 323.286525 11.386310 15.500000 0.968050 -0.250756 0.000000 9.676490e-03 -2.539784e-03 0.000000e+00 0.000000e+00 0.000000e+00 -4.264381e-05 0.000000e+00 0.000000e+00
30650 323.769623 11.252810 15.500000 0.968038 -0.250804 0.000000 9.776878e-03 -2.792857e-03 0.000000e+00 0.000000e+00 0.000000e+00 4.223120e-05 0.000000e+00 0.000000e+00
30700 324.258338 11.114524 15.500000 0.968005 -0.250929 0.000000 9.754516e-03 -2.662571e-03 0.000000e+00 0.000000e+00 0.000000e+00 -1.313746e-05 0.000000e+00 0.000000e+00
30750 324.739507 10.979841 15.500000 0.968374 -0.249502 0.000000 9.537885e-03 -2.638380e-03 0.000000e+00 0.000000e+00 0.000000e+00 3.907365e-05 0.000000e+00 0.000000e+00
30800 325.220605 10.847005 15.500000 0.968769 -0.247964 0.000000 9.624672e-03 -2.559249e-03 0.000000e+00 0.000000e+00 0.000000e+00 5.353366e-05 0.000000e+00 0.000000e+00
30850 325.698805 10.715347 15.500000 0.969481 -0.245165 0.000000 9.518373e-03 -2.466234e-03 0.000000e+00 0.000000e+00 0.000000e+00 -1.708400e-06 0.000000e+00 0.000000e+00
30900 326.183174 10.586206 15.500000 0.969404 -0.245471 0.000000 9.714982e-03 -2.570110e-03 0.000000e+00 0.000000e+00 0.000000e+00 -1.721255e-05 0.000000e+00 0.000000e+00
30950 326.661493 10.457195 15.500000 0.969550 -0.244893 0.000000 9.538850e-03 -2.596127e-03 0.000000e+00 0.000000e+00 0.000000e+00 2.081784e-05 0.000000e+00 0.000000e+00
31000 327.152785 10.322828 15.500000 0.969693 -0.244326 0.000000 9.769634e-03 -2.670845e-03 0.000000e+00 0.000000e+00 0.000000e+00 1.092870e-05 0.000000e+00 0.000000e+00
31050 327.633917 10.193696 15.500000 0.969603 -0.244683 0.000000 9.590571e-03 -2.759294e-03 0.000000e+00 0.000000e+00 0.000000e+00 2.673557e-05 0.000000e+00 0.000000e+00
31100 328.118482 10.054871 15.500000 0.969910 -0.243463 0.000000 9.638673e-03 -2.691951e-03 0.000000e+00 0.000000e+00 0.000000e+00 1.068723e-05 0.000000e+00 0.000000e+00
31150 328.597648 9.921762 15.500000 0.970329 -0.241790 0.000000 9.490699e-03 -2.859662e-03 0.000000e+00 0.000000e+00 0.000000e+00 8.536718e-05 0.000000e+00 0.000000e+00
31200 329.075018 9.792625 15.500000 0.970851 -0.239683 0.000000 9.693698e-03 -2.547323e-03 0.000000e+00 0.000000e+00 0.000000e+00 3.260470e-05 0.000000e+00 0.000000e+00
31250 329.554617 9.663055 15.500000 0.971595 -0.236651 0.000000 9.529378e-03 -2.612393e-03 0.000000e+00 0.000000e+00 0.000000e+00 4.388840e-05 0.000000e+00 0.000000e+00
31300 330.036866 9.536470 15.500000 0.971777 -0.235903 0.000000 9.784995e-03 -2.570715e-03 0.000000e+00 0.000000e+00 0.000000e+00 1.456093e-05 0.000000e+00 0.000000e+00
31350 330.517566 9.409618 15.500000 0.971778 -0.235897 0.000000 9.511573e-03 -2.515411e-03 0.000000e+00 0.000000e+00 0.000000e+00 -4.406821e-06 0.000000e+00 0.000000e+00
31400 331.000361 9.276439 15.500000 0.972002 -0.234972 0.000000 9.765709e-03 -2.642775e-03 0.000000e+00 0.000000e+00 0.000000e+00 1.209972e-05 0.000000e+00 0.000000e+00
31450 331.483279 9.146589 15.500000 0.972094 -0.234591 0.000000 9.513426e-03 -2.551891e-03 0.000000e+00 0.000000e+00 0.000000e+00 1.179089e-05 0.000000e+00 0.000000e+00
31500 331.960130 9.012805 15.500000 0.972447 -0.233126 0.000000 9.416390e-03 -2.642643e-03 0.000000e+00 0.000000e+00 0.000000e+00 8.000729e-05 0.000000e+00 0.000000e+00
31550 332.436980 8.884046 15.500000 0.973069 -0.230512 0.000000 9.476869e-03 -2.468005e-03 0.000000e+00 0.000000e+00 0.000000e+00 7.001836e-05 0.000000e+00 0.000000e+00
31600 332.909071 8.757107 15.500000 0.973848 -0.227199 0.000000 9.463146e-03 -2.558539e-03 0.000000e+00 0.000000e+00 0.000000e+00 4.487309e-05 0.000000e+00 0.000000e+00
31650 333.387579 8.633202 15.500000 0.974259 -0.225433 0.000000 9.522114e-03 -2.416168e-03 0.000000e+00 0.000000e+00 0.000000e+00 7.126845e-05 0.000000e+00 0.000000e+00
31700 333.865155 8.509664 15.500000 0.974882 -0.222720 0.000000 9.682066e-03 -2.496269e-03 0.000000e+00 0.000000e+00 0.000000e+00 -3.190462e-05 0.000000e+00 0.000000e+00
31750 334.347856 8.386127 15.500000 0.974937 -0.222480 0.000000 9.517036e-03 -2.409122e-03 0.000000e+00 0.000000e+00 0.000000e+00 8.830743e-07 0.000000e+00 0.000000e+00
31800 334.823547 8.259118 15.500000 0.975304 -0.220866 0.000000 9.613437e-03 -2.640497e-03 0.000000e+00 0.000000e+00 0.000000e+00 4.157438e-05 0.000000e+00 0.000000e+00
31850 335.304540 8.130081 15.500000 0.975613 -0.219498 0.000000 9.557690e-03 -2.617457e-03 0.000000e+00 0.000000e+00 0.000000e+00 3.273496e-05 0.000000e+00 0.000000e+00
31900 335.777423 8.003044 15.500000 0.976202 -0.216865 0.000000 9.404560e-03 -2.631941e-03 0.000000e+00 0.000000e+00 0.000000e+00 8.498474e-05 0.000000e+00 0.000000e+00
31950 336.251287 7.878039 15.500000 0.976969 -0.213381 0.000000 9.461722e-03 -2.413705e-03 0.000000e+00 0.000000e+00 0.000000e+00 8.079470e-05 0.000000e+00 0.000000e+00
32000 336.720212 7.756901 15.500000 0.977954 -0.208822 0.000000 9.388509e-03 -2.381726e-03 0.000000e+00 0.000000e+00 0.000000e+00 5.194657e-05 0.000000e+00 0.000000e+00
32050 337.194799 7.639587 15.500000 0.978363 -0.206896 0.000000 9.458908e-03 -2.314492e-03 0.000000e+00 0.000000e+00 0.000000e+00 5.991138e-05 0.000000e+00 0.000000e+00
32100 337.664134 7.523507 15.500000 0.979151 -0.203133 0.000000 9.326186e-03 -2.371961e-03 0.000000e+00 0.000000e+00 0.000000e+00 9.576761e-05 0.000000e+00 0.000000e+00
32150 338.146025 7.403879 15.500000 0.979684 -0.200548 0.000000 9.602114e-03 -2.365037e-03 0.000000e+00 0.000000e+00 0.000000e+00 4.615744e-05 0.000000e+00 0.000000e+00
32200 338.617523 7.290700 15.500000 0.979989 -0.199050 0.000000 9.331579e-03 -2.360202e-03 0.000000e+00 0.000000e+00 0.000000e+00 8.186164e-05 0.000000e+00 0.000000e+00
32250 339.092911 7.165920 15.500000 0.980817 -0.194931 0.000000 9.605695e-03 -2.409874e-03 0.000000e+00 0.000000e+00 0.000000e+00 2.857913e-05 0.000000e+00 0.000000e+00
32300 339.565058 7.046673 15.500000 0.981468 -0.191628 0.000000 9.329669e-03 -2.183846e-03 0.000000e+00 0.000000e+00 0.000000e+00 1.024189e-04 0.000000e+00 0.000000e+00
32350 340.031611 6.928852 15.500000 0.982439 -0.186583 0.000000 9.447739e-03 -2.191496e-03 0.000000e+00 0.000000e+00 0.000000e+00 8.962190e-05 0.000000e+00 0.000000e+00
32400 340.499647 6.816651 15.500000 0.983562 -0.180569 0.000000 9.279578e-03 -2.244133e-03 0.000000e+00 0.000000e+00 0.000000e+00 1.459841e-04 0.000000e+00 0.000000e+00
32450 340.964026 6.707416 15.500000 0.984517 -0.175288 0.000000 9.366135e-03 -2.147235e-03 0.000000e+00 0.000000e+00 0.000000e+00 7.242097e-05 0.000000e+00 0.000000e+00
32500 341.433720 6.604140 15.500000 0.985350 -0.170546 0.000000 9.201384e-03 -1.943609e-03 0.000000e+00 0.000000e+00 0.000000e+00 1.097649e-04 0.000000e+00 0.000000e+00
32550 341.902242 6.499405 15.500000 0.986373 -0.164526 0.000000 9.511376e-03 -2.096771e-03 0.000000e+00 0.000000e+00 0.000000e+00 1.130263e-04 0.000000e+00 0.000000e+00
32600 342.374176 6.399425 15.500000 0.987054 -0.160385 0.000000 9.234294e-03 -2.030167e-03 0.000000e+00 0.000000e+00 0.000000e+00 1.012908e-04 6.101682e-05 0.000000e+00
32650 342.839752 6.294790 15.500000 0.987949 -0.154778 0.000000 9.442212e-03 -2.158426e-03 0.000000e+00 0.000000e+00 0.000000e+00 1.338787e-04 2.590559e-04 0.000000e+00
32700 343.310201 6.190645 15.500000 0.988947 -0.148267 0.000000 9.347840e-03 -2.139448e-03 0.000000e+00 0.000000e+00 0.000000e+00 1.380929e-04 5.930177e-04 0.000000e+00
32750 343.773765 6.089503 15.500000 0.989859 -0.142054 0.000000 9.208400e-03 -2.166746e-03 0.000000e+00 0.000000e+00 0.000000e+00 1.629043e-04 1.047620e-03 0.000000e+00
32800 344.238925 5.986386 15.500000 0.991021 -0.133704 0.000000 9.251669e-03 -2.110870e-03 0.000000e+00 0.000000e+00 0.000000e+00 1.791079e-04 1.643906e-03 0.000000e+00
32850 344.698563 5.890464 15.500000 0.992273 -0.124075 0.000000 9.157462e-03 -1.867825e-03 0.000000e+00 0.000000e+00 0.000000e+00 2.333425e-04 2.320129e-03 0.000000e+00
32900 345.160070 5.808151 15.500000 0.993387 -0.114815 0.000000 9.219588e-03 -1.652665e-03 0.000000e+00 0.000000e+00 0.000000e+00 1.958465e-04 2.993127e-03 0.000000e+00
32950 345.617755 5.723470 15.500000 0.994670 -0.103107 0.000000 9.026039e-03 -1.665430e-03 0.000000e+00 0.000000e+00 0.000000e+00 2.082190e-04 3.772523e-03 0.000000e+00
33000 346.079072 5.653058 15.500000 0.995536 -0.094379 0.000000 9.359144e-03 -1.259891e-03 0.000000e+00 0.000000e+00 0.000000e+00 1.659727e-04 4.493602e-03 0.000000e+00
33050 346.538754 5.585825 15.500000 0.996540 -0.083115 0.000000 9.056267e-03 -1.388477e-03 0.000000e+00 0.000000e+00 0.000000e+00 2.733019e-04 5.235021e-03 0.000000e+00
33100 347.002874 5.518228 15.500000 0.997473 -0.071044 0.000000 9.364190e-03 -1.250727e-03 0.000000e+00 0.000000e+00 0.000000e+00 2.237645e-04 6.040788e-03 0.000000e+00
33150 347.464351 5.461809 15.500000 0.998234 -0.059410 0.000000 9.063809e-03 -1.138952e-03 0.000000e+00 0.000000e+00 0.000000e+00 2.377443e-04 6.757423e-03 0.000000e+00
33200 347.926401 5.400238 15.500000 0.998936 -0.046126 0.000000 9.337969e-03 -1.247330e-03 0.000000e+00 0.000000e+00 0.000000e+00 3.052326e-04 7.582143e-03 0.000000e+00
33250 348.391632 5.346888 15.500000 0.999486 -0.032054 0.000000 9.262240e-03 -1.068399e-03 0.000000e+00 0.000000e+00 0.000000e+00 2.367590e-04 8.339075e-03 0.000000e+00
33300 348.851173 5.292545 15.500000 0.999849 -0.017395 0.000000 9.272461e-03 -1.054501e-03 0.000000e+00 0.000000e+00 0.000000e+00 3.389348e-04 9.144556e-03 0.000000e+00
33350 349.315321 5.241356 15.500000 1.000000 -0.000253 0.000000 9.247196e-03 -9.001488e-04 0.000000e+00 0.000000e+00 0.000000e+00 2.761379e-04 9.939501e-03 0.000000e+00
33400 349.775211 5.200578 15.500000 0.999885 0.015144 0.000000 9.271562e-03 -1.040962e-03 0.000000e+00 0.000000e+00 0.000000e+00 3.660911e-04 1.059216e-02 0.000000e+00
33450 350.239790 5.157663 15.500000 0.999444 0.033348 0.000000 9.267124e-03 -1.142849e-03 0.000000e+00 0.000000e+00 0.000000e+00 4.130467e-04 1.130221e-02 0.000000e+00
33500 350.700811 5.127317 15.500000 0.998741 0.050162 0.000000 9.172716e-03 -1.274081e-03 0.000000e+00 0.000000e+00 0.000000e+00 3.538356e-04 1.181717e-02 0.000000e+00
33550 351.164990 5.114967 15.500000 0.997686 0.067993 0.000000 9.323421e-03 -2.099953e-03 0.000000e+00 0.000000e+00 0.000000e+00 3.668929e-04 1.201661e-02 0.000000e+00
33600 351.628448 5.255594 15.500000 0.997218 0.074536 0.000000 9.296017e-03 1.706511e-04 0.000000e+00 0.000000e+00 0.000000e+00 2.634790e-04 9.732475e-03 0.000000e+00
33650 352.111660 5.784068 15.500000 0.997413 0.071886 0.000000 9.705461e-03 8.485480e-03 0.000000e+00 0.000000e+00 0.000000e+00 -5.646229e-05 3.297295e-03 0.000000e+00
33700 352.595302 5.959432 15.500000 0.996922 0.078405 0.000000 9.576436e-03 1.880191e-03 0.000000e+00 0.000000e+00 0.000000e+00 8.839929e-05 1.848827e-03 0.000000e+00
33750 353.075843 5.976719 15.500000 0.996399 0.084792 0.000000 9.672689e-03 5.958636e-04 0.000000e+00 0.000000e+00 0.000000e+00 1.436884e-04 1.724402e-03 0.000000e+00
33800 353.555424 5.972027 15.500000 0.995779 0.091785 0.000000 9.537623e-03 7.563882e-04 0.000000e+00 0.000000e+00 0.000000e+00 9.878882e-05 1.756495e-03 0.000000e+00
33850 354.035485 5.970217 15.500000 0.995166 0.098212 0.000000 9.739557e-03 2.792190e-04 0.000000e+00 0.000000e+00 0.000000e+00 1.375632e-04 1.765360e-03 0.000000e+00
33900 354.517462 5.965396 15.500000 0.994456 0.105152 0.000000 9.553971e-03 3.613845e-04 0.000000e+00 0.000000e+00 0.000000e+00 1.149070e-04 1.798175e-03 0.000000e+00
33950 354.998566 5.966989 15.500000 0.993767 0.111481 0.000000 9.724734e-03 2.468463e-04 0.000000e+00 0.000000e+00 0.000000e+00 1.202641e-04 1.786711e-03 0.000000e+00
34000 355.483070 5.968473 15.500000 0.992957 0.118475 0.000000 9.598122e-03 1.945915e-04 0.000000e+00 0.000000e+00 0.000000e+00 1.240840e-04 1.776434e-03 0.000000e+00
34050 355.965115 5.974076 15.500000 0.992230 0.124420 0.000000 9.656936e-03 2.876729e-04 0.000000e+00 0.000000e+00 0.000000e+00 1.257880e-04 1.739808e-03 0.000000e+00
34100 356.449779 5.979995 15.500000 0.991376 0.131045 0.000000 9.668579e-03 2.223251e-04 0.000000e+00 0.000000e+00 0.000000e+00 1.121429e-04 1.700458e-03 0.000000e+00
34150 356.932819 5.990561 15.500000 0.990597 0.136815 0.000000 9.738965e-03 3.167534e-04 0.000000e+00 0.000000e+00 0.000000e+00 1.294765e-04 1.632689e-03 0.000000e+00
34200 357.418399 6.002795 15.500000 0.989698 0.143174 0.000000 9.623462e-03 3.066405e-04 0.000000e+00 0.000000e+00 0.000000e+00 1.200555e-04 1.555200e-03 0.000000e+00
34250 357.902077 6.019164 15.500000 0.988872 0.148771 0.000000 9.811565e-03 3.693056e-04 0.000000e+00 0.000000e+00 0.000000e+00 1.083649e-04 1.454928e-03 0.000000e+00
34300 358.389029 6.037029 15.500000 0.987929 0.154910 0.000000 9.644594e-03 3.841848e-04 0.000000e+00 0.000000e+00 0.000000e+00 1.234981e-04 1.348989e-03 0.000000e+00
34350 358.872933 6.059483 15.500000 0.987079 0.160237 0.000000 9.729944e-03 4.886600e-04 0.000000e+00 0.000000e+00 0.000000e+00 8.895553e-05 1.221990e-03 0.000000e+00
34400 359.362874 6.081804 15.500000 0.986171 0.165731 0.000000 9.689400e-03 4.111826e-04 0.000000e+00 0.000000e+00 0.000000e+00 1.162709e-04 1.101015e-03 0.000000e+00
34450 359.847914 6.108672 15.500000 0.985423 0.170120 0.000000 9.721071e-03 5.211385e-04 0.000000e+00 0.000000e+00 0.000000e+00 1.111542e-04 9.647543e-04 0.000000e+00
34500 360.338245 6.135491 15.500000 0.984493 0.175422 0.000000 9.689867e-03 5.114139e-04 0.000000e+00 0.000000e+00 0.000000e+00 9.218197e-05 8.371706e-04 0.000000e+00
34550 360.823657 6.167914 15.500000 0.983834 0.179081 0.000000 9.733229e-03 5.631888e-04 0.000000e+00 0.000000e+00 0.000000e+00 9.992347e-05 6.952693e-04 0.000000e+00
34600 361.314021 6.198433 15.500000 0.982915 0.184059 0.000000 9.747323e-03 6.013100e-04 0.000000e+00 0.000000e+00 0.000000e+00 9.736617e-05 5.736899e-04 0.000000e+00
34650 361.801544 6.236587 15.500000 0.982215 0.187760 0.000000 9.782072e-03 6.393089e-04 0.000000e+00 0.000000e+00 0.000000e+00 1.221305e-04 4.380868e-04 0.000000e+00
34700 362.293485 6.272396 15.500000 0.981215 0.192918 0.000000 9.773893e-03 8.618500e-04 0.000000e+00 0.000000e+00 0.000000e+00 2.526611e-05 3.279625e-04 0.000000e+00
34750 362.782615 6.317208 15.500000 0.980514 0.196447 0.000000 9.892678e-03 7.497434e-04 0.000000e+00 0.000000e+00 0.000000e+00 1.294560e-04 2.116643e-04 0.000000e+00
34800 363.278111 6.359779 15.500000 0.979446 0.201708 0.000000 9.858342e-03 1.029793e-03 0.000000e+00 0.000000e+00 0.000000e+00 6.794966e-05 1.253612e-04 0.000000e+00
34850 363.769869 6.409293 15.500000 0.978816 0.204740 0.000000 1.000104e-02 8.599553e-04 0.000000e+00 0.000000e+00 0.000000e+00 1.262291e-04 5.268165e-05 0.000000e+00
34900 364.270460 6.458756 15.500000 0.977683 0.210084 0.000000 9.853256e-03 1.089563e-03 0.000000e+00 0.000000e+00 0.000000e+00 1.104112e-04 1.126051e-05 0.000000e+00
34950 364.761990 6.514168 15.500000 0.976829 0.214021 0.000000 1.016220e-02 1.097061e-03 0.000000e+00 0.000000e+00 0.000000e+00 6.086685e-05 0.000000e+00 0.000000e+00
35000 365.266766 6.571605 15.500000 0.975842 0.218479 0.000000 9.939951e-03 1.184791e-03 0.000000e+00 0.000000e+00 0.000000e+00 1.076434e-04 0.000000e+00 0.000000e+00
35050 365.760415 6.634153 15.500000 0.974783 0.223155 0.000000 1.013505e-02 1.421440e-03 0.000000e+00 0.000000e+00 0.000000e+00 4.163848e-05 0.000000e+00 0.000000e+00
35100 366.265146 6.702512 15.500000 0.973993 0.226578 0.000000 9.978152e-03 1.240491e-03 0.000000e+00 0.000000e+00 0.000000e+00 1.042113e-04 0.000000e+00 0.000000e+00
35150 366.759931 6.767972 15.500000 0.973127 0.230269 0.000000 1.000417e-02 1.562811e-03 0.000000e+00 0.000000e+00 0.000000e+00 1.059057e-05 0.000000e+00 0.000000e+00
35200 367.261219 6.841702 15.500000 0.972367 0.233457 0.000000 1.000726e-02 1.443285e-03 0.000000e+00 0.000000e+00 0.000000e+00 9.357351e-05 0.000000e+00 0.000000e+00
35250 367.756305 6.915113 15.500000 0.971537 0.236887 0.000000 9.898979e-03 1.616472e-03 0.000000e+00 0.000000e+00 0.000000e+00 6.199588e-05 0.000000e+00 0.000000e+00
35300 368.254183 6.992645 15.500000 0.971013 0.239026 0.000000 9.855878e-03 1.526663e-03 0.000000e+00 0.000000e+00 0.000000e+00 4.021539e-05 0.000000e+00 0.000000e+00
35350 368.745475 7.070239 15.500000 0.970771 0.240009 0.000000 9.803514e-03 1.651535e-03 0.000000e+00 0.000000e+00 0.000000e+00 1.670684e-05 0.000000e+00 0.000000e+00
35400 369.239306 7.146186 15.500000 0.970391 0.241540 0.000000 9.876441e-03 1.558949e-03 0.000000e+00 0.000000e+00 0.000000e+00 -2.842386e-06 0.000000e+00 0.000000e+00
35450 369.729516 7.224623 15.500000 0.970356 0.241680 0.000000 9.826409e-03 1.553844e-03 0.000000e+00 0.000000e+00 0.000000e+00 3.974469e-05 0.000000e+00 0.000000e+00
35500 370.224568 7.301718 15.500000 0.969801 0.243896 0.000000 9.882423e-03 1.482568e-03 0.000000e+00 0.000000e+00 0.000000e+00 7.291737e-05 0.000000e+00 0.000000e+00
35550 370.717687 7.384268 15.500000 0.969823 0.243812 0.000000 9.867651e-03 1.580478e-03 0.000000e+00 0.000000e+00 0.000000e+00 5.232042e-05 0.000000e+00 0.000000e+00
35600 371.220038 7.466142 15.500000 0.969106 0.246644 0.000000 1.000055e-02 1.743990e-03 0.000000e+00 0.000000e+00 0.000000e+00 6.472679e-05 0.000000e+00 0.000000e+00
35650 371.712201 7.553336 15.500000 0.968556 0.248795 0.000000 1.005234e-02 1.757905e-03 0.000000e+00 0.000000e+00 0.000000e+00 6.163931e-06 0.000000e+00 0.000000e+00
35700 372.218963 7.642728 15.500000 0.968094 0.250586 0.000000 9.979518e-03 1.754262e-03 0.000000e+00 0.000000e+00 0.000000e+00 7.041517e-05 0.000000e+00 0.000000e+00
35750 372.714654 7.731681 15.500000 0.967461 0.253020 0.000000 9.973968e-03 2.017901e-03 0.000000e+00 0.000000e+00 0.000000e+00 -2.302580e-05 0.000000e+00 0.000000e+00
35800 373.217209 7.829233 15.500000 0.967094 0.254421 0.000000 9.983830e-03 1.827995e-03 0.000000e+00 0.000000e+00 0.000000e+00 5.331007e-05 0.000000e+00 0.000000e+00
35850 373.713450 7.924729 15.500000 0.966597 0.256301 0.000000 9.878549e-03 1.954649e-03 0.000000e+00 0.000000e+00 0.000000e+00 1.996472e-05 0.000000e+00 0.000000e+00
35900 374.209511 8.023029 15.500000 0.966506 0.256645 0.000000 9.936161e-03 1.821211e-03 0.000000e+00 0.000000e+00 0.000000e+00 -7.133477e-07 0.000000e+00 0.000000e+00
35950 374.701522 8.119965 15.500000 0.966665 0.256043 0.000000 9.774013e-03 1.921625e-03 0.000000e+00 0.000000e+00 0.000000e+00 -3.571857e-05 0.000000e+00 0.000000e+00
36000 375.194942 8.213144 15.500000 0.966691 0.255947 0.000000 9.919018e-03 1.900115e-03 0.000000e+00 0.000000e+00 0.000000e+00 -1.165353e-05 0.000000e+00 0.000000e+00
36050 375.686335 8.312695 15.500000 0.966920 0.255080 0.000000 9.795289e-03 1.768507e-03 0.000000e+00 0.000000e+00 0.000000e+00 5.425903e-05 0.000000e+00 0.000000e+00
36100 376.184969 8.408082 15.500000 0.966424 0.256952 0.000000 9.979329e-03 1.933232e-03 0.000000e+00 0.000000e+00 0.000000e+00 4.531004e-05 0.000000e+00 0.000000e+00
36150 376.677367 8.508339 15.500000 0.966227 0.257694 0.000000 9.813160e-03 2.013124e-03 0.000000e+00 0.000000e+00 0.000000e+00 -1.944200e-06 0.000000e+00 0.000000e+00
36200 377.183545 8.610094 15.500000 0.965936 0.258782 0.000000 1.003827e-02 2.105962e-03 0.000000e+00 0.000000e+00 0.000000e+00 2.632225e-05 0.000000e+00 0.000000e+00
36250 377.679350 8.712724 15.500000 0.965339 0.260999 0.000000 9.948659e-03 2.298342e-03 0.000000e+00 0.000000e+00 0.000000e+00 -2.042891e-05 0.000000e+00 0.000000e+00
36300 378.181384 8.823608 15.500000 0.965202 0.261507 0.000000 9.995243e-03 2.116645e-03 0.000000e+00 0.000000e+00 0.000000e+00 3.493904e-05 0.000000e+00 0.000000e+00
36350 378.677897 8.930807 15.500000 0.964839 0.262842 0.000000 9.911372e-03 2.207185e-03 0.000000e+00 0.000000e+00 0.000000e+00 2.353209e-05 0.000000e+00 0.000000e+00
36400 379.172302 9.041100 15.500000 0.964892 0.262649 0.000000 9.896305e-03 2.122169e-03 0.000000e+00 0.000000e+00 0.000000e+00 -4.631384e-07 0.000000e+00 0.000000e+00
36450 379.663884 9.147385 15.500000 0.965278 0.261226 0.000000 9.812663e-03 2.226003e-03 0.000000e+00 0.000000e+00 0.000000e+00 -4.161946e-05 0.000000e+00 0.000000e+00
36500 380.157068 9.251714 15.500000 0.965315 0.261087 0.000000 1.000141e-02 2.067797e-03 0.000000e+00 0.000000e+00 0.000000e+00 1.952297e-06 0.000000e+00 0.000000e+00
36550 380.650067 9.359779 15.500000 0.965688 0.259704 0.000000 9.787125e-03 2.118658e-03 0.000000e+00 0.000000e+00 0.000000e+00 4.067088e-06 0.000000e+00 0.000000e+00
36600 381.150685 9.465177 15.500000 0.965340 0.260997 0.000000 1.006023e-02 2.161398e-03 0.000000e+00 0.000000e+00 0.000000e+00 3.855791e-05 0.000000e+00 0.000000e+00
36650 381.643244 9.575163 15.500000 0.964925 0.262527 0.000000 9.812895e-03 2.159752e-03 0.000000e+00 0.000000e+00 0.000000e+00 2.727560e-05 0.000000e+00 0.000000e+00
36700 382.148150 9.688959 15.500000 0.964752 0.263161 0.000000 1.005206e-02 2.233961e-03 0.000000e+00 0.000000e+00 0.000000e+00 3.455837e-05 0.000000e+00 0.000000e+00
36750 382.643527 9.799808 15.500000 0.964334 0.264690 0.000000 9.882971e-03 2.353336e-03 0.000000e+00 0.000000e+00 0.000000e+00 -2.613610e-05 0.000000e+00 0.000000e+00
36800 383.143210 9.918644 15.500000 0.964291 0.264846 0.000000 9.932780e-03 2.208327e-03 0.000000e+00 0.000000e+00 0.000000e+00 2.652640e-05 0.000000e+00 0.000000e+00
36850 383.637939 10.032662 15.500000 0.964403 0.264437 0.000000 9.898099e-03 2.302517e-03 0.000000e+00 0.000000e+00 0.000000e+00 -3.371458e-05 0.000000e+00 0.000000e+00
36900 384.130195 10.146522 15.500000 0.964515 0.264026 0.000000 9.846316e-03 2.203716e-03 0.000000e+00 0.000000e+00 0.000000e+00 -1.971769e-05 0.000000e+00 0.000000e+00
36950 384.621636 10.260919 15.500000 0.965019 0.262180 0.000000 9.744902e-03 2.251864e-03 0.000000e+00 0.000000e+00 0.000000e+00 -4.732684e-06 0.000000e+00 0.000000e+00
37000 385.117128 10.371722 15.500000 0.964771 0.263092 0.000000 1.000236e-02 2.130282e-03 0.000000e+00 0.000000e+00 0.000000e+00 7.368445e-05 0.000000e+00 0.000000e+00
37050 385.609685 10.485542 15.500000 0.964696 0.263365 0.000000 9.811589e-03 2.300632e-03 0.000000e+00 0.000000e+00 0.000000e+00 -9.711294e-06 0.000000e+00 0.000000e+00
37100 386.113089 10.600745 15.500000 0.964582 0.263784 0.000000 1.008744e-02 2.394523e-03 0.000000e+00 0.000000e+00 0.000000e+00 2.551976e-05 0.000000e+00 0.000000e+00
37150 386.608318 10.714453 15.500000 0.964105 0.265522 0.000000 9.772889e-03 2.418495e-03 0.000000e+00 0.000000e+00 0.000000e+00 -3.164017e-05 0.000000e+00 0.000000e+00
37200 387.107658 10.838921 15.500000 0.964172 0.265276 0.000000 1.002635e-02 2.398861e-03 0.000000e+00 0.000000e+00 0.000000e+00 4.345876e-05 0.000000e+00 0.000000e+00
37250 387.603896 10.958346 15.500000 0.963953 0.266074 0.000000 9.800356e-03 2.441680e-03 0.000000e+00 0.000000e+00 0.000000e+00 -2.192521e-05 0.000000e+00 0.000000e+00
37300 388.096056 11.078488 15.500000 0.964221 0.265099 0.000000 9.899710e-03 2.296484e-03 0.000000e+00 0.000000e+00 0.000000e+00 -1.482095e-05 0.000000e+00 0.000000e+00
37350 388.587444 11.196326 15.500000 0.964735 0.263222 0.000000 9.822513e-03 2.433079e-03 0.000000e+00 0.000000e+00 0.000000e+00 -3.897210e-05 0.000000e+00 0.000000e+00
37400 389.080021 11.312419 15.500000 0.964738 0.263212 0.000000 9.970896e-03 2.234681e-03 0.000000e+00 0.000000e+00 0.000000e+00 2.134991e-05 0.000000e+00 0.000000e+00
37450 389.573097 11.428505 15.500000 0.964834 0.262860 0.000000 9.798948e-03 2.377421e-03 0.000000e+00 0.000000e+00 0.000000e+00 -2.917534e-05 0.000000e+00 0.000000e+00
37500 390.073378 11.546986 15.500000 0.964741 0.263200 0.000000 1.012078e-02 2.424617e-03 0.000000e+00 0.000000e+00 0.000000e+00 2.747179e-05 0.000000e+00 0.000000e+00
37550 390.569616 11.665872 15.500000 0.964195 0.265195 0.000000 9.892648e-03 2.338740e-03 0.000000e+00 0.000000e+00 0.000000e+00 7.320236e-05 0.000000e+00 0.000000e+00
37600 391.068283 11.793134 15.500000 0.964236 0.265045 0.000000 1.009722e-02 2.464057e-03 0.000000e+00 0.000000e+00 0.000000e+00 3.511590e-05 0.000000e+00 0.000000e+00
37650 391.564891 11.915840 15.500000 0.963934 0.266142 0.000000 9.823238e-03 2.414830e-03 0.000000e+00 0.000000e+00 0.000000e+00 2.940561e-05 0.000000e+00 0.000000e+00
37700 392.056169 12.041743 15.500000 0.964039 0.265761 0.000000 9.912719e-03 2.363738e-03 0.000000e+00 0.000000e+00 0.000000e+00 -3.503606e-06 0.000000e+00 0.000000e+00
37750 392.547115 12.162045 15.500000 0.964484 0.264143 0.000000 9.762442e-03 2.480700e-03 0.000000e+00 0.000000e+00 0.000000e+00 -8.838997e-05 0.000000e+00 0.000000e+00
37800 393.037293 12.282357 15.500000 0.964655 0.263516 0.000000 9.960334e-03 2.359718e-03 0.000000e+00 0.000000e+00 0.000000e+00 2.518476e-05 0.000000e+00 0.000000e+00
37850 393.530430 12.400818 15.500000 0.964781 0.263054 0.000000 9.797325e-03 2.431642e-03 0.000000e+00 0.000000e+00 0.000000e+00 -1.501215e-05 0.000000e+00 0.000000e+00
37900 394.028494 12.522332 15.500000 0.964755 0.263150 0.000000 1.005132e-02 2.418128e-03 0.000000e+00 0.000000e+00 0.000000e+00 3.863421e-05 0.000000e+00 0.000000e+00
37950 394.524845 12.644373 15.500000 0.964275 0.264902 0.000000 9.817172e-03 2.408366e-03 0.000000e+00 0.000000e+00 0.000000e+00 4.475016e-05 0.000000e+00 0.000000e+00
38000 395.021822 12.773386 15.500000 0.964254 0.264981 0.000000 1.004658e-02 2.561049e-03 0.000000e+00 0.000000e+00 0.000000e+00 2.557351e-05 0.000000e+00 0.000000e+00
38050 395.518912 12.898704 15.500000 0.963928 0.266162 0.000000 9.843734e-03 2.583850e-03 0.000000e+00 0.000000e+00 0.000000e+00 1.266205e-05 0.000000e+00 0.000000e+00
38100 396.009353 13.027811 15.500000 0.964030 0.265794 0.000000 9.879642e-03 2.565316e-03 0.000000e+00 0.000000e+00 0.000000e+00 -6.253323e-06 0.000000e+00 0.000000e+00
38150 396.500492 13.150550 15.500000 0.964390 0.264484 0.000000 9.823693e-03 2.622562e-03 0.000000e+00 0.000000e+00 0.000000e+00 -7.682180e-05 0.000000e+00 0.000000e+00
38200 396.988716 13.274107 15.500000 0.964681 0.263420 0.000000 9.929551e-03 2.460447e-03 0.000000e+00 0.000000e+00 0.000000e+00 1.673551e-05 0.000000e+00 0.000000e+00
38250 397.481788 13.395098 15.500000 0.964745 0.263187 0.000000 9.772151e-03 2.430884e-03 0.000000e+00 0.000000e+00 0.000000e+00 -1.904703e-05 0.000000e+00 0.000000e+00
38300 397.977885 13.519191 15.500000 0.964812 0.262940 0.000000 1.000743e-02 2.495144e-03 0.000000e+00 0.000000e+00 0.000000e+00 3.545587e-05 0.000000e+00 0.000000e+00
38350 398.474598 13.643602 15.500000 0.964320 0.264739 0.000000 9.762683e-03 2.484753e-03 0.000000e+00 0.000000e+00 0.000000e+00 5.608039e-05 0.000000e+00 0.000000e+00
38400 398.969046 13.774461 15.500000 0.964337 0.264678 0.000000 9.939856e-03 2.708760e-03 0.000000e+00 0.000000e+00 0.000000e+00 -1.441369e-05 0.000000e+00 0.000000e+00
38450 399.466179 13.902964 15.500000 0.963998 0.265911 0.000000 9.813184e-03 2.502725e-03 0.000000e+00 0.000000e+00 0.000000e+00 2.887845e-06 0.000000e+00 0.000000e+00
38500 399.955867 14.033109 15.500000 0.964224 0.265090 0.000000 9.804144e-03 2.585302e-03 0.000000e+00 0.000000e+00 0.000000e+00 -3.280059e-05 0.000000e+00 0.000000e+00
38550 400.446757 14.157715 15.500000 0.964557 0.263876 0.000000 9.764991e-03 2.542357e-03 0.000000e+00 0.000000e+00 0.000000e+00 -5.529787e-05 0.000000e+00 0.000000e+00
38600 400.934452 14.284029 15.500000 0.964936 0.262485 0.000000 9.830849e-03 2.502252e-03 0.000000e+00 0.000000e+00 0.000000e+00 -1.282142e-07 0.000000e+00 0.000000e+00
38650 401.427383 14.407180 15.500000 0.964865 0.262747 0.000000 9.708953e-03 2.412786e-03 0.000000e+00 0.000000e+00 0.000000e+00 -7.014404e-06 0.000000e+00 0.000000e+00
38700 401.921868 14.532554 15.500000 0.965011 0.262208 0.000000 9.981926e-03 2.586610e-03 0.000000e+00 0.000000e+00 0.000000e+00 3.088970e-05 0.000000e+00 0.000000e+00
38750 402.419513 14.658974 15.500000 0.964487 0.264129 0.000000 9.874923e-03 2.554794e-03 0.000000e+00 0.000000e+00 0.000000e+00 3.896855e-05 0.000000e+00 0.000000e+00
38800 402.911415 14.790589 15.500000 0.964557 0.263873 0.000000 9.899688e-03 2.763977e-03 0.000000e+00 0.000000e+00 0.000000e+00 -1.222898e-05 0.000000e+00 0.000000e+00
38850 403.408272 14.922277 15.500000 0.964239 0.265035 0.000000 9.843093e-03 2.667637e-03 0.000000e+00 0.000000e+00 0.000000e+00 -2.312008e-05 0.000000e+00 0.000000e+00
38900 403.896178 15.052660 15.500000 0.964585 0.263773 0.000000 9.850932e-03 2.595834e-03 0.000000e+00 0.000000e+00 0.000000e+00 9.173842e-07 0.000000e+00 0.000000e+00
38950 404.386652 15.178538 15.500000 0.964893 0.262644 0.000000 9.765857e-03 2.583824e-03 0.000000e+00 0.000000e+00 0.000000e+00 -5.802387e-05 0.000000e+00 0.000000e+00
39000 404.873788 15.306477 15.500000 0.965246 0.261344 0.000000 9.812923e-03 2.541252e-03 0.000000e+00 0.000000e+00 0.000000e+00 -1.022504e-06 0.000000e+00 0.000000e+00
39050 405.366744 15.431873 15.500000 0.965066 0.262008 0.000000 9.769873e-03 2.544112e-03 0.000000e+00 0.000000e+00 0.000000e+00 -9.116925e-06 0.000000e+00 0.000000e+00
39100 405.858404 15.558594 15.500000 0.965156 0.261677 0.000000 1.001068e-02 2.576863e-03 0.000000e+00 0.000000e+00 0.000000e+00 -1.417641e-05 0.000000e+00 0.000000e+00
39150 406.356063 15.686508 15.500000 0.964828 0.262881 0.000000 9.912638e-03 2.482295e-03 0.000000e+00 0.000000e+00 0.000000e+00 5.372117e-05 0.000000e+00 0.000000e+00
39200 406.846235 15.817214 15.500000 0.964838 0.262846 0.000000 9.854018e-03 2.681261e-03 0.000000e+00 0.000000e+00 0.000000e+00 -1.011884e-05 0.000000e+00 0.000000e+00
39250 407.342078 15.949202 15.500000 0.964705 0.263335 0.000000 9.859940e-03 2.591901e-03 0.000000e+00 0.000000e+00 0.000000e+00 -1.530132e-05 0.000000e+00 0.000000e+00
39300 407.828190 16.080640 15.500000 0.965125 0.261790 0.000000 9.624028e-03 2.538130e-03 0.000000e+00 0.000000e+00 0.000000e+00 -1.211022e-05 0.000000e+00 0.000000e+00
39350 408.317039 16.207338 15.500000 0.965301 0.261141 0.000000 9.729812e-03 2.404088e-03 0.000000e+00 0.000000e+00 0.000000e+00 6.417886e-07 0.000000e+00 0.000000e+00
39400 408.803906 16.336443 15.500000 0.965682 0.259726 0.000000 9.871993e-03 2.504110e-03 0.000000e+00 0.000000e+00 0.000000e+00 2.342148e-05 0.000000e+00 0.000000e+00
39450 409.297627 16.463618 15.500000 0.965381 0.260843 0.000000 9.727336e-03 2.545112e-03 0.000000e+00 0.000000e+00 0.000000e+00 2.095411e-05 0.000000e+00 0.000000e+00
39500 409.785956 16.592512 15.500000 0.965315 0.261086 0.000000 1.004931e-02 2.690947e-03 0.000000e+00 0.000000e+00 0.000000e+00 -1.502406e-05 0.000000e+00 0.000000e+00
39550 410.284064 16.724594 15.500000 0.965171 0.261619 0.000000 9.826954e-03 2.535226e-03 0.000000e+00 0.000000e+00 0.000000e+00 4.239036e-05 0.000000e+00 0.000000e+00
39600 410.773244 16.855246 15.500000 0.964990 0.262288 0.000000 9.817663e-03 2.779674e-03 0.000000e+00 0.000000e+00 0.000000e+00 2.061975e-06 0.000000e+00 0.000000e+00
39650 411.266741 16.990343 15.500000 0.964959 0.262402 0.000000 9.783226e-03 2.664020e-03 0.000000e+00 0.000000e+00 0.000000e+00 -1.697407e-05 0.000000e+00 0.000000e+00
39700 411.752877 17.122915 15.500000 0.965418 0.260708 0.000000 9.628261e-03 2.621460e-03 0.000000e+00 0.000000e+00 0.000000e+00 -3.754367e-05 0.000000e+00 0.000000e+00
39750 412.240825 17.249463 15.500000 0.965632 0.259913 0.000000 9.709407e-03 2.561618e-03 0.000000e+00 0.000000e+00 0.000000e+00 -2.288142e-05 0.000000e+00 0.000000e+00
39800 412.727522 17.379855 15.500000 0.966184 0.257853 0.000000 9.773601e-03 2.501572e-03 0.000000e+00 0.000000e+00 0.000000e+00 1.402893e-05 0.000000e+00 0.000000e+00
39850 413.223902 17.507302 15.500000 0.965895 0.258934 0.000000 9.889262e-03 2.535008e-03 0.000000e+00 0.000000e+00 0.000000e+00 4.575472e-05 0.000000e+00 0.000000e+00
39900 413.710205 17.637441 15.500000 0.965595 0.260049 0.000000 9.936093e-03 2.763694e-03 0.000000e+00 0.000000e+00 0.000000e+00 7.860295e-06 0.000000e+00 0.000000e+00
39950 414.207482 17.772828 15.500000 0.965571 0.260139 0.000000 9.820914e-03 2.575496e-03 0.000000e+00 0.000000e+00 0.000000e+00 2.241882e-05 0.000000e+00 0.000000e+00
40000 414.696560 17.905124 15.500000 0.965355 0.260940 0.000000 9.774589e-03 2.642526e-03 0.000000e+00 0.000000e+00 0.000000e+00 1.805321e-05 0.000000e+00 0.000000e+00
40050 415.184819 18.040787 15.500000 0.965540 0.260254 0.000000 9.844783e-03 2.570104e-03 0.000000e+00 0.000000e+00 0.000000e+00 -5.454874e-06 0.000000e+00 0.000000e+00
40100 415.669222 18.171356 15.500000 0.966109 0.258135 0.000000 9.626389e-03 2.579171e-03 0.000000e+00 0.000000e+00 0.000000e+00 -3.828676e-05 0.000000e+00 0.000000e+00
40150 416.155489 18.299913 15.500000 0.966185 0.257849 0.000000 9.771498e-03 2.487814e-03 0.000000e+00 0.000000e+00 0.000000e+00 1.620200e-05 0.000000e+00 0.000000e+00
40200 416.641265 18.428437 15.500000 0.966586 0.256342 0.000000 9.647939e-03 2.623159e-03 0.000000e+00 0.000000e+00 0.000000e+00 -5.345719e-05 0.000000e+00 0.000000e+00
40250 417.137411 18.558881 15.500000 0.966454 0.256841 0.000000 9.959367e-03 2.629999e-03 0.000000e+00 0.000000e+00 0.000000e+00 2.389116e-05 0.000000e+00 0.000000e+00
40300 417.625541 18.688038 15.500000 0.966018 0.258476 0.000000 9.734648e-03 2.731836e-03 0.000000e+00 0.000000e+00 0.000000e+00 2.756147e-06 0.000000e+00 0.000000e+00
40350 418.118691 18.826560 15.500000 0.966146 0.257996 0.000000 9.937173e-03 2.692671e-03 0.000000e+00 0.000000e+00 0.000000e+00 4.234459e-05 0.000000e+00 0.000000e+00
40400 418.607723 18.959733 15.500000 0.966038 0.258401 0.000000 9.720780e-03 2.746453e-03 0.000000e+00 0.000000e+00 0.000000e+00 -4.387844e-05 0.000000e+00 0.000000e+00
40450 419.092604 19.092994 15.500000 0.966371 0.257153 0.000000 9.781841e-03 2.633448e-03 0.000000e+00 0.000000e+00 0.000000e+00 -2.534467e-05 0.000000e+00 0.000000e+00
40500 419.577570 19.224302 15.500000 0.967001 0.254771 0.000000 9.612835e-03 2.734240e-03 0.000000e+00 0.000000e+00 0.000000e+00 -6.635230e-05 0.000000e+00 0.000000e+00
40550 420.063834 19.353112 15.500000 0.967041 0.254620 0.000000 9.940278e-03 2.543227e-03 0.000000e+00 0.000000e+00 0.000000e+00 2.919400e-05 0.000000e+00 0.000000e+00
40600 420.549505 19.481588 15.500000 0.967024 0.254686 0.000000 9.647666e-03 2.583462e-03 0.000000e+00 0.000000e+00 0.000000e+00 -1.855485e-05 0.000000e+00 0.000000e+00
40650 421.043062 19.613243 15.500000 0.967109 0.254364 0.000000 9.953760e-03 2.683643e-03 0.000000e+00 0.000000e+00 0.000000e+00 7.262222e-06 0.000000e+00 0.000000e+00
40700 421.532436 19.741979 15.500000 0.966760 0.255687 0.000000 9.653384e-03 2.599967e-03 0.000000e+00 0.000000e+00 0.000000e+00 -1.652038e-05 0.000000e+00 0.000000e+00
40750 422.020912 19.880058 15.500000 0.967025 0.254681 0.000000 9.968930e-03 2.801315e-03 0.000000e+00 0.000000e+00 0.000000e+00 -1.884465e-05 0.000000e+00 0.000000e+00
40800 422.508741 20.012390 15.500000 0.967076 0.254489 0.000000 9.645221e-03 2.581015e-03 0.000000e+00 0.000000e+00 0.000000e+00 -4.041916e-05 0.000000e+00 0.000000e+00
40850 422.990840 20.145523 15.500000 0.967417 0.253188 0.000000 9.732701e-03 2.486559e-03 0.000000e+00 0.000000e+00 0.000000e+00 1.818660e-05 0.000000e+00 0.000000e+00
40900 423.475551 20.276158 15.500000 0.967866 0.251465 0.000000 9.673717e-03 2.674373e-03 0.000000e+00 0.000000e+00 0.000000e+00 -6.261765e-05 0.000000e+00 0.000000e+00
40950 423.959785 20.406187 15.500000 0.967970 0.251065 0.000000 9.788032e-03 2.560204e-03 0.000000e+00 0.000000e+00 0.000000e+00 2.058660e-05 0.000000e+00 0.000000e+00
41000 424.446583 20.536272 15.500000 0.967696 0.252121 0.000000 9.599038e-03 2.578616e-03 0.000000e+00 0.000000e+00 0.000000e+00 1.193119e-05 0.000000e+00 0.000000e+00
41050 424.934792 20.669739 15.500000 0.967732 0.251982 0.000000 9.803388e-03 2.726296e-03 0.000000e+00 0.000000e+00 0.000000e+00 4.613877e-06 0.000000e+00 0.000000e+00
41100 425.425681 20.802326 15.500000 0.967507 0.252846 0.000000 9.711004e-03 2.604645e-03 0.000000e+00 0.000000e+00 0.000000e+00 4.512388e-05 0.000000e+00 0.000000e+00
41150 425.909947 20.938637 15.500000 0.967593 0.252517 0.000000 9.787527e-03 2.823381e-03 0.000000e+00 0.000000e+00 0.000000e+00 -2.902076e-05 0.000000e+00 0.000000e+00
41200 426.395197 21.071705 15.500000 0.967937 0.251193 0.000000 9.575582e-03 2.649530e-03 0.000000e+00 0.000000e+00 0.000000e+00 -4.057408e-05 0.000000e+00 0.000000e+00
41250 426.874051 21.202906 15.500000 0.968566 0.248756 0.000000 9.602561e-03 2.604852e-03 0.000000e+00 0.000000e+00 0.000000e+00 -1.395465e-05 0.000000e+00 0.000000e+00
41300 427.358798 21.331395 15.500000 0.968784 0.247906 0.000000 9.712339e-03 2.629312e-03 0.000000e+00 0.000000e+00 0.000000e+00 -7.931204e-05 0.000000e+00 0.000000e+00
41350 427.843589 21.460096 15.500000 0.969235 0.246139 0.000000 9.860625e-03 2.640743e-03 0.000000e+00 0.000000e+00 0.000000e+00 2.787795e-05 0.000000e+00 0.000000e+00
41400 428.334370 21.589713 15.500000 0.968973 0.247167 0.000000 9.686243e-03 2.581018e-03 0.000000e+00 0.000000e+00 0.000000e+00 3.242814e-05 0.000000e+00 0.000000e+00
41450 428.818329 21.722715 15.500000 0.968978 0.247147 0.000000 9.825005e-03 2.724573e-03 0.000000e+00 0.000000e+00 0.000000e+00 -1.884222e-05 0.000000e+00 0.000000e+00
41500 429.307761 21.857759 15.500000 0.968930 0.247333 0.000000 9.784457e-03 2.637421e-03 0.000000e+00 0.000000e+00 0.000000e+00 3.328118e-05 0.000000e+00 0.000000e+00
41550 429.789413 21.991385 15.500000 0.969134 0.246536 0.000000 9.575123e-03 2.637725e-03 0.000000e+00 0.000000e+00 0.000000e+00 -4.410596e-05 0.000000e+00 0.000000e+00
41600 430.271962 22.123454 15.500000 0.969594 0.244719 0.000000 9.620658e-03 2.488444e-03 0.000000e+00 0.000000e+00 0.000000e+00 -4.755809e-05 0.000000e+00 0.000000e+00
41650 430.750267 22.252754 15.500000 0.970252 0.242096 0.000000 9.641946e-03 2.493339e-03 0.000000e+00 0.000000e+00 0.000000e+00 -1.273882e-05 0.000000e+00 0.000000e+00
41700 431.234239 22.380294 15.500000 0.970278 0.241992 0.000000 9.672803e-03 2.600111e-03 0.000000e+00 0.000000e+00 0.000000e+00 -1.622355e-05 0.000000e+00 0.000000e+00
41750 431.713520 22.507358 15.500000 0.970662 0.240447 0.000000 9.796540e-03 2.528256e-03 0.000000e+00 0.000000e+00 0.000000e+00 -1.155360e-05 0.000000e+00 0.000000e+00
41800 432.205858 22.637850 15.500000 0.970749 0.240097 0.000000 9.721577e-03 2.544065e-03 0.000000e+00 0.000000e+00 0.000000e+00 1.771470e-05 0.000000e+00 0.000000e+00
41850 432.686719 22.764715 15.500000 0.970681 0.240371 0.000000 9.659961e-03 2.770758e-03 0.000000e+00 0.000000e+00 0.000000e+00 -5.390113e-05 0.000000e+00 0.000000e+00
41900 433.173252 22.900017 15.500000 0.970958 0.239250 0.000000 9.677425e-03 2.578044e-03 0.000000e+00 0.000000e+00 0.000000e+00 1.585737e-05 0.000000e+00 0.000000e+00
41950 433.654188 23.030661 15.500000 0.971390 0.237490 0.000000 9.596852e-03 2.782167e-03 0.000000e+00 0.000000e+00 0.000000e+00 -6.064387e-05 0.000000e+00 0.000000e+00
42000 434.132407 23.159727 15.500000 0.971766 0.235946 0.000000 9.620346e-03 2.591751e-03 0.000000e+00 0.000000e+00 0.000000e+00 -4.398146e-05 0.000000e+00 0.000000e+00
42050 434.610365 23.288410 15.500000 0.972545 0.232714 0.000000 9.480793e-03 2.654859e-03 0.000000e+00 0.000000e+00 0.000000e+00 -7.050798e-05 0.000000e+00 0.000000e+00
42100 435.091900 23.413897 15.500000 0.972598 0.232494 0.000000 9.762514e-03 2.529407e-03 0.000000e+00 0.000000e+00 0.000000e+00 7.986623e-06 0.000000e+00 0.000000e+00
42150 435.570029 23.538469 15.500000 0.972675 0.232169 0.000000 9.501893e-03 2.490606e-03 0.000000e+00 0.000000e+00 0.000000e+00 -1.978909e-05 0.000000e+00 0.000000e+00
42200 436.056741 23.668243 15.500000 0.972916 0.231157 0.000000 9.876233e-03 2.642566e-03 0.000000e+00 0.000000e+00 0.000000e+00 -1.049800e-05 0.000000e+00 0.000000e+00
42250 436.538473 23.793805 15.500000 0.972898 0.231236 0.000000 9.505445e-03 2.505477e-03 0.000000e+00 0.000000e+00 0.000000e+00 -3.854860e-05 0.000000e+00 0.000000e+00
42300 437.018662 23.927643 15.500000 0.973312 0.229484 0.000000 9.733316e-03 2.636968e-03 0.000000e+00 0.000000e+00 0.000000e+00 -1.900360e-05 0.000000e+00 0.000000e+00
42350 437.497864 24.056575 15.500000 0.973752 0.227613 0.000000 9.488127e-03 2.478250e-03 0.000000e+00 0.000000e+00 0.000000e+00 -3.389438e-05 0.000000e+00 0.000000e+00
42400 437.971565 24.182466 15.500000 0.974427 0.224705 0.000000 9.494386e-03 2.434478e-03 0.000000e+00 0.000000e+00 0.000000e+00 -3.958523e-05 0.000000e+00 0.000000e+00
42450 438.450582 24.306100 15.500000 0.975143 0.221575 0.000000 9.552074e-03 2.510063e-03 0.000000e+00 0.000000e+00 0.000000e+00 -9.323964e-05 0.000000e+00 0.000000e+00
42500 438.927830 24.428260 15.500000 0.975600 0.219555 0.000000 9.652640e-03 2.460727e-03 0.000000e+00 0.000000e+00 0.000000e+00 -1.452314e-05 0.000000e+00 0.000000e+00
42550 439.408966 24.549265 15.500000 0.975731 0.218973 0.000000 9.387478e-03 2.410415e-03 0.000000e+00 0.000000e+00 0.000000e+00 -1.906995e-05 0.000000e+00 0.000000e+00
42600 439.886641 24.674224 15.500000 0.976069 0.217463 0.000000 9.621751e-03 2.595395e-03 0.000000e+00 0.000000e+00 0.000000e+00 -4.913168e-05 0.000000e+00 0.000000e+00
42650 440.369026 24.799130 15.500000 0.976352 0.216187 0.000000 9.554010e-03 2.442631e-03 0.000000e+00 0.000000e+00 0.000000e+00 -5.136777e-06 0.000000e+00 0.000000e+00
42700 440.843562 24.924945 15.500000 0.976704 0.214591 0.000000 9.486990e-03 2.625040e-03 0.000000e+00 0.000000e+00 0.000000e+00 -3.600380e-05 0.000000e+00 0.000000e+00
42750 441.319931 25.050846 15.500000 0.977403 0.211384 0.000000 9.459868e-03 2.450857e-03 0.000000e+00 0.000000e+00 0.000000e+00 -7.432384e-05 0.000000e+00 0.000000e+00
42800 441.789032 25.171657 15.500000 0.978370 0.206862 0.000000 9.364163e-03 2.410758e-03 0.000000e+00 0.000000e+00 0.000000e+00 -9.669466e-05 0.000000e+00 0.000000e+00
42850 442.262958 25.287656 15.500000 0.978929 0.204203 0.000000 9.487230e-03 2.346357e-03 0.000000e+00 0.000000e+00 0.000000e+00 -5.404464e-05 0.000000e+00 0.000000e+00
42900 442.734746 25.405144 15.500000 0.979925 0.199367 0.000000 9.563732e-03 2.272251e-03 0.000000e+00 0.000000e+00 0.000000e+00 -5.043432e-05 0.000000e+00 0.000000e+00
42950 443.216447 25.519348 15.500000 0.980233 0.197846 0.000000 9.547894e-03 2.269370e-03 0.000000e+00 0.000000e+00 0.000000e+00 -4.417662e-05 0.000000e+00 0.000000e+00
43000 443.686147 25.632259 15.500000 0.980609 0.195976 0.000000 9.586223e-03 2.427842e-03 0.000000e+00 0.000000e+00 0.000000e+00 -3.174424e-05 0.000000e+00 0.000000e+00
43050 444.166148 25.753050 15.500000 0.981300 0.192483 0.000000 9.558557e-03 2.322817e-03 0.000000e+00 0.000000e+00 0.000000e+00 -7.232130e-05 0.000000e+00 0.000000e+00
43100 444.637586 25.868404 15.500000 0.981815 0.189840 0.000000 9.427975e-03 2.318848e-03 0.000000e+00 0.000000e+00 0.000000e+00 -5.946346e-05 0.000000e+00 0.000000e+00
43150 445.109484 25.988470 15.500000 0.982592 0.185775 0.000000 9.371664e-03 2.343255e-03 0.000000e+00 0.000000e+00 0.000000e+00 -1.077644e-04 0.000000e+00 0.000000e+00
43200 445.577690 26.103960 15.500000 0.983574 0.180504 0.000000 9.262931e-03 2.183018e-03 0.000000e+00 0.000000e+00 0.000000e+00 -1.334823e-04 0.000000e+00 0.000000e+00
43250 446.043581 26.211533 15.500000 0.984547 0.175122 0.000000 9.476178e-03 2.089757e-03 0.000000e+00 0.000000e+00 0.000000e+00 -7.887798e-05 0.000000e+00 0.000000e+00
43300 446.513319 26.319367 15.500000 0.985694 0.168544 0.000000 9.305311e-03 2.219969e-03 0.000000e+00 0.000000e+00 0.000000e+00 -1.618812e-04 0.000000e+00 0.000000e+00
43350 446.981989 26.421694 15.500000 0.986479 0.163888 0.000000 9.592292e-03 2.019754e-03 0.000000e+00 0.000000e+00 0.000000e+00 -7.393303e-05 0.000000e+00 0.000000e+00
43400 447.450468 26.520416 15.500000 0.987128 0.159932 0.000000 9.212113e-03 1.949212e-03 0.000000e+00 0.000000e+00 0.000000e+00 -1.019419e-04 -2.142723e-06 0.000000e+00
43450 447.919302 26.623449 15.500000 0.988015 0.154356 0.000000 9.425268e-03 2.053557e-03 0.000000e+00 0.000000e+00 0.000000e+00 -1.225411e-04 -9.259411e-05 0.000000e+00
43500 448.391467 26.723126 15.500000 0.988813 0.149158 0.000000 9.379844e-03 1.831347e-03 0.000000e+00 0.000000e+00 0.000000e+00 -5.540836e-05 -3.076960e-04 0.000000e+00
43550 448.855556 26.823967 15.500000 0.989799 0.142473 0.000000 9.340921e-03 2.151277e-03 0.000000e+00 0.000000e+00 0.000000e+00 -1.637730e-04 -6.507221e-04 0.000000e+00
43600 449.325792 26.925619 15.500000 0.990774 0.135523 0.000000 9.347173e-03 2.093370e-03 0.000000e+00 0.000000e+00 0.000000e+00 -1.726902e-04 -1.127040e-03 0.000000e+00
43650 449.786987 27.023687 15.500000 0.991962 0.126540 0.000000 9.206715e-03 2.020305e-03 0.000000e+00 0.000000e+00 0.000000e+00 -1.782627e-04 -1.709883e-03 0.000000e+00
43700 450.251094 27.114887 15.500000 0.993053 0.117671 0.000000 9.274365e-03 1.752151e-03 0.000000e+00 0.000000e+00 0.000000e+00 -2.067956e-04 -2.362064e-03 0.000000e+00
43750 450.709104 27.197511 15.500000 0.994275 0.106849 0.000000 9.158752e-03 1.585729e-03 0.000000e+00 0.000000e+00 0.000000e+00 -1.805636e-04 -3.043018e-03 0.000000e+00
43800 451.172328 27.272784 15.500000 0.995199 0.097871 0.000000 9.304853e-03 1.472165e-03 0.000000e+00 0.000000e+00 0.000000e+00 -1.998697e-04 -3.738005e-03 0.000000e+00
43850 451.632470 27.351196 15.500000 0.996364 0.085197 0.000000 9.015366e-03 1.333654e-03 0.000000e+00 0.000000e+00 0.000000e+00 -2.016572e-04 -4.538129e-03 0.000000e+00
43900 452.097721 27.413940 15.500000 0.997126 0.075765 0.000000 9.361130e-03 1.224367e-03 0.000000e+00 0.000000e+00 0.000000e+00 -1.943134e-04 -5.234206e-03 0.000000e+00
43950 452.556401 27.472010 15.500000 0.997917 0.064505 0.000000 9.090932e-03 1.256501e-03 0.000000e+00 0.000000e+00 0.000000e+00 -2.666256e-04 -5.921032e-03 0.000000e+00
44000 453.023185 27.536334 15.500000 0.998667 0.051613 0.000000 9.438351e-03 1.149087e-03 0.000000e+00 0.000000e+00 0.000000e+00 -2.495502e-04 -6.733110e-03 0.000000e+00
44050 453.486299 27.588169 15.500000 0.999235 0.039097 0.000000 9.148793e-03 1.080860e-03 0.000000e+00 0.000000e+00 0.000000e+00 -2.510125e-04 -7.425224e-03 0.000000e+00
44100 453.949605 27.643269 15.500000 0.999678 0.025362 0.000000 9.377681e-03 1.100873e-03 0.000000e+00 0.000000e+00 0.000000e+00 -3.032714e-04 -8.196717e-03 0.000000e+00
44150 454.416178 27.691482 15.500000 0.999942 0.010801 0.000000 9.256806e-03 8.423582e-04 0.000000e+00 0.000000e+00 0.000000e+00 -2.359706e-04 -8.907185e-03 0.000000e+00
44200 454.876509 27.738758 15.500000 0.999987 -0.005061 0.000000 9.221502e-03 9.482717e-04 0.000000e+00 0.000000e+00 0.000000e+00 -3.309755e-04 -9.626922e-03 0.000000e+00
44250 455.341676 27.783107 15.500000 0.999748 -0.022450 0.000000 9.161987e-03 1.093405e-03 0.000000e+00 0.000000e+00 0.000000e+00 -3.209743e-04 -1.032678e-02 0.000000e+00
44300 455.803604 27.815126 15.500000 0.999280 -0.037929 0.000000 9.190715e-03 1.344050e-03 0.000000e+00 0.000000e+00 0.000000e+00 -3.808622e-04 -1.084493e-02 0.000000e+00
44350 456.269884 27.838156 15.500000 0.998480 -0.055123 0.000000 9.229134e-03 1.833953e-03 0.000000e+00 0.000000e+00 0.000000e+00 -3.958969e-04 -1.122025e-02 0.000000e+00
44400 456.733696 27.792974 15.500000 0.997739 -0.067209 0.000000 9.249078e-03 1.538297e-03 0.000000e+00 0.000000e+00 0.000000e+00 -3.323527e-04 -1.047914e-02 0.000000e+00
44450 457.204565 27.464478 15.500000 0.997764 -0.066831 0.000000 9.352908e-03 -5.450659e-03 0.000000e+00 0.000000e+00 0.000000e+00 4.650909e-04 -5.910976e-03 0.000000e+00
44500 457.686534 27.116255 15.500000 0.997427 -0.071693 0.000000 9.506657e-03 -2.177729e-03 0.000000e+00 0.000000e+00 0.000000e+00 -3.918974e-05 -2.403061e-03 0.000000e+00
44550 458.170236 27.086835 15.500000 0.996888 -0.078832 0.000000 9.684746e-03 -2.729886e-04 0.000000e+00 0.000000e+00 0.000000e+00 -1.923480e-04 -2.165786e-03 0.000000e+00
44600 458.652824 27.088392 15.500000 0.996164 -0.087504 0.000000 9.670905e-03 -1.812358e-05 0.000000e+00 0.000000e+00 0.000000e+00 -1.727562e-04 -2.175406e-03 0.000000e+00
44650 459.137608 27.088326 15.500000 0.995493 -0.094839 0.000000 9.739747e-03 6.831002e-05 0.000000e+00 0.000000e+00 0.000000e+00 -2.093452e-04 -2.174281e-03 0.000000e+00
44700 459.622101 27.088781 15.500000 0.994624 -0.103552 0.000000 9.634020e-03 -6.026155e-06 0.000000e+00 0.000000e+00 0.000000e+00 -1.673705e-04 -2.178194e-03 0.000000e+00
44750 460.108878 27.085455 15.500000 0.993845 -0.110775 0.000000 9.809337e-03 -1.854091e-05 0.000000e+00 0.000000e+00 0.000000e+00 -1.824937e-04 -2.153743e-03 0.000000e+00
44800 460.595822 27.080796 15.500000 0.992875 -0.119164 0.000000 9.675164e-03 -8.922438e-05 0.000000e+00 0.000000e+00 0.000000e+00 -1.631336e-04 -2.120118e-03 0.000000e+00
44850 461.083733 27.071112 15.500000 0.992001 -0.126226 0.000000 9.924916e-03 -1.882882e-04 0.000000e+00 0.000000e+00 0.000000e+00 -1.496101e-04 -2.050729e-03 0.000000e+00
44900 461.571775 27.062492 15.500000 0.990956 -0.134190 0.000000 9.669300e-03 -2.303616e-04 0.000000e+00 0.000000e+00 0.000000e+00 -1.208400e-04 -1.989609e-03 0.000000e+00
44950 462.059647 27.046147 15.500000 0.990018 -0.140939 0.000000 9.889137e-03 -2.586664e-04 0.000000e+00 0.000000e+00 0.000000e+00 -1.261066e-04 -1.875900e-03 0.000000e+00
45000 462.546640 27.031453 15.500000 0.988992 -0.147967 0.000000 9.653096e-03 -2.678106e-04 0.000000e+00 0.000000e+00 0.000000e+00 -1.185067e-04 -1.776429e-03 0.000000e+00
45050 463.032348 27.012281 15.500000 0.988138 -0.153569 0.000000 9.826959e-03 -2.488230e-04 0.000000e+00 0.000000e+00 0.000000e+00 -1.322009e-04 -1.650507e-03 0.000000e+00
45100 463.518074 26.994074 15.500000 0.987153 -0.159779 0.000000 9.644788e-03 -3.536275e-04 0.000000e+00 0.000000e+00 0.000000e+00 -1.185727e-04 -1.535976e-03 0.000000e+00
45150 464.003449 26.968273 15.500000 0.986261 -0.165193 0.000000 9.748730e-03 -4.312473e-04 0.000000e+00 0.000000e+00 0.000000e+00 -1.274696e-04 -1.380315e-03 0.000000e+00
45200 464.491110 26.945341 15.500000 0.985295 -0.170864 0.000000 9.696878e-03 -4.942012e-04 0.000000e+00 0.000000e+00 0.000000e+00 -1.043736e-04 -1.248902e-03 0.000000e+00
45250 464.976793 26.914720 15.500000 0.984379 -0.176061 0.000000 9.749445e-03 -4.634341e-04 0.000000e+00 0.000000e+00 0.000000e+00 -1.140693e-04 -1.083079e-03 0.000000e+00
45300 465.466624 26.886555 15.500000 0.983465 -0.181099 0.000000 9.685164e-03 -5.708911e-04 0.000000e+00 0.000000e+00 0.000000e+00 -8.706589e-05 -9.416377e-04 0.000000e+00
45350 465.952064 26.851952 15.500000 0.982757 -0.184902 0.000000 9.788687e-03 -5.518254e-04 0.000000e+00 0.000000e+00 0.000000e+00 -1.095528e-04 -7.807429e-04 0.000000e+00
45400 466.441237 26.818273 15.500000 0.981915 -0.189322 0.000000 9.714299e-03 -7.623533e-04 0.000000e+00 0.000000e+00 0.000000e+00 -5.437783e-05 -6.395233e-04 0.000000e+00
45450 466.928161 26.778383 15.500000 0.981147 -0.193261 0.000000 9.766369e-03 -7.367195e-04 0.000000e+00 0.000000e+00 0.000000e+00 -9.437833e-05 -4.895084e-04 0.000000e+00
45500 467.420104 26.738355 15.500000 0.980279 -0.197617 0.000000 9.806318e-03 -9.697814e-04 0.000000e+00 0.000000e+00 0.000000e+00 -4.592887e-05 -3.598776e-04 0.000000e+00
45550 467.909365 26.693431 15.500000 0.979434 -0.201765 0.000000 9.856916e-03 -9.034316e-04 0.000000e+00 0.000000e+00 0.000000e+00 -8.935621e-05 -2.372906e-04 0.000000e+00
45600 468.404319 26.647267 15.500000 0.978473 -0.206373 0.000000 9.907310e-03 -9.711855e-04 0.000000e+00 0.000000e+00 0.000000e+00 -5.422457e-05 -1.380694e-04 0.000000e+00
45650 468.897071 26.598084 15.500000 0.977689 -0.210058 0.000000 1.002356e-02 -1.033382e-03 0.000000e+00 0.000000e+00 0.000000e+00 -9.304335e-05 -6.172730e-05 0.000000e+00
45700 469.393934 26.544457 15.500000 0.976576 -0.215172 0.000000 9.706464e-03 -1.077769e-03 0.000000e+00 0.000000e+00 0.000000e+00 -1.156268e-04 -1.302743e-05 0.000000e+00
45750 469.889763 26.489430 15.500000 0.975762 -0.218834 0.000000 1.011627e-02 -1.164156e-03 0.000000e+00 0.000000e+00 0.000000e+00 -9.085153e-05 0.000000e+00 0.000000e+00
45800 470.390474 26.427501 15.500000 0.974692 -0.223552 0.000000 9.798418e-03 -1.330404e-03 0.000000e+00 0.000000e+00 0.000000e+00 -9.665268e-05 0.000000e+00 0.000000e+00
45850 470.886937 26.362108 15.500000 0.973762 -0.227569 0.000000 1.010818e-02 -1.422046e-03 0.000000e+00 0.000000e+00 0.000000e+00 -6.342052e-05 0.000000e+00 0.000000e+00
45900 471.390031 26.295251 15.500000 0.972704 -0.232051 0.000000 9.970788e-03 -1.216697e-03 0.000000e+00 0.000000e+00 0.000000e+00 -1.323691e-04 0.000000e+00 0.000000e+00
45950 471.884990 26.223872 15.500000 0.972085 -0.234628 0.000000 9.934383e-03 -1.620843e-03 0.000000e+00 0.000000e+00 0.000000e+00 -2.206671e-05 0.000000e+00 0.000000e+00
46000 472.385777 26.149691 15.500000 0.971171 -0.238384 0.000000 9.875728e-03 -1.488734e-03 0.000000e+00 0.000000e+00 0.000000e+00 -4.560991e-05 0.000000e+00 0.000000e+00
46050 472.881024 26.071729 15.500000 0.970445 -0.241321 0.000000 9.994108e-03 -1.681061e-03 0.000000e+00 0.000000e+00 0.000000e+00 -4.470342e-05 0.000000e+00 0.000000e+00
46100 473.378612 25.994161 15.500000 0.969907 -0.243477 0.000000 9.814145e-03 -1.595075e-03 0.000000e+00 0.000000e+00 0.000000e+00 -2.280587e-05 0.000000e+00 0.000000e+00
46150 473.868916 25.913539 15.500000 0.969682 -0.244370 0.000000 9.833436e-03 -1.636967e-03 0.000000e+00 0.000000e+00 0.000000e+00 -2.829419e-05 0.000000e+00 0.000000e+00
46200 474.363045 25.836580 15.500000 0.969361 -0.245641 0.000000 9.818755e-03 -1.595582e-03 0.000000e+00 0.000000e+00 0.000000e+00 -7.029570e-06 0.000000e+00 0.000000e+00
46250 474.853537 25.755235 15.500000 0.969292 -0.245912 0.000000 9.818770e-03 -1.637609e-03 0.000000e+00 0.000000e+00 0.000000e+00 -1.513565e-05 0.000000e+00 0.000000e+00
46300 475.348995 25.675224 15.500000 0.968820 -0.247767 0.000000 9.904337e-03 -1.703089e-03 0.000000e+00 0.000000e+00 0.000000e+00 4.916679e-06 0.000000e+00 0.000000e+00
46350 475.843382 25.591256 15.500000 0.968653 -0.248417 0.000000 1.004738e-02 -1.655156e-03 0.000000e+00 0.000000e+00 0.000000e+00 -6.575259e-05 0.000000e+00 0.000000e+00
46400 476.344221 25.505590 15.500000 0.967913 -0.251284 0.000000 9.916088e-03 -1.824300e-03 0.000000e+00 0.000000e+00 0.000000e+00 -4.763195e-05 0.000000e+00 0.000000e+00
46450 476.839931 25.416231 15.500000 0.967431 -0.253136 0.000000 1.015317e-02 -1.792724e-03 0.000000e+00 0.000000e+00 0.000000e+00 -3.507749e-05 0.000000e+00 0.000000e+00
46500 477.344113 25.324763 15.500000 0.966785 -0.255590 0.000000 1.003141e-02 -1.725524e-03 0.000000e+00 0.000000e+00 0.000000e+00 -1.054985e-04 0.000000e+00 0.000000e+00
46550 477.840228 25.230095 15.500000 0.966452 -0.256848 0.000000 9.989801e-03 -2.009954e-03 0.000000e+00 0.000000e+00 0.000000e+00 -3.236749e-05 0.000000e+00 0.000000e+00
46600 478.341946 25.131799 15.500000 0.965878 -0.258999 0.000000 9.948423e-03 -1.912571e-03 0.000000e+00 0.000000e+00 0.000000e+00 -5.524608e-05 0.000000e+00 0.000000e+00
46650 478.836348 25.032039 15.500000 0.965530 -0.260292 0.000000 9.785069e-03 -2.065434e-03 0.000000e+00 0.000000e+00 0.000000e+00 2.732297e-05 0.000000e+00 0.000000e+00
46700 479.331357 24.934113 15.500000 0.965533 -0.260280 0.000000 9.851151e-03 -1.852582e-03 0.000000e+00 0.000000e+00 0.000000e+00 4.622310e-06 0.000000e+00 0.000000e+00
46750 479.820844 24.835918 15.500000 0.965846 -0.259117 0.000000 9.768270e-03 -1.905205e-03 0.000000e+00 0.000000e+00 0.000000e+00 7.520469e-06 0.000000e+00 0.000000e+00
46800 480.315120 24.740977 15.500000 0.965775 -0.259382 0.000000 9.925861e-03 -1.970692e-03 0.000000e+00 0.000000e+00 0.000000e+00 1.352460e-05 0.000000e+00 0.000000e+00
46850 480.807494 24.640223 15.500000 0.965872 -0.259020 0.000000 9.983057e-03 -1.927421e-03 0.000000e+00 0.000000e+00 0.000000e+00 -5.271217e-05 0.000000e+00 0.000000e+00
46900 481.307041 24.540759 15.500000 0.965313 -0.261095 0.000000 9.806670e-03 -2.020349e-03 0.000000e+00 0.000000e+00 0.000000e+00 -3.962393e-05 0.000000e+00 0.000000e+00
46950 481.801333 24.438051 15.500000 0.965075 -0.261972 0.000000 1.018824e-02 -2.068059e-03 0.000000e+00 0.000000e+00 0.000000e+00 -2.046690e-05 0.000000e+00 0.000000e+00
47000 482.305392 24.333510 15.500000 0.964656 -0.263513 0.000000 9.947093e-03 -2.023036e-03 0.000000e+00 0.000000e+00 0.000000e+00 -7.802530e-05 0.000000e+00 0.000000e+00
47050 482.800875 24.227034 15.500000 0.964412 -0.264406 0.000000 9.961750e-03 -2.280001e-03 0.000000e+00 0.000000e+00 0.000000e+00 -1.241747e-05 0.000000e+00 0.000000e+00
47100 483.302454 24.115714 15.500000 0.964011 -0.265861 0.000000 9.977982e-03 -2.232382e-03 0.000000e+00 0.000000e+00 0.000000e+00 -2.824928e-05 0.000000e+00 0.000000e+00
47150 483.796468 24.005434 15.500000 0.963993 -0.265927 0.000000 9.817528e-03 -2.311605e-03 0.000000e+00 0.000000e+00 0.000000e+00 2.588963e-05 0.000000e+00 0.000000e+00
47200 484.290911 23.896853 15.500000 0.964156 -0.265335 0.000000 9.887221e-03 -2.122975e-03 0.000000e+00 0.000000e+00 0.000000e+00 1.401812e-05 0.000000e+00 0.000000e+00
47250 484.781042 23.788279 15.500000 0.964599 -0.263720 0.000000 9.807735e-03 -2.170183e-03 0.000000e+00 0.000000e+00 0.000000e+00 8.567516e-06 0.000000e+00 0.000000e+00
47300 485.275600 23.682649 15.500000 0.964439 -0.264305 0.000000 9.918222e-03 -2.209941e-03 0.000000e+00 0.000000e+00 0.000000e+00 1.863779e-05 0.000000e+00 0.000000e+00
47350 485.769627 23.573085 15.500000 0.964775 -0.263077 0.000000 1.009103e-02 -2.151177e-03 0.000000e+00 0.000000e+00 0.000000e+00 -1.778780e-05 0.000000e+00 0.000000e+00
47400 486.272666 23.464202 15.500000 0.964292 -0.264842 0.000000 9.936411e-03 -2.224938e-03 0.000000e+00 0.000000e+00 0.000000e+00 -4.153700e-05 0.000000e+00 0.000000e+00
47450 486.766310 23.350212 15.500000 0.963917 -0.266205 0.000000 1.009995e-02 -2.400789e-03 0.000000e+00 0.000000e+00 0.000000e+00 3.426329e-05 0.000000e+00 0.000000e+00
47500 487.269609 23.233920 15.500000 0.963687 -0.267036 0.000000 9.939901e-03 -2.188793e-03 0.000000e+00 0.000000e+00 0.000000e+00 -5.167054e-05 0.000000e+00 0.000000e+00
47550 487.764461 23.118078 15.500000 0.963388 -0.268111 0.000000 9.928674e-03 -2.417427e-03 0.000000e+00 0.000000e+00 0.000000e+00 -8.333063e-06 0.000000e+00 0.000000e+00
47600 488.262748 22.999232 15.500000 0.963319 -0.268358 0.000000 9.882587e-03 -2.253375e-03 0.000000e+00 0.000000e+00 0.000000e+00 7.502895e-06 0.000000e+00 0.000000e+00
47650 488.754003 22.881793 15.500000 0.963682 -0.267051 0.000000 9.745564e-03 -2.268789e-03 0.000000e+00 0.000000e+00 0.000000e+00 2.840528e-05 0.000000e+00 0.000000e+00
47700 489.246987 22.770014 15.500000 0.963845 -0.266465 0.000000 9.788608e-03 -2.231282e-03 0.000000e+00 0.000000e+00 0.000000e+00 -1.145720e-08 0.000000e+00 0.000000e+00
47750 489.737654 22.653032 15.500000 0.964216 -0.265118 0.000000 9.840770e-03 -2.172879e-03 0.000000e+00 0.000000e+00 0.000000e+00 -3.905163e-05 0.000000e+00 0.000000e+00
47800 490.236734 22.539074 15.500000 0.963770 -0.266736 0.000000 9.948876e-03 -2.308708e-03 0.000000e+00 0.000000e+00 0.000000e+00 -4.722909e-05 0.000000e+00 0.000000e+00
47850 490.727812 22.421595 15.500000 0.963531 -0.267596 0.000000 1.008256e-02 -2.381394e-03 0.000000e+00 0.000000e+00 0.000000e+00 -3.243336e-05 0.000000e+00 0.000000e+00
47900 491.232123 22.301160 15.500000 0.963354 -0.268233 0.000000 9.910792e-03 -2.367611e-03 0.000000e+00 0.000000e+00 0.000000e+00 -5.768806e-05 0.000000e+00 0.000000e+00
47950 491.726034 22.182131 15.500000 0.963056 -0.269300 0.000000 9.944955e-03 -2.566795e-03 0.000000e+00 0.000000e+00 0.000000e+00 -1.233155e-06 0.000000e+00 0.000000e+00
48000 492.225151 22.058029 15.500000 0.962921 -0.269783 0.000000 9.971152e-03 -2.388285e-03 0.000000e+00 0.000000e+00 0.000000e+00 -3.732224e-05 0.000000e+00 0.000000e+00
48050 492.717214 21.935731 15.500000 0.963245 -0.268625 0.000000 9.696085e-03 -2.518725e-03 0.000000e+00 0.000000e+00 0.000000e+00 1.819714e-05 0.000000e+00 0.000000e+00
48100 493.208410 21.817037 15.500000 0.963360 -0.268212 0.000000 9.813231e-03 -2.341089e-03 0.000000e+00 0.000000e+00 0.000000e+00 1.976402e-05 0.000000e+00 0.000000e+00
48150 493.698091 21.695698 15.500000 0.963820 -0.266553 0.000000 9.758456e-03 -2.297094e-03 0.000000e+00 0.000000e+00 0.000000e+00 -4.403672e-05 0.000000e+00 0.000000e+00
48200 494.194741 21.578272 15.500000 0.963487 -0.267754 0.000000 9.954014e-03 -2.393046e-03 0.000000e+00 0.000000e+00 0.000000e+00 -3.199274e-05 0.000000e+00 0.000000e+00
48250 494.684826 21.457308 15.500000 0.963377 -0.268152 0.000000 9.837261e-03 -2.453159e-03 0.000000e+00 0.000000e+00 0.000000e+00 1.548427e-05 0.000000e+00 0.000000e+00
48300 495.188659 21.333818 15.500000 0.963258 -0.268576 0.000000 1.002206e-02 -2.441238e-03 0.000000e+00 0.000000e+00 0.000000e+00 -9.881351e-06 0.000000e+00 0.000000e+00
48350 495.681552 21.212248 15.500000 0.962894 -0.269879 0.000000 9.905172e-03 -2.569228e-03 0.000000e+00 0.000000e+00 0.000000e+00 2.852507e-05 0.000000e+00 0.000000e+00
48400 496.180046 21.083669 15.500000 0.962870 -0.269964 0.000000 9.938967e-03 -2.378964e-03 0.000000e+00 0.000000e+00 0.000000e+00 -5.380573e-05 0.000000e+00 0.000000e+00
48450 496.672661 20.958691 15.500000 0.963102 -0.269138 0.000000 9.799929e-03 -2.562107e-03 0.000000e+00 0.000000e+00 0.000000e+00 3.447753e-05 0.000000e+00 0.000000e+00
48500 497.163025 20.835544 15.500000 0.963254 -0.268591 0.000000 9.831630e-03 -2.377312e-03 0.000000e+00 0.000000e+00 0.000000e+00 2.055863e-05 0.000000e+00 0.000000e+00
48550 497.652335 20.711153 15.500000 0.963795 -0.266645 0.000000 9.702073e-03 -2.447260e-03 0.000000e+00 0.000000e+00 0.000000e+00 1.338135e-05 0.000000e+00 0.000000e+00
48600 498.147272 20.590585 15.500000 0.963498 -0.267717 0.000000 9.903349e-03 -2.395709e-03 0.000000e+00 0.000000e+00 0.000000e+00 -3.573530e-05 0.000000e+00 0.000000e+00
48650 498.637413 20.467017 15.500000 0.963347 -0.268260 0.000000 9.820826e-03 -2.485145e-03 0.000000e+00 0.000000e+00 0.000000e+00 -6.989566e-06 0.000000e+00 0.000000e+00
48700 499.139304 20.340538 15.500000 0.963269 -0.268539 0.000000 1.004226e-02 -2.566884e-03 0.000000e+00 0.000000e+00 0.000000e+00 -6.661442e-06 0.000000e+00 0.000000e+00
48750 499.632099 20.216636 15.500000 0.962866 -0.269980 0.000000 9.798487e-03 -2.666227e-03 0.000000e+00 0.000000e+00 0.000000e+00 1.724116e-05 0.000000e+00 0.000000e+00
48800 500.129209 20.084129 15.500000 0.962939 -0.269719 0.000000 9.915185e-03 -2.524610e-03 0.000000e+00 0.000000e+00 0.000000e+00 -3.914044e-05 0.000000e+00 0.000000e+00
48850 500.621251 19.957008 15.500000 0.963082 -0.269207 0.000000 9.869535e-03 -2.720938e-03 0.000000e+00 0.000000e+00 0.000000e+00 2.921573e-05 0.000000e+00 0.000000e+00
48900 501.110488 19.830488 15.500000 0.963258 -0.268579 0.000000 9.817683e-03 -2.480982e-03 0.000000e+00 0.000000e+00 0.000000e+00 1.603370e-05 0.000000e+00 0.000000e+00
48950 501.599916 19.703640 15.500000 0.963783 -0.266687 0.000000 9.712557e-03 -2.694804e-03 0.000000e+00 0.000000e+00 0.000000e+00 7.265583e-05 0.000000e+00 0.000000e+00
49000 502.093139 19.579706 15.500000 0.963538 -0.267570 0.000000 1.002154e-02 -2.473313e-03 0.000000e+00 0.000000e+00 0.000000e+00 -6.398040e-05 0.000000e+00 0.000000e+00
49050 502.583133 19.453652 15.500000 0.963254 -0.268592 0.000000 9.759218e-03 -2.530077e-03 0.000000e+00 0.000000e+00 0.000000e+00 -1.023917e-05 0.000000e+00 0.000000e+00
49100 503.082756 19.323829 15.500000 0.963174 -0.268880 0.000000 1.009584e-02 -2.661281e-03 0.000000e+00 0.000000e+00 0.000000e+00 -9.871274e-06 0.000000e+00 0.000000e+00
49150 503.576264 19.196711 15.500000 0.962780 -0.270285 0.000000 9.798711e-03 -2.560495e-03 0.000000e+00 0.000000e+00 0.000000e+00 -1.962676e-06 0.000000e+00 0.000000e+00
49200 504.070948 19.061377 15.500000 0.962854 -0.270023 0.000000 1.001036e-02 -2.616141e-03 0.000000e+00 0.000000e+00 0.000000e+00 -1.000900e-05 0.000000e+00 0.000000e+00
49250 504.561879 18.931585 15.500000 0.962994 -0.269523 0.000000 9.794740e-03 -2.605404e-03 0.000000e+00 0.000000e+00 0.000000e+00 2.346631e-05 0.000000e+00 0.000000e+00
49300 505.050169 18.803339 15.500000 0.963335 -0.268302 0.000000 9.925556e-03 -2.506955e-03 0.000000e+00 0.000000e+00 0.000000e+00 1.636660e-05 0.000000e+00 0.000000e+00
49350 505.540800 18.675550 15.500000 0.963823 -0.266544 0.000000 9.751272e-03 -2.613771e-03 0.000000e+00 0.000000e+00 0.000000e+00 3.554723e-05 0.000000e+00 0.000000e+00
49400 506.033947 18.549411 15.500000 0.963743 -0.266831 0.000000 1.004040e-02 -2.523895e-03 0.000000e+00 0.000000e+00 0.000000e+00 -3.089123e-05 0.000000e+00 0.000000e+00
49450 506.525604 18.421132 15.500000 0.963369 -0.268180 0.000000 9.750556e-03 -2.569245e-03 0.000000e+00 0.000000e+00 0.000000e+00 -2.457852e-05 0.000000e+00 0.000000e+00
49500 507.021688 18.288141 15.500000 0.963241 -0.268637 0.000000 1.004163e-02 -2.668401e-03 0.000000e+00 0.000000e+00 0.000000e+00 -2.301805e-05 0.000000e+00 0.000000e+00
49550 507.516331 18.157494 15.500000 0.962917 -0.269798 0.000000 9.746891e-03 -2.655204e-03 0.000000e+00 0.000000e+00 0.000000e+00 -9.755697e-06 0.000000e+00 0.000000e+00
49600 508.007157 18.021466 15.500000 0.962944 -0.269701 0.000000 9.892669e-03 -2.667245e-03 0.000000e+00 0.000000e+00 0.000000e+00 -1.086905e-05 0.000000e+00 0.000000e+00
49650 508.496491 17.891756 15.500000 0.963300 -0.268427 0.000000 9.641727e-03 -2.698393e-03 0.000000e+00 0.000000e+00 0.000000e+00 5.492175e-05 0.000000e+00 0.000000e+00
49700 508.981577 17.761703 15.500000 0.963729 -0.266884 0.000000 9.856510e-03 -2.555667e-03 0.000000e+00 0.000000e+00 0.000000e+00 -1.390882e-06 0.000000e+00 0.000000e+00
49750 509.472622 17.634459 15.500000 0.963951 -0.266080 0.000000 9.690761e-03 -2.557303e-03 0.000000e+00 0.000000e+00 0.000000e+00 3.830277e-05 0.000000e+00 0.000000e+00
49800 509.965705 17.505311 15.500000 0.964037 -0.265768 0.000000 9.933114e-03 -2.603548e-03 0.000000e+00 0.000000e+00 0.000000e+00 -3.510846e-05 0.000000e+00 0.000000e+00
49850 510.460173 17.375525 15.500000 0.963617 -0.267287 0.000000 9.741304e-03 -2.667146e-03 0.000000e+00 0.000000e+00 0.000000e+00 -2.969760e-06 0.000000e+00 0.000000e+00
49900 510.952573 17.239917 15.500000 0.963607 -0.267322 0.000000 9.946001e-03 -2.799342e-03 0.000000e+00 0.000000e+00 0.000000e+00 1.484618e-05 0.000000e+00 0.000000e+00
49950 511.447792 17.106052 15.500000 0.963289 -0.268468 0.000000 9.794441e-03 -2.601446e-03 0.000000e+00 0.000000e+00 0.000000e+00 -9.088729e-06 0.000000e+00 0.000000e+00
50000 511.935183 16.971027 15.500000 0.963491 -0.267742 0.000000 9.751497e-03 -2.703074e-03 0.000000e+00 0.000000e+00 0.000000e+00 3.847812e-05 0.000000e+00 0.000000e+00
50050 512.423849 16.840883 15.500000 0.963851 -0.266443 0.000000 9.727400e-03 -2.576172e-03 0.000000e+00 0.000000e+00 0.000000e+00 4.409693e-05 0.000000e+00 0.000000e+00
50100 512.909377 16.709474 15.500000 0.964272 -0.264915 0.000000 9.756492e-03 -2.678252e-03 0.000000e+00 0.000000e+00 0.000000e+00 1.157175e-05 0.000000e+00 0.000000e+00
50150 513.400203 16.580994 15.500000 0.964152 -0.265352 0.000000 9.676548e-03 -2.524607e-03 0.000000e+00 0.000000e+00 0.000000e+00 1.168073e-05 0.000000e+00 0.000000e+00
50200 513.891558 16.451358 15.500000 0.964293 -0.264837 0.000000 1.005229e-02 -2.691184e-03 0.000000e+00 0.000000e+00 0.000000e+00 -2.361550e-06 0.000000e+00 0.000000e+00
50250 514.387204 16.320723 15.500000 0.963932 -0.266150 0.000000 9.860400e-03 -2.576576e-03 0.000000e+00 0.000000e+00 0.000000e+00 -5.000977e-05 0.000000e+00 0.000000e+00
50300 514.875852 16.186337 15.500000 0.964029 -0.265796 0.000000 9.840987e-03 -2.811038e-03 0.000000e+00 0.000000e+00 0.000000e+00 2.236891e-05 0.000000e+00 0.000000e+00
50350 515.370125 16.051263 15.500000 0.963908 -0.266236 0.000000 9.773233e-03 -2.732356e-03 0.000000e+00 0.000000e+00 0.000000e+00 1.640149e-05 0.000000e+00 0.000000e+00
50400 515.854696 15.916719 15.500000 0.964356 -0.264610 0.000000 9.691624e-03 -2.708275e-03 0.000000e+00 0.000000e+00 0.000000e+00 1.898164e-05 0.000000e+00 0.000000e+00
50450 516.342355 15.786847 15.500000 0.964574 -0.263814 0.000000 9.732722e-03 -2.635890e-03 0.000000e+00 0.000000e+00 0.000000e+00 5.049110e-05 0.000000e+00 0.000000e+00
50500 516.827894 15.654972 15.500000 0.964937 -0.262480 0.000000 9.817125e-03 -2.592825e-03 0.000000e+00 0.000000e+00 0.000000e+00 -1.625555e-05 0.000000e+00 0.000000e+00
50550 517.319894 15.524465 15.500000 0.964635 -0.263590 0.000000 9.685535e-03 -2.604678e-03 0.000000e+00 0.000000e+00 0.000000e+00 -3.657097e-05 0.000000e+00 0.000000e+00
50600 517.807511 15.392142 15.500000 0.964592 -0.263746 0.000000 9.992905e-03 -2.777996e-03 0.000000e+00 0.000000e+00 0.000000e+00 2.549878e-05 0.000000e+00 0.000000e+00
50650 518.303629 15.257182 15.500000 0.964439 -0.264305 0.000000 9.762996e-03 -2.555590e-03 0.000000e+00 0.000000e+00 0.000000e+00 -4.636158e-05 0.000000e+00 0.000000e+00
50700 518.791480 15.122915 15.500000 0.964293 -0.264838 0.000000 9.766353e-03 -2.822215e-03 0.000000e+00 0.000000e+00 0.000000e+00 1.208502e-05 0.000000e+00 0.000000e+00
50750 519.282597 14.985127 15.500000 0.964351 -0.264625 0.000000 9.737847e-03 -2.632424e-03 0.000000e+00 0.000000e+00 0.000000e+00 2.184487e-05 0.000000e+00 0.000000e+00
50800 519.766541 14.850768 15.500000 0.964872 -0.262720 0.000000 9.611001e-03 -2.600044e-03 0.000000e+00 0.000000e+00 0.000000e+00 4.465930e-05 0.000000e+00 0.000000e+00
50850 520.252981 14.721563 15.500000 0.965009 -0.262218 0.000000 9.751330e-03 -2.506017e-03 0.000000e+00 0.000000e+00 0.000000e+00 -1.841271e-05 0.000000e+00 0.000000e+00
50900 520.738855 14.589216 15.500000 0.965598 -0.260041 0.000000 9.862848e-03 -2.547256e-03 0.000000e+00 0.000000e+00 0.000000e+00 2.692529e-07 0.000000e+00 0.000000e+00
50950 521.234325 14.458546 15.500000 0.965263 -0.261280 0.000000 9.773794e-03 -2.643778e-03 0.000000e+00 0.000000e+00 0.000000e+00 -2.428413e-05 0.000000e+00 0.000000e+00
51000 521.720482 14.324866 15.500000 0.965000 -0.262251 0.000000 9.859429e-03 -2.898023e-03 0.000000e+00 0.000000e+00 0.000000e+00 2.143783e-05 0.000000e+00 0.000000e+00
51050 522.214744 14.186311 15.500000 0.964985 -0.262305 0.000000 9.799142e-03 -2.692000e-03 0.000000e+00 0.000000e+00 0.000000e+00 -1.179764e-05 0.000000e+00 0.000000e+00
51100 522.701963 14.050818 15.500000 0.964872 -0.262721 0.000000 9.699622e-03 -2.829249e-03 0.000000e+00 0.000000e+00 0.000000e+00 -1.021989e-06 0.000000e+00 0.000000e+00
51150 523.186457 13.913657 15.500000 0.965146 -0.261711 0.000000 9.772146e-03 -2.765939e-03 0.000000e+00 0.000000e+00 0.000000e+00 6.005521e-05 0.000000e+00 0.000000e+00
51200 523.669275 13.781016 15.500000 0.965770 -0.259400 0.000000 9.605134e-03 -2.616990e-03 0.000000e+00 0.000000e+00 0.000000e+00 1.091906e-05 0.000000e+00 0.000000e+00
51250 524.155749 13.650457 15.500000 0.965730 -0.259550 0.000000 9.791259e-03 -2.514681e-03 0.000000e+00 0.000000e+00 0.000000e+00 -5.373664e-05 0.000000e+00 0.000000e+00
51300 524.639503 13.519406 15.500000 0.965964 -0.258676 0.000000 9.644119e-03 -2.637517e-03 0.000000e+00 0.000000e+00 0.000000e+00 3.487022e-05 0.000000e+00 0.000000e+00
51350 525.134940 13.385763 15.500000 0.965982 -0.258610 0.000000 9.856178e-03 -2.647402e-03 0.000000e+00 0.000000e+00 0.000000e+00 1.180663e-06 0.000000e+00 0.000000e+00
51400 525.621026 13.255428 15.500000 0.965671 -0.259767 0.000000 9.675792e-03 -2.727568e-03 0.000000e+00 0.000000e+00 0.000000e+00 2.482156e-05 0.000000e+00 0.000000e+00
51450 526.111366 13.115137 15.500000 0.965921 -0.258838 0.000000 9.815108e-03 -2.666395e-03 0.000000e+00 0.000000e+00 0.000000e+00 -2.804725e-05 0.000000e+00 0.000000e+00
51500 526.597328 12.981090 15.500000 0.966092 -0.258200 0.000000 9.729795e-03 -2.627981e-03 0.000000e+00 0.000000e+00 0.000000e+00 1.223831e-05 0.000000e+00 0.000000e+00
51550 527.080057 12.846793 15.500000 0.966383 -0.257107 0.000000 9.746762e-03 -2.646531e-03 0.000000e+00 0.000000e+00 0.000000e+00 1.462708e-05 0.000000e+00 0.000000e+00
51600 527.563326 12.713315 15.500000 0.967000 -0.254775 0.000000 9.598938e-03 -2.705240e-03 0.000000e+00 0.000000e+00 0.000000e+00 7.027721e-05 0.000000e+00 0.000000e+00
51650 528.048593 12.582379 15.500000 0.966947 -0.254976 0.000000 9.794807e-03 -2.655844e-03 0.000000e+00 0.000000e+00 0.000000e+00 -5.835214e-07 0.000000e+00 0.000000e+00
51700 528.532678 12.450821 15.500000 0.966719 -0.255841 0.000000 9.612395e-03 -2.608677e-03 0.000000e+00 0.000000e+00 0.000000e+00 -6.223502e-06 0.000000e+00 0.000000e+00
51750 529.023011 12.314667 15.500000 0.966752 -0.255717 0.000000 9.940051e-03 -2.759398e-03 0.000000e+00 0.000000e+00 0.000000e+00 -9.166241e-06 0.000000e+00 0.000000e+00
51800 529.511307 12.181251 15.500000 0.966522 -0.256584 0.000000 9.615476e-03 -2.723606e-03 0.000000e+00 0.000000e+00 0.000000e+00 4.619413e-06 0.000000e+00 0.000000e+00
51850 529.995851 12.041997 15.500000 0.966700 -0.255913 0.000000 9.744295e-03 -2.789106e-03 0.000000e+00 0.000000e+00 0.000000e+00 4.931276e-06 0.000000e+00 0.000000e+00
51900 530.479861 11.907407 15.500000 0.967048 -0.254593 0.000000 9.570635e-03 -2.696479e-03 0.000000e+00 0.000000e+00 0.000000e+00 3.669639e-05 0.000000e+00 0.000000e+00
51950 530.958111 11.774958 15.500000 0.967607 -0.252460 0.000000 9.659729e-03 -2.594452e-03 0.000000e+00 0.000000e+00 0.000000e+00 3.659956e-06 0.000000e+00 0.000000e+00
52000 531.442843 11.644499 15.500000 0.967940 -0.251183 0.000000 9.576687e-03 -2.606200e-03 0.000000e+00 0.000000e+00 0.000000e+00 4.941700e-05 0.000000e+00 0.000000e+00
52050 531.928381 11.513736 15.500000 0.968218 -0.250108 0.000000 9.732625e-03 -2.647788e-03 0.000000e+00 0.000000e+00 0.000000e+00 1.072256e-05 0.000000e+00 0.000000e+00
52100 532.416909 11.382314 15.500000 0.967958 -0.251111 0.000000 9.593636e-03 -2.640115e-03 0.000000e+00 0.000000e+00 0.000000e+00 -1.969356e-05 0.000000e+00 0.000000e+00
52150 532.901363 11.246201 15.500000 0.968071 -0.250677 0.000000 9.731695e-03 -2.799535e-03 0.000000e+00 0.000000e+00 0.000000e+00 1.206410e-05 0.000000e+00 0.000000e+00
52200 533.389723 11.109832 15.500000 0.967973 -0.251054 0.000000 9.676279e-03 -2.723939e-03 0.000000e+00 0.000000e+00 0.000000e+00 2.775923e-05 0.000000e+00 0.000000e+00
52250 533.869741 10.974440 15.500000 0.968332 -0.249665 0.000000 9.567109e-03 -2.677121e-03 0.000000e+00 0.000000e+00 0.000000e+00 3.897630e-05 0.000000e+00 0.000000e+00
52300 534.351872 10.842579 15.500000 0.968806 -0.247819 0.000000 9.546897e-03 -2.509087e-03 0.000000e+00 0.000000e+00 0.000000e+00 3.021434e-05 0.000000e+00 0.000000e+00
52350 534.830082 10.711239 15.500000 0.969383 -0.245555 0.000000 9.638772e-03 -2.631099e-03 0.000000e+00 0.000000e+00 0.000000e+00 2.729211e-05 0.000000e+00 0.000000e+00
52400 535.314187 10.581536 15.500000 0.969397 -0.245498 0.000000 9.629939e-03 -2.597205e-03 0.000000e+00 0.000000e+00 0.000000e+00 2.502182e-05 0.000000e+00 0.000000e+00
52450 535.794903 10.452553 15.500000 0.969701 -0.244293 0.000000 9.950529e-03 -2.627681e-03 0.000000e+00 0.000000e+00 0.000000e+00 -2.136329e-05 0.000000e+00 0.000000e+00
52500 536.284630 10.320070 15.500000 0.969733 -0.244167 0.000000 9.665909e-03 -2.511597e-03 0.000000e+00 0.000000e+00 0.000000e+00 -4.233265e-05 0.000000e+00 0.000000e+00
52550 536.765241 10.188921 15.500000 0.969806 -0.243876 0.000000 9.653090e-03 -2.789885e-03 0.000000e+00 0.000000e+00 0.000000e+00 3.818594e-05 0.000000e+00 0.000000e+00
52600 537.251173 10.052900 15.500000 0.969965 -0.243243 0.000000 9.697010e-03 -2.641705e-03 0.000000e+00 0.000000e+00 0.000000e+00 -4.200214e-06 0.000000e+00 0.000000e+00
52650 537.729161 9.919004 15.500000 0.970579 -0.240784 0.000000 9.473669e-03 -2.724861e-03 0.000000e+00 0.000000e+00 0.000000e+00 4.549492e-05 0.000000e+00 0.000000e+00
52700 538.206796 9.789745 15.500000 0.970903 -0.239475 0.000000 9.562379e-03 -2.598151e-03 0.000000e+00 0.000000e+00 0.000000e+00 3.337390e-05 0.000000e+00 0.000000e+00
52750 538.683016 9.659035 15.500000 0.971634 -0.236491 0.000000 9.477389e-03 -2.542718e-03 0.000000e+00 0.000000e+00 0.000000e+00 1.965741e-05 0.000000e+00 0.000000e+00
52800 539.166470 9.531061 15.500000 0.971554 -0.236820 0.000000 9.727304e-03 -2.591124e-03 0.000000e+00 0.000000e+00 0.000000e+00 -8.122406e-06 0.000000e+00 0.000000e+00
52850 539.642166 9.404308 15.500000 0.971549 -0.236838 0.000000 9.469524e-03 -2.507998e-03 0.000000e+00 0.000000e+00 0.000000e+00 -1.014624e-06 0.000000e+00 0.000000e+00
52900 540.129429 9.269917 15.500000 0.971809 -0.235771 0.000000 9.744600e-03 -2.625359e-03 0.000000e+00 0.000000e+00 0.000000e+00 1.803488e-05 0.000000e+00 0.000000e+00
52950 540.608612 9.140720 15.500000 0.971900 -0.235394 0.000000 9.578839e-03 -2.619465e-03 0.000000e+00 0.000000e+00 0.000000e+00 2.041206e-05 0.000000e+00 0.000000e+00
53000 541.087775 9.005889 15.500000 0.972283 -0.233809 0.000000 9.570555e-03 -2.604924e-03 0.000000e+00 0.000000e+00 0.000000e+00 5.326527e-05 0.000000e+00 0.000000e+00
53050 541.562784 8.877063 15.500000 0.973015 -0.230741 0.000000 9.403469e-03 -2.527130e-03 0.000000e+00 0.000000e+00 0.000000e+00 8.244705e-05 0.000000e+00 0.000000e+00
53100 542.035633 8.750816 15.500000 0.973622 -0.228165 0.000000 9.643334e-03 -2.494099e-03 0.000000e+00 0.000000e+00 0.000000e+00 2.104794e-05 0.000000e+00 0.000000e+00
53150 542.512845 8.626647 15.500000 0.974262 -0.225418 0.000000 9.460493e-03 -2.456738e-03 0.000000e+00 0.000000e+00 0.000000e+00 6.560588e-05 0.000000e+00 0.000000e+00
53200 542.992507 8.502134 15.500000 0.974686 -0.223579 0.000000 9.719415e-03 -2.509555e-03 0.000000e+00 0.000000e+00 0.000000e+00 1.496669e-05 0.000000e+00 0.000000e+00
53250 543.472150 8.379010 15.500000 0.974796 -0.223100 0.000000 9.474138e-03 -2.482995e-03 0.000000e+00 0.000000e+00 0.000000e+00 3.527507e-05 0.000000e+00 0.000000e+00
53300 543.949718 8.249947 15.500000 0.975224 -0.221219 0.000000 9.650152e-03 -2.658717e-03 0.000000e+00 0.000000e+00 0.000000e+00 5.691236e-05 0.000000e+00 0.000000e+00
53350 544.429962 8.122296 15.500000 0.975503 -0.219988 0.000000 9.511579e-03 -2.610693e-03 0.000000e+00 0.000000e+00 0.000000e+00 5.209045e-05 0.000000e+00 0.000000e+00
53400 544.901513 7.993714 15.500000 0.976057 -0.217515 0.000000 9.505111e-03 -2.637085e-03 0.000000e+00 0.000000e+00 0.000000e+00 4.528356e-05 0.000000e+00 0.000000e+00
53450 545.374289 7.869437 15.500000 0.976816 -0.214080 0.000000 9.350989e-03 -2.446686e-03 0.000000e+00 0.000000e+00 0.000000e+00 1.016870e-04 0.000000e+00 0.000000e+00
53500 545.843210 7.748198 15.500000 0.977742 -0.209809 0.000000 9.393277e-03 -2.465965e-03 0.000000e+00 0.000000e+00 0.000000e+00 6.520051e-05 0.000000e+00 0.000000e+00
53550 546.317393 7.629983 15.500000 0.978218 -0.207580 0.000000 9.448652e-03 -2.414571e-03 0.000000e+00 0.000000e+00 0.000000e+00 8.847451e-05 0.000000e+00 0.000000e+00
53600 546.788375 7.513101 15.500000 0.979075 -0.203501 0.000000 9.730808e-03 -2.406667e-03 0.000000e+00 0.000000e+00 0.000000e+00 4.097616e-05 0.000000e+00 0.000000e+00
53650 547.268939 7.395003 15.500000 0.979453 -0.201674 0.000000 9.450005e-03 -2.215758e-03 0.000000e+00 0.000000e+00 0.000000e+00 1.789720e-05 0.000000e+00 0.000000e+00
53700 547.739452 7.277685 15.500000 0.979938 -0.199303 0.000000 9.521855e-03 -2.552268e-03 0.000000e+00 0.000000e+00 0.000000e+00 1.257747e-04 0.000000e+00 0.000000e+00
53750 548.215690 7.154949 15.500000 0.980614 -0.195949 0.000000 9.521477e-03 -2.343960e-03 0.000000e+00 0.000000e+00 0.000000e+00 5.565529e-05 0.000000e+00 0.000000e+00
53800 548.685756 7.035425 15.500000 0.981302 -0.192474 0.000000 9.296606e-03 -2.292379e-03 0.000000e+00 0.000000e+00 0.000000e+00 1.016590e-04 0.000000e+00 0.000000e+00
53850 549.153521 6.917237 15.500000 0.982280 -0.187421 0.000000 9.422495e-03 -2.307620e-03 0.000000e+00 0.000000e+00 0.000000e+00 1.155545e-04 0.000000e+00 0.000000e+00
53900 549.619007 6.804256 15.500000 0.983491 -0.180957 0.000000 9.237203e-03 -2.172823e-03 0.000000e+00 0.000000e+00 0.000000e+00 1.250612e-04 0.000000e+00 0.000000e+00
53950 550.085684 6.696347 15.500000 0.984292 -0.176550 0.000000 9.477845e-03 -2.032232e-03 0.000000e+00 0.000000e+00 0.000000e+00 5.746788e-05 0.000000e+00 0.000000e+00
54000 550.552523 6.592716 15.500000 0.985306 -0.170800 0.000000 9.197082e-03 -2.112899e-03 0.000000e+00 0.000000e+00 0.000000e+00 1.508112e-04 0.000000e+00 0.000000e+00
54050 551.024011 6.487111 15.500000 0.986205 -0.165531 0.000000 9.538961e-03 -2.058076e-03 0.000000e+00 0.000000e+00 0.000000e+00 7.875161e-05 7.370208e-07 0.000000e+00
54100 551.492727 6.387017 15.500000 0.986950 -0.161028 0.000000 9.270303e-03 -2.009676e-03 0.000000e+00 0.000000e+00 0.000000e+00 9.664519e-05 7.737824e-05 0.000000e+00
54150 551.959990 6.280996 15.500000 0.987897 -0.155113 0.000000 9.396699e-03 -2.155247e-03 0.000000e+00 0.000000e+00 0.000000e+00 1.355570e-04 2.954553e-04 0.000000e+00
54200 552.429213 6.177602 15.500000 0.988848 -0.148931 0.000000 9.250051e-03 -1.996529e-03 0.000000e+00 0.000000e+00 0.000000e+00 1.086634e-04 6.450144e-04 0.000000e+00
54250 552.892076 6.074873 15.500000 0.989838 -0.142203 0.000000 9.352858e-03 -2.136379e-03 0.000000e+00 0.000000e+00 0.000000e+00 1.638248e-04 1.124193e-03 0.000000e+00
54300 553.357441 5.972637 15.500000 0.991020 -0.133715 0.000000 9.199481e-03 -2.022665e-03 0.000000e+00 0.000000e+00 0.000000e+00 1.888920e-04 1.734049e-03 0.000000e+00
54350 553.815300 5.877772 15.500000 0.992282 -0.123998 0.000000 9.135501e-03 -1.678450e-03 0.000000e+00 0.000000e+00 0.000000e+00 1.880300e-04 2.419542e-03 0.000000e+00
54400 554.276917 5.794749 15.500000 0.993390 -0.114791 0.000000 9.138263e-03 -1.714086e-03 0.000000e+00 0.000000e+00 0.000000e+00 2.304734e-04 3.109953e-03 0.000000e+00
54450 554.733087 5.711774 15.500000 0.994621 -0.103578 0.000000 9.210936e-03 -1.364952e-03 0.000000e+00 0.000000e+00 0.000000e+00 1.372628e-04 3.890240e-03 0.000000e+00
54500 555.196546 5.641770 15.500000 0.995498 -0.094779 0.000000 9.273799e-03 -1.418320e-03 0.000000e+00 0.000000e+00 0.000000e+00 1.862361e-04 4.612655e-03 0.000000e+00
54550 555.652330 5.571456 15.500000 0.996631 -0.082016 0.000000 9.060954e-03 -1.517479e-03 0.000000e+00 0.000000e+00 0.000000e+00 3.062364e-04 5.399631e-03 0.000000e+00
54600 556.120413 5.506118 15.500000 0.997490 -0.070803 0.000000 9.452111e-03 -1.169093e-03 0.000000e+00 0.000000e+00 0.000000e+00 2.230644e-04 6.191949e-03 0.000000e+00
54650 556.577818 5.449687 15.500000 0.998263 -0.058916 0.000000 9.103658e-03 -1.197791e-03 0.000000e+00 0.000000e+00 0.000000e+00 2.452299e-04 6.915549e-03 0.000000e+00
54700 557.043812 5.385983 15.500000 0.998987 -0.045003 0.000000 9.394088e-03 -1.262326e-03 0.000000e+00 0.000000e+00 0.000000e+00 3.129981e-04 7.779989e-03 0.000000e+00
54750 557.505580 5.334627 15.500000 0.999501 -0.031576 0.000000 9.123685e-03 -9.684225e-04 0.000000e+00 0.000000e+00 0.000000e+00 2.535150e-04 8.518978e-03 0.000000e+00
54800 557.965819 5.279565 15.500000 0.999874 -0.015880 0.000000 9.252396e-03 -1.048888e-03 0.000000e+00 0.000000e+00 0.000000e+00 3.474236e-04 9.342477e-03 0.000000e+00
54850 558.429078 5.231214 15.500000 1.000000 0.000709 0.000000 9.234341e-03 -4.962702e-04 0.000000e+00 0.000000e+00 0.000000e+00 2.649461e-04 1.010687e-02 0.000000e+00
54900 558.888750 5.187223 15.500000 0.999850 0.017314 0.000000 9.223584e-03 -6.077601e-04 0.000000e+00 0.000000e+00 0.000000e+00 3.849154e-04 1.081831e-02 0.000000e+00
54950 559.352717 5.148951 15.500000 0.999380 0.035204 0.000000 9.181518e-03 4.160199e-04 0.000000e+00 0.000000e+00 0.000000e+00 3.050765e-04 1.147596e-02 0.000000e+00
55000 559.813038 5.139901 15.500000 0.998715 0.050679 0.000000 9.162357e-03 2.381979e-03 0.000000e+00 0.000000e+00 0.000000e+00 3.002928e-04 1.166382e-02 0.000000e+00
55050 560.276283 5.264400 15.500000 0.998248 0.059170 0.000000 9.006473e-03 1.274754e-02 0.000000e+00 0.000000e+00 0.000000e+00 -4.670617e-04 9.791531e-03 0.000000e+00
55100 560.749898 5.819640 15.500000 0.998211 0.059782 0.000000 9.352978e-03 9.173271e-03 0.000000e+00 0.000000e+00 0.000000e+00 4.138495e-05 2.987378e-03 0.000000e+00
55150 561.230495 5.967004 15.500000 0.997806 0.066208 0.000000 9.600228e-03 -3.589026e-04 0.000000e+00 0.000000e+00 0.000000e+00 2.045686e-04 1.782554e-03 0.000000e+00
55200 561.707240 5.978387 15.500000 0.997300 0.073433 0.000000 9.476761e-03 -8.156235e-04 0.000000e+00 0.000000e+00 0.000000e+00 1.342217e-04 1.704188e-03 0.000000e+00
55250 562.187076 5.970144 15.500000 0.996791 0.080042 0.000000 9.657548e-03 -8.606795e-04 0.000000e+00 0.000000e+00 0.000000e+00 1.690793e-04 1.758263e-03 0.000000e+00
55300 562.665117 5.961907 15.500000 0.996192 0.087188 0.000000 9.589215e-03 -8.433535e-04 0.000000e+00 0.000000e+00 0.000000e+00 1.436798e-04 1.813562e-03 0.000000e+00
55350 563.147787 5.958418 15.500000 0.995576 0.093955 0.000000 9.653829e-03 -4.552311e-04 0.000000e+00 0.000000e+00 0.000000e+00 1.605202e-04 1.839831e-03 0.000000e+00
55400 563.629615 5.953380 15.500000 0.994827 0.101585 0.000000 9.670431e-03 -5.958228e-04 0.000000e+00 0.000000e+00 0.000000e+00 1.670869e-04 1.873286e-03 0.000000e+00
55450 564.114308 5.956530 15.500000 0.994106 0.108409 0.000000 9.718953e-03 -2.513671e-04 0.000000e+00 0.000000e+00 0.000000e+00 1.658313e-04 1.854084e-03 0.000000e+00
55500 564.598257 5.956162 15.500000 0.993268 0.115839 0.000000 9.629317e-03 -4.654878e-04 0.000000e+00 0.000000e+00 0.000000e+00 1.620846e-04 1.855133e-03 0.000000e+00
55550 565.083805 5.965108 15.500000 0.992474 0.122455 0.000000 9.805203e-03 -6.975761e-05 0.000000e+00 0.000000e+00 0.000000e+00 1.294146e-04 1.797209e-03 0.000000e+00
55600 565.567870 5.969133 15.500000 0.991601 0.129334 0.000000 9.650195e-03 -3.763149e-04 0.000000e+00 0.000000e+00 0.000000e+00 1.567139e-04 1.768216e-03 0.000000e+00
55650 566.052334 5.982061 15.500000 0.990821 0.135179 0.000000 9.856830e-03 -9.809112e-05 0.000000e+00 0.000000e+00 0.000000e+00 1.305981e-04 1.684897e-03 0.000000e+00
55700 566.536639 5.990497 15.500000 0.989922 0.141612 0.000000 9.621089e-03 -3.470839e-04 0.000000e+00 0.000000e+00 0.000000e+00 1.419123e-04 1.628852e-03 0.000000e+00
55750 567.021140 6.009635 15.500000 0.989094 0.147289 0.000000 9.798588e-03 4.322568e-05 0.000000e+00 0.000000e+00 0.000000e+00 1.326589e-04 1.511110e-03 0.000000e+00
55800 567.506927 6.024831 15.500000 0.988143 0.153536 0.000000 9.650185e-03 -2.594289e-04 0.000000e+00 0.000000e+00 0.000000e+00 1.519604e-04 1.417106e-03 0.000000e+00
55850 567.991943 6.048573 15.500000 0.987296 0.158889 0.000000 9.779079e-03 2.076166e-04 0.000000e+00 0.000000e+00 0.000000e+00 9.305167e-05 1.281603e-03 0.000000e+00
55900 568.480445 6.069383 15.500000 0.986405 0.164334 0.000000 9.725220e-03 1.068713e-04 0.000000e+00 0.000000e+00 0.000000e+00 9.053170e-05 1.165677e-03 0.000000e+00
55950 568.966225 6.097006 15.500000 0.985556 0.169349 0.000000 9.844364e-03 3.147381e-04 0.000000e+00 0.000000e+00 0.000000e+00 1.312824e-04 1.022009e-03 0.000000e+00
56000 569.455946 6.123763 15.500000 0.984681 0.174366 0.000000 9.703634e-03 3.525317e-04 0.000000e+00 0.000000e+00 0.000000e+00 9.093429e-05 8.910813e-04 0.000000e+00
56050 569.941592 6.154455 15.500000 0.983988 0.178235 0.000000 9.849889e-03 4.667841e-04 0.000000e+00 0.000000e+00 0.000000e+00 1.130163e-04 7.522505e-04 0.000000e+00
56100 570.431098 6.186417 15.500000 0.983156 0.182768 0.000000 9.694581e-03 6.599670e-04 0.000000e+00 0.000000e+00 0.000000e+00 5.739762e-05 6.204547e-04 0.000000e+00
56150 570.918156 6.222153 15.500000 0.982405 0.186762 0.000000 9.755432e-03 6.432375e-04 0.000000e+00 0.000000e+00 0.000000e+00 1.128115e-04 4.873051e-04 0.000000e+00
56200 571.410132 6.260174 15.500000 0.981544 0.191238 0.000000 9.807041e-03 8.725857e-04 0.000000e+00 0.000000e+00 0.000000e+00 5.166858e-05 3.640211e-04 0.000000e+00
56250 571.899272 6.301354 15.500000 0.980714 0.195449 0.000000 9.831114e-03 8.181288e-04 0.000000e+00 0.000000e+00 0.000000e+00 8.010173e-05 2.499828e-04 0.000000e+00
56300 572.394281 6.345009 15.500000 0.979779 0.200081 0.000000 9.858509e-03 8.896777e-04 0.000000e+00 0.000000e+00 0.000000e+00 6.554224e-05 1.526729e-04 0.000000e+00
56350 572.886676 6.390942 15.500000 0.979020 0.203766 0.000000 1.000154e-02 9.582645e-04 0.000000e+00 0.000000e+00 0.000000e+00 9.597948e-05 7.604967e-05 0.000000e+00
56400 573.383688 6.441150 15.500000 0.977929 0.208936 0.000000 9.743023e-03 1.012307e-03 0.000000e+00 0.000000e+00 0.000000e+00 1.193648e-04 2.251591e-05 0.000000e+00
56450 573.878893 6.493592 15.500000 0.977155 0.212529 0.000000 1.006024e-02 1.049597e-03 0.000000e+00 0.000000e+00 0.000000e+00 1.373101e-04 3.494306e-07 0.000000e+00
56500 574.379511 6.551058 15.500000 0.976095 0.217344 0.000000 9.726981e-03 1.272128e-03 0.000000e+00 0.000000e+00 0.000000e+00 1.169909e-04 0.000000e+00 0.000000e+00
56550 574.875696 6.612823 15.500000 0.975155 0.221522 0.000000 1.014615e-02 1.328733e-03 0.000000e+00 0.000000e+00 0.000000e+00 5.832735e-05 0.000000e+00 0.000000e+00
56600 575.378796 6.675764 15.500000 0.974144 0.225928 0.000000 1.003850e-02 1.218787e-03 0.000000e+00 0.000000e+00 0.000000e+00 1.160699e-04 0.000000e+00 0.000000e+00
56650 575.874073 6.744381 15.500000 0.973466 0.228830 0.000000 9.920922e-03 1.499543e-03 0.000000e+00 0.000000e+00 0.000000e+00 2.956908e-05 0.000000e+00 0.000000e+00
56700 576.374949 6.814207 15.500000 0.972590 0.232526 0.000000 9.969239e-03 1.404876e-03 0.000000e+00 0.000000e+00 0.000000e+00 1.179839e-04 0.000000e+00 0.000000e+00
56750 576.870260 6.888676 15.500000 0.971824 0.235707 0.000000 9.928331e-03 1.620244e-03 0.000000e+00 0.000000e+00 0.000000e+00 3.387158e-05 0.000000e+00 0.000000e+00
56800 577.370923 6.962858 15.500000 0.971118 0.238601 0.000000 9.887605e-03 1.571419e-03 0.000000e+00 0.000000e+00 0.000000e+00 2.563642e-05 0.000000e+00 0.000000e+00
56850 577.861565 7.040211 15.500000 0.970895 0.239506 0.000000 9.839969e-03 1.697330e-03 0.000000e+00 0.000000e+00 0.000000e+00 1.205469e-05 0.000000e+00 0.000000e+00
56900 578.356547 7.114689 15.500000 0.970599 0.240704 0.000000 9.751612e-03 1.499361e-03 0.000000e+00 0.000000e+00 0.000000e+00 2.169420e-05 0.000000e+00 0.000000e+00
56950 578.845798 7.192547 15.500000 0.970597 0.240711 0.000000 9.816815e-03 1.586248e-03 0.000000e+00 0.000000e+00 0.000000e+00 3.512645e-05 0.000000e+00 0.000000e+00
57000 579.340464 7.268449 15.500000 0.970226 0.242202 0.000000 9.896752e-03 1.709285e-03 0.000000e+00 0.000000e+00 0.000000e+00 -1.475844e-05 0.000000e+00 0.000000e+00
57050 579.832943 7.350029 15.500000 0.970017 0.243036 0.000000 9.935911e-03 1.584575e-03 0.000000e+00 0.000000e+00 0.000000e+00 5.891063e-05 0.000000e+00 0.000000e+00
57100 580.331962 7.431874 15.500000 0.969350 0.245685 0.000000 9.858177e-03 1.682470e-03 0.000000e+00 0.000000e+00 0.000000e+00 3.506240e-05 0.000000e+00 0.000000e+00
57150 580.827632 7.515662 15.500000 0.969028 0.246949 0.000000 1.016571e-02 1.586303e-03 0.000000e+00 0.000000e+00 0.000000e+00 3.860253e-05 0.000000e+00 0.000000e+00
57200 581.331694 7.603515 15.500000 0.968328 0.249683 0.000000 1.000669e-02 1.731963e-03 0.000000e+00 0.000000e+00 0.000000e+00 7.921639e-05 0.000000e+00 0.000000e+00
57250 581.828547 7.696718 15.500000 0.967798 0.251727 0.000000 1.013779e-02 1.975679e-03 0.000000e+00 0.000000e+00 0.000000e+00 1.957075e-05 0.000000e+00 0.000000e+00
57300 582.331432 7.791100 15.500000 0.967302 0.253629 0.000000 9.985764e-03 1.808739e-03 0.000000e+00 0.000000e+00 0.000000e+00 3.675124e-05 0.000000e+00 0.000000e+00
57350 582.827501 7.886934 15.500000 0.966822 0.255450 0.000000 9.951138e-03 1.996814e-03 0.000000e+00 0.000000e+00 0.000000e+00 1.186080e-05 0.000000e+00 0.000000e+00
57400 583.327722 7.984103 15.500000 0.966511 0.256625 0.000000 9.899144e-03 1.796045e-03 0.000000e+00 0.000000e+00 0.000000e+00 -9.663628e-07 0.000000e+00 0.000000e+00
57450 583.819174 8.082695 15.500000 0.966645 0.256120 0.000000 9.756149e-03 1.823696e-03 0.000000e+00 0.000000e+00 0.000000e+00 1.005418e-05 0.000000e+00 0.000000e+00
57500 584.313893 8.176961 15.500000 0.966584 0.256349 0.000000 9.848173e-03 1.778073e-03 0.000000e+00 0.000000e+00 0.000000e+00 -1.091134e-05 0.000000e+00 0.000000e+00
57550 584.805250 8.274555 15.500000 0.966753 0.255711 0.000000 9.915877e-03 1.910680e-03 0.000000e+00 0.000000e+00 0.000000e+00 -6.302661e-06 0.000000e+00 0.000000e+00
57600 585.302275 8.370372 15.500000 0.966414 0.256991 0.000000 9.921171e-03 1.988226e-03 0.000000e+00 0.000000e+00 0.000000e+00 -4.489970e-06 0.000000e+00 0.000000e+00
57650 585.797197 8.469328 15.500000 0.966483 0.256730 0.000000 1.017201e-02 1.926580e-03 0.000000e+00 0.000000e+00 0.000000e+00 2.436935e-05 0.000000e+00 0.000000e+00
57700 586.301337 8.569433 15.500000 0.965924 0.258824 0.000000 9.902019e-03 2.067827e-03 0.000000e+00 0.000000e+00 0.000000e+00 5.028240e-05 0.000000e+00 0.000000e+00
57750 586.797098 8.675028 15.500000 0.965507 0.260378 0.000000 1.014841e-02 2.251838e-03 0.000000e+00 0.000000e+00 0.000000e+00 -4.460567e-06 0.000000e+00 0.000000e+00
57800 587.300451 8.782442 15.500000 0.965175 0.261605 0.000000 9.959238e-03 2.258282e-03 0.000000e+00 0.000000e+00 0.000000e+00 -1.433278e-05 0.000000e+00 0.000000e+00
57850 587.796298 8.890229 15.500000 0.964808 0.262955 0.000000 9.942320e-03 2.329269e-03 0.000000e+00 0.000000e+00 0.000000e+00 1.790507e-05 0.000000e+00 0.000000e+00
57900 588.295396 8.999989 15.500000 0.964685 0.263405 0.000000 9.867984e-03 2.231637e-03 0.000000e+00 0.000000e+00 0.000000e+00 -4.426547e-06 0.000000e+00 0.000000e+00
57950 588.786882 9.110110 15.500000 0.964936 0.262486 0.000000 9.758143e-03 2.250319e-03 0.000000e+00 0.000000e+00 0.000000e+00 1.488336e-06 0.000000e+00 0.000000e+00
58000 589.279934 9.214906 15.500000 0.964947 0.262444 0.000000 9.798715e-03 2.198040e-03 0.000000e+00 0.000000e+00 0.000000e+00 -2.717931e-05 0.000000e+00 0.000000e+00
58050 589.771100 9.323680 15.500000 0.965220 0.261439 0.000000 9.914960e-03 2.109923e-03 0.000000e+00 0.000000e+00 0.000000e+00 2.920529e-05 0.000000e+00 0.000000e+00
58100 590.269822 9.430286 15.500000 0.964826 0.262891 0.000000 9.876405e-03 2.226511e-03 0.000000e+00 0.000000e+00 0.000000e+00 1.688182e-05 0.000000e+00 0.000000e+00
58150 590.762825 9.540209 15.500000 0.964747 0.263181 0.000000 1.022061e-02 2.198286e-03 0.000000e+00 0.000000e+00 0.000000e+00 -2.380552e-06 0.000000e+00 0.000000e+00
58200 591.267330 9.651313 15.500000 0.964449 0.264268 0.000000 9.949542e-03 2.112993e-03 0.000000e+00 0.000000e+00 0.000000e+00 6.310654e-05 0.000000e+00 0.000000e+00
58250 591.762346 9.763547 15.500000 0.964204 0.265162 0.000000 9.994176e-03 2.372566e-03 0.000000e+00 0.000000e+00 0.000000e+00 -1.780586e-05 0.000000e+00 0.000000e+00
58300 592.263439 9.881845 15.500000 0.963920 0.266191 0.000000 1.005830e-02 2.265167e-03 0.000000e+00 0.000000e+00 0.000000e+00 5.634948e-05 0.000000e+00 0.000000e+00
58350 592.757419 9.997735 15.500000 0.963976 0.265989 0.000000 9.811179e-03 2.254495e-03 0.000000e+00 0.000000e+00 0.000000e+00 -2.216550e-05 0.000000e+00 0.000000e+00
58400 593.251471 10.112359 15.500000 0.964208 0.265148 0.000000 9.885168e-03 2.132895e-03 0.000000e+00 0.000000e+00 0.000000e+00 -1.191658e-05 0.000000e+00 0.000000e+00
58450 593.741645 10.226211 15.500000 0.964687 0.263400 0.000000 9.807835e-03 2.135371e-03 0.000000e+00 0.000000e+00 0.000000e+00 -4.047608e-06 0.000000e+00 0.000000e+00
58500 594.236224 10.337033 15.500000 0.964518 0.264017 0.000000 9.848207e-03 2.238192e-03 0.000000e+00 0.000000e+00 0.000000e+00 -1.414833e-05 0.000000e+00 0.000000e+00
58550 594.728825 10.451605 15.500000 0.964842 0.262829 0.000000 1.004426e-02 2.272016e-03 0.000000e+00 0.000000e+00 0.000000e+00 -1.392234e-05 0.000000e+00 0.000000e+00
58600 595.232948 10.565960 15.500000 0.964440 0.264300 0.000000 9.974139e-03 2.281742e-03 0.000000e+00 0.000000e+00 0.000000e+00 3.175619e-05 0.000000e+00 0.000000e+00
58650 595.726949 10.684202 15.500000 0.964036 0.265771 0.000000 1.002372e-02 2.591944e-03 0.000000e+00 0.000000e+00 0.000000e+00 -2.253249e-05 0.000000e+00 0.000000e+00
58700 596.228885 10.806175 15.500000 0.963903 0.266253 0.000000 9.999600e-03 2.416549e-03 0.000000e+00 0.000000e+00 0.000000e+00 3.514404e-05 0.000000e+00 0.000000e+00
58750 596.723188 10.926014 15.500000 0.963650 0.267168 0.000000 9.824272e-03 2.517623e-03 0.000000e+00 0.000000e+00 0.000000e+00 7.150882e-06 0.000000e+00 0.000000e+00
58800 597.217241 11.048257 15.500000 0.963815 0.266571 0.000000 9.894641e-03 2.419224e-03 0.000000e+00 0.000000e+00 0.000000e+00 -3.479693e-05 0.000000e+00 0.000000e+00
58850 597.706758 11.166541 15.500000 0.964306 0.264792 0.000000 9.731310e-03 2.457496e-03 0.000000e+00 0.000000e+00 0.000000e+00 -3.407605e-05 0.000000e+00 0.000000e+00
58900 598.199160 11.281969 15.500000 0.964323 0.264729 0.000000 9.844482e-03 2.305352e-03 0.000000e+00 0.000000e+00 0.000000e+00 -1.106128e-06 0.000000e+00 0.000000e+00
58950 598.690829 11.400555 15.500000 0.964793 0.263009 0.000000 9.819404e-03 2.393464e-03 0.000000e+00 0.000000e+00 0.000000e+00 -1.641810e-05 0.000000e+00 0.000000e+00
59000 599.192529 11.517338 15.500000 0.964420 0.264374 0.000000 1.000720e-02 2.322906e-03 0.000000e+00 0.000000e+00 0.000000e+00 5.189419e-05 0.000000e+00 0.000000e+00
59050 599.684541 11.637885 15.500000 0.964007 0.265877 0.000000 1.000226e-02 2.541546e-03 0.000000e+00 0.000000e+00 0.000000e+00 5.811702e-06 0.000000e+00 0.000000e+00
59100 600.186920 11.763660 15.500000 0.963935 0.266137 0.000000 9.934224e-03 2.383720e-03 0.000000e+00 0.000000e+00 0.000000e+00 3.578224e-05 0.000000e+00 0.000000e+00
59150 600.681156 11.886563 15.500000 0.963643 0.267193 0.000000 9.895771e-03 2.461923e-03 0.000000e+00 0.000000e+00 0.000000e+00 9.619128e-06 0.000000e+00 0.000000e+00
59200 601.176136 12.013074 15.500000 0.963715 0.266932 0.000000 9.979128e-03 2.336279e-03 0.000000e+00 0.000000e+00 0.000000e+00 -2.126428e-05 0.000000e+00 0.000000e+00
59250 601.665922 12.134935 15.500000 0.964219 0.265107 0.000000 9.793577e-03 2.378570e-03 0.000000e+00 0.000000e+00 0.000000e+00 -4.889269e-05 0.000000e+00 0.000000e+00
59300 602.156848 12.254175 15.500000 0.964393 0.264474 0.000000 9.957460e-03 2.322500e-03 0.000000e+00 0.000000e+00 0.000000e+00 -1.388324e-06 0.000000e+00 0.000000e+00
59350 602.648269 12.375829 15.500000 0.964880 0.262692 0.000000 9.769493e-03 2.444422e-03 0.000000e+00 0.000000e+00 0.000000e+00 -6.527724e-05 0.000000e+00 0.000000e+00
59400 603.148016 12.495294 15.500000 0.964612 0.263672 0.000000 1.011030e-02 2.421235e-03 0.000000e+00 0.000000e+00 0.000000e+00 2.628970e-05 0.000000e+00 0.000000e+00
59450 603.639659 12.617814 15.500000 0.964213 0.265128 0.000000 9.790349e-03 2.429037e-03 0.000000e+00 0.000000e+00 0.000000e+00 5.136742e-05 0.000000e+00 0.000000e+00
59500 604.141213 12.746182 15.500000 0.964147 0.265368 0.000000 1.002595e-02 2.500571e-03 0.000000e+00 0.000000e+00 0.000000e+00 8.658702e-06 0.000000e+00 0.000000e+00
59550 604.635277 12.871067 15.500000 0.963852 0.266439 0.000000 9.845784e-03 2.635922e-03 0.000000e+00 0.000000e+00 0.000000e+00 1.541712e-06 0.000000e+00 0.000000e+00
59600 605.129694 13.000376 15.500000 0.963890 0.266301 0.000000 9.803454e-03 2.540258e-03 0.000000e+00 0.000000e+00 0.000000e+00 -2.395527e-05 0.000000e+00 0.000000e+00
59650 605.619574 13.124801 15.500000 0.964336 0.264680 0.000000 9.740769e-03 2.662207e-03 0.000000e+00 0.000000e+00 0.000000e+00 -7.356595e-05 0.000000e+00 0.000000e+00
59700 606.109172 13.246910 15.500000 0.964574 0.263811 0.000000 9.866865e-03 2.365350e-03 0.000000e+00 0.000000e+00 0.000000e+00 -9.734315e-06 0.000000e+00 0.000000e+00
59750 606.600562 13.369719 15.500000 0.964985 0.262304 0.000000 9.777575e-03 2.518866e-03 0.000000e+00 0.000000e+00 0.000000e+00 -3.028860e-05 0.000000e+00 0.000000e+00
59800 607.097899 13.492053 15.500000 0.964831 0.262872 0.000000 1.003281e-02 2.408561e-03 0.000000e+00 0.000000e+00 0.000000e+00 3.176903e-05 0.000000e+00 0.000000e+00
59850 607.590632 13.616386 15.500000 0.964443 0.264291 0.000000 9.779862e-03 2.443741e-03 0.000000e+00 0.000000e+00 0.000000e+00 3.419763e-05 0.000000e+00 0.000000e+00
59900 608.089624 13.746755 15.500000 0.964355 0.264613 0.000000 1.007125e-02 2.581627e-03 0.000000e+00 0.000000e+00 0.000000e+00 2.086766e-05 0.000000e+00 0.000000e+00
59950 608.584167 13.873670 15.500000 0.964058 0.265690 0.000000 9.830831e-03 2.521823e-03 0.000000e+00 0.000000e+00 0.000000e+00 -3.791300e-06 0.000000e+00 0.000000e+00
60000 609.076584 14.005277 15.500000 0.964099 0.265543 0.000000 9.876323e-03 2.502597e-03 0.000000e+00 0.000000e+00 0.000000e+00 -1.760537e-05 0.000000e+00 0.000000e+00
