# t X Y Z ex ey ez Ux Uy Uz Wx Wy Wz Fwall_y Fwall_z
50 31.819785 11.684048 9.500000 0.866039 0.499976 0.000000 7.449936e-03 4.259273e-03 0.000000e+00 0.000000e+00 0.000000e+00 2.799170e-06 0.000000e+00 0.000000e+00
100 32.202818 11.901429 9.500000 0.866227 0.499651 0.000000 7.662467e-03 4.502367e-03 0.000000e+00 0.000000e+00 0.000000e+00 -1.630885e-05 0.000000e+00 0.000000e+00
150 32.589710 12.133695 9.500000 0.865223 0.501387 0.000000 7.834408e-03 4.625212e-03 0.000000e+00 0.000000e+00 0.000000e+00 4.024144e-05 0.000000e+00 0.000000e+00
200 32.988938 12.361034 9.500000 0.865182 0.501459 0.000000 8.183211e-03 4.562431e-03 0.000000e+00 0.000000e+00 0.000000e+00 -1.892294e-05 0.000000e+00 0.000000e+00
250 33.395185 12.587644 9.500000 0.865592 0.500749 0.000000 7.949012e-03 4.539213e-03 0.000000e+00 0.000000e+00 0.000000e+00 2.649670e-05 0.000000e+00 0.000000e+00
300 33.793050 12.817704 9.500000 0.864465 0.502694 0.000000 7.890012e-03 4.577529e-03 0.000000e+00 0.000000e+00 0.000000e+00 3.481188e-05 0.000000e+00 0.000000e+00
350 34.191216 13.046836 9.500000 0.863740 0.503938 0.000000 8.003772e-03 4.725951e-03 0.000000e+00 0.000000e+00 0.000000e+00 3.003840e-05 0.000000e+00 0.000000e+00
400 34.590238 13.282120 9.500000 0.862967 0.505261 0.000000 7.928710e-03 4.544987e-03 0.000000e+00 0.000000e+00 0.000000e+00 4.986895e-05 0.000000e+00 0.000000e+00
450 34.994489 13.504369 9.500000 0.863588 0.504199 0.000000 8.238029e-03 4.512203e-03 0.000000e+00 0.000000e+00 0.000000e+00 -4.381119e-05 0.000000e+00 0.000000e+00
500 35.400635 13.726928 9.500000 0.864365 0.502864 0.000000 7.923287e-03 4.423645e-03 0.000000e+00 0.000000e+00 0.000000e+00 -1.751161e-05 0.000000e+00 0.000000e+00
550 35.798593 13.953846 9.500000 0.863039 0.505138 0.000000 8.037123e-03 4.485793e-03 0.000000e+00 0.000000e+00 0.000000e+00 5.046701e-05 0.000000e+00 0.000000e+00
600 36.204905 14.180595 9.500000 0.862572 0.505934 0.000000 8.275355e-03 4.710933e-03 0.000000e+00 0.000000e+00 0.000000e+00 7.391993e-06 0.000000e+00 0.000000e+00
650 36.611900 14.409688 9.500000 0.862318 0.506367 0.000000 8.124174e-03 4.407904e-03 0.000000e+00 0.000000e+00 0.000000e+00 -2.640956e-05 0.000000e+00 0.000000e+00
700 37.021258 14.629835 9.500000 0.863692 0.504021 0.000000 8.274452e-03 4.355249e-03 0.000000e+00 0.000000e+00 0.000000e+00 -8.100813e-05 0.000000e+00 0.000000e+00
750 37.430204 14.847614 9.500000 0.864173 0.503194 0.000000 8.101503e-03 4.416475e-03 0.000000e+00 0.000000e+00 0.000000e+00 3.648163e-05 0.000000e+00 0.000000e+00
800 37.833645 15.068765 9.500000 0.862891 0.505389 0.000000 8.175003e-03 4.287243e-03 0.000000e+00 0.000000e+00 0.000000e+00 4.342217e-06 0.000000e+00 0.000000e+00
850 38.249374 15.287698 9.500000 0.863553 0.504258 0.000000 8.366749e-03 4.450188e-03 0.000000e+00 0.000000e+00 0.000000e+00 -2.534970e-05 0.000000e+00 0.000000e+00
900 38.663405 15.503926 9.500000 0.864123 0.503281 0.000000 8.149644e-03 4.222478e-03 0.000000e+00 0.000000e+00 0.000000e+00 -2.692861e-05 0.000000e+00 0.000000e+00
950 39.078193 15.712786 9.500000 0.865792 0.500405 0.000000 8.319150e-03 4.090639e-03 0.000000e+00 0.000000e+00 0.000000e+00 -8.753742e-05 0.000000e+00 0.000000e+00
1000 39.489616 15.920474 9.500000 0.866242 0.499624 0.000000 8.065861e-03 4.293639e-03 0.000000e+00 0.000000e+00 0.000000e+00 4.737190e-05 0.000000e+00 0.000000e+00
1050 39.902619 16.126317 9.500000 0.866025 0.500000 0.000000 8.364935e-03 3.937812e-03 0.000000e+00 0.000000e+00 0.000000e+00 -6.278130e-05 0.000000e+00 0.000000e+00
1100 40.329000 16.331611 9.500000 0.867464 0.497500 0.000000 8.570042e-03 4.173007e-03 0.000000e+00 0.000000e+00 0.000000e+00 -2.575541e-05 0.000000e+00 0.000000e+00
1150 40.749611 16.526407 9.500000 0.869171 0.494511 0.000000 8.376603e-03 3.872198e-03 0.000000e+00 0.000000e+00 0.000000e+00 -9.914145e-05 -3.190716e-06 0.000000e+00
1200 41.177013 16.712425 9.500000 0.872212 0.489128 0.000000 8.519673e-03 3.672996e-03 0.000000e+00 0.000000e+00 0.000000e+00 -9.138871e-05 -2.738052e-04 0.000000e+00
1250 41.599964 16.895283 9.500000 0.873599 0.486646 0.000000 8.436138e-03 3.703893e-03 0.000000e+00 0.000000e+00 0.000000e+00 -1.076398e-06 -9.634256e-04 0.000000e+00
1300 42.022813 17.070542 9.500000 0.875066 0.484004 0.000000 8.710442e-03 3.440543e-03 0.000000e+00 0.000000e+00 0.000000e+00 -1.369006e-04 -2.020698e-03 0.000000e+00
1350 42.459625 17.242924 9.500000 0.877971 0.478713 0.000000 8.656345e-03 3.338694e-03 0.000000e+00 0.000000e+00 0.000000e+00 -1.197593e-04 -3.436816e-03 0.000000e+00
1400 42.894291 17.388417 9.500000 0.882159 0.470952 0.000000 8.892556e-03 2.795207e-03 0.000000e+00 0.000000e+00 0.000000e+00 -2.208349e-04 -4.928067e-03 0.000000e+00
1450 43.343741 17.522332 9.500000 0.887257 0.461276 0.000000 8.950117e-03 2.224307e-03 0.000000e+00 0.000000e+00 0.000000e+00 -2.887398e-04 -6.538411e-03 0.000000e+00
1500 43.784570 17.646608 9.500000 0.892122 0.451794 0.000000 8.962311e-03 2.613835e-03 0.000000e+00 0.000000e+00 0.000000e+00 -2.253161e-04 -8.222953e-03 0.000000e+00
1550 44.227962 17.760202 9.500000 0.898950 0.438051 0.000000 8.866073e-03 2.254577e-03 0.000000e+00 0.000000e+00 0.000000e+00 -3.142483e-04 -9.942706e-03 0.000000e+00
1600 44.670063 17.866457 9.500000 0.904843 0.425745 0.000000 8.846392e-03 1.982808e-03 0.000000e+00 0.000000e+00 0.000000e+00 -2.771541e-04 -1.169797e-02 0.000000e+00
1650 45.111890 17.959550 9.500000 0.912207 0.409730 0.000000 8.824701e-03 2.172784e-03 0.000000e+00 0.000000e+00 0.000000e+00 -3.952934e-04 -1.334516e-02 0.000000e+00
1700 45.556545 18.000000 9.500000 0.919350 0.393440 0.000000 8.908730e-03 0.000000e+00 0.000000e+00 0.000000e+00 0.000000e+00 -4.240566e-04 -1.413717e-02 0.000000e+00
1750 46.001126 18.000000 9.500000 0.926666 0.375885 0.000000 8.931982e-03 0.000000e+00 0.000000e+00 0.000000e+00 0.000000e+00 -4.508380e-04 -1.413717e-02 0.000000e+00
1800 46.447489 18.000000 9.500000 0.933799 0.357799 0.000000 8.933371e-03 0.000000e+00 0.000000e+00 0.000000e+00 0.000000e+00 -4.044116e-04 -1.413717e-02 0.000000e+00
1850 46.895237 18.000000 9.500000 0.940426 0.339998 0.000000 8.979945e-03 0.000000e+00 0.000000e+00 0.000000e+00 0.000000e+00 -5.076200e-04 -1.413717e-02 0.000000e+00
1900 47.342963 18.000000 9.500000 0.947220 0.320584 0.000000 8.985784e-03 0.000000e+00 0.000000e+00 0.000000e+00 0.000000e+00 -3.879165e-04 -1.413717e-02 0.000000e+00
1950 47.792427 18.000000 9.500000 0.953209 0.302313 0.000000 9.059449e-03 0.000000e+00 0.000000e+00 0.000000e+00 0.000000e+00 -3.961408e-04 -1.413717e-02 0.000000e+00
2000 48.241781 18.000000 9.500000 0.959532 0.281601 0.000000 9.014015e-03 0.000000e+00 0.000000e+00 0.000000e+00 0.000000e+00 -3.848242e-04 -1.413717e-02 0.000000e+00
2050 48.692089 18.000000 9.500000 0.964917 0.262555 0.000000 9.040160e-03 0.000000e+00 0.000000e+00 0.000000e+00 0.000000e+00 -3.877562e-04 -1.413717e-02 0.000000e+00
2100 49.143165 18.000000 9.500000 0.970410 0.241463 0.000000 8.891469e-03 0.000000e+00 0.000000e+00 0.000000e+00 0.000000e+00 -4.248728e-04 -1.413717e-02 0.000000e+00
2150 49.593852 18.000000 9.500000 0.975139 0.221596 0.000000 8.919232e-03 0.000000e+00 0.000000e+00 0.000000e+00 0.000000e+00 -4.237624e-04 -1.413717e-02 0.000000e+00
2200 50.045150 17.998329 9.500000 0.979754 0.200207 0.000000 9.047080e-03 -1.308370e-04 0.000000e+00 0.000000e+00 0.000000e+00 -4.826597e-04 -1.410815e-02 0.000000e+00
2250 50.494174 17.996296 9.500000 0.983756 0.179511 0.000000 9.004740e-03 -1.744021e-04 0.000000e+00 0.000000e+00 0.000000e+00 -4.148092e-04 -1.407071e-02 0.000000e+00
2300 50.944117 17.982733 9.500000 0.987423 0.158098 0.000000 8.959018e-03 -5.821749e-04 0.000000e+00 0.000000e+00 0.000000e+00 -4.815005e-04 -1.382441e-02 0.000000e+00
2350 51.390931 17.961070 9.500000 0.990698 0.136081 0.000000 8.950701e-03 -9.925360e-04 0.000000e+00 0.000000e+00 0.000000e+00 -3.774538e-04 -1.343111e-02 0.000000e+00
2400 51.839761 17.916327 9.500000 0.993284 0.115701 0.000000 8.998708e-03 -4.428281e-03 0.000000e+00 0.000000e+00 0.000000e+00 -4.420405e-04 -1.268290e-02 0.000000e+00
2450 52.288210 17.673525 9.500000 0.994885 0.101019 0.000000 9.227469e-03 -1.612044e-02 0.000000e+00 0.000000e+00 0.000000e+00 -1.782256e-04 -8.892318e-03 0.000000e+00
2500 52.744660 17.102636 9.500000 0.995922 0.090216 0.000000 9.068275e-03 -4.659200e-03 0.000000e+00 0.000000e+00 0.000000e+00 -1.270068e-04 -2.317288e-03 0.000000e+00
2550 53.200008 16.981704 9.500000 0.996693 0.081256 0.000000 8.976189e-03 -5.456448e-04 0.000000e+00 0.000000e+00 0.000000e+00 -1.617124e-04 -1.461245e-03 0.000000e+00
2600 53.651901 16.955949 9.500000 0.997251 0.074097 0.000000 8.978876e-03 1.065961e-04 0.000000e+00 0.000000e+00 0.000000e+00 -1.567946e-04 -1.305598e-03 0.000000e+00
2650 54.106590 16.924366 9.500000 0.997753 0.067006 0.000000 9.070594e-03 -2.234637e-04 0.000000e+00 0.000000e+00 0.000000e+00 -1.318609e-04 -1.132710e-03 0.000000e+00
2700 54.558844 16.896556 9.500000 0.998177 0.060347 0.000000 9.007456e-03 -2.321296e-04 0.000000e+00 0.000000e+00 0.000000e+00 -1.079969e-04 -9.892311e-04 0.000000e+00
2750 55.013346 16.870891 9.500000 0.998504 0.054681 0.000000 9.063435e-03 -5.021458e-04 0.000000e+00 0.000000e+00 0.000000e+00 -1.186567e-04 -8.666563e-04 0.000000e+00
2800 55.466625 16.835711 9.500000 0.998865 0.047641 0.000000 9.057495e-03 -3.895519e-04 0.000000e+00 0.000000e+00 0.000000e+00 -1.164110e-04 -7.097696e-04 0.000000e+00
2850 55.920474 16.808209 9.500000 0.999109 0.042212 0.000000 9.120242e-03 -7.498725e-04 0.000000e+00 0.000000e+00 0.000000e+00 -1.124977e-04 -5.997654e-04 0.000000e+00
2900 56.376263 16.774053 9.500000 0.999373 0.035412 0.000000 9.109668e-03 -6.883948e-04 0.000000e+00 0.000000e+00 0.000000e+00 -1.699218e-04 -4.742721e-04 0.000000e+00
2950 56.829838 16.743524 9.500000 0.999551 0.029963 0.000000 9.114585e-03 -5.278579e-04 0.000000e+00 0.000000e+00 0.000000e+00 -9.943696e-05 -3.742361e-04 0.000000e+00
3000 57.287502 16.705803 9.500000 0.999730 0.023238 0.000000 9.142711e-03 -8.292793e-04 0.000000e+00 0.000000e+00 0.000000e+00 -1.542464e-04 -2.682714e-04 0.000000e+00
3050 57.740915 16.671097 9.500000 0.999860 0.016731 0.000000 9.170679e-03 -5.668612e-04 0.000000e+00 0.000000e+00 0.000000e+00 -6.636633e-05 -1.851558e-04 0.000000e+00
3100 58.200417 16.633097 9.500000 0.999938 0.011157 0.000000 9.195073e-03 -8.094032e-04 0.000000e+00 0.000000e+00 0.000000e+00 -1.347219e-04 -1.126637e-04 0.000000e+00
3150 58.656784 16.591645 9.500000 0.999987 0.005007 0.000000 9.054570e-03 -8.448509e-04 0.000000e+00 0.000000e+00 0.000000e+00 -1.162261e-04 -5.374875e-05 0.000000e+00
3200 59.115236 16.554855 9.500000 1.000000 -0.000344 0.000000 9.211050e-03 -8.229682e-04 0.000000e+00 0.000000e+00 0.000000e+00 -1.144923e-04 -1.947832e-05 0.000000e+00
3250 59.576417 16.510359 9.500000 0.999980 -0.006384 0.000000 9.131354e-03 -8.421597e-04 0.000000e+00 0.000000e+00 0.000000e+00 -1.112570e-04 -7.882735e-07 0.000000e+00
3300 60.031485 16.470600 9.500000 0.999928 -0.012031 0.000000 9.321096e-03 -8.438585e-04 0.000000e+00 0.000000e+00 0.000000e+00 -1.096418e-04 0.000000e+00 0.000000e+00
3350 60.493230 16.427375 9.500000 0.999848 -0.017438 0.000000 9.156713e-03 -9.597057e-04 0.000000e+00 0.000000e+00 0.000000e+00 -1.343090e-04 0.000000e+00 0.000000e+00
3400 60.947852 16.380529 9.500000 0.999708 -0.024154 0.000000 9.157191e-03 -8.757658e-04 0.000000e+00 0.000000e+00 0.000000e+00 -1.037486e-04 0.000000e+00 0.000000e+00
3450 61.406926 16.337825 9.500000 0.999602 -0.028201 0.000000 9.001250e-03 -8.433362e-04 0.000000e+00 0.000000e+00 0.000000e+00 -5.978417e-05 0.000000e+00 0.000000e+00
3500 61.861347 16.285094 9.500000 0.999372 -0.035432 0.000000 9.088225e-03 -1.086687e-03 0.000000e+00 0.000000e+00 0.000000e+00 -1.442765e-04 0.000000e+00 0.000000e+00
3550 62.317584 16.235277 9.500000 0.999182 -0.040443 0.000000 9.095135e-03 -1.028533e-03 0.000000e+00 0.000000e+00 0.000000e+00 -9.350074e-05 0.000000e+00 0.000000e+00
3600 62.769371 16.180033 9.500000 0.998931 -0.046217 0.000000 9.044277e-03 -1.163407e-03 0.000000e+00 0.000000e+00 0.000000e+00 -1.298577e-04 0.000000e+00 0.000000e+00
3650 63.222967 16.125930 9.500000 0.998645 -0.052036 0.000000 9.009125e-03 -1.088732e-03 0.000000e+00 0.000000e+00 0.000000e+00 -8.746734e-05 0.000000e+00 0.000000e+00
3700 63.672255 16.067534 9.500000 0.998310 -0.058110 0.000000 8.975917e-03 -1.286525e-03 0.000000e+00 0.000000e+00 0.000000e+00 -1.217762e-04 0.000000e+00 0.000000e+00
3750 64.123802 16.004737 9.500000 0.997987 -0.063425 0.000000 8.916720e-03 -1.356001e-03 0.000000e+00 0.000000e+00 0.000000e+00 -8.086526e-05 0.000000e+00 0.000000e+00
3800 64.571374 15.938773 9.500000 0.997657 -0.068419 0.000000 8.873989e-03 -1.458638e-03 0.000000e+00 0.000000e+00 0.000000e+00 -1.135528e-04 0.000000e+00 0.000000e+00
3850 65.024373 15.871494 9.500000 0.997402 -0.072035 0.000000 9.108513e-03 -1.424993e-03 0.000000e+00 0.000000e+00 0.000000e+00 -5.965088e-05 0.000000e+00 0.000000e+00
3900 65.476577 15.797347 9.500000 0.997093 -0.076193 0.000000 8.979664e-03 -1.446770e-03 0.000000e+00 0.000000e+00 0.000000e+00 -9.601822e-05 0.000000e+00 0.000000e+00
3950 65.927829 15.732784 9.500000 0.996915 -0.078491 0.000000 9.157311e-03 -1.386031e-03 0.000000e+00 0.000000e+00 0.000000e+00 -6.962351e-05 0.000000e+00 0.000000e+00
4000 66.384429 15.659298 9.500000 0.996603 -0.082355 0.000000 8.968620e-03 -1.587711e-03 0.000000e+00 0.000000e+00 0.000000e+00 -1.167310e-04 0.000000e+00 0.000000e+00
4050 66.836221 15.592653 9.500000 0.996413 -0.084624 0.000000 9.113110e-03 -1.228406e-03 0.000000e+00 0.000000e+00 0.000000e+00 -1.563125e-05 0.000000e+00 0.000000e+00
4100 67.296543 15.525272 9.500000 0.996164 -0.087510 0.000000 9.337142e-03 -1.439650e-03 0.000000e+00 0.000000e+00 0.000000e+00 -9.073329e-05 0.000000e+00 0.000000e+00
4150 67.748952 15.456352 9.500000 0.995859 -0.090915 0.000000 8.949880e-03 -1.318541e-03 0.000000e+00 0.000000e+00 0.000000e+00 -6.572575e-05 0.000000e+00 0.000000e+00
4200 68.205874 15.390298 9.500000 0.995617 -0.093521 0.000000 9.246954e-03 -1.332648e-03 0.000000e+00 0.000000e+00 0.000000e+00 -5.119093e-05 0.000000e+00 0.000000e+00
4250 68.661104 15.323974 9.500000 0.995315 -0.096685 0.000000 9.043299e-03 -1.414181e-03 0.000000e+00 0.000000e+00 0.000000e+00 -1.199977e-04 0.000000e+00 0.000000e+00
4300 69.117079 15.253413 9.500000 0.994886 -0.101001 0.000000 9.034452e-03 -1.307864e-03 0.000000e+00 0.000000e+00 0.000000e+00 -4.325711e-05 0.000000e+00 0.000000e+00
4350 69.568034 15.183539 9.500000 0.994587 -0.103903 0.000000 8.961605e-03 -1.457191e-03 0.000000e+00 0.000000e+00 0.000000e+00 -9.644745e-05 0.000000e+00 0.000000e+00
4400 70.019060 15.109845 9.500000 0.994058 -0.108852 0.000000 9.067814e-03 -1.402929e-03 0.000000e+00 0.000000e+00 0.000000e+00 -6.338237e-05 0.000000e+00 0.000000e+00
4450 70.468769 15.035187 9.500000 0.993727 -0.111835 0.000000 8.917182e-03 -1.496775e-03 0.000000e+00 0.000000e+00 0.000000e+00 -7.344501e-05 0.000000e+00 0.000000e+00
4500 70.917381 14.957154 9.500000 0.993366 -0.114995 0.000000 8.974522e-03 -1.477414e-03 0.000000e+00 0.000000e+00 0.000000e+00 -1.464580e-05 0.000000e+00 0.000000e+00
4550 71.369099 14.873861 9.500000 0.993075 -0.117479 0.000000 8.972447e-03 -1.596212e-03 0.000000e+00 0.000000e+00 0.000000e+00 -2.738878e-05 0.000000e+00 0.000000e+00
4600 71.819158 14.795522 9.500000 0.992947 -0.118559 0.000000 9.029388e-03 -1.518920e-03 0.000000e+00 0.000000e+00 0.000000e+00 -3.274904e-05 0.000000e+00 0.000000e+00
4650 72.274821 14.714632 9.500000 0.992773 -0.120006 0.000000 9.089438e-03 -1.660747e-03 0.000000e+00 0.000000e+00 0.000000e+00 -4.844593e-05 0.000000e+00 0.000000e+00
4700 72.726325 14.634309 9.500000 0.992492 -0.122306 0.000000 9.113346e-03 -1.458986e-03 0.000000e+00 0.000000e+00 0.000000e+00 8.751676e-06 0.000000e+00 0.000000e+00
4750 73.183942 14.559120 9.500000 0.992392 -0.123116 0.000000 9.261567e-03 -1.567018e-03 0.000000e+00 0.000000e+00 0.000000e+00 -4.481479e-05 0.000000e+00 0.000000e+00
4800 73.641864 14.480718 9.500000 0.992144 -0.125101 0.000000 8.948005e-03 -1.534859e-03 0.000000e+00 0.000000e+00 0.000000e+00 -3.647262e-05 0.000000e+00 0.000000e+00
4850 74.095010 14.405756 9.500000 0.991974 -0.126441 0.000000 9.117796e-03 -1.427648e-03 0.000000e+00 0.000000e+00 0.000000e+00 -9.951409e-06 0.000000e+00 0.000000e+00
4900 74.552028 14.332752 9.500000 0.991796 -0.127828 0.000000 9.063340e-03 -1.592781e-03 0.000000e+00 0.000000e+00 0.000000e+00 -6.859747e-05 0.000000e+00 0.000000e+00
4950 75.006674 14.253677 9.500000 0.991306 -0.131576 0.000000 9.205693e-03 -1.525436e-03 0.000000e+00 0.000000e+00 0.000000e+00 -3.325047e-05 0.000000e+00 0.000000e+00
5000 75.459366 14.178385 9.500000 0.991078 -0.133287 0.000000 9.049424e-03 -1.618014e-03 0.000000e+00 0.000000e+00 0.000000e+00 -4.972243e-05 0.000000e+00 0.000000e+00
5050 75.909327 14.098908 9.500000 0.990580 -0.136936 0.000000 9.072641e-03 -1.671493e-03 0.000000e+00 0.000000e+00 0.000000e+00 -7.873793e-05 0.000000e+00 0.000000e+00
5100 76.360691 14.018584 9.500000 0.990240 -0.139376 0.000000 8.943886e-03 -1.777251e-03 0.000000e+00 0.000000e+00 0.000000e+00 -4.500274e-05 0.000000e+00 0.000000e+00
5150 76.809462 13.935196 9.500000 0.989860 -0.142044 0.000000 9.124492e-03 -1.733709e-03 0.000000e+00 0.000000e+00 0.000000e+00 -2.156078e-05 0.000000e+00 0.000000e+00
5200 77.263811 13.849030 9.500000 0.989707 -0.143108 0.000000 9.051079e-03 -1.887812e-03 0.000000e+00 0.000000e+00 0.000000e+00 -3.552823e-05 0.000000e+00 0.000000e+00
5250 77.714942 13.765329 9.500000 0.989593 -0.143891 0.000000 9.049644e-03 -1.620328e-03 0.000000e+00 0.000000e+00 0.000000e+00 1.931439e-05 0.000000e+00 0.000000e+00
5300 78.171339 13.682513 9.500000 0.989540 -0.144257 0.000000 9.151866e-03 -1.731671e-03 0.000000e+00 0.000000e+00 0.000000e+00 -7.672712e-06 0.000000e+00 0.000000e+00
5350 78.626451 13.596981 9.500000 0.989374 -0.145393 0.000000 9.063807e-03 -1.676390e-03 0.000000e+00 0.000000e+00 0.000000e+00 -1.255433e-05 0.000000e+00 0.000000e+00
5400 79.083412 13.518120 9.500000 0.989376 -0.145379 0.000000 9.171399e-03 -1.573820e-03 0.000000e+00 0.000000e+00 0.000000e+00 1.083866e-05 0.000000e+00 0.000000e+00
5450 79.543975 13.438508 9.500000 0.989221 -0.146428 0.000000 9.151066e-03 -1.626199e-03 0.000000e+00 0.000000e+00 0.000000e+00 -4.326938e-05 0.000000e+00 0.000000e+00
5500 79.997463 13.359179 9.500000 0.988981 -0.148044 0.000000 9.159170e-03 -1.508983e-03 0.000000e+00 0.000000e+00 0.000000e+00 6.156305e-06 0.000000e+00 0.000000e+00
5550 80.453878 13.283429 9.500000 0.988972 -0.148100 0.000000 8.986875e-03 -1.549663e-03 0.000000e+00 0.000000e+00 0.000000e+00 -9.133764e-06 0.000000e+00 0.000000e+00
5600 80.905839 13.200869 9.500000 0.988548 -0.150906 0.000000 9.075211e-03 -1.522457e-03 0.000000e+00 0.000000e+00 0.000000e+00 -5.021489e-05 0.000000e+00 0.000000e+00
5650 81.359400 13.124391 9.500000 0.988249 -0.152850 0.000000 8.985265e-03 -1.571707e-03 0.000000e+00 0.000000e+00 0.000000e+00 -4.774142e-05 0.000000e+00 0.000000e+00
5700 81.808939 13.042663 9.500000 0.987792 -0.155777 0.000000 9.101749e-03 -1.565133e-03 0.000000e+00 0.000000e+00 0.000000e+00 -5.528476e-05 0.000000e+00 0.000000e+00
5750 82.259140 12.958206 9.500000 0.987468 -0.157817 0.000000 8.964705e-03 -1.715854e-03 0.000000e+00 0.000000e+00 0.000000e+00 -5.089496e-05 0.000000e+00 0.000000e+00
5800 82.707924 12.872682 9.500000 0.987382 -0.158353 0.000000 9.046647e-03 -1.662555e-03 0.000000e+00 0.000000e+00 0.000000e+00 3.051294e-06 0.000000e+00 0.000000e+00
5850 83.164301 12.786644 9.500000 0.987451 -0.157923 0.000000 9.097794e-03 -1.741783e-03 0.000000e+00 0.000000e+00 0.000000e+00 -2.769537e-06 0.000000e+00 0.000000e+00
5900 83.617207 12.700848 9.500000 0.987215 -0.159395 0.000000 9.046682e-03 -1.519338e-03 0.000000e+00 0.000000e+00 0.000000e+00 -3.106091e-06 0.000000e+00 0.000000e+00
5950 84.075191 12.621865 9.500000 0.987368 -0.158441 0.000000 9.205791e-03 -1.647341e-03 0.000000e+00 0.000000e+00 0.000000e+00 -8.829369e-06 0.000000e+00 0.000000e+00
6000 84.535264 12.538620 9.500000 0.987276 -0.159017 0.000000 9.156679e-03 -1.606372e-03 0.000000e+00 0.000000e+00 0.000000e+00 2.328619e-06 0.000000e+00 0.000000e+00
6050 84.989661 12.459336 9.500000 0.987302 -0.158853 0.000000 9.234183e-03 -1.534888e-03 0.000000e+00 0.000000e+00 0.000000e+00 -1.486266e-07 0.000000e+00 0.000000e+00
6100 85.451028 12.383126 9.500000 0.987324 -0.158718 0.000000 9.079335e-03 -1.616692e-03 0.000000e+00 0.000000e+00 0.000000e+00 -5.100412e-05 0.000000e+00 0.000000e+00
6150 85.907175 12.302830 9.500000 0.986910 -0.161271 0.000000 9.116384e-03 -1.519957e-03 0.000000e+00 0.000000e+00 0.000000e+00 -3.783598e-05 0.000000e+00 0.000000e+00
6200 86.363490 12.226959 9.500000 0.986869 -0.161524 0.000000 9.128888e-03 -1.563276e-03 0.000000e+00 0.000000e+00 0.000000e+00 7.590523e-06 0.000000e+00 0.000000e+00
6250 86.815366 12.147193 9.500000 0.986534 -0.163555 0.000000 9.024617e-03 -1.589263e-03 0.000000e+00 0.000000e+00 0.000000e+00 -5.417547e-05 0.000000e+00 0.000000e+00
6300 87.269093 12.068629 9.500000 0.986273 -0.165125 0.000000 9.009310e-03 -1.637776e-03 0.000000e+00 0.000000e+00 0.000000e+00 -7.573571e-06 0.000000e+00 0.000000e+00
6350 87.718509 11.985665 9.500000 0.986002 -0.166733 0.000000 9.027035e-03 -1.714838e-03 0.000000e+00 0.000000e+00 0.000000e+00 -3.968220e-05 0.000000e+00 0.000000e+00
6400 88.173610 11.902852 9.500000 0.985904 -0.167309 0.000000 9.129969e-03 -1.772833e-03 0.000000e+00 0.000000e+00 0.000000e+00 -2.776321e-05 0.000000e+00 0.000000e+00
6450 88.626630 11.818350 9.500000 0.985881 -0.167447 0.000000 9.046620e-03 -1.604244e-03 0.000000e+00 0.000000e+00 0.000000e+00 1.847747e-05 0.000000e+00 0.000000e+00
6500 89.085051 11.738389 9.500000 0.986042 -0.166495 0.000000 9.190015e-03 -1.683145e-03 0.000000e+00 0.000000e+00 0.000000e+00 1.381738e-05 0.000000e+00 0.000000e+00
6550 89.540681 11.653685 9.500000 0.985894 -0.167369 0.000000 9.116614e-03 -1.595688e-03 0.000000e+00 0.000000e+00 0.000000e+00 2.035060e-05 0.000000e+00 0.000000e+00
6600 89.999048 11.577063 9.500000 0.986149 -0.165864 0.000000 9.190076e-03 -1.550711e-03 0.000000e+00 0.000000e+00 0.000000e+00 2.175371e-05 0.000000e+00 0.000000e+00
6650 90.462752 11.499452 9.500000 0.986143 -0.165895 0.000000 9.189809e-03 -1.534146e-03 0.000000e+00 0.000000e+00 0.000000e+00 -1.025191e-05 0.000000e+00 0.000000e+00
6700 90.918496 11.422325 9.500000 0.986111 -0.166086 0.000000 9.222202e-03 -1.482419e-03 0.000000e+00 0.000000e+00 0.000000e+00 1.543071e-05 0.000000e+00 0.000000e+00
6750 91.379216 11.350069 9.500000 0.986293 -0.165004 0.000000 9.097423e-03 -1.350091e-03 0.000000e+00 0.000000e+00 0.000000e+00 1.344472e-05 0.000000e+00 0.000000e+00
6800 91.835331 11.272543 9.500000 0.985946 -0.167062 0.000000 9.118097e-03 -1.493092e-03 0.000000e+00 0.000000e+00 0.000000e+00 -3.940818e-05 0.000000e+00 0.000000e+00
6850 92.292252 11.200393 9.500000 0.985876 -0.167477 0.000000 9.093664e-03 -1.377289e-03 0.000000e+00 0.000000e+00 0.000000e+00 3.385009e-06 0.000000e+00 0.000000e+00
6900 92.744964 11.124725 9.500000 0.985566 -0.169289 0.000000 9.027219e-03 -1.416141e-03 0.000000e+00 0.000000e+00 0.000000e+00 -4.126025e-05 0.000000e+00 0.000000e+00
6950 93.200479 11.049998 9.500000 0.985316 -0.170741 0.000000 9.062859e-03 -1.479351e-03 0.000000e+00 0.000000e+00 0.000000e+00 -1.599738e-05 0.000000e+00 0.000000e+00
7000 93.650803 10.971893 9.500000 0.985115 -0.171895 0.000000 8.976641e-03 -1.413545e-03 0.000000e+00 0.000000e+00 0.000000e+00 -4.235593e-05 0.000000e+00 0.000000e+00
7050 94.107382 10.894298 9.500000 0.985113 -0.171909 0.000000 9.176886e-03 -1.606362e-03 0.000000e+00 0.000000e+00 0.000000e+00 -4.577182e-06 0.000000e+00 0.000000e+00
7100 94.562917 10.813133 9.500000 0.985094 -0.172015 0.000000 9.043564e-03 -1.476484e-03 0.000000e+00 0.000000e+00 0.000000e+00 8.158612e-06 0.000000e+00 0.000000e+00
7150 95.021407 10.738685 9.500000 0.985325 -0.170690 0.000000 9.312174e-03 -1.514927e-03 0.000000e+00 0.000000e+00 0.000000e+00 2.081012e-05 0.000000e+00 0.000000e+00
7200 95.480072 10.658296 9.500000 0.985250 -0.171120 0.000000 9.028893e-03 -1.523995e-03 0.000000e+00 0.000000e+00 0.000000e+00 -2.638433e-05 0.000000e+00 0.000000e+00
7250 95.939015 10.586350 9.500000 0.985570 -0.169270 0.000000 9.212369e-03 -1.496100e-03 0.000000e+00 0.000000e+00 0.000000e+00 1.407282e-05 0.000000e+00 0.000000e+00
7300 96.404361 10.513474 9.500000 0.985654 -0.168777 0.000000 9.137092e-03 -1.420736e-03 0.000000e+00 0.000000e+00 0.000000e+00 -6.939841e-06 0.000000e+00 0.000000e+00
7350 96.860942 10.441348 9.500000 0.985679 -0.168633 0.000000 9.232914e-03 -1.470387e-03 0.000000e+00 0.000000e+00 0.000000e+00 2.601414e-05 0.000000e+00 0.000000e+00
7400 97.324414 10.373753 9.500000 0.985893 -0.167375 0.000000 9.240179e-03 -1.247910e-03 0.000000e+00 0.000000e+00 0.000000e+00 5.616896e-05 0.000000e+00 0.000000e+00
7450 97.782757 10.303448 9.500000 0.985692 -0.168559 0.000000 9.168120e-03 -1.525949e-03 0.000000e+00 0.000000e+00 0.000000e+00 -7.382923e-05 0.000000e+00 0.000000e+00
7500 98.241182 10.235777 9.500000 0.985645 -0.168832 0.000000 9.150529e-03 -1.367097e-03 0.000000e+00 0.000000e+00 0.000000e+00 1.462996e-07 0.000000e+00 0.000000e+00
7550 98.696362 10.166378 9.500000 0.985515 -0.169591 0.000000 9.085502e-03 -1.441110e-03 0.000000e+00 0.000000e+00 0.000000e+00 -3.842751e-05 0.000000e+00 0.000000e+00
7600 99.152415 10.098572 9.500000 0.985281 -0.170943 0.000000 9.150755e-03 -1.371378e-03 0.000000e+00 0.000000e+00 0.000000e+00 2.520656e-05 0.000000e+00 0.000000e+00
7650 99.604855 10.027213 9.500000 0.985204 -0.171384 0.000000 9.002028e-03 -1.640415e-03 0.000000e+00 0.000000e+00 0.000000e+00 -3.035207e-05 0.000000e+00 0.000000e+00
7700 100.060159 9.956957 9.500000 0.985109 -0.171930 0.000000 9.146922e-03 -1.476893e-03 0.000000e+00 0.000000e+00 0.000000e+00 7.296216e-06 0.000000e+00 0.000000e+00
7750 100.514679 9.883707 9.500000 0.985160 -0.171639 0.000000 9.060923e-03 -1.540855e-03 0.000000e+00 0.000000e+00 0.000000e+00 3.516989e-06 0.000000e+00 0.000000e+00
7800 100.972215 9.814261 9.500000 0.985381 -0.170364 0.000000 9.293397e-03 -1.428974e-03 0.000000e+00 0.000000e+00 0.000000e+00 3.809106e-05 0.000000e+00 0.000000e+00
7850 101.432928 9.740748 9.500000 0.985470 -0.169848 0.000000 9.131663e-03 -1.507631e-03 0.000000e+00 0.000000e+00 0.000000e+00 -2.130342e-05 0.000000e+00 0.000000e+00
7900 101.889937 9.677031 9.500000 0.985740 -0.168275 0.000000 9.275512e-03 -1.319810e-03 0.000000e+00 0.000000e+00 0.000000e+00 3.667337e-05 0.000000e+00 0.000000e+00
7950 102.355801 9.607299 9.500000 0.985840 -0.167687 0.000000 9.218024e-03 -1.461003e-03 0.000000e+00 0.000000e+00 0.000000e+00 -1.267101e-05 0.000000e+00 0.000000e+00
8000 102.813475 9.542600 9.500000 0.986083 -0.166255 0.000000 9.248348e-03 -1.319603e-03 0.000000e+00 0.000000e+00 0.000000e+00 4.234806e-05 0.000000e+00 0.000000e+00
8050 103.280116 9.479555 9.500000 0.986343 -0.164703 0.000000 9.506112e-03 -1.214919e-03 0.000000e+00 0.000000e+00 0.000000e+00 2.737320e-05 0.000000e+00 0.000000e+00
8100 103.740688 9.418232 9.500000 0.986364 -0.164579 0.000000 9.115080e-03 -1.274530e-03 0.000000e+00 0.000000e+00 0.000000e+00 1.441849e-05 0.000000e+00 0.000000e+00
8150 104.203096 9.357141 9.500000 0.986518 -0.163653 0.000000 9.230745e-03 -1.130787e-03 0.000000e+00 0.000000e+00 0.000000e+00 8.546376e-06 0.000000e+00 0.000000e+00
8200 104.662448 9.297999 9.500000 0.986677 -0.162693 0.000000 9.222306e-03 -1.257012e-03 0.000000e+00 0.000000e+00 0.000000e+00 -3.509805e-05 0.000000e+00 0.000000e+00
8250 105.123217 9.238412 9.500000 0.986562 -0.163388 0.000000 9.097932e-03 -1.087316e-03 0.000000e+00 0.000000e+00 0.000000e+00 1.227646e-05 0.000000e+00 0.000000e+00
8300 105.579536 9.180664 9.500000 0.986604 -0.163132 0.000000 9.119217e-03 -1.215127e-03 0.000000e+00 0.000000e+00 0.000000e+00 -3.692483e-05 0.000000e+00 0.000000e+00
8350 106.036902 9.121868 9.500000 0.986355 -0.164633 0.000000 9.199639e-03 -1.069540e-03 0.000000e+00 0.000000e+00 0.000000e+00 -1.155056e-05 0.000000e+00 0.000000e+00
8400 106.492029 9.063291 9.500000 0.986394 -0.164397 0.000000 9.009769e-03 -1.133221e-03 0.000000e+00 0.000000e+00 0.000000e+00 -3.278291e-05 0.000000e+00 0.000000e+00
8450 106.947667 9.003248 9.500000 0.986400 -0.164362 0.000000 9.109787e-03 -1.101246e-03 0.000000e+00 0.000000e+00 0.000000e+00 -9.083037e-06 0.000000e+00 0.000000e+00
8500 107.401960 8.943040 9.500000 0.986391 -0.164417 0.000000 9.116358e-03 -1.050876e-03 0.000000e+00 0.000000e+00 0.000000e+00 2.278224e-05 0.000000e+00 0.000000e+00
8550 107.859711 8.884096 9.500000 0.986528 -0.163595 0.000000 9.249356e-03 -1.031272e-03 0.000000e+00 0.000000e+00 0.000000e+00 3.298720e-05 0.000000e+00 0.000000e+00
8600 108.321726 8.823473 9.500000 0.986791 -0.162000 0.000000 9.207325e-03 -1.180550e-03 0.000000e+00 0.000000e+00 0.000000e+00 1.705468e-05 0.000000e+00 0.000000e+00
8650 108.779654 8.767745 9.500000 0.987042 -0.160463 0.000000 9.154507e-03 -1.020637e-03 0.000000e+00 0.000000e+00 0.000000e+00 3.803355e-05 0.000000e+00 0.000000e+00
8700 109.243567 8.711041 9.500000 0.987339 -0.158627 0.000000 9.302842e-03 -1.171363e-03 0.000000e+00 0.000000e+00 0.000000e+00 2.693969e-05 0.000000e+00 0.000000e+00
8750 109.702771 8.655981 9.500000 0.987434 -0.158033 0.000000 9.231904e-03 -9.116380e-04 0.000000e+00 0.000000e+00 0.000000e+00 6.561105e-05 0.000000e+00 0.000000e+00
8800 110.168172 8.604588 9.500000 0.987828 -0.155547 0.000000 9.361887e-03 -1.105454e-03 0.000000e+00 0.000000e+00 0.000000e+00 2.369794e-05 0.000000e+00 0.000000e+00
8850 110.633495 8.552306 9.500000 0.988047 -0.154153 0.000000 9.164860e-03 -1.017901e-03 0.000000e+00 0.000000e+00 0.000000e+00 4.313693e-05 0.000000e+00 0.000000e+00
8900 111.096434 8.502019 9.500000 0.988373 -0.152050 0.000000 9.125706e-03 -9.667632e-04 0.000000e+00 0.000000e+00 0.000000e+00 3.657337e-05 0.000000e+00 0.000000e+00
8950 111.564330 8.454860 9.500000 0.988575 -0.150730 0.000000 9.287086e-03 -9.503994e-04 0.000000e+00 0.000000e+00 0.000000e+00 7.501993e-06 0.000000e+00 0.000000e+00
9000 112.025019 8.407019 9.500000 0.988781 -0.149373 0.000000 9.304457e-03 -9.409979e-04 0.000000e+00 0.000000e+00 0.000000e+00 3.657304e-05 0.000000e+00 0.000000e+00
9050 112.490313 8.365087 9.500000 0.989083 -0.147362 0.000000 9.251487e-03 -9.715000e-04 0.000000e+00 0.000000e+00 0.000000e+00 -7.011425e-06 0.000000e+00 0.000000e+00
9100 112.952782 8.318603 9.500000 0.989026 -0.147740 0.000000 9.291452e-03 -7.785057e-04 0.000000e+00 0.000000e+00 0.000000e+00 3.987544e-05 0.000000e+00 0.000000e+00
9150 113.415569 8.279170 9.500000 0.989345 -0.145590 0.000000 9.171611e-03 -8.484530e-04 0.000000e+00 0.000000e+00 0.000000e+00 6.057649e-05 0.000000e+00 0.000000e+00
9200 113.874786 8.232932 9.500000 0.989309 -0.145831 0.000000 9.258477e-03 -8.541175e-04 0.000000e+00 0.000000e+00 0.000000e+00 4.135342e-06 0.000000e+00 0.000000e+00
9250 114.335569 8.194732 9.500000 0.989459 -0.144811 0.000000 9.157950e-03 -8.180886e-04 0.000000e+00 0.000000e+00 0.000000e+00 3.457121e-05 0.000000e+00 0.000000e+00
9300 114.793161 8.152832 9.500000 0.989432 -0.144996 0.000000 9.212604e-03 -7.936787e-04 0.000000e+00 0.000000e+00 0.000000e+00 2.676898e-07 0.000000e+00 0.000000e+00
9350 115.251937 8.114830 9.500000 0.989489 -0.144609 0.000000 9.123925e-03 -7.495423e-04 0.000000e+00 0.000000e+00 0.000000e+00 1.585610e-05 0.000000e+00 0.000000e+00
9400 115.706571 8.074613 9.500000 0.989428 -0.145024 0.000000 9.132279e-03 -8.385678e-04 0.000000e+00 0.000000e+00 0.000000e+00 2.100069e-05 0.000000e+00 0.000000e+00
9450 116.165962 8.035868 9.500000 0.989511 -0.144457 0.000000 9.192814e-03 -8.290957e-04 0.000000e+00 0.000000e+00 0.000000e+00 4.152931e-05 0.000000e+00 0.000000e+00
9500 116.620504 7.994726 9.500000 0.989629 -0.143646 0.000000 8.981731e-03 -9.219264e-04 0.000000e+00 0.000000e+00 0.000000e+00 3.047340e-05 0.000000e+00 0.000000e+00
9550 117.079028 7.955842 9.500000 0.989797 -0.142486 0.000000 9.124581e-03 -8.613564e-04 0.000000e+00 0.000000e+00 0.000000e+00 4.181047e-05 0.000000e+00 0.000000e+00
9600 117.536255 7.914983 9.500000 0.990074 -0.140545 0.000000 9.137692e-03 -9.541980e-04 0.000000e+00 0.000000e+00 0.000000e+00 1.973449e-05 0.000000e+00 0.000000e+00
9650 117.998246 7.878124 9.500000 0.990443 -0.137923 0.000000 9.325004e-03 -7.884810e-04 0.000000e+00 0.000000e+00 0.000000e+00 7.269069e-05 0.000000e+00 0.000000e+00
9700 118.460492 7.837480 9.500000 0.990739 -0.135783 0.000000 9.195445e-03 -7.833282e-04 0.000000e+00 0.000000e+00 0.000000e+00 4.986745e-05 0.000000e+00 0.000000e+00
9750 118.921015 7.804059 9.500000 0.991155 -0.132711 0.000000 9.295045e-03 -6.851983e-04 0.000000e+00 0.000000e+00 0.000000e+00 6.273101e-05 0.000000e+00 0.000000e+00
9800 119.386111 7.766790 9.500000 0.991492 -0.130166 0.000000 9.260332e-03 -8.115018e-04 0.000000e+00 0.000000e+00 0.000000e+00 1.985889e-05 0.000000e+00 0.000000e+00
9850 119.846114 7.737909 9.500000 0.991875 -0.127215 0.000000 9.278943e-03 -6.103633e-04 0.000000e+00 0.000000e+00 0.000000e+00 7.573273e-05 0.000000e+00 0.000000e+00
9900 120.312135 7.705512 9.500000 0.992180 -0.124815 0.000000 9.289252e-03 -7.219746e-04 0.000000e+00 0.000000e+00 0.000000e+00 2.768727e-05 0.000000e+00 0.000000e+00
9950 120.772714 7.678128 9.500000 0.992466 -0.122517 0.000000 9.290586e-03 -4.402483e-04 0.000000e+00 0.000000e+00 0.000000e+00 1.168521e-04 0.000000e+00 0.000000e+00
10000 121.240808 7.649986 9.500000 0.992870 -0.119200 0.000000 9.429735e-03 -6.660649e-04 0.000000e+00 0.000000e+00 0.000000e+00 2.435922e-05 0.000000e+00 0.000000e+00
10050 121.704219 7.622273 9.500000 0.993159 -0.116773 0.000000 9.200535e-03 -4.748520e-04 0.000000e+00 0.000000e+00 0.000000e+00 7.460609e-05 0.000000e+00 0.000000e+00
10100 122.171786 7.599099 9.500000 0.993577 -0.113158 0.000000 9.349195e-03 -4.801836e-04 0.000000e+00 0.000000e+00 0.000000e+00 6.195130e-05 0.000000e+00 0.000000e+00
10150 122.639181 7.576199 9.500000 0.993883 -0.110438 0.000000 9.219366e-03 -4.512198e-04 0.000000e+00 0.000000e+00 0.000000e+00 5.438351e-05 0.000000e+00 0.000000e+00
10200 123.104274 7.554906 9.500000 0.994256 -0.107032 0.000000 9.330793e-03 -4.109681e-04 0.000000e+00 0.000000e+00 0.000000e+00 5.556059e-05 0.000000e+00 0.000000e+00
10250 123.574047 7.536458 9.500000 0.994527 -0.104479 0.000000 9.306056e-03 -3.063314e-04 0.000000e+00 0.000000e+00 0.000000e+00 6.253142e-05 0.000000e+00 0.000000e+00
10300 124.037521 7.518529 9.500000 0.994854 -0.101318 0.000000 9.476434e-03 -3.573495e-04 0.000000e+00 0.000000e+00 0.000000e+00 6.627729e-05 0.000000e+00 0.000000e+00
10350 124.507418 7.503969 9.500000 0.995139 -0.098482 0.000000 9.345206e-03 -2.606507e-04 0.000000e+00 0.000000e+00 0.000000e+00 4.888181e-05 0.000000e+00 0.000000e+00
10400 124.969884 7.489442 9.500000 0.995422 -0.095580 0.000000 9.360372e-03 -2.723269e-04 0.000000e+00 0.000000e+00 0.000000e+00 6.020251e-05 0.000000e+00 0.000000e+00
10450 125.439943 7.478339 9.500000 0.995705 -0.092581 0.000000 9.301427e-03 -2.136092e-04 0.000000e+00 0.000000e+00 0.000000e+00 3.969149e-05 0.000000e+00 0.000000e+00
10500 125.902273 7.466596 9.500000 0.995938 -0.090043 0.000000 9.371792e-03 -2.866108e-04 0.000000e+00 0.000000e+00 0.000000e+00 4.435386e-05 0.000000e+00 0.000000e+00
10550 126.372743 7.459119 9.500000 0.996229 -0.086760 0.000000 9.257402e-03 -1.136986e-04 0.000000e+00 0.000000e+00 0.000000e+00 5.080058e-05 0.000000e+00 0.000000e+00
10600 126.834572 7.450581 9.500000 0.996412 -0.084639 0.000000 9.327898e-03 -2.171799e-04 0.000000e+00 0.000000e+00 0.000000e+00 6.604747e-05 0.000000e+00 0.000000e+00
10650 127.304044 7.444824 9.500000 0.996683 -0.081380 0.000000 9.518345e-03 2.113341e-05 0.000000e+00 0.000000e+00 0.000000e+00 8.467897e-05 0.000000e+00 0.000000e+00
10700 127.766620 7.440042 9.500000 0.996856 -0.079231 0.000000 9.235998e-03 -1.146701e-04 0.000000e+00 0.000000e+00 0.000000e+00 5.091217e-05 0.000000e+00 0.000000e+00
10750 128.234109 7.435735 9.500000 0.997095 -0.076164 0.000000 9.465556e-03 4.367832e-05 0.000000e+00 0.000000e+00 0.000000e+00 8.650892e-05 0.000000e+00 0.000000e+00
10800 128.698771 7.434864 9.500000 0.997283 -0.073669 0.000000 9.072461e-03 -4.933347e-05 0.000000e+00 0.000000e+00 0.000000e+00 4.443002e-05 0.000000e+00 0.000000e+00
10850 129.164237 7.432433 9.500000 0.997485 -0.070871 0.000000 9.342338e-03 5.152287e-05 0.000000e+00 0.000000e+00 0.000000e+00 7.215826e-05 0.000000e+00 0.000000e+00
10900 129.631173 7.434322 9.500000 0.997669 -0.068234 0.000000 9.202925e-03 3.892590e-05 0.000000e+00 0.000000e+00 0.000000e+00 4.677177e-05 0.000000e+00 0.000000e+00
10950 130.094897 7.434001 9.500000 0.997854 -0.065479 0.000000 9.329817e-03 6.378091e-05 0.000000e+00 0.000000e+00 0.000000e+00 7.020437e-05 0.000000e+00 0.000000e+00
11000 130.562433 7.438636 9.500000 0.998039 -0.062603 0.000000 9.298977e-03 5.101836e-05 0.000000e+00 0.000000e+00 0.000000e+00 3.070648e-05 0.000000e+00 0.000000e+00
11050 131.025057 7.440479 9.500000 0.998197 -0.060023 0.000000 9.374893e-03 7.361526e-05 0.000000e+00 0.000000e+00 0.000000e+00 4.238619e-05 0.000000e+00 0.000000e+00
11100 131.493297 7.447239 9.500000 0.998375 -0.056992 0.000000 9.305973e-03 1.101436e-04 0.000000e+00 0.000000e+00 0.000000e+00 3.435687e-05 0.000000e+00 0.000000e+00
11150 131.955344 7.451377 9.500000 0.998510 -0.054560 0.000000 9.280640e-03 1.508088e-04 0.000000e+00 0.000000e+00 0.000000e+00 6.402913e-05 0.000000e+00 0.000000e+00
11200 132.424255 7.459996 9.500000 0.998678 -0.051402 0.000000 9.208909e-03 1.532606e-04 0.000000e+00 0.000000e+00 0.000000e+00 3.505315e-05 0.000000e+00 0.000000e+00
11250 132.885420 7.466810 9.500000 0.998800 -0.048965 0.000000 9.321911e-03 9.356814e-05 0.000000e+00 0.000000e+00 0.000000e+00 8.622727e-05 0.000000e+00 0.000000e+00
11300 133.355519 7.476574 9.500000 0.998950 -0.045822 0.000000 9.308218e-03 2.560549e-04 0.000000e+00 0.000000e+00 0.000000e+00 6.219615e-05 0.000000e+00 0.000000e+00
11350 133.815727 7.486586 9.500000 0.999061 -0.043315 0.000000 9.255588e-03 1.793840e-04 0.000000e+00 0.000000e+00 0.000000e+00 7.293779e-05 0.000000e+00 0.000000e+00
11400 134.284755 7.497104 9.500000 0.999188 -0.040299 0.000000 9.531864e-03 2.664540e-04 0.000000e+00 0.000000e+00 0.000000e+00 6.250566e-05 0.000000e+00 0.000000e+00
11450 134.747458 7.509902 9.500000 0.999297 -0.037482 0.000000 9.030588e-03 2.025875e-04 0.000000e+00 0.000000e+00 0.000000e+00 4.873546e-05 0.000000e+00 0.000000e+00
11500 135.213749 7.521755 9.500000 0.999404 -0.034534 0.000000 9.494765e-03 2.847031e-04 0.000000e+00 0.000000e+00 0.000000e+00 5.543601e-05 0.000000e+00 0.000000e+00
11550 135.679757 7.537017 9.500000 0.999505 -0.031460 0.000000 9.021606e-03 2.843208e-04 0.000000e+00 0.000000e+00 0.000000e+00 6.432829e-05 0.000000e+00 0.000000e+00
11600 136.143493 7.551016 9.500000 0.999600 -0.028291 0.000000 9.339257e-03 3.034255e-04 0.000000e+00 0.000000e+00 0.000000e+00 5.654211e-05 0.000000e+00 0.000000e+00
11650 136.610754 7.567615 9.500000 0.999678 -0.025358 0.000000 9.170085e-03 3.881922e-04 0.000000e+00 0.000000e+00 0.000000e+00 9.796410e-05 0.000000e+00 0.000000e+00
11700 137.073357 7.584453 9.500000 0.999756 -0.022097 0.000000 9.379964e-03 2.951775e-04 0.000000e+00 0.000000e+00 0.000000e+00 4.476356e-05 0.000000e+00 0.000000e+00
11750 137.540098 7.601432 9.500000 0.999812 -0.019382 0.000000 9.275609e-03 4.422747e-04 0.000000e+00 0.000000e+00 0.000000e+00 8.951558e-05 0.000000e+00 0.000000e+00
11800 138.002777 7.622311 9.500000 0.999881 -0.015432 0.000000 9.351806e-03 3.471439e-04 0.000000e+00 0.000000e+00 0.000000e+00 4.404349e-05 0.000000e+00 0.000000e+00
11850 138.468005 7.639165 9.500000 0.999909 -0.013469 0.000000 9.207317e-03 4.093426e-04 0.000000e+00 0.000000e+00 0.000000e+00 8.786138e-05 0.000000e+00 0.000000e+00
11900 138.930895 7.664371 9.500000 0.999962 -0.008733 0.000000 9.249445e-03 4.193694e-04 0.000000e+00 0.000000e+00 0.000000e+00 6.030904e-05 0.000000e+00 0.000000e+00
11950 139.396313 7.683227 9.500000 0.999978 -0.006669 0.000000 9.167748e-03 2.847666e-04 0.000000e+00 0.000000e+00 0.000000e+00 1.694982e-05 0.000000e+00 0.000000e+00
12000 139.855788 7.711885 9.500000 0.999996 -0.002714 0.000000 9.235820e-03 5.329945e-04 0.000000e+00 0.000000e+00 0.000000e+00 8.544046e-05 0.000000e+00 0.000000e+00
12050 140.319120 7.735834 9.500000 1.000000 -0.000141 0.000000 9.253745e-03 3.844360e-04 0.000000e+00 0.000000e+00 0.000000e+00 2.559383e-05 0.000000e+00 0.000000e+00
12100 140.777367 7.765036 9.500000 0.999996 0.002877 0.000000 9.149286e-03 5.386695e-04 0.000000e+00 0.000000e+00 0.000000e+00 1.012072e-04 0.000000e+00 0.000000e+00
12150 141.239680 7.791676 9.500000 0.999979 0.006424 0.000000 9.187020e-03 4.683774e-04 0.000000e+00 0.000000e+00 0.000000e+00 3.983869e-05 0.000000e+00 0.000000e+00
12200 141.697605 7.821845 9.500000 0.999954 0.009551 0.000000 9.193202e-03 6.131152e-04 0.000000e+00 0.000000e+00 0.000000e+00 1.218436e-04 0.000000e+00 0.000000e+00
12250 142.158186 7.851484 9.500000 0.999909 0.013462 0.000000 9.235897e-03 5.097071e-04 0.000000e+00 0.000000e+00 0.000000e+00 5.829853e-05 0.000000e+00 0.000000e+00
12300 142.614799 7.883236 9.500000 0.999857 0.016919 0.000000 9.112295e-03 5.935698e-04 0.000000e+00 0.000000e+00 0.000000e+00 7.715351e-05 0.000000e+00 0.000000e+00
12350 143.074811 7.917522 9.500000 0.999782 0.020867 0.000000 9.145936e-03 6.149443e-04 0.000000e+00 0.000000e+00 0.000000e+00 7.120588e-05 0.000000e+00 0.000000e+00
12400 143.531294 7.953276 9.500000 0.999725 0.023456 0.000000 9.089576e-03 5.573807e-04 0.000000e+00 0.000000e+00 0.000000e+00 4.257970e-05 0.000000e+00 0.000000e+00
12450 143.986837 7.992528 9.500000 0.999667 0.025809 0.000000 9.138406e-03 7.105607e-04 0.000000e+00 0.000000e+00 0.000000e+00 4.283986e-05 0.000000e+00 0.000000e+00
12500 144.441271 8.033162 9.500000 0.999599 0.028326 0.000000 9.058541e-03 5.394790e-04 0.000000e+00 0.000000e+00 0.000000e+00 5.276599e-05 0.000000e+00 0.000000e+00
12550 144.897037 8.073484 9.500000 0.999530 0.030671 0.000000 9.161401e-03 7.420377e-04 0.000000e+00 0.000000e+00 0.000000e+00 1.199951e-05 0.000000e+00 0.000000e+00
12600 145.355641 8.118071 9.500000 0.999473 0.032473 0.000000 9.127042e-03 8.434835e-04 0.000000e+00 0.000000e+00 0.000000e+00 1.687381e-05 0.000000e+00 0.000000e+00
12650 145.811334 8.159649 9.500000 0.999452 0.033098 0.000000 9.148094e-03 7.944723e-04 0.000000e+00 0.000000e+00 0.000000e+00 1.280179e-05 0.000000e+00 0.000000e+00
12700 146.271453 8.203679 9.500000 0.999416 0.034160 0.000000 9.163319e-03 8.368418e-04 0.000000e+00 0.000000e+00 0.000000e+00 4.342185e-05 0.000000e+00 0.000000e+00
12750 146.728138 8.244849 9.500000 0.999368 0.035549 0.000000 9.140478e-03 6.463366e-04 0.000000e+00 0.000000e+00 0.000000e+00 -1.775512e-05 0.000000e+00 0.000000e+00
12800 147.189158 8.286968 9.500000 0.999330 0.036607 0.000000 9.206421e-03 8.477017e-04 0.000000e+00 0.000000e+00 0.000000e+00 3.630310e-05 0.000000e+00 0.000000e+00
12850 147.646541 8.330023 9.500000 0.999237 0.039046 0.000000 9.208878e-03 7.000688e-04 0.000000e+00 0.000000e+00 0.000000e+00 -1.161207e-05 0.000000e+00 0.000000e+00
12900 148.109551 8.369385 9.500000 0.999222 0.039438 0.000000 9.215470e-03 8.231456e-04 0.000000e+00 0.000000e+00 0.000000e+00 2.171337e-05 0.000000e+00 0.000000e+00
12950 148.572128 8.413581 9.500000 0.999152 0.041175 0.000000 9.207300e-03 7.878428e-04 0.000000e+00 0.000000e+00 0.000000e+00 2.079434e-08 0.000000e+00 0.000000e+00
13000 149.032584 8.453404 9.500000 0.999107 0.042263 0.000000 9.361374e-03 8.092223e-04 0.000000e+00 0.000000e+00 0.000000e+00 2.264262e-05 0.000000e+00 0.000000e+00
13050 149.499145 8.495313 9.500000 0.999032 0.043991 0.000000 9.273871e-03 8.373175e-04 0.000000e+00 0.000000e+00 0.000000e+00 3.116165e-05 0.000000e+00 0.000000e+00
13100 149.957674 8.535878 9.500000 0.998962 0.045551 0.000000 9.205820e-03 7.062686e-04 0.000000e+00 0.000000e+00 0.000000e+00 2.508864e-05 0.000000e+00 0.000000e+00
13150 150.424422 8.575308 9.500000 0.998900 0.046897 0.000000 9.202483e-03 8.607729e-04 0.000000e+00 0.000000e+00 0.000000e+00 4.767517e-05 0.000000e+00 0.000000e+00
13200 150.884583 8.617889 9.500000 0.998755 0.049876 0.000000 9.277217e-03 8.562121e-04 0.000000e+00 0.000000e+00 0.000000e+00 4.974255e-05 0.000000e+00 0.000000e+00
13250 151.348734 8.656986 9.500000 0.998707 0.050840 0.000000 9.197315e-03 7.148618e-04 0.000000e+00 0.000000e+00 0.000000e+00 -2.189514e-05 0.000000e+00 0.000000e+00
13300 151.808332 8.700577 9.500000 0.998547 0.053882 0.000000 9.181015e-03 9.812510e-04 0.000000e+00 0.000000e+00 0.000000e+00 1.230422e-04 0.000000e+00 0.000000e+00
13350 152.270169 8.742013 9.500000 0.998441 0.055823 0.000000 9.200151e-03 8.611732e-04 0.000000e+00 0.000000e+00 0.000000e+00 3.326709e-05 0.000000e+00 0.000000e+00
13400 152.727691 8.787136 9.500000 0.998322 0.057902 0.000000 9.148663e-03 1.016587e-03 0.000000e+00 0.000000e+00 0.000000e+00 8.626780e-05 0.000000e+00 0.000000e+00
13450 153.187601 8.830003 9.500000 0.998154 0.060729 0.000000 9.190594e-03 8.649407e-04 0.000000e+00 0.000000e+00 0.000000e+00 2.756298e-05 0.000000e+00 0.000000e+00
13500 153.643319 8.875584 9.500000 0.997990 0.063369 0.000000 9.156041e-03 9.941206e-04 0.000000e+00 0.000000e+00 0.000000e+00 6.886556e-05 0.000000e+00 0.000000e+00
13550 154.102260 8.922249 9.500000 0.997791 0.066430 0.000000 9.175892e-03 9.293188e-04 0.000000e+00 0.000000e+00 0.000000e+00 3.551202e-05 0.000000e+00 0.000000e+00
13600 154.557461 8.971534 9.500000 0.997675 0.068157 0.000000 9.087673e-03 1.249965e-03 0.000000e+00 0.000000e+00 0.000000e+00 2.205860e-05 0.000000e+00 0.000000e+00
13650 155.012865 9.021982 9.500000 0.997556 0.069866 0.000000 9.193926e-03 1.076093e-03 0.000000e+00 0.000000e+00 0.000000e+00 4.104780e-05 0.000000e+00 0.000000e+00
13700 155.467234 9.075733 9.500000 0.997467 0.071135 0.000000 8.974536e-03 1.129891e-03 0.000000e+00 0.000000e+00 0.000000e+00 -1.346059e-05 0.000000e+00 0.000000e+00
13750 155.924823 9.127010 9.500000 0.997424 0.071729 0.000000 9.172531e-03 1.039310e-03 0.000000e+00 0.000000e+00 0.000000e+00 -1.614946e-05 0.000000e+00 0.000000e+00
13800 156.384118 9.182431 9.500000 0.997378 0.072364 0.000000 9.162496e-03 1.191710e-03 0.000000e+00 0.000000e+00 0.000000e+00 1.135025e-06 0.000000e+00 0.000000e+00
13850 156.840400 9.231615 9.500000 0.997377 0.072378 0.000000 9.180903e-03 1.005547e-03 0.000000e+00 0.000000e+00 0.000000e+00 -1.785704e-05 0.000000e+00 0.000000e+00
13900 157.302480 9.284602 9.500000 0.997334 0.072971 0.000000 9.203839e-03 1.206431e-03 0.000000e+00 0.000000e+00 0.000000e+00 5.357226e-05 0.000000e+00 0.000000e+00
13950 157.760094 9.334663 9.500000 0.997256 0.074027 0.000000 9.212169e-03 9.054760e-04 0.000000e+00 0.000000e+00 0.000000e+00 -4.465564e-05 0.000000e+00 0.000000e+00
14000 158.223751 9.384107 9.500000 0.997246 0.074164 0.000000 9.360665e-03 1.116972e-03 0.000000e+00 0.000000e+00 0.000000e+00 3.513794e-05 0.000000e+00 0.000000e+00
14050 158.685007 9.435605 9.500000 0.997189 0.074933 0.000000 9.055520e-03 1.002577e-03 0.000000e+00 0.000000e+00 0.000000e+00 1.599986e-05 0.000000e+00 0.000000e+00
14100 159.147413 9.482895 9.500000 0.997168 0.075207 0.000000 9.253366e-03 1.014766e-03 0.000000e+00 0.000000e+00 0.000000e+00 2.871170e-05 0.000000e+00 0.000000e+00
14150 159.613784 9.531817 9.500000 0.997076 0.076422 0.000000 9.176250e-03 1.000350e-03 0.000000e+00 0.000000e+00 0.000000e+00 4.133048e-05 0.000000e+00 0.000000e+00
14200 160.073152 9.579257 9.500000 0.997008 0.077293 0.000000 9.359462e-03 8.996111e-04 0.000000e+00 0.000000e+00 0.000000e+00 1.361785e-05 0.000000e+00 0.000000e+00
14250 160.537816 9.624837 9.500000 0.996941 0.078155 0.000000 9.271599e-03 9.724598e-04 0.000000e+00 0.000000e+00 0.000000e+00 5.023995e-05 0.000000e+00 0.000000e+00
14300 160.998926 9.673960 9.500000 0.996749 0.080572 0.000000 9.311492e-03 8.801708e-04 0.000000e+00 0.000000e+00 0.000000e+00 9.928072e-07 0.000000e+00 0.000000e+00
14350 161.460413 9.718662 9.500000 0.996735 0.080746 0.000000 9.099359e-03 9.360375e-04 0.000000e+00 0.000000e+00 0.000000e+00 1.572661e-05 0.000000e+00 0.000000e+00
14400 161.918711 9.770759 9.500000 0.996514 0.083425 0.000000 9.257479e-03 9.377637e-04 0.000000e+00 0.000000e+00 0.000000e+00 3.560934e-05 0.000000e+00 0.000000e+00
14450 162.378496 9.816729 9.500000 0.996401 0.084763 0.000000 9.135977e-03 9.091105e-04 0.000000e+00 0.000000e+00 0.000000e+00 2.836214e-05 0.000000e+00 0.000000e+00
14500 162.834913 9.867179 9.500000 0.996186 0.087255 0.000000 9.176536e-03 9.485247e-04 0.000000e+00 0.000000e+00 0.000000e+00 5.237734e-05 0.000000e+00 0.000000e+00
14550 163.293585 9.917059 9.500000 0.996035 0.088961 0.000000 9.109672e-03 9.020397e-04 0.000000e+00 0.000000e+00 0.000000e+00 6.774873e-06 0.000000e+00 0.000000e+00
14600 163.747219 9.971434 9.500000 0.995910 0.090348 0.000000 9.173923e-03 9.481129e-04 0.000000e+00 0.000000e+00 0.000000e+00 2.026329e-05 0.000000e+00 0.000000e+00
14650 164.203363 10.024817 9.500000 0.995792 0.091643 0.000000 9.046308e-03 1.012636e-03 0.000000e+00 0.000000e+00 0.000000e+00 2.532484e-05 0.000000e+00 0.000000e+00
14700 164.656000 10.078063 9.500000 0.995661 0.093055 0.000000 9.105614e-03 9.220775e-04 0.000000e+00 0.000000e+00 0.000000e+00 1.651165e-05 0.000000e+00 0.000000e+00
14750 165.116661 10.132881 9.500000 0.995652 0.093151 0.000000 9.233731e-03 1.147827e-03 0.000000e+00 0.000000e+00 0.000000e+00 2.425866e-05 0.000000e+00 0.000000e+00
14800 165.573977 10.190636 9.500000 0.995598 0.093725 0.000000 9.089504e-03 9.587456e-04 0.000000e+00 0.000000e+00 0.000000e+00 1.848499e-06 0.000000e+00 0.000000e+00
14850 166.034690 10.242748 9.500000 0.995674 0.092910 0.000000 9.368009e-03 1.069254e-03 0.000000e+00 0.000000e+00 0.000000e+00 -9.639075e-06 0.000000e+00 0.000000e+00
14900 166.494216 10.300003 9.500000 0.995558 0.094155 0.000000 9.076614e-03 9.411774e-04 0.000000e+00 0.000000e+00 0.000000e+00 2.181419e-05 0.000000e+00 0.000000e+00
14950 166.954051 10.348344 9.500000 0.995664 0.093019 0.000000 9.306727e-03 1.032555e-03 0.000000e+00 0.000000e+00 0.000000e+00 -4.892951e-06 0.000000e+00 0.000000e+00
15000 167.419882 10.403990 9.500000 0.995573 0.093994 0.000000 9.155213e-03 9.839799e-04 0.000000e+00 0.000000e+00 0.000000e+00 2.354852e-06 0.000000e+00 0.000000e+00
15050 167.879167 10.453804 9.500000 0.995627 0.093422 0.000000 9.314261e-03 9.365332e-04 0.000000e+00 0.000000e+00 0.000000e+00 -1.354662e-05 0.000000e+00 0.000000e+00
15100 168.347722 10.503814 9.500000 0.995621 0.093485 0.000000 9.328814e-03 1.000162e-03 0.000000e+00 0.000000e+00 0.000000e+00 9.738730e-06 0.000000e+00 0.000000e+00
15150 168.806630 10.553868 9.500000 0.995539 0.094353 0.000000 9.225413e-03 1.020553e-03 0.000000e+00 0.000000e+00 0.000000e+00 1.502000e-05 0.000000e+00 0.000000e+00
15200 169.272111 10.601687 9.500000 0.995545 0.094288 0.000000 9.427947e-03 9.032280e-04 0.000000e+00 0.000000e+00 0.000000e+00 -2.945885e-05 0.000000e+00 0.000000e+00
15250 169.733919 10.649609 9.500000 0.995431 0.095483 0.000000 9.258912e-03 1.118844e-03 0.000000e+00 0.000000e+00 0.000000e+00 6.304929e-05 0.000000e+00 0.000000e+00
15300 170.196733 10.697896 9.500000 0.995313 0.096703 0.000000 9.250841e-03 9.323251e-04 0.000000e+00 0.000000e+00 0.000000e+00 1.170320e-05 0.000000e+00 0.000000e+00
15350 170.655792 10.746576 9.500000 0.995286 0.096979 0.000000 9.209939e-03 1.184311e-03 0.000000e+00 0.000000e+00 0.000000e+00 6.709140e-05 0.000000e+00 0.000000e+00
15400 171.116966 10.795570 9.500000 0.995075 0.099124 0.000000 9.205815e-03 8.673994e-04 0.000000e+00 0.000000e+00 0.000000e+00 5.552433e-06 0.000000e+00 0.000000e+00
15450 171.573691 10.844097 9.500000 0.994967 0.100206 0.000000 9.099194e-03 1.134494e-03 0.000000e+00 0.000000e+00 0.000000e+00 5.779331e-05 0.000000e+00 0.000000e+00
15500 172.032192 10.894416 9.500000 0.994713 0.102691 0.000000 9.260614e-03 1.026568e-03 0.000000e+00 0.000000e+00 0.000000e+00 2.369357e-05 0.000000e+00 0.000000e+00
15550 172.488775 10.945188 9.500000 0.994630 0.103494 0.000000 9.048483e-03 1.313204e-03 0.000000e+00 0.000000e+00 0.000000e+00 2.824672e-05 0.000000e+00 0.000000e+00
15600 172.944802 10.998195 9.500000 0.994546 0.104295 0.000000 9.125309e-03 1.101811e-03 0.000000e+00 0.000000e+00 0.000000e+00 2.797484e-05 0.000000e+00 0.000000e+00
15650 173.399443 11.051991 9.500000 0.994434 0.105361 0.000000 9.087682e-03 1.208239e-03 0.000000e+00 0.000000e+00 0.000000e+00 1.658507e-05 0.000000e+00 0.000000e+00
15700 173.856648 11.104219 9.500000 0.994396 0.105723 0.000000 9.233196e-03 1.115501e-03 0.000000e+00 0.000000e+00 0.000000e+00 -6.538687e-06 0.000000e+00 0.000000e+00
15750 174.318118 11.160176 9.500000 0.994429 0.105411 0.000000 9.201322e-03 1.243532e-03 0.000000e+00 0.000000e+00 0.000000e+00 -1.688746e-05 0.000000e+00 0.000000e+00
15800 174.775665 11.212067 9.500000 0.994503 0.104711 0.000000 9.154060e-03 1.124897e-03 0.000000e+00 0.000000e+00 0.000000e+00 -2.211017e-05 0.000000e+00 0.000000e+00
15850 175.238330 11.265362 9.500000 0.994571 0.104064 0.000000 9.267774e-03 1.131978e-03 0.000000e+00 0.000000e+00 0.000000e+00 -3.068805e-06 0.000000e+00 0.000000e+00
15900 175.696994 11.317358 9.500000 0.994505 0.104686 0.000000 9.303453e-03 9.692524e-04 0.000000e+00 0.000000e+00 0.000000e+00 -3.735204e-05 0.000000e+00 0.000000e+00
15950 176.161341 11.366472 9.500000 0.994639 0.103407 0.000000 9.311848e-03 1.039192e-03 0.000000e+00 0.000000e+00 0.000000e+00 -2.407632e-05 0.000000e+00 0.000000e+00
16000 176.625122 11.418419 9.500000 0.994643 0.103368 0.000000 9.190263e-03 1.010726e-03 0.000000e+00 0.000000e+00 0.000000e+00 -4.307601e-06 0.000000e+00 0.000000e+00
16050 177.087868 11.466280 9.500000 0.994719 0.102640 0.000000 9.221566e-03 9.493105e-04 0.000000e+00 0.000000e+00 0.000000e+00 -9.259150e-06 0.000000e+00 0.000000e+00
16100 177.555521 11.514256 9.500000 0.994703 0.102790 0.000000 9.294502e-03 9.612849e-04 0.000000e+00 0.000000e+00 0.000000e+00 7.674264e-06 0.000000e+00 0.000000e+00
16150 178.015476 11.561476 9.500000 0.994716 0.102668 0.000000 9.346011e-03 9.032741e-04 0.000000e+00 0.000000e+00 0.000000e+00 6.783250e-06 0.000000e+00 0.000000e+00
16200 178.482149 11.605731 9.500000 0.994738 0.102453 0.000000 9.266266e-03 9.649769e-04 0.000000e+00 0.000000e+00 0.000000e+00 4.141993e-05 0.000000e+00 0.000000e+00
16250 178.944082 11.653391 9.500000 0.994565 0.104116 0.000000 9.264702e-03 8.706022e-04 0.000000e+00 0.000000e+00 0.000000e+00 -5.008180e-06 0.000000e+00 0.000000e+00
16300 179.407784 11.695491 9.500000 0.994638 0.103419 0.000000 9.157298e-03 7.747163e-04 0.000000e+00 0.000000e+00 0.000000e+00 -2.746828e-05 0.000000e+00 0.000000e+00
16350 179.867112 11.745029 9.500000 0.994465 0.105067 0.000000 9.223375e-03 8.792124e-04 0.000000e+00 0.000000e+00 0.000000e+00 2.985001e-05 0.000000e+00 0.000000e+00
16400 180.328567 11.787759 9.500000 0.994423 0.105465 0.000000 9.190898e-03 7.814176e-04 0.000000e+00 0.000000e+00 0.000000e+00 1.131731e-05 0.000000e+00 0.000000e+00
16450 180.786440 11.834801 9.500000 0.994270 0.106895 0.000000 9.153361e-03 7.770306e-04 0.000000e+00 0.000000e+00 0.000000e+00 1.440478e-05 0.000000e+00 0.000000e+00
16500 181.245880 11.878910 9.500000 0.994138 0.108116 0.000000 9.138758e-03 7.819421e-04 0.000000e+00 0.000000e+00 0.000000e+00 1.981805e-05 0.000000e+00 0.000000e+00
16550 181.701072 11.925815 9.500000 0.993930 0.110017 0.000000 9.110220e-03 8.217290e-04 0.000000e+00 0.000000e+00 0.000000e+00 1.118946e-05 0.000000e+00 0.000000e+00
16600 182.160153 11.973027 9.500000 0.993812 0.111075 0.000000 9.203539e-03 8.928167e-04 0.000000e+00 0.000000e+00 0.000000e+00 1.339360e-05 0.000000e+00 0.000000e+00
16650 182.614564 12.022565 9.500000 0.993728 0.111822 0.000000 9.010476e-03 7.268425e-04 0.000000e+00 0.000000e+00 0.000000e+00 2.212943e-05 0.000000e+00 0.000000e+00
16700 183.073727 12.071864 9.500000 0.993715 0.111939 0.000000 9.212204e-03 9.749862e-04 0.000000e+00 0.000000e+00 0.000000e+00 -1.411868e-05 0.000000e+00 0.000000e+00
16750 183.531886 12.124291 9.500000 0.993754 0.111590 0.000000 9.036611e-03 8.322391e-04 0.000000e+00 0.000000e+00 0.000000e+00 3.958461e-06 0.000000e+00 0.000000e+00
16800 183.992093 12.173013 9.500000 0.993911 0.110182 0.000000 9.319462e-03 1.011933e-03 0.000000e+00 0.000000e+00 0.000000e+00 -4.342237e-05 0.000000e+00 0.000000e+00
16850 184.454152 12.225128 9.500000 0.993943 0.109896 0.000000 9.187645e-03 9.184382e-04 0.000000e+00 0.000000e+00 0.000000e+00 2.160412e-05 0.000000e+00 0.000000e+00
16900 184.913332 12.268815 9.500000 0.994098 0.108490 0.000000 9.274277e-03 9.189538e-04 0.000000e+00 0.000000e+00 0.000000e+00 -2.298290e-05 0.000000e+00 0.000000e+00
16950 185.378435 12.319086 9.500000 0.994097 0.108492 0.000000 9.201913e-03 1.017806e-03 0.000000e+00 0.000000e+00 0.000000e+00 4.565735e-05 0.000000e+00 0.000000e+00
17000 185.839197 12.362749 9.500000 0.994250 0.107088 0.000000 9.271626e-03 8.105180e-04 0.000000e+00 0.000000e+00 0.000000e+00 -5.571839e-05 0.000000e+00 0.000000e+00
17050 186.307497 12.408951 9.500000 0.994295 0.106662 0.000000 9.486861e-03 9.215996e-04 0.000000e+00 0.000000e+00 0.000000e+00 4.714500e-07 0.000000e+00 0.000000e+00
17100 186.768334 12.452589 9.500000 0.994385 0.105820 0.000000 9.214725e-03 8.491143e-04 0.000000e+00 0.000000e+00 0.000000e+00 -2.761906e-05 0.000000e+00 0.000000e+00
17150 187.235527 12.495051 9.500000 0.994478 0.104949 0.000000 9.539705e-03 7.782182e-04 0.000000e+00 0.000000e+00 0.000000e+00 -1.615621e-05 0.000000e+00 0.000000e+00
17200 187.700739 12.536519 9.500000 0.994482 0.104905 0.000000 8.987557e-03 8.623033e-04 0.000000e+00 0.000000e+00 0.000000e+00 1.683625e-05 0.000000e+00 0.000000e+00
17250 188.164846 12.577410 9.500000 0.994548 0.104283 0.000000 9.353332e-03 7.952442e-04 0.000000e+00 0.000000e+00 0.000000e+00 -2.118673e-05 0.000000e+00 0.000000e+00
17300 188.631206 12.616051 9.500000 0.994556 0.104205 0.000000 9.214998e-03 7.949553e-04 0.000000e+00 0.000000e+00 0.000000e+00 1.779449e-05 0.000000e+00 0.000000e+00
17350 189.094807 12.656446 9.500000 0.994521 0.104542 0.000000 9.337591e-03 7.821404e-04 0.000000e+00 0.000000e+00 0.000000e+00 -8.726726e-06 0.000000e+00 0.000000e+00
17400 189.557056 12.693548 9.500000 0.994613 0.103661 0.000000 9.173245e-03 9.340061e-04 0.000000e+00 0.000000e+00 0.000000e+00 -3.326507e-06 0.000000e+00 0.000000e+00
17450 190.019725 12.735414 9.500000 0.994461 0.105108 0.000000 9.377167e-03 7.529663e-04 0.000000e+00 0.000000e+00 0.000000e+00 -8.876244e-06 0.000000e+00 0.000000e+00
17500 190.480563 12.771419 9.500000 0.994531 0.104442 0.000000 9.112399e-03 8.884604e-04 0.000000e+00 0.000000e+00 0.000000e+00 -1.900415e-05 0.000000e+00 0.000000e+00
17550 190.939899 12.812637 9.500000 0.994362 0.106041 0.000000 9.278572e-03 7.288942e-04 0.000000e+00 0.000000e+00 0.000000e+00 3.480266e-05 0.000000e+00 0.000000e+00
17600 191.400418 12.848350 9.500000 0.994309 0.106538 0.000000 9.154884e-03 8.536268e-04 0.000000e+00 0.000000e+00 0.000000e+00 -1.087856e-06 0.000000e+00 0.000000e+00
17650 191.857961 12.887659 9.500000 0.994132 0.108171 0.000000 9.244385e-03 8.952454e-04 0.000000e+00 0.000000e+00 0.000000e+00 2.603979e-05 0.000000e+00 0.000000e+00
17700 192.318430 12.926555 9.500000 0.994092 0.108539 0.000000 9.103148e-03 8.529644e-04 0.000000e+00 0.000000e+00 0.000000e+00 -5.750405e-06 0.000000e+00 0.000000e+00
17750 192.774429 12.969116 9.500000 0.994062 0.108816 0.000000 9.241803e-03 9.313022e-04 0.000000e+00 0.000000e+00 0.000000e+00 -2.080837e-05 0.000000e+00 0.000000e+00
17800 193.232109 13.009288 9.500000 0.994043 0.108986 0.000000 9.132151e-03 9.749675e-04 0.000000e+00 0.000000e+00 0.000000e+00 1.499536e-05 0.000000e+00 0.000000e+00
17850 193.686680 13.049152 9.500000 0.993988 0.109486 0.000000 9.177505e-03 9.835828e-04 0.000000e+00 0.000000e+00 0.000000e+00 1.846403e-05 0.000000e+00 0.000000e+00
17900 194.149040 13.090803 9.500000 0.994088 0.108576 0.000000 9.242895e-03 9.782909e-04 0.000000e+00 0.000000e+00 0.000000e+00 1.421284e-05 0.000000e+00 0.000000e+00
17950 194.607561 13.133068 9.500000 0.994194 0.107607 0.000000 9.199163e-03 9.096099e-04 0.000000e+00 0.000000e+00 0.000000e+00 -3.400643e-05 0.000000e+00 0.000000e+00
18000 195.070183 13.173490 9.500000 0.994397 0.105707 0.000000 9.291957e-03 8.767676e-04 0.000000e+00 0.000000e+00 0.000000e+00 -2.741558e-05 0.000000e+00 0.000000e+00
18050 195.531541 13.215096 9.500000 0.994449 0.105220 0.000000 9.094868e-03 7.707636e-04 0.000000e+00 0.000000e+00 0.000000e+00 -9.726557e-06 0.000000e+00 0.000000e+00
18100 195.993571 13.250287 9.500000 0.994658 0.103227 0.000000 9.391802e-03 8.059499e-04 0.000000e+00 0.000000e+00 0.000000e+00 -2.875152e-05 0.000000e+00 0.000000e+00
18150 196.457002 13.291439 9.500000 0.994661 0.103196 0.000000 9.093355e-03 8.407532e-04 0.000000e+00 0.000000e+00 0.000000e+00 2.175784e-05 0.000000e+00 0.000000e+00
18200 196.918277 13.323197 9.500000 0.994881 0.101058 0.000000 9.320754e-03 7.171650e-04 0.000000e+00 0.000000e+00 0.000000e+00 -3.706031e-05 0.000000e+00 0.000000e+00
18250 197.386273 13.362563 9.500000 0.994912 0.100748 0.000000 9.252781e-03 8.569830e-04 0.000000e+00 0.000000e+00 0.000000e+00 -2.471899e-06 0.000000e+00 0.000000e+00
18300 197.848501 13.395502 9.500000 0.995123 0.098643 0.000000 9.281520e-03 6.090351e-04 0.000000e+00 0.000000e+00 0.000000e+00 -8.556899e-05 0.000000e+00 0.000000e+00
18350 198.318379 13.429758 9.500000 0.995204 0.097816 0.000000 9.486782e-03 7.767183e-04 0.000000e+00 0.000000e+00 0.000000e+00 9.710307e-06 0.000000e+00 0.000000e+00
18400 198.780256 13.461756 9.500000 0.995330 0.096530 0.000000 9.234626e-03 6.672933e-04 0.000000e+00 0.000000e+00 0.000000e+00 -2.256276e-05 0.000000e+00 0.000000e+00
18450 199.248961 13.492939 9.500000 0.995449 0.095295 0.000000 9.594566e-03 5.870056e-04 0.000000e+00 0.000000e+00 0.000000e+00 -3.681122e-05 0.000000e+00 0.000000e+00
18500 199.714652 13.522674 9.500000 0.995503 0.094733 0.000000 9.074097e-03 6.219755e-04 0.000000e+00 0.000000e+00 0.000000e+00 -6.159182e-06 0.000000e+00 0.000000e+00
18550 200.180162 13.552037 9.500000 0.995611 0.093590 0.000000 9.428144e-03 5.206188e-04 0.000000e+00 0.000000e+00 0.000000e+00 -3.636795e-05 0.000000e+00 0.000000e+00
18600 200.648129 13.579274 9.500000 0.995655 0.093117 0.000000 9.221394e-03 5.053135e-04 0.000000e+00 0.000000e+00 0.000000e+00 -1.490257e-05 0.000000e+00 0.000000e+00
18650 201.112282 13.607787 9.500000 0.995711 0.092515 0.000000 9.274436e-03 5.205726e-04 0.000000e+00 0.000000e+00 0.000000e+00 -1.754716e-05 0.000000e+00 0.000000e+00
18700 201.578358 13.632264 9.500000 0.995793 0.091636 0.000000 9.281776e-03 5.269040e-04 0.000000e+00 0.000000e+00 0.000000e+00 6.187111e-07 0.000000e+00 0.000000e+00
18750 202.043197 13.660004 9.500000 0.995757 0.092016 0.000000 9.434536e-03 4.441959e-04 0.000000e+00 0.000000e+00 0.000000e+00 -3.437099e-05 0.000000e+00 0.000000e+00
18800 202.506904 13.682550 9.500000 0.995892 0.090545 0.000000 9.206385e-03 5.632457e-04 0.000000e+00 0.000000e+00 0.000000e+00 -1.539269e-05 0.000000e+00 0.000000e+00
18850 202.970112 13.711531 9.500000 0.995804 0.091513 0.000000 9.310224e-03 4.080914e-04 0.000000e+00 0.000000e+00 0.000000e+00 -2.856779e-05 0.000000e+00 0.000000e+00
18900 203.433475 13.733386 9.500000 0.995931 0.090124 0.000000 9.192872e-03 3.898331e-04 0.000000e+00 0.000000e+00 0.000000e+00 -3.120903e-05 0.000000e+00 0.000000e+00
18950 203.893857 13.761637 9.500000 0.995856 0.090940 0.000000 9.336805e-03 4.782908e-04 0.000000e+00 0.000000e+00 0.000000e+00 -3.565294e-06 0.000000e+00 0.000000e+00
19000 204.356796 13.782977 9.500000 0.995902 0.090442 0.000000 9.245600e-03 3.030552e-04 0.000000e+00 0.000000e+00 0.000000e+00 -1.296783e-05 0.000000e+00 0.000000e+00
19050 204.816205 13.808942 9.500000 0.995856 0.090940 0.000000 9.159969e-03 4.229520e-04 0.000000e+00 0.000000e+00 0.000000e+00 -4.832979e-06 0.000000e+00 0.000000e+00
19100 205.278440 13.830310 9.500000 0.995849 0.091026 0.000000 9.180762e-03 2.891176e-04 0.000000e+00 0.000000e+00 0.000000e+00 -8.005203e-06 0.000000e+00 0.000000e+00
19150 205.736499 13.855015 9.500000 0.995782 0.091747 0.000000 9.164778e-03 3.755813e-04 0.000000e+00 0.000000e+00 0.000000e+00 2.791657e-05 0.000000e+00 0.000000e+00
19200 206.197612 13.877383 9.500000 0.995738 0.092228 0.000000 9.229238e-03 3.520488e-04 0.000000e+00 0.000000e+00 0.000000e+00 -6.389902e-06 0.000000e+00 0.000000e+00
19250 206.653765 13.900920 9.500000 0.995658 0.093085 0.000000 9.126897e-03 4.088288e-04 0.000000e+00 0.000000e+00 0.000000e+00 2.607267e-05 0.000000e+00 0.000000e+00
19300 207.115628 13.924543 9.500000 0.995621 0.093480 0.000000 9.223286e-03 3.877550e-04 0.000000e+00 0.000000e+00 0.000000e+00 -2.540800e-05 0.000000e+00 0.000000e+00
19350 207.572973 13.949603 9.500000 0.995663 0.093031 0.000000 9.062798e-03 2.971782e-04 0.000000e+00 0.000000e+00 0.000000e+00 -2.341526e-05 0.000000e+00 0.000000e+00
19400 208.032283 13.974789 9.500000 0.995704 0.092589 0.000000 9.293391e-03 4.069647e-04 0.000000e+00 0.000000e+00 0.000000e+00 -1.909108e-05 0.000000e+00 0.000000e+00
19450 208.488663 13.999794 9.500000 0.995752 0.092080 0.000000 9.115683e-03 1.771367e-04 0.000000e+00 0.000000e+00 0.000000e+00 -2.432182e-06 0.000000e+00 0.000000e+00
19500 208.946184 14.023750 9.500000 0.995791 0.091654 0.000000 9.160472e-03 3.460780e-04 0.000000e+00 0.000000e+00 0.000000e+00 -5.584901e-06 0.000000e+00 0.000000e+00
19550 209.403933 14.049054 9.500000 0.995849 0.091023 0.000000 9.161246e-03 1.982353e-04 0.000000e+00 0.000000e+00 0.000000e+00 -2.589468e-05 0.000000e+00 0.000000e+00
19600 209.862486 14.071497 9.500000 0.995924 0.090201 0.000000 9.251240e-03 3.124758e-04 0.000000e+00 0.000000e+00 0.000000e+00 -3.274699e-05 0.000000e+00 0.000000e+00
19650 210.324968 14.097436 9.500000 0.996047 0.088824 0.000000 9.132192e-03 3.849517e-04 0.000000e+00 0.000000e+00 0.000000e+00 -3.331917e-05 0.000000e+00 0.000000e+00
19700 210.783937 14.120643 9.500000 0.996245 0.086581 0.000000 9.310026e-03 4.048571e-04 0.000000e+00 0.000000e+00 0.000000e+00 -4.621186e-05 0.000000e+00 0.000000e+00
19750 211.247740 14.144761 9.500000 0.996433 0.084390 0.000000 9.234918e-03 4.684943e-04 0.000000e+00 0.000000e+00 0.000000e+00 -1.069275e-05 0.000000e+00 0.000000e+00
19800 211.707648 14.165761 9.500000 0.996604 0.082339 0.000000 9.192466e-03 2.568370e-04 0.000000e+00 0.000000e+00 0.000000e+00 -4.200447e-05 0.000000e+00 0.000000e+00
19850 212.171871 14.187116 9.500000 0.996809 0.079827 0.000000 9.286089e-03 4.178495e-04 0.000000e+00 0.000000e+00 0.000000e+00 -2.274519e-05 0.000000e+00 0.000000e+00
19900 212.632730 14.206773 9.500000 0.996906 0.078607 0.000000 9.189644e-03 1.574856e-04 0.000000e+00 0.000000e+00 0.000000e+00 -6.581725e-05 0.000000e+00 0.000000e+00
19950 213.097544 14.223612 9.500000 0.997125 0.075779 0.000000 9.304127e-03 4.637056e-04 0.000000e+00 0.000000e+00 0.000000e+00 -2.024854e-05 0.000000e+00 0.000000e+00
20000 213.559217 14.242764 9.500000 0.997187 0.074956 0.000000 9.158566e-03 1.619774e-04 0.000000e+00 0.000000e+00 0.000000e+00 -4.780139e-05 0.000000e+00 0.000000e+00
20050 214.023234 14.255486 9.500000 0.997403 0.072019 0.000000 9.434244e-03 2.779135e-04 0.000000e+00 0.000000e+00 0.000000e+00 -3.863968e-05 0.000000e+00 0.000000e+00
20100 214.486708 14.273644 9.500000 0.997448 0.071397 0.000000 9.133303e-03 1.710068e-04 0.000000e+00 0.000000e+00 0.000000e+00 1.577167e-05 0.000000e+00 0.000000e+00
20150 214.948507 14.282902 9.500000 0.997645 0.068590 0.000000 9.384612e-03 2.551173e-04 0.000000e+00 0.000000e+00 0.000000e+00 -3.634846e-05 0.000000e+00 0.000000e+00
20200 215.414348 14.298869 9.500000 0.997692 0.067902 0.000000 9.202202e-03 2.465709e-04 0.000000e+00 0.000000e+00 0.000000e+00 2.945235e-05 0.000000e+00 0.000000e+00
20250 215.875659 14.306886 9.500000 0.997866 0.065290 0.000000 9.346402e-03 1.981151e-04 0.000000e+00 0.000000e+00 0.000000e+00 -7.478228e-05 0.000000e+00 0.000000e+00
20300 216.344092 14.321368 9.500000 0.997962 0.063806 0.000000 9.311077e-03 2.994119e-04 0.000000e+00 0.000000e+00 0.000000e+00 2.182134e-05 0.000000e+00 0.000000e+00
20350 216.806800 14.329822 9.500000 0.998111 0.061444 0.000000 9.299005e-03 4.427486e-05 0.000000e+00 0.000000e+00 0.000000e+00 -8.867253e-05 0.000000e+00 0.000000e+00
20400 217.275290 14.340508 9.500000 0.998229 0.059486 0.000000 9.431494e-03 2.081059e-04 0.000000e+00 0.000000e+00 0.000000e+00 -1.230967e-05 0.000000e+00 0.000000e+00
20450 217.738758 14.349386 9.500000 0.998331 0.057753 0.000000 9.331639e-03 -1.799287e-05 0.000000e+00 0.000000e+00 0.000000e+00 -7.987184e-05 0.000000e+00 0.000000e+00
20500 218.206410 14.355913 9.500000 0.998472 0.055255 0.000000 9.357696e-03 1.777429e-04 0.000000e+00 0.000000e+00 0.000000e+00 -2.503109e-05 0.000000e+00 0.000000e+00
20550 218.671449 14.364190 9.500000 0.998545 0.053924 0.000000 9.229131e-03 5.820684e-05 0.000000e+00 0.000000e+00 0.000000e+00 -5.793623e-05 0.000000e+00 0.000000e+00
20600 219.138606 14.367969 9.500000 0.998685 0.051266 0.000000 9.356557e-03 1.043723e-04 0.000000e+00 0.000000e+00 0.000000e+00 -3.900469e-05 0.000000e+00 0.000000e+00
20650 219.605171 14.374396 9.500000 0.998753 0.049929 0.000000 9.251438e-03 4.025252e-05 0.000000e+00 0.000000e+00 0.000000e+00 -5.652555e-05 0.000000e+00 0.000000e+00
20700 220.071179 14.376222 9.500000 0.998882 0.047266 0.000000 9.380477e-03 5.824218e-05 0.000000e+00 0.000000e+00 0.000000e+00 -2.411076e-05 0.000000e+00 0.000000e+00
20750 220.538629 14.380903 9.500000 0.998942 0.045997 0.000000 9.315404e-03 -4.884077e-05 0.000000e+00 0.000000e+00 0.000000e+00 -6.353456e-05 0.000000e+00 0.000000e+00
20800 221.003408 14.380344 9.500000 0.999066 0.043212 0.000000 9.376190e-03 4.712762e-05 0.000000e+00 0.000000e+00 0.000000e+00 -2.047475e-05 0.000000e+00 0.000000e+00
20850 221.471702 14.383784 9.500000 0.999106 0.042279 0.000000 9.269824e-03 -4.362016e-05 0.000000e+00 0.000000e+00 0.000000e+00 -5.645444e-05 0.000000e+00 0.000000e+00
20900 221.936376 14.381018 9.500000 0.999232 0.039172 0.000000 9.270499e-03 -7.005048e-05 0.000000e+00 0.000000e+00 0.000000e+00 -6.461798e-05 0.000000e+00 0.000000e+00
20950 222.405195 14.382784 9.500000 0.999264 0.038371 0.000000 9.233166e-03 -1.906061e-05 0.000000e+00 0.000000e+00 0.000000e+00 -2.098398e-05 0.000000e+00 0.000000e+00
21000 222.869087 14.378229 9.500000 0.999381 0.035193 0.000000 9.345723e-03 -1.213098e-04 0.000000e+00 0.000000e+00 0.000000e+00 -6.547713e-05 0.000000e+00 0.000000e+00
21050 223.338314 14.377105 9.500000 0.999420 0.034048 0.000000 9.380927e-03 3.164976e-05 0.000000e+00 0.000000e+00 0.000000e+00 3.182070e-06 0.000000e+00 0.000000e+00
21100 223.801793 14.372372 9.500000 0.999507 0.031406 0.000000 9.345379e-03 -2.294288e-04 0.000000e+00 0.000000e+00 0.000000e+00 -9.058337e-05 0.000000e+00 0.000000e+00
21150 224.269960 14.368156 9.500000 0.999558 0.029713 0.000000 9.443527e-03 -2.872585e-05 0.000000e+00 0.000000e+00 0.000000e+00 3.345613e-05 0.000000e+00 0.000000e+00
21200 224.734097 14.363380 9.500000 0.999615 0.027733 0.000000 9.307799e-03 -2.394851e-04 0.000000e+00 0.000000e+00 0.000000e+00 -7.838456e-05 0.000000e+00 0.000000e+00
21250 225.201422 14.356171 9.500000 0.999681 0.025263 0.000000 9.350319e-03 -1.078694e-04 0.000000e+00 0.000000e+00 0.000000e+00 -3.514905e-05 0.000000e+00 0.000000e+00
21300 225.665829 14.350765 9.500000 0.999715 0.023853 0.000000 9.200415e-03 -2.194486e-04 0.000000e+00 0.000000e+00 0.000000e+00 -5.310785e-05 0.000000e+00 0.000000e+00
21350 226.132934 14.341018 9.500000 0.999778 0.021062 0.000000 9.331836e-03 -1.930021e-04 0.000000e+00 0.000000e+00 0.000000e+00 -3.644000e-05 0.000000e+00 0.000000e+00
21400 226.597392 14.334633 9.500000 0.999801 0.019969 0.000000 9.247330e-03 -3.269105e-04 0.000000e+00 0.000000e+00 0.000000e+00 -8.000141e-05 0.000000e+00 0.000000e+00
21450 227.063877 14.322339 9.500000 0.999859 0.016799 0.000000 9.351239e-03 -1.290285e-04 0.000000e+00 0.000000e+00 0.000000e+00 -1.730043e-05 0.000000e+00 0.000000e+00
21500 227.528121 14.314659 9.500000 0.999873 0.015931 0.000000 9.244658e-03 -3.971412e-04 0.000000e+00 0.000000e+00 0.000000e+00 -3.981726e-05 0.000000e+00 0.000000e+00
21550 227.992311 14.299442 9.500000 0.999921 0.012543 0.000000 9.425846e-03 -2.149979e-04 0.000000e+00 0.000000e+00 0.000000e+00 -3.160855e-05 0.000000e+00 0.000000e+00
21600 228.457380 14.290030 9.500000 0.999931 0.011745 0.000000 9.109492e-03 -3.403290e-04 0.000000e+00 0.000000e+00 0.000000e+00 3.166035e-05 0.000000e+00 0.000000e+00
21650 228.918619 14.272112 9.500000 0.999962 0.008682 0.000000 9.268698e-03 -2.693851e-04 0.000000e+00 0.000000e+00 0.000000e+00 -4.794690e-05 0.000000e+00 0.000000e+00
21700 229.383611 14.260317 9.500000 0.999972 0.007530 0.000000 9.258322e-03 -3.165844e-04 0.000000e+00 0.000000e+00 0.000000e+00 1.868294e-05 0.000000e+00 0.000000e+00
21750 229.843250 14.241800 9.500000 0.999987 0.005087 0.000000 9.256352e-03 -4.245530e-04 0.000000e+00 0.000000e+00 0.000000e+00 -7.552544e-05 0.000000e+00 0.000000e+00
21800 230.307812 14.228056 9.500000 0.999995 0.003202 0.000000 9.300755e-03 -3.795508e-04 0.000000e+00 0.000000e+00 0.000000e+00 -2.243772e-05 0.000000e+00 0.000000e+00
21850 230.768056 14.209416 9.500000 0.999999 0.001043 0.000000 9.196766e-03 -4.720257e-04 0.000000e+00 0.000000e+00 0.000000e+00 -3.863145e-05 0.000000e+00 0.000000e+00
21900 231.231545 14.193624 9.500000 0.999999 -0.001402 0.000000 9.208747e-03 -4.184697e-04 0.000000e+00 0.000000e+00 0.000000e+00 -4.734064e-05 0.000000e+00 0.000000e+00
21950 231.691181 14.174331 9.500000 0.999994 -0.003531 0.000000 9.192897e-03 -5.817715e-04 0.000000e+00 0.000000e+00 0.000000e+00 -9.872069e-05 0.000000e+00 0.000000e+00
22000 232.153651 14.155872 9.500000 0.999980 -0.006384 0.000000 9.247169e-03 -3.752611e-04 0.000000e+00 0.000000e+00 0.000000e+00 -3.191481e-05 0.000000e+00 0.000000e+00
22050 232.612695 14.135728 9.500000 0.999962 -0.008688 0.000000 9.195923e-03 -5.787653e-04 0.000000e+00 0.000000e+00 0.000000e+00 -5.714455e-05 0.000000e+00 0.000000e+00
22100 233.074234 14.113570 9.500000 0.999931 -0.011786 0.000000 9.258997e-03 -4.574079e-04 0.000000e+00 0.000000e+00 0.000000e+00 -2.853098e-05 0.000000e+00 0.000000e+00
22150 233.533588 14.091909 9.500000 0.999907 -0.013615 0.000000 9.095790e-03 -6.125003e-04 0.000000e+00 0.000000e+00 0.000000e+00 -3.888782e-05 0.000000e+00 0.000000e+00
22200 233.993967 14.067126 9.500000 0.999870 -0.016150 0.000000 9.255754e-03 -5.087004e-04 0.000000e+00 0.000000e+00 0.000000e+00 -4.411882e-05 0.000000e+00 0.000000e+00
22250 234.453426 14.042144 9.500000 0.999840 -0.017893 0.000000 9.121303e-03 -9.163767e-04 0.000000e+00 0.000000e+00 0.000000e+00 -5.229374e-05 0.000000e+00 0.000000e+00
22300 234.910610 14.014162 9.500000 0.999817 -0.019127 0.000000 9.146077e-03 -6.826388e-04 0.000000e+00 0.000000e+00 0.000000e+00 -3.609870e-05 0.000000e+00 0.000000e+00
22350 235.367417 13.985673 9.500000 0.999790 -0.020479 0.000000 9.054430e-03 -7.934289e-04 0.000000e+00 0.000000e+00 0.000000e+00 -2.584989e-05 0.000000e+00 0.000000e+00
22400 235.823629 13.957608 9.500000 0.999757 -0.022062 0.000000 9.260182e-03 -8.110591e-04 0.000000e+00 0.000000e+00 0.000000e+00 -3.741268e-06 0.000000e+00 0.000000e+00
22450 236.283227 13.926544 9.500000 0.999739 -0.022859 0.000000 9.143999e-03 -8.443303e-04 0.000000e+00 0.000000e+00 0.000000e+00 -2.905587e-05 0.000000e+00 0.000000e+00
22500 236.738952 13.896541 9.500000 0.999732 -0.023140 0.000000 9.207134e-03 -7.799674e-04 0.000000e+00 0.000000e+00 0.000000e+00 -1.226253e-05 0.000000e+00 0.000000e+00
22550 237.202133 13.866111 9.500000 0.999727 -0.023376 0.000000 9.255565e-03 -7.685074e-04 0.000000e+00 0.000000e+00 0.000000e+00 -1.347543e-05 0.000000e+00 0.000000e+00
22600 237.659782 13.834896 9.500000 0.999723 -0.023519 0.000000 9.234041e-03 -6.365762e-04 0.000000e+00 0.000000e+00 0.000000e+00 9.051466e-06 0.000000e+00 0.000000e+00
22650 238.121932 13.804787 9.500000 0.999732 -0.023160 0.000000 9.284096e-03 -6.840525e-04 0.000000e+00 0.000000e+00 0.000000e+00 3.864458e-06 0.000000e+00 0.000000e+00
22700 238.580776 13.773558 9.500000 0.999702 -0.024396 0.000000 9.069758e-03 -6.482586e-04 0.000000e+00 0.000000e+00 0.000000e+00 -3.562992e-05 0.000000e+00 0.000000e+00
22750 239.043590 13.747076 9.500000 0.999717 -0.023789 0.000000 9.361253e-03 -6.511811e-04 0.000000e+00 0.000000e+00 0.000000e+00 -1.773808e-05 0.000000e+00 0.000000e+00
22800 239.504292 13.714736 9.500000 0.999674 -0.025538 0.000000 9.115322e-03 -6.226466e-04 0.000000e+00 0.000000e+00 0.000000e+00 -1.527338e-05 0.000000e+00 0.000000e+00
22850 239.965441 13.690260 9.500000 0.999690 -0.024904 0.000000 9.372059e-03 -6.408345e-04 0.000000e+00 0.000000e+00 0.000000e+00 -3.606109e-05 0.000000e+00 0.000000e+00
22900 240.430529 13.657164 9.500000 0.999653 -0.026339 0.000000 9.131469e-03 -7.233819e-04 0.000000e+00 0.000000e+00 0.000000e+00 -4.651894e-05 0.000000e+00 0.000000e+00
22950 240.892386 13.632117 9.500000 0.999673 -0.025582 0.000000 9.307934e-03 -5.158035e-04 0.000000e+00 0.000000e+00 0.000000e+00 5.663678e-06 0.000000e+00 0.000000e+00
23000 241.360173 13.601334 9.500000 0.999635 -0.027032 0.000000 9.223415e-03 -7.461688e-04 0.000000e+00 0.000000e+00 0.000000e+00 -4.312894e-05 0.000000e+00 0.000000e+00
23050 241.820876 13.574576 9.500000 0.999638 -0.026923 0.000000 9.280118e-03 -4.809498e-04 0.000000e+00 0.000000e+00 0.000000e+00 1.509601e-05 0.000000e+00 0.000000e+00
23100 242.289544 13.547197 9.500000 0.999614 -0.027779 0.000000 9.549490e-03 -6.431861e-04 0.000000e+00 0.000000e+00 0.000000e+00 -2.237999e-05 0.000000e+00 0.000000e+00
23150 242.751643 13.519485 9.500000 0.999598 -0.028336 0.000000 9.105287e-03 -5.029582e-04 0.000000e+00 0.000000e+00 0.000000e+00 -1.066699e-05 0.000000e+00 0.000000e+00
23200 243.218164 13.493305 9.500000 0.999577 -0.029084 0.000000 9.501570e-03 -5.286289e-04 0.000000e+00 0.000000e+00 0.000000e+00 -1.660947e-05 0.000000e+00 0.000000e+00
23250 243.684852 13.465943 9.500000 0.999543 -0.030222 0.000000 9.021224e-03 -5.354533e-04 0.000000e+00 0.000000e+00 0.000000e+00 -2.658628e-05 0.000000e+00 0.000000e+00
23300 244.148554 13.439584 9.500000 0.999514 -0.031169 0.000000 9.357477e-03 -5.168130e-04 0.000000e+00 0.000000e+00 0.000000e+00 -1.632419e-05 0.000000e+00 0.000000e+00
23350 244.616103 13.413147 9.500000 0.999479 -0.032277 0.000000 9.236014e-03 -5.265911e-04 0.000000e+00 0.000000e+00 0.000000e+00 -2.257746e-05 0.000000e+00 0.000000e+00
23400 245.079476 13.385607 9.500000 0.999432 -0.033703 0.000000 9.313720e-03 -5.183567e-04 0.000000e+00 0.000000e+00 0.000000e+00 -8.016455e-06 0.000000e+00 0.000000e+00
23450 245.544773 13.361029 9.500000 0.999411 -0.034315 0.000000 9.313683e-03 -5.448088e-04 0.000000e+00 0.000000e+00 0.000000e+00 -4.925024e-05 0.000000e+00 0.000000e+00
23500 246.009009 13.331324 9.500000 0.999323 -0.036794 0.000000 9.382578e-03 -4.682522e-04 0.000000e+00 0.000000e+00 0.000000e+00 -2.319669e-06 0.000000e+00 0.000000e+00
23550 246.472933 13.306984 9.500000 0.999316 -0.036969 0.000000 9.159354e-03 -4.734030e-04 0.000000e+00 0.000000e+00 0.000000e+00 -1.476292e-05 0.000000e+00 0.000000e+00
23600 246.934561 13.273934 9.500000 0.999215 -0.039606 0.000000 9.308456e-03 -5.519064e-04 0.000000e+00 0.000000e+00 0.000000e+00 -1.848184e-05 0.000000e+00 0.000000e+00
23650 247.398058 13.247829 9.500000 0.999193 -0.040156 0.000000 9.210422e-03 -4.207755e-04 0.000000e+00 0.000000e+00 0.000000e+00 1.344098e-06 0.000000e+00 0.000000e+00
23700 247.856956 13.215268 9.500000 0.999108 -0.042229 0.000000 9.246821e-03 -5.703187e-04 0.000000e+00 0.000000e+00 0.000000e+00 -4.664790e-05 0.000000e+00 0.000000e+00
23750 248.319989 13.187984 9.500000 0.999040 -0.043810 0.000000 9.163604e-03 -4.243472e-04 0.000000e+00 0.000000e+00 0.000000e+00 -4.333957e-05 0.000000e+00 0.000000e+00
23800 248.778403 13.156144 9.500000 0.998946 -0.045890 0.000000 9.195350e-03 -4.812800e-04 0.000000e+00 0.000000e+00 0.000000e+00 -3.334885e-05 0.000000e+00 0.000000e+00
23850 249.239744 13.126537 9.500000 0.998853 -0.047885 0.000000 9.176432e-03 -4.533643e-04 0.000000e+00 0.000000e+00 0.000000e+00 -2.578268e-05 0.000000e+00 0.000000e+00
23900 249.696206 13.094105 9.500000 0.998736 -0.050264 0.000000 9.143976e-03 -5.137972e-04 0.000000e+00 0.000000e+00 0.000000e+00 -4.765940e-05 0.000000e+00 0.000000e+00
23950 250.158280 13.061102 9.500000 0.998638 -0.052170 0.000000 9.267258e-03 -5.525476e-04 0.000000e+00 0.000000e+00 0.000000e+00 -1.411370e-05 0.000000e+00 0.000000e+00
24000 250.614339 13.025071 9.500000 0.998581 -0.053250 0.000000 9.057209e-03 -4.779786e-04 0.000000e+00 0.000000e+00 0.000000e+00 -3.672155e-05 0.000000e+00 0.000000e+00
24050 251.072742 12.989114 9.500000 0.998532 -0.054173 0.000000 9.063115e-03 -6.212368e-04 0.000000e+00 0.000000e+00 0.000000e+00 -1.854610e-05 0.000000e+00 0.000000e+00
24100 251.527745 12.952545 9.500000 0.998467 -0.055349 0.000000 9.107299e-03 -2.762728e-04 0.000000e+00 0.000000e+00 0.000000e+00 -4.465287e-05 0.000000e+00 0.000000e+00
24150 251.986955 12.915674 9.500000 0.998448 -0.055690 0.000000 9.287905e-03 -6.639897e-04 0.000000e+00 0.000000e+00 0.000000e+00 3.506233e-06 0.000000e+00 0.000000e+00
24200 252.447622 12.875035 9.500000 0.998431 -0.056005 0.000000 9.143762e-03 -5.792597e-04 0.000000e+00 0.000000e+00 0.000000e+00 1.754222e-05 0.000000e+00 0.000000e+00
24250 252.906370 12.838546 9.500000 0.998476 -0.055186 0.000000 9.223733e-03 -6.776823e-04 0.000000e+00 0.000000e+00 0.000000e+00 3.477947e-05 0.000000e+00 0.000000e+00
24300 253.368493 12.798826 9.500000 0.998482 -0.055075 0.000000 9.216331e-03 -6.975119e-04 0.000000e+00 0.000000e+00 0.000000e+00 -3.442102e-05 0.000000e+00 0.000000e+00
24350 253.827082 12.764706 9.500000 0.998508 -0.054607 0.000000 9.206414e-03 -5.256392e-04 0.000000e+00 0.000000e+00 0.000000e+00 3.364658e-05 0.000000e+00 0.000000e+00
24400 254.291028 12.727208 9.500000 0.998511 -0.054545 0.000000 9.242630e-03 -7.105388e-04 0.000000e+00 0.000000e+00 0.000000e+00 -3.393896e-05 0.000000e+00 0.000000e+00
24450 254.750778 12.692721 9.500000 0.998480 -0.055120 0.000000 9.254672e-03 -5.132001e-04 0.000000e+00 0.000000e+00 0.000000e+00 4.559324e-05 0.000000e+00 0.000000e+00
24500 255.216210 12.657520 9.500000 0.998515 -0.054476 0.000000 9.313200e-03 -7.394018e-04 0.000000e+00 0.000000e+00 0.000000e+00 -1.059167e-05 0.000000e+00 0.000000e+00
24550 255.678792 12.620678 9.500000 0.998489 -0.054961 0.000000 9.197927e-03 -6.311961e-04 0.000000e+00 0.000000e+00 0.000000e+00 7.048125e-06 0.000000e+00 0.000000e+00
24600 256.144213 12.588757 9.500000 0.998520 -0.054391 0.000000 9.360709e-03 -6.928589e-04 0.000000e+00 0.000000e+00 0.000000e+00 -8.936593e-06 0.000000e+00 0.000000e+00
24650 256.611340 12.553969 9.500000 0.998504 -0.054685 0.000000 9.218345e-03 -6.426305e-04 0.000000e+00 0.000000e+00 0.000000e+00 2.270450e-05 0.000000e+00 0.000000e+00
24700 257.074475 12.521981 9.500000 0.998505 -0.054667 0.000000 9.353615e-03 -6.594959e-04 0.000000e+00 0.000000e+00 0.000000e+00 -3.584600e-06 0.000000e+00 0.000000e+00
24750 257.543127 12.489495 9.500000 0.998481 -0.055091 0.000000 9.333099e-03 -6.540630e-04 0.000000e+00 0.000000e+00 0.000000e+00 -1.236027e-05 0.000000e+00 0.000000e+00
24800 258.004677 12.457849 9.500000 0.998463 -0.055429 0.000000 9.391016e-03 -6.020005e-04 0.000000e+00 0.000000e+00 0.000000e+00 -1.000323e-05 0.000000e+00 0.000000e+00
24850 258.473124 12.427606 9.500000 0.998447 -0.055707 0.000000 9.319268e-03 -6.382114e-04 0.000000e+00 0.000000e+00 0.000000e+00 -3.157464e-05 0.000000e+00 0.000000e+00
24900 258.936004 12.395290 9.500000 0.998367 -0.057128 0.000000 9.249029e-03 -6.101316e-04 0.000000e+00 0.000000e+00 0.000000e+00 1.133566e-06 0.000000e+00 0.000000e+00
24950 259.402620 12.366976 9.500000 0.998391 -0.056705 0.000000 9.176581e-03 -5.632486e-04 0.000000e+00 0.000000e+00 0.000000e+00 3.152461e-05 0.000000e+00 0.000000e+00
25000 259.865691 12.333319 9.500000 0.998253 -0.059087 0.000000 9.255336e-03 -7.092832e-04 0.000000e+00 0.000000e+00 0.000000e+00 -8.737933e-05 0.000000e+00 0.000000e+00
25050 260.331576 12.304953 9.500000 0.998234 -0.059405 0.000000 9.229643e-03 -6.288749e-04 0.000000e+00 0.000000e+00 0.000000e+00 1.393743e-05 0.000000e+00 0.000000e+00
25100 260.791759 12.270159 9.500000 0.998162 -0.060598 0.000000 9.187469e-03 -7.845647e-04 0.000000e+00 0.000000e+00 0.000000e+00 -6.371320e-05 0.000000e+00 0.000000e+00
25150 261.255062 12.239962 9.500000 0.998102 -0.061580 0.000000 9.243055e-03 -6.732641e-04 0.000000e+00 0.000000e+00 0.000000e+00 -1.687813e-05 0.000000e+00 0.000000e+00
25200 261.714927 12.206708 9.500000 0.998037 -0.062629 0.000000 9.172249e-03 -8.693488e-04 0.000000e+00 0.000000e+00 0.000000e+00 -9.219361e-05 0.000000e+00 0.000000e+00
25250 262.177090 12.175629 9.500000 0.997925 -0.064395 0.000000 9.233889e-03 -6.594490e-04 0.000000e+00 0.000000e+00 0.000000e+00 -5.549309e-06 0.000000e+00 0.000000e+00
25300 262.635181 12.142850 9.500000 0.997831 -0.065822 0.000000 9.187237e-03 -8.273420e-04 0.000000e+00 0.000000e+00 0.000000e+00 -5.013020e-05 0.000000e+00 0.000000e+00
25350 263.096112 12.109327 9.500000 0.997689 -0.067945 0.000000 9.218886e-03 -7.218846e-04 0.000000e+00 0.000000e+00 0.000000e+00 -1.235842e-05 0.000000e+00 0.000000e+00
25400 263.554443 12.075241 9.500000 0.997631 -0.068792 0.000000 9.099650e-03 -9.161166e-04 0.000000e+00 0.000000e+00 0.000000e+00 -1.601043e-05 0.000000e+00 0.000000e+00
25450 264.014654 12.040036 9.500000 0.997529 -0.070260 0.000000 9.253380e-03 -7.341313e-04 0.000000e+00 0.000000e+00 0.000000e+00 -3.691552e-07 0.000000e+00 0.000000e+00
25500 264.471889 12.002759 9.500000 0.997474 -0.071030 0.000000 9.101737e-03 -1.146473e-03 0.000000e+00 0.000000e+00 0.000000e+00 -1.393679e-05 0.000000e+00 0.000000e+00
25550 264.928969 11.966232 9.500000 0.997422 -0.071755 0.000000 9.124255e-03 -9.095482e-04 0.000000e+00 0.000000e+00 0.000000e+00 -1.579532e-05 0.000000e+00 0.000000e+00
25600 265.387896 11.926029 9.500000 0.997407 -0.071965 0.000000 9.142892e-03 -9.635733e-04 0.000000e+00 0.000000e+00 0.000000e+00 1.315994e-05 0.000000e+00 0.000000e+00
25650 265.846458 11.888622 9.500000 0.997441 -0.071501 0.000000 9.271883e-03 -8.672051e-04 0.000000e+00 0.000000e+00 0.000000e+00 7.835899e-06 0.000000e+00 0.000000e+00
25700 266.309277 11.848855 9.500000 0.997472 -0.071057 0.000000 9.196664e-03 -9.716872e-04 0.000000e+00 0.000000e+00 0.000000e+00 6.490561e-06 0.000000e+00 0.000000e+00
25750 266.768167 11.812456 9.500000 0.997541 -0.070092 0.000000 9.228794e-03 -8.858916e-04 0.000000e+00 0.000000e+00 0.000000e+00 2.638481e-05 0.000000e+00 0.000000e+00
25800 267.231561 11.774429 9.500000 0.997598 -0.069265 0.000000 9.278593e-03 -8.794688e-04 0.000000e+00 0.000000e+00 0.000000e+00 -7.022474e-06 0.000000e+00 0.000000e+00
25850 267.691585 11.738615 9.500000 0.997579 -0.069546 0.000000 9.267300e-03 -7.279211e-04 0.000000e+00 0.000000e+00 0.000000e+00 3.532873e-05 0.000000e+00 0.000000e+00
25900 268.155547 11.704547 9.500000 0.997653 -0.068472 0.000000 9.248157e-03 -7.797360e-04 0.000000e+00 0.000000e+00 0.000000e+00 1.557006e-05 0.000000e+00 0.000000e+00
25950 268.617379 11.667181 9.500000 0.997623 -0.068902 0.000000 9.176907e-03 -7.294929e-04 0.000000e+00 0.000000e+00 0.000000e+00 1.752376e-05 0.000000e+00 0.000000e+00
26000 269.083142 11.635891 9.500000 0.997722 -0.067459 0.000000 9.388696e-03 -7.315600e-04 0.000000e+00 0.000000e+00 0.000000e+00 2.999434e-06 0.000000e+00 0.000000e+00
26050 269.548873 11.599964 9.500000 0.997713 -0.067586 0.000000 9.290945e-03 -6.516625e-04 0.000000e+00 0.000000e+00 0.000000e+00 3.046605e-05 0.000000e+00 0.000000e+00
26100 270.012163 11.568232 9.500000 0.997770 -0.066741 0.000000 9.317115e-03 -6.653931e-04 0.000000e+00 0.000000e+00 0.000000e+00 -9.339347e-06 0.000000e+00 0.000000e+00
26150 270.481556 11.535582 9.500000 0.997770 -0.066752 0.000000 9.327825e-03 -6.292956e-04 0.000000e+00 0.000000e+00 0.000000e+00 9.675846e-06 0.000000e+00 0.000000e+00
26200 270.943791 11.504711 9.500000 0.997795 -0.066373 0.000000 9.399536e-03 -6.179879e-04 0.000000e+00 0.000000e+00 0.000000e+00 1.074561e-05 0.000000e+00 0.000000e+00
26250 271.413565 11.474790 9.500000 0.997811 -0.066135 0.000000 9.216905e-03 -6.104076e-04 0.000000e+00 0.000000e+00 0.000000e+00 -2.089193e-05 0.000000e+00 0.000000e+00
26300 271.875875 11.443913 9.500000 0.997777 -0.066640 0.000000 9.342069e-03 -6.424224e-04 0.000000e+00 0.000000e+00 0.000000e+00 9.721059e-06 0.000000e+00 0.000000e+00
26350 272.345143 11.416183 9.500000 0.997812 -0.066109 0.000000 9.367827e-03 -4.528534e-04 0.000000e+00 0.000000e+00 0.000000e+00 1.041298e-05 0.000000e+00 0.000000e+00
26400 272.808210 11.386029 9.500000 0.997731 -0.067328 0.000000 9.286336e-03 -6.419920e-04 0.000000e+00 0.000000e+00 0.000000e+00 -3.411672e-05 0.000000e+00 0.000000e+00
26450 273.274912 11.357634 9.500000 0.997736 -0.067246 0.000000 9.430792e-03 -4.428749e-04 0.000000e+00 0.000000e+00 0.000000e+00 3.057409e-05 0.000000e+00 0.000000e+00
26500 273.738113 11.329290 9.500000 0.997696 -0.067842 0.000000 9.324539e-03 -6.325560e-04 0.000000e+00 0.000000e+00 0.000000e+00 -6.992140e-05 0.000000e+00 0.000000e+00
26550 274.203473 11.300876 9.500000 0.997629 -0.068819 0.000000 9.273021e-03 -4.602947e-04 0.000000e+00 0.000000e+00 0.000000e+00 -2.697498e-06 0.000000e+00 0.000000e+00
26600 274.664685 11.271746 9.500000 0.997647 -0.068556 0.000000 9.273040e-03 -5.767882e-04 0.000000e+00 0.000000e+00 0.000000e+00 -4.102023e-05 0.000000e+00 0.000000e+00
26650 275.128984 11.241939 9.500000 0.997543 -0.070063 0.000000 9.177344e-03 -4.737185e-04 0.000000e+00 0.000000e+00 0.000000e+00 -9.730150e-06 0.000000e+00 0.000000e+00
26700 275.588655 11.213708 9.500000 0.997543 -0.070050 0.000000 9.182328e-03 -5.445494e-04 0.000000e+00 0.000000e+00 0.000000e+00 -3.391482e-05 0.000000e+00 0.000000e+00
26750 276.050959 11.183275 9.500000 0.997402 -0.072030 0.000000 9.308110e-03 -4.967524e-04 0.000000e+00 0.000000e+00 0.000000e+00 -2.803820e-05 0.000000e+00 0.000000e+00
26800 276.510990 11.155826 9.500000 0.997360 -0.072616 0.000000 9.115918e-03 -5.048668e-04 0.000000e+00 0.000000e+00 0.000000e+00 -2.849468e-05 0.000000e+00 0.000000e+00
26850 276.970551 11.124657 9.500000 0.997205 -0.074710 0.000000 9.285768e-03 -5.719836e-04 0.000000e+00 0.000000e+00 0.000000e+00 -4.844697e-05 0.000000e+00 0.000000e+00
26900 277.430824 11.095484 9.500000 0.997162 -0.075279 0.000000 9.170985e-03 -4.432152e-04 0.000000e+00 0.000000e+00 0.000000e+00 -4.473289e-05 0.000000e+00 0.000000e+00
26950 277.889529 11.063419 9.500000 0.997051 -0.076735 0.000000 9.195443e-03 -5.570669e-04 0.000000e+00 0.000000e+00 0.000000e+00 -2.597393e-05 0.000000e+00 0.000000e+00
27000 278.348684 11.031882 9.500000 0.997000 -0.077408 0.000000 9.095395e-03 -4.685796e-04 0.000000e+00 0.000000e+00 0.000000e+00 -2.834694e-06 0.000000e+00 0.000000e+00
27050 278.805379 10.997709 9.500000 0.996963 -0.077874 0.000000 9.230748e-03 -4.009889e-04 0.000000e+00 0.000000e+00 0.000000e+00 -2.219399e-05 0.000000e+00 0.000000e+00
27100 279.263353 10.964367 9.500000 0.996927 -0.078331 0.000000 9.126796e-03 -4.948760e-04 0.000000e+00 0.000000e+00 0.000000e+00 -9.080382e-06 0.000000e+00 0.000000e+00
27150 279.718691 10.932119 9.500000 0.996885 -0.078867 0.000000 9.180555e-03 -4.952714e-04 0.000000e+00 0.000000e+00 0.000000e+00 -1.994051e-05 0.000000e+00 0.000000e+00
27200 280.182216 10.897374 9.500000 0.996939 -0.078178 0.000000 9.236615e-03 -5.837071e-04 0.000000e+00 0.000000e+00 0.000000e+00 -2.325056e-05 0.000000e+00 0.000000e+00
27250 280.640924 10.862428 9.500000 0.997004 -0.077354 0.000000 9.217451e-03 -4.899080e-04 0.000000e+00 0.000000e+00 0.000000e+00 3.147595e-05 0.000000e+00 0.000000e+00
27300 281.103855 10.828532 9.500000 0.997128 -0.075741 0.000000 9.304529e-03 -6.767439e-04 0.000000e+00 0.000000e+00 0.000000e+00 4.553620e-06 0.000000e+00 0.000000e+00
27350 281.564512 10.793904 9.500000 0.997141 -0.075559 0.000000 9.131298e-03 -5.045156e-04 0.000000e+00 0.000000e+00 0.000000e+00 1.110933e-05 0.000000e+00 0.000000e+00
27400 282.027718 10.764653 9.500000 0.997271 -0.073821 0.000000 9.420187e-03 -5.800428e-04 0.000000e+00 0.000000e+00 0.000000e+00 2.614886e-05 0.000000e+00 0.000000e+00
27450 282.490367 10.730215 9.500000 0.997252 -0.074090 0.000000 9.113206e-03 -4.551543e-04 0.000000e+00 0.000000e+00 0.000000e+00 -4.307397e-05 0.000000e+00 0.000000e+00
27500 282.951615 10.704089 9.500000 0.997372 -0.072453 0.000000 9.380993e-03 -6.271131e-04 0.000000e+00 0.000000e+00 0.000000e+00 1.628155e-05 0.000000e+00 0.000000e+00
27550 283.418312 10.669928 9.500000 0.997370 -0.072478 0.000000 9.173033e-03 -6.039742e-04 0.000000e+00 0.000000e+00 0.000000e+00 -4.515995e-05 0.000000e+00 0.000000e+00
27600 283.881094 10.643882 9.500000 0.997506 -0.070580 0.000000 9.305227e-03 -4.919469e-04 0.000000e+00 0.000000e+00 0.000000e+00 4.862378e-05 0.000000e+00 0.000000e+00
27650 284.350167 10.613185 9.500000 0.997509 -0.070545 0.000000 9.317375e-03 -6.369029e-04 0.000000e+00 0.000000e+00 0.000000e+00 -5.040215e-05 0.000000e+00 0.000000e+00
27700 284.812420 10.586772 9.500000 0.997601 -0.069228 0.000000 9.316575e-03 -4.605007e-04 0.000000e+00 0.000000e+00 0.000000e+00 6.146832e-05 0.000000e+00 0.000000e+00
27750 285.281788 10.559920 9.500000 0.997639 -0.068674 0.000000 9.545253e-03 -5.363077e-04 0.000000e+00 0.000000e+00 0.000000e+00 -1.993805e-05 0.000000e+00 0.000000e+00
27800 285.745580 10.534088 9.500000 0.997689 -0.067948 0.000000 9.145207e-03 -4.586255e-04 0.000000e+00 0.000000e+00 0.000000e+00 2.985685e-05 0.000000e+00 0.000000e+00
27850 286.213009 10.509060 9.500000 0.997735 -0.067263 0.000000 9.524515e-03 -4.709569e-04 0.000000e+00 0.000000e+00 0.000000e+00 9.374742e-06 0.000000e+00 0.000000e+00
27900 286.680968 10.485013 9.500000 0.997755 -0.066975 0.000000 9.064411e-03 -4.897808e-04 0.000000e+00 0.000000e+00 0.000000e+00 1.391838e-05 0.000000e+00 0.000000e+00
27950 287.145389 10.461098 9.500000 0.997786 -0.066512 0.000000 9.348990e-03 -4.261715e-04 0.000000e+00 0.000000e+00 0.000000e+00 2.444532e-05 0.000000e+00 0.000000e+00
28000 287.614751 10.438634 9.500000 0.997796 -0.066350 0.000000 9.249385e-03 -4.665028e-04 0.000000e+00 0.000000e+00 0.000000e+00 -2.420417e-05 0.000000e+00 0.000000e+00
28050 288.078518 10.415132 9.500000 0.997808 -0.066173 0.000000 9.374983e-03 -3.780712e-04 0.000000e+00 0.000000e+00 0.000000e+00 1.313796e-05 0.000000e+00 0.000000e+00
28100 288.546272 10.394753 9.500000 0.997832 -0.065812 0.000000 9.333206e-03 -4.888233e-04 0.000000e+00 0.000000e+00 0.000000e+00 -3.464415e-05 0.000000e+00 0.000000e+00
28150 289.010642 10.371343 9.500000 0.997787 -0.066496 0.000000 9.374741e-03 -3.948841e-04 0.000000e+00 0.000000e+00 0.000000e+00 2.686531e-05 0.000000e+00 0.000000e+00
28200 289.476625 10.353050 9.500000 0.997859 -0.065401 0.000000 9.237287e-03 -4.986923e-04 0.000000e+00 0.000000e+00 0.000000e+00 -1.785857e-05 0.000000e+00 0.000000e+00
28250 289.941333 10.328693 9.500000 0.997750 -0.067046 0.000000 9.359967e-03 -3.976316e-04 0.000000e+00 0.000000e+00 0.000000e+00 9.812606e-06 0.000000e+00 0.000000e+00
28300 290.407385 10.311381 9.500000 0.997813 -0.066107 0.000000 9.193556e-03 -4.548750e-04 0.000000e+00 0.000000e+00 0.000000e+00 5.654568e-05 0.000000e+00 0.000000e+00
28350 290.868961 10.285867 9.500000 0.997738 -0.067220 0.000000 9.278436e-03 -5.040692e-04 0.000000e+00 0.000000e+00 0.000000e+00 -3.540778e-05 0.000000e+00 0.000000e+00
28400 291.333629 10.267265 9.500000 0.997768 -0.066774 0.000000 9.270479e-03 -4.072438e-04 0.000000e+00 0.000000e+00 0.000000e+00 4.904056e-05 0.000000e+00 0.000000e+00
28450 291.793949 10.244054 9.500000 0.997738 -0.067229 0.000000 9.185171e-03 -5.605325e-04 0.000000e+00 0.000000e+00 0.000000e+00 -3.527484e-05 0.000000e+00 0.000000e+00
28500 292.257875 10.224902 9.500000 0.997713 -0.067590 0.000000 9.243219e-03 -4.786861e-04 0.000000e+00 0.000000e+00 0.000000e+00 -1.858937e-06 0.000000e+00 0.000000e+00
28550 292.718071 10.203059 9.500000 0.997683 -0.068040 0.000000 9.187171e-03 -6.233503e-04 0.000000e+00 0.000000e+00 0.000000e+00 -4.989713e-05 0.000000e+00 0.000000e+00
28600 293.180882 10.183620 9.500000 0.997621 -0.068942 0.000000 9.244847e-03 -4.488410e-04 0.000000e+00 0.000000e+00 0.000000e+00 1.308435e-05 0.000000e+00 0.000000e+00
28650 293.640084 10.162847 9.500000 0.997585 -0.069458 0.000000 9.171547e-03 -6.622974e-04 0.000000e+00 0.000000e+00 0.000000e+00 -4.356881e-05 0.000000e+00 0.000000e+00
28700 294.101751 10.141851 9.500000 0.997490 -0.070806 0.000000 9.275679e-03 -3.836342e-04 0.000000e+00 0.000000e+00 0.000000e+00 1.099832e-05 0.000000e+00 0.000000e+00
28750 294.560140 10.121865 9.500000 0.997439 -0.071529 0.000000 9.060891e-03 -7.345451e-04 0.000000e+00 0.000000e+00 0.000000e+00 -5.622602e-05 0.000000e+00 0.000000e+00
28800 295.021235 10.099103 9.500000 0.997335 -0.072955 0.000000 9.300220e-03 -5.101296e-04 0.000000e+00 0.000000e+00 0.000000e+00 -1.110737e-06 0.000000e+00 0.000000e+00
28850 295.481199 10.077371 9.500000 0.997338 -0.072922 0.000000 9.115161e-03 -7.974990e-04 0.000000e+00 0.000000e+00 0.000000e+00 -2.667707e-05 0.000000e+00 0.000000e+00
28900 295.941269 10.053730 9.500000 0.997279 -0.073725 0.000000 9.186310e-03 -5.688308e-04 0.000000e+00 0.000000e+00 0.000000e+00 -2.026594e-05 0.000000e+00 0.000000e+00
28950 296.400298 10.031107 9.500000 0.997280 -0.073708 0.000000 9.164436e-03 -8.208137e-04 0.000000e+00 0.000000e+00 0.000000e+00 -1.002362e-05 0.000000e+00 0.000000e+00
29000 296.858025 10.006200 9.500000 0.997285 -0.073637 0.000000 9.193529e-03 -7.538670e-04 0.000000e+00 0.000000e+00 0.000000e+00 -2.041804e-05 0.000000e+00 0.000000e+00
29050 297.316190 9.982491 9.500000 0.997291 -0.073554 0.000000 9.129714e-03 -7.415624e-04 0.000000e+00 0.000000e+00 0.000000e+00 -5.427992e-07 0.000000e+00 0.000000e+00
29100 297.772082 9.959706 9.500000 0.997271 -0.073828 0.000000 9.250404e-03 -7.887175e-04 0.000000e+00 0.000000e+00 0.000000e+00 -2.794337e-06 0.000000e+00 0.000000e+00
29150 298.233847 9.934897 9.500000 0.997338 -0.072918 0.000000 9.179761e-03 -7.897244e-04 0.000000e+00 0.000000e+00 0.000000e+00 4.337181e-06 0.000000e+00 0.000000e+00
29200 298.691454 9.910950 9.500000 0.997410 -0.071920 0.000000 9.173062e-03 -7.463045e-04 0.000000e+00 0.000000e+00 0.000000e+00 2.169020e-05 0.000000e+00 0.000000e+00
29250 299.155959 9.887561 9.500000 0.997498 -0.070689 0.000000 9.283702e-03 -7.236670e-04 0.000000e+00 0.000000e+00 0.000000e+00 -2.650790e-06 0.000000e+00 0.000000e+00
29300 299.615763 9.862886 9.500000 0.997581 -0.069513 0.000000 9.189732e-03 -6.296031e-04 0.000000e+00 0.000000e+00 0.000000e+00 2.586248e-05 0.000000e+00 0.000000e+00
29350 300.078919 9.840626 9.500000 0.997724 -0.067433 0.000000 9.304063e-03 -5.561590e-04 0.000000e+00 0.000000e+00 0.000000e+00 4.344037e-05 0.000000e+00 0.000000e+00
29400 300.540474 9.816858 9.500000 0.997780 -0.066600 0.000000 9.058730e-03 -5.260751e-04 0.000000e+00 0.000000e+00 0.000000e+00 2.330390e-05 0.000000e+00 0.000000e+00
29450 301.003234 9.798166 9.500000 0.997919 -0.064477 0.000000 9.372439e-03 -4.965256e-04 0.000000e+00 0.000000e+00 0.000000e+00 4.571625e-05 0.000000e+00 0.000000e+00
29500 301.466963 9.775069 9.500000 0.997960 -0.063850 0.000000 9.162996e-03 -5.502843e-04 0.000000e+00 0.000000e+00 0.000000e+00 4.730570e-06 0.000000e+00 0.000000e+00
29550 301.928177 9.759851 9.500000 0.998090 -0.061772 0.000000 9.365028e-03 -3.620814e-04 0.000000e+00 0.000000e+00 0.000000e+00 1.203644e-05 0.000000e+00 0.000000e+00
29600 302.393697 9.738449 9.500000 0.998131 -0.061103 0.000000 9.269781e-03 -6.294594e-04 0.000000e+00 0.000000e+00 0.000000e+00 -9.036148e-06 0.000000e+00 0.000000e+00
29650 302.854313 9.725004 9.500000 0.998231 -0.059451 0.000000 9.276557e-03 -3.795704e-04 0.000000e+00 0.000000e+00 0.000000e+00 3.776844e-05 0.000000e+00 0.000000e+00
29700 303.320605 9.706454 9.500000 0.998277 -0.058679 0.000000 9.295436e-03 -5.586753e-04 0.000000e+00 0.000000e+00 0.000000e+00 1.934718e-07 0.000000e+00 0.000000e+00
29750 303.781796 9.692727 9.500000 0.998331 -0.057758 0.000000 9.263067e-03 -2.229158e-04 0.000000e+00 0.000000e+00 0.000000e+00 1.080590e-04 0.000000e+00 0.000000e+00
29800 304.249441 9.675806 9.500000 0.998424 -0.056117 0.000000 9.434936e-03 -4.723204e-04 0.000000e+00 0.000000e+00 0.000000e+00 7.570774e-06 0.000000e+00 0.000000e+00
29850 304.713145 9.660205 9.500000 0.998470 -0.055295 0.000000 9.305355e-03 -2.696142e-04 0.000000e+00 0.000000e+00 0.000000e+00 7.424222e-05 0.000000e+00 0.000000e+00
29900 305.180637 9.647484 9.500000 0.998579 -0.053283 0.000000 9.388758e-03 -3.652372e-04 0.000000e+00 0.000000e+00 0.000000e+00 2.039802e-05 0.000000e+00 0.000000e+00
29950 305.645888 9.632195 9.500000 0.998614 -0.052634 0.000000 9.241162e-03 -2.952556e-04 0.000000e+00 0.000000e+00 0.000000e+00 4.387782e-05 0.000000e+00 0.000000e+00
30000 306.112748 9.621512 9.500000 0.998719 -0.050591 0.000000 9.286204e-03 -2.698496e-04 0.000000e+00 0.000000e+00 0.000000e+00 1.853051e-05 0.000000e+00 0.000000e+00
30050 306.580341 9.607879 9.500000 0.998758 -0.049820 0.000000 9.294154e-03 -1.995672e-04 0.000000e+00 0.000000e+00 0.000000e+00 4.821938e-05 0.000000e+00 0.000000e+00
30100 307.045429 9.598389 9.500000 0.998844 -0.048059 0.000000 9.441011e-03 -2.588636e-04 0.000000e+00 0.000000e+00 0.000000e+00 1.054130e-05 0.000000e+00 0.000000e+00
30150 307.514625 9.586649 9.500000 0.998875 -0.047412 0.000000 9.344331e-03 -1.865848e-04 0.000000e+00 0.000000e+00 0.000000e+00 4.709878e-05 0.000000e+00 0.000000e+00
30200 307.978976 9.578354 9.500000 0.998958 -0.045649 0.000000 9.343007e-03 -2.217607e-04 0.000000e+00 0.000000e+00 0.000000e+00 2.205738e-05 0.000000e+00 0.000000e+00
30250 308.448929 9.568584 9.500000 0.998989 -0.044962 0.000000 9.304140e-03 -1.649155e-04 0.000000e+00 0.000000e+00 0.000000e+00 4.293209e-05 0.000000e+00 0.000000e+00
30300 308.913046 9.561815 9.500000 0.999062 -0.043297 0.000000 9.368192e-03 -1.564172e-04 0.000000e+00 0.000000e+00 0.000000e+00 2.662811e-05 0.000000e+00 0.000000e+00
30350 309.383891 9.553489 9.500000 0.999091 -0.042632 0.000000 9.216545e-03 -1.721072e-04 0.000000e+00 0.000000e+00 0.000000e+00 2.732633e-05 0.000000e+00 0.000000e+00
30400 309.847138 9.547387 9.500000 0.999152 -0.041166 0.000000 9.346233e-03 -1.333821e-04 0.000000e+00 0.000000e+00 0.000000e+00 1.483832e-05 0.000000e+00 0.000000e+00
30450 310.318251 9.540800 9.500000 0.999188 -0.040298 0.000000 9.561488e-03 -1.759094e-04 0.000000e+00 0.000000e+00 0.000000e+00 -3.314239e-06 0.000000e+00 0.000000e+00
30500 310.781789 9.535703 9.500000 0.999241 -0.038959 0.000000 9.222163e-03 -1.519021e-04 0.000000e+00 0.000000e+00 0.000000e+00 2.743130e-05 0.000000e+00 0.000000e+00
30550 311.251127 9.530550 9.500000 0.999276 -0.038046 0.000000 9.553229e-03 -5.400162e-05 0.000000e+00 0.000000e+00 0.000000e+00 5.211468e-05 0.000000e+00 0.000000e+00
30600 311.717349 9.526605 9.500000 0.999317 -0.036964 0.000000 9.074487e-03 -6.105282e-05 0.000000e+00 0.000000e+00 0.000000e+00 4.756104e-05 0.000000e+00 0.000000e+00
30650 312.184288 9.522411 9.500000 0.999353 -0.035959 0.000000 9.400027e-03 -1.238265e-04 0.000000e+00 0.000000e+00 0.000000e+00 -4.020412e-05 0.000000e+00 0.000000e+00
30700 312.653774 9.519673 9.500000 0.999386 -0.035034 0.000000 9.166625e-03 -5.238971e-05 0.000000e+00 0.000000e+00 0.000000e+00 1.783010e-05 0.000000e+00 0.000000e+00
30750 313.118608 9.516615 9.500000 0.999427 -0.033856 0.000000 9.250879e-03 -3.238610e-05 0.000000e+00 0.000000e+00 0.000000e+00 4.381570e-05 0.000000e+00 0.000000e+00
30800 313.588902 9.514629 9.500000 0.999454 -0.033051 0.000000 9.339615e-03 -1.224564e-05 0.000000e+00 0.000000e+00 0.000000e+00 2.060616e-05 0.000000e+00 0.000000e+00
30850 314.053192 9.512773 9.500000 0.999488 -0.031993 0.000000 9.486046e-03 -3.473934e-05 0.000000e+00 0.000000e+00 0.000000e+00 2.415817e-05 0.000000e+00 0.000000e+00
30900 314.523229 9.511809 9.500000 0.999518 -0.031057 0.000000 9.370952e-03 -5.976457e-06 0.000000e+00 0.000000e+00 0.000000e+00 1.832468e-05 0.000000e+00 0.000000e+00
30950 314.986891 9.511015 9.500000 0.999547 -0.030094 0.000000 9.374961e-03 -2.710918e-05 0.000000e+00 0.000000e+00 0.000000e+00 2.270241e-05 0.000000e+00 0.000000e+00
31000 315.457449 9.510851 9.500000 0.999576 -0.029128 0.000000 9.340419e-03 -3.304711e-06 0.000000e+00 0.000000e+00 0.000000e+00 1.964810e-05 0.000000e+00 0.000000e+00
31050 315.920988 9.511096 9.500000 0.999604 -0.028132 0.000000 9.514976e-03 3.425766e-05 0.000000e+00 0.000000e+00 0.000000e+00 4.742154e-05 0.000000e+00 0.000000e+00
31100 316.392291 9.511630 9.500000 0.999630 -0.027212 0.000000 9.268822e-03 1.968111e-05 0.000000e+00 0.000000e+00 0.000000e+00 1.647596e-05 0.000000e+00 0.000000e+00
31150 316.854868 9.512756 9.500000 0.999654 -0.026322 0.000000 9.340431e-03 -4.184601e-06 0.000000e+00 0.000000e+00 0.000000e+00 1.315350e-05 0.000000e+00 0.000000e+00
31200 317.326427 9.514106 9.500000 0.999679 -0.025331 0.000000 9.585016e-03 2.846760e-05 0.000000e+00 0.000000e+00 0.000000e+00 1.866058e-05 0.000000e+00 0.000000e+00
31250 317.789307 9.516257 9.500000 0.999706 -0.024255 0.000000 9.252965e-03 -1.248316e-05 0.000000e+00 0.000000e+00 0.000000e+00 8.574939e-06 0.000000e+00 0.000000e+00
31300 318.259048 9.518224 9.500000 0.999728 -0.023340 0.000000 9.580033e-03 9.194636e-05 0.000000e+00 0.000000e+00 0.000000e+00 5.371344e-05 0.000000e+00 0.000000e+00
31350 318.724865 9.521212 9.500000 0.999750 -0.022339 0.000000 9.102613e-03 5.164973e-05 0.000000e+00 0.000000e+00 0.000000e+00 2.648308e-05 0.000000e+00 0.000000e+00
31400 319.191755 9.523600 9.500000 0.999771 -0.021399 0.000000 9.430254e-03 1.148660e-05 0.000000e+00 0.000000e+00 0.000000e+00 -1.890501e-05 0.000000e+00 0.000000e+00
31450 319.660752 9.527579 9.500000 0.999792 -0.020383 0.000000 9.157728e-03 8.409120e-05 0.000000e+00 0.000000e+00 0.000000e+00 2.263582e-05 0.000000e+00 0.000000e+00
31500 320.125736 9.531128 9.500000 0.999816 -0.019191 0.000000 9.333591e-03 5.386367e-05 0.000000e+00 0.000000e+00 0.000000e+00 1.835736e-05 0.000000e+00 0.000000e+00
31550 320.595765 9.535537 9.500000 0.999832 -0.018309 0.000000 9.329380e-03 1.289047e-04 0.000000e+00 0.000000e+00 0.000000e+00 2.878285e-05 0.000000e+00 0.000000e+00
31600 321.060080 9.540038 9.500000 0.999851 -0.017240 0.000000 9.418831e-03 1.001946e-04 0.000000e+00 0.000000e+00 0.000000e+00 1.540305e-05 0.000000e+00 0.000000e+00
31650 321.529750 9.544710 9.500000 0.999867 -0.016337 0.000000 9.363434e-03 1.258425e-04 0.000000e+00 0.000000e+00 0.000000e+00 3.163244e-05 0.000000e+00 0.000000e+00
31700 321.993461 9.550461 9.500000 0.999886 -0.015118 0.000000 9.410366e-03 7.760895e-05 0.000000e+00 0.000000e+00 0.000000e+00 1.601988e-05 0.000000e+00 0.000000e+00
31750 322.463499 9.555453 9.500000 0.999898 -0.014315 0.000000 9.334287e-03 1.189870e-04 0.000000e+00 0.000000e+00 0.000000e+00 3.482532e-05 0.000000e+00 0.000000e+00
31800 322.927473 9.562574 9.500000 0.999918 -0.012790 0.000000 9.357921e-03 1.141461e-04 0.000000e+00 0.000000e+00 0.000000e+00 2.593183e-05 0.000000e+00 0.000000e+00
31850 323.397584 9.567575 9.500000 0.999925 -0.012266 0.000000 9.241797e-03 9.713889e-05 0.000000e+00 0.000000e+00 0.000000e+00 4.386664e-05 0.000000e+00 0.000000e+00
31900 323.861335 9.575732 9.500000 0.999945 -0.010460 0.000000 9.379312e-03 1.560732e-04 0.000000e+00 0.000000e+00 0.000000e+00 2.309865e-05 0.000000e+00 0.000000e+00
31950 324.331411 9.581884 9.500000 0.999951 -0.009911 0.000000 9.430048e-03 3.014194e-05 0.000000e+00 0.000000e+00 0.000000e+00 1.281267e-05 0.000000e+00 0.000000e+00
32000 324.795017 9.590317 9.500000 0.999967 -0.008164 0.000000 9.316611e-03 1.791686e-04 0.000000e+00 0.000000e+00 0.000000e+00 4.026560e-05 0.000000e+00 0.000000e+00
32050 325.263677 9.598051 9.500000 0.999974 -0.007162 0.000000 9.486100e-03 4.608911e-05 0.000000e+00 0.000000e+00 0.000000e+00 -3.418565e-06 0.000000e+00 0.000000e+00
32100 325.728597 9.606207 9.500000 0.999983 -0.005807 0.000000 9.230641e-03 1.803816e-04 0.000000e+00 0.000000e+00 0.000000e+00 6.286852e-05 0.000000e+00 0.000000e+00
32150 326.195866 9.616146 9.500000 0.999990 -0.004383 0.000000 9.366437e-03 1.045815e-04 0.000000e+00 0.000000e+00 0.000000e+00 -9.591481e-07 0.000000e+00 0.000000e+00
32200 326.661878 9.624048 9.500000 0.999994 -0.003425 0.000000 9.250221e-03 1.519336e-04 0.000000e+00 0.000000e+00 0.000000e+00 2.202225e-05 0.000000e+00 0.000000e+00
32250 327.128483 9.635526 9.500000 0.999999 -0.001592 0.000000 9.289479e-03 1.690455e-04 0.000000e+00 0.000000e+00 0.000000e+00 3.613551e-05 0.000000e+00 0.000000e+00
32300 327.594247 9.643750 9.500000 1.000000 -0.000986 0.000000 9.222082e-03 1.923963e-04 0.000000e+00 0.000000e+00 0.000000e+00 2.914009e-05 0.000000e+00 0.000000e+00
32350 328.060614 9.657120 9.500000 0.999999 0.001256 0.000000 9.448283e-03 1.646637e-04 0.000000e+00 0.000000e+00 0.000000e+00 1.844078e-05 0.000000e+00 0.000000e+00
32400 328.525517 9.665503 9.500000 0.999999 0.001432 0.000000 9.285133e-03 2.029416e-04 0.000000e+00 0.000000e+00 0.000000e+00 3.739996e-05 0.000000e+00 0.000000e+00
32450 328.990714 9.680716 9.500000 0.999991 0.004277 0.000000 9.390142e-03 1.603105e-04 0.000000e+00 0.000000e+00 0.000000e+00 9.649704e-06 0.000000e+00 0.000000e+00
32500 329.456751 9.689718 9.500000 0.999990 0.004515 0.000000 9.154322e-03 1.141202e-04 0.000000e+00 0.000000e+00 0.000000e+00 -9.390215e-06 0.000000e+00 0.000000e+00
32550 329.918895 9.708137 9.500000 0.999976 0.006958 0.000000 9.233143e-03 2.765547e-04 0.000000e+00 0.000000e+00 0.000000e+00 -1.005298e-05 0.000000e+00 0.000000e+00
32600 330.384340 9.719528 9.500000 0.999973 0.007308 0.000000 9.238864e-03 4.056665e-05 0.000000e+00 0.000000e+00 0.000000e+00 -2.401985e-05 0.000000e+00 0.000000e+00
32650 330.844685 9.737655 9.500000 0.999958 0.009159 0.000000 9.268801e-03 2.485657e-04 0.000000e+00 0.000000e+00 0.000000e+00 4.519644e-05 0.000000e+00 0.000000e+00
32700 331.309505 9.750359 9.500000 0.999947 0.010291 0.000000 9.315029e-03 2.628430e-05 0.000000e+00 0.000000e+00 0.000000e+00 -4.931845e-06 0.000000e+00 0.000000e+00
32750 331.770256 9.767975 9.500000 0.999932 0.011632 0.000000 9.153807e-03 1.717279e-04 0.000000e+00 0.000000e+00 0.000000e+00 4.553433e-05 0.000000e+00 0.000000e+00
32800 332.234469 9.782448 9.500000 0.999910 0.013395 0.000000 9.276992e-03 1.514029e-04 0.000000e+00 0.000000e+00 0.000000e+00 2.526805e-05 0.000000e+00 0.000000e+00
32850 332.695018 9.799858 9.500000 0.999893 0.014650 0.000000 9.272340e-03 2.300577e-04 0.000000e+00 0.000000e+00 0.000000e+00 4.113199e-05 0.000000e+00 0.000000e+00
32900 333.158175 9.816369 9.500000 0.999858 0.016850 0.000000 9.245480e-03 1.971499e-04 0.000000e+00 0.000000e+00 0.000000e+00 1.935830e-05 0.000000e+00 0.000000e+00
32950 333.618069 9.833629 9.500000 0.999835 0.018178 0.000000 9.172382e-03 2.521603e-04 0.000000e+00 0.000000e+00 0.000000e+00 6.384233e-05 0.000000e+00 0.000000e+00
33000 334.080236 9.852577 9.500000 0.999787 0.020638 0.000000 9.248020e-03 2.574348e-04 0.000000e+00 0.000000e+00 0.000000e+00 4.492285e-05 0.000000e+00 0.000000e+00
33050 334.540196 9.870110 9.500000 0.999753 0.022209 0.000000 9.136590e-03 2.457163e-04 0.000000e+00 0.000000e+00 0.000000e+00 8.990239e-05 0.000000e+00 0.000000e+00
33100 335.001030 9.891715 9.500000 0.999689 0.024921 0.000000 9.293376e-03 2.776972e-04 0.000000e+00 0.000000e+00 0.000000e+00 5.601361e-05 0.000000e+00 0.000000e+00
33150 335.462170 9.911749 9.500000 0.999664 0.025930 0.000000 9.191492e-03 2.186733e-04 0.000000e+00 0.000000e+00 0.000000e+00 5.312921e-05 0.000000e+00 0.000000e+00
33200 335.921831 9.935081 9.500000 0.999612 0.027855 0.000000 9.194484e-03 3.954321e-04 0.000000e+00 0.000000e+00 0.000000e+00 4.522865e-05 0.000000e+00 0.000000e+00
33250 336.381186 9.957257 9.500000 0.999579 0.028997 0.000000 9.101526e-03 2.394974e-04 0.000000e+00 0.000000e+00 0.000000e+00 2.628487e-05 0.000000e+00 0.000000e+00
33300 336.838592 9.983547 9.500000 0.999557 0.029777 0.000000 9.228974e-03 1.804676e-04 0.000000e+00 0.000000e+00 0.000000e+00 4.103547e-05 0.000000e+00 0.000000e+00
33350 337.296541 10.008817 9.500000 0.999530 0.030665 0.000000 9.180951e-03 2.305739e-04 0.000000e+00 0.000000e+00 0.000000e+00 1.115776e-05 0.000000e+00 0.000000e+00
33400 337.752242 10.033884 9.500000 0.999496 0.031737 0.000000 9.236113e-03 1.755056e-04 0.000000e+00 0.000000e+00 0.000000e+00 4.858058e-05 0.000000e+00 0.000000e+00
33450 338.213093 10.061713 9.500000 0.999488 0.032001 0.000000 9.150949e-03 3.202261e-04 0.000000e+00 0.000000e+00 0.000000e+00 1.532529e-05 0.000000e+00 0.000000e+00
33500 338.669810 10.088402 9.500000 0.999488 0.032007 0.000000 9.180663e-03 2.417562e-04 0.000000e+00 0.000000e+00 0.000000e+00 4.267646e-06 0.000000e+00 0.000000e+00
33550 339.133356 10.114901 9.500000 0.999493 0.031841 0.000000 9.266891e-03 4.214332e-04 0.000000e+00 0.000000e+00 0.000000e+00 3.990532e-05 0.000000e+00 0.000000e+00
33600 339.592187 10.143632 9.500000 0.999497 0.031728 0.000000 9.156619e-03 1.885753e-04 0.000000e+00 0.000000e+00 0.000000e+00 -4.629050e-05 0.000000e+00 0.000000e+00
33650 340.054131 10.169565 9.500000 0.999527 0.030763 0.000000 9.278994e-03 5.315705e-04 0.000000e+00 0.000000e+00 0.000000e+00 1.061381e-05 0.000000e+00 0.000000e+00
33700 340.515150 10.197877 9.500000 0.999517 0.031085 0.000000 9.112884e-03 2.551777e-04 0.000000e+00 0.000000e+00 0.000000e+00 -2.991126e-06 0.000000e+00 0.000000e+00
33750 340.976349 10.220566 9.500000 0.999550 0.030013 0.000000 9.333015e-03 4.987341e-04 0.000000e+00 0.000000e+00 0.000000e+00 -2.482612e-05 0.000000e+00 0.000000e+00
33800 341.439497 10.248714 9.500000 0.999532 0.030606 0.000000 9.184146e-03 3.417371e-04 0.000000e+00 0.000000e+00 0.000000e+00 6.286389e-05 0.000000e+00 0.000000e+00
33850 341.899429 10.269154 9.500000 0.999558 0.029738 0.000000 9.311185e-03 4.148057e-04 0.000000e+00 0.000000e+00 0.000000e+00 -1.927741e-05 0.000000e+00 0.000000e+00
33900 342.364683 10.296000 9.500000 0.999536 0.030463 0.000000 9.274274e-03 4.586028e-04 0.000000e+00 0.000000e+00 0.000000e+00 7.465777e-05 0.000000e+00 0.000000e+00
33950 342.825007 10.317037 9.500000 0.999544 0.030198 0.000000 9.242559e-03 3.565894e-04 0.000000e+00 0.000000e+00 0.000000e+00 -4.225458e-05 0.000000e+00 0.000000e+00
34000 343.292240 10.342568 9.500000 0.999541 0.030283 0.000000 9.395222e-03 4.846966e-04 0.000000e+00 0.000000e+00 0.000000e+00 3.277683e-05 0.000000e+00 0.000000e+00
34050 343.754324 10.366726 9.500000 0.999542 0.030250 0.000000 9.310451e-03 2.825720e-04 0.000000e+00 0.000000e+00 0.000000e+00 -5.453786e-05 0.000000e+00 0.000000e+00
34100 344.221348 10.388519 9.500000 0.999549 0.030028 0.000000 9.435495e-03 4.840838e-04 0.000000e+00 0.000000e+00 0.000000e+00 2.654721e-05 0.000000e+00 0.000000e+00
34150 344.686127 10.412847 9.500000 0.999544 0.030193 0.000000 9.109723e-03 4.057598e-04 0.000000e+00 0.000000e+00 0.000000e+00 -3.260842e-05 0.000000e+00 0.000000e+00
34200 345.151823 10.433616 9.500000 0.999552 0.029928 0.000000 9.344828e-03 4.258993e-04 0.000000e+00 0.000000e+00 0.000000e+00 1.569471e-05 0.000000e+00 0.000000e+00
34250 345.620390 10.456451 9.500000 0.999543 0.030235 0.000000 9.229381e-03 4.292185e-04 0.000000e+00 0.000000e+00 0.000000e+00 -1.945169e-05 0.000000e+00 0.000000e+00
34300 346.084373 10.476986 9.500000 0.999539 0.030346 0.000000 9.355240e-03 4.339643e-04 0.000000e+00 0.000000e+00 0.000000e+00 -1.336014e-05 0.000000e+00 0.000000e+00
34350 346.553877 10.498435 9.500000 0.999526 0.030781 0.000000 9.349023e-03 4.308582e-04 0.000000e+00 0.000000e+00 0.000000e+00 6.906172e-06 0.000000e+00 0.000000e+00
34400 347.016659 10.519053 9.500000 0.999516 0.031107 0.000000 9.409866e-03 4.048305e-04 0.000000e+00 0.000000e+00 0.000000e+00 1.176438e-05 0.000000e+00 0.000000e+00
34450 347.486307 10.539236 9.500000 0.999506 0.031424 0.000000 9.355476e-03 4.211350e-04 0.000000e+00 0.000000e+00 0.000000e+00 2.222865e-05 0.000000e+00 0.000000e+00
34500 347.949521 10.560513 9.500000 0.999481 0.032200 0.000000 9.307753e-03 3.479440e-04 0.000000e+00 0.000000e+00 0.000000e+00 -8.414679e-07 0.000000e+00 0.000000e+00
34550 348.418728 10.578924 9.500000 0.999481 0.032226 0.000000 9.253797e-03 4.832601e-04 0.000000e+00 0.000000e+00 0.000000e+00 7.950024e-06 0.000000e+00 0.000000e+00
34600 348.882581 10.600786 9.500000 0.999425 0.033918 0.000000 9.329615e-03 4.082582e-04 0.000000e+00 0.000000e+00 0.000000e+00 2.008702e-05 0.000000e+00 0.000000e+00
34650 349.350712 10.619139 9.500000 0.999433 0.033660 0.000000 9.276302e-03 3.338636e-04 0.000000e+00 0.000000e+00 0.000000e+00 -5.063512e-05 0.000000e+00 0.000000e+00
34700 349.814287 10.641019 9.500000 0.999371 0.035475 0.000000 9.342785e-03 6.059169e-04 0.000000e+00 0.000000e+00 0.000000e+00 6.711179e-05 0.000000e+00 0.000000e+00
34750 350.281448 10.660604 9.500000 0.999350 0.036062 0.000000 9.415265e-03 4.187264e-04 0.000000e+00 0.000000e+00 0.000000e+00 -1.440883e-05 0.000000e+00 0.000000e+00
34800 350.744110 10.681652 9.500000 0.999321 0.036850 0.000000 9.312804e-03 6.443906e-04 0.000000e+00 0.000000e+00 0.000000e+00 6.774436e-05 0.000000e+00 0.000000e+00
34850 351.210425 10.702201 9.500000 0.999267 0.038283 0.000000 9.275785e-03 4.095209e-04 0.000000e+00 0.000000e+00 0.000000e+00 3.350841e-06 0.000000e+00 0.000000e+00
34900 351.672099 10.724293 9.500000 0.999265 0.038325 0.000000 9.290175e-03 7.118051e-04 0.000000e+00 0.000000e+00 0.000000e+00 7.090128e-05 0.000000e+00 0.000000e+00
34950 352.136955 10.746803 9.500000 0.999198 0.040053 0.000000 9.222493e-03 3.768095e-04 0.000000e+00 0.000000e+00 0.000000e+00 -1.429852e-05 0.000000e+00 0.000000e+00
35000 352.597443 10.768129 9.500000 0.999193 0.040175 0.000000 9.212271e-03 7.243280e-04 0.000000e+00 0.000000e+00 0.000000e+00 5.339400e-05 0.000000e+00 0.000000e+00
35050 353.061001 10.791947 9.500000 0.999100 0.042405 0.000000 9.295090e-03 3.931053e-04 0.000000e+00 0.000000e+00 0.000000e+00 9.679760e-06 0.000000e+00 0.000000e+00
35100 353.521928 10.812762 9.500000 0.999077 0.042947 0.000000 9.075032e-03 6.820853e-04 0.000000e+00 0.000000e+00 0.000000e+00 4.511050e-05 0.000000e+00 0.000000e+00
35150 353.982674 10.837429 9.500000 0.998982 0.045118 0.000000 9.290124e-03 4.893656e-04 0.000000e+00 0.000000e+00 0.000000e+00 4.525331e-05 0.000000e+00 0.000000e+00
35200 354.444019 10.858731 9.500000 0.998929 0.046268 0.000000 9.167190e-03 7.083495e-04 0.000000e+00 0.000000e+00 0.000000e+00 4.207768e-05 0.000000e+00 0.000000e+00
35250 354.903224 10.884076 9.500000 0.998829 0.048383 0.000000 9.249269e-03 6.901998e-04 0.000000e+00 0.000000e+00 0.000000e+00 6.341887e-05 0.000000e+00 0.000000e+00
35300 355.364740 10.908316 9.500000 0.998793 0.049124 0.000000 9.200893e-03 7.392980e-04 0.000000e+00 0.000000e+00 0.000000e+00 3.353819e-05 0.000000e+00 0.000000e+00
35350 355.824119 10.935265 9.500000 0.998712 0.050733 0.000000 9.316630e-03 7.948474e-04 0.000000e+00 0.000000e+00 0.000000e+00 2.838882e-05 0.000000e+00 0.000000e+00
35400 356.284719 10.961231 9.500000 0.998659 0.051774 0.000000 9.171617e-03 7.952716e-04 0.000000e+00 0.000000e+00 0.000000e+00 1.977842e-05 0.000000e+00 0.000000e+00
35450 356.740813 10.990853 9.500000 0.998627 0.052386 0.000000 9.214318e-03 9.354472e-04 0.000000e+00 0.000000e+00 0.000000e+00 -5.499078e-06 0.000000e+00 0.000000e+00
35500 357.199895 11.019277 9.500000 0.998597 0.052960 0.000000 9.116699e-03 9.319435e-04 0.000000e+00 0.000000e+00 0.000000e+00 6.206107e-06 0.000000e+00 0.000000e+00
35550 357.655219 11.047226 9.500000 0.998554 0.053766 0.000000 9.071768e-03 1.035181e-03 0.000000e+00 0.000000e+00 0.000000e+00 -8.922062e-06 0.000000e+00 0.000000e+00
35600 358.117151 11.077506 9.500000 0.998565 0.053554 0.000000 9.243299e-03 7.985781e-04 0.000000e+00 0.000000e+00 0.000000e+00 2.284844e-05 0.000000e+00 0.000000e+00
35650 358.575909 11.108589 9.500000 0.998581 0.053249 0.000000 9.126532e-03 9.044792e-04 0.000000e+00 0.000000e+00 0.000000e+00 -3.356414e-05 0.000000e+00 0.000000e+00
35700 359.037282 11.137690 9.500000 0.998655 0.051855 0.000000 9.276320e-03 6.929331e-04 0.000000e+00 0.000000e+00 0.000000e+00 -2.971395e-05 0.000000e+00 0.000000e+00
35750 359.498280 11.169640 9.500000 0.998662 0.051705 0.000000 9.143200e-03 7.320675e-04 0.000000e+00 0.000000e+00 0.000000e+00 -2.916554e-05 0.000000e+00 0.000000e+00
35800 359.958951 11.195231 9.500000 0.998730 0.050375 0.000000 9.383956e-03 6.025101e-04 0.000000e+00 0.000000e+00 0.000000e+00 -4.178376e-06 0.000000e+00 0.000000e+00
35850 360.422483 11.226429 9.500000 0.998740 0.050187 0.000000 9.213717e-03 8.750684e-04 0.000000e+00 0.000000e+00 0.000000e+00 4.569915e-06 0.000000e+00 0.000000e+00
35900 360.882315 11.249684 9.500000 0.998797 0.049046 0.000000 9.303275e-03 5.626772e-04 0.000000e+00 0.000000e+00 0.000000e+00 2.530203e-06 0.000000e+00 0.000000e+00
35950 361.347609 11.278823 9.500000 0.998802 0.048928 0.000000 9.286265e-03 8.467867e-04 0.000000e+00 0.000000e+00 0.000000e+00 2.141005e-05 0.000000e+00 0.000000e+00
36000 361.807969 11.301659 9.500000 0.998825 0.048453 0.000000 9.216061e-03 4.874071e-04 0.000000e+00 0.000000e+00 0.000000e+00 -8.755007e-05 0.000000e+00 0.000000e+00
36050 362.275260 11.328957 9.500000 0.998851 0.047930 0.000000 9.426456e-03 7.001100e-04 0.000000e+00 0.000000e+00 0.000000e+00 1.400148e-05 0.000000e+00 0.000000e+00
36100 362.737870 11.354581 9.500000 0.998861 0.047705 0.000000 9.310507e-03 4.754407e-04 0.000000e+00 0.000000e+00 0.000000e+00 -6.449292e-05 0.000000e+00 0.000000e+00
36150 363.204910 11.377713 9.500000 0.998904 0.046796 0.000000 9.388669e-03 6.122140e-04 0.000000e+00 0.000000e+00 0.000000e+00 -3.910992e-06 0.000000e+00 0.000000e+00
36200 363.670166 11.403306 9.500000 0.998906 0.046766 0.000000 9.127473e-03 5.125367e-04 0.000000e+00 0.000000e+00 0.000000e+00 3.148701e-05 0.000000e+00 0.000000e+00
36250 364.136095 11.425113 9.500000 0.998941 0.046020 0.000000 9.379877e-03 4.648035e-04 0.000000e+00 0.000000e+00 0.000000e+00 -6.425117e-07 0.000000e+00 0.000000e+00
36300 364.604901 11.448722 9.500000 0.998945 0.045914 0.000000 9.253961e-03 4.560001e-04 0.000000e+00 0.000000e+00 0.000000e+00 -7.555699e-06 0.000000e+00 0.000000e+00
36350 365.068859 11.470313 9.500000 0.998964 0.045506 0.000000 9.349826e-03 3.963983e-04 0.000000e+00 0.000000e+00 0.000000e+00 -6.483432e-06 0.000000e+00 0.000000e+00
36400 365.538527 11.491988 9.500000 0.998962 0.045559 0.000000 9.361617e-03 4.280680e-04 0.000000e+00 0.000000e+00 0.000000e+00 -1.321719e-06 0.000000e+00 0.000000e+00
36450 366.001638 11.512948 9.500000 0.998967 0.045432 0.000000 9.435113e-03 4.107697e-04 0.000000e+00 0.000000e+00 0.000000e+00 1.615192e-06 0.000000e+00 0.000000e+00
36500 366.471463 11.533098 9.500000 0.998970 0.045386 0.000000 9.352927e-03 4.265054e-04 0.000000e+00 0.000000e+00 0.000000e+00 1.422813e-05 0.000000e+00 0.000000e+00
36550 366.934865 11.554206 9.500000 0.998951 0.045793 0.000000 9.353602e-03 3.944842e-04 0.000000e+00 0.000000e+00 0.000000e+00 4.005535e-06 0.000000e+00 0.000000e+00
36600 367.404233 11.572155 9.500000 0.998971 0.045359 0.000000 9.239227e-03 3.641777e-04 0.000000e+00 0.000000e+00 0.000000e+00 3.730678e-05 0.000000e+00 0.000000e+00
36650 367.868116 11.593374 9.500000 0.998914 0.046602 0.000000 9.334295e-03 4.110182e-04 0.000000e+00 0.000000e+00 0.000000e+00 1.240267e-05 0.000000e+00 0.000000e+00
36700 368.336863 11.611059 9.500000 0.998940 0.046035 0.000000 9.355240e-03 1.644508e-04 0.000000e+00 0.000000e+00 0.000000e+00 -3.582814e-05 0.000000e+00 0.000000e+00
36750 368.800453 11.631441 9.500000 0.998881 0.047296 0.000000 9.328466e-03 4.358196e-04 0.000000e+00 0.000000e+00 0.000000e+00 4.335245e-05 0.000000e+00 0.000000e+00
36800 369.267784 11.650181 9.500000 0.998870 0.047536 0.000000 9.437479e-03 2.241502e-04 0.000000e+00 0.000000e+00 0.000000e+00 -2.305144e-05 0.000000e+00 0.000000e+00
36850 369.731328 11.669152 9.500000 0.998848 0.047989 0.000000 9.340981e-03 4.030988e-04 0.000000e+00 0.000000e+00 0.000000e+00 7.149528e-05 0.000000e+00 0.000000e+00
36900 370.197739 11.688690 9.500000 0.998796 0.049065 0.000000 9.321076e-03 3.054914e-04 0.000000e+00 0.000000e+00 0.000000e+00 1.524175e-05 0.000000e+00 0.000000e+00
36950 370.660008 11.707981 9.500000 0.998811 0.048745 0.000000 9.288706e-03 3.548912e-04 0.000000e+00 0.000000e+00 0.000000e+00 3.608234e-05 0.000000e+00 0.000000e+00
37000 371.125134 11.729421 9.500000 0.998744 0.050104 0.000000 9.182072e-03 2.812247e-04 0.000000e+00 0.000000e+00 0.000000e+00 8.179853e-06 0.000000e+00 0.000000e+00
37050 371.586038 11.748193 9.500000 0.998766 0.049672 0.000000 9.191124e-03 3.119171e-04 0.000000e+00 0.000000e+00 0.000000e+00 5.566357e-07 0.000000e+00 0.000000e+00
37100 372.050078 11.770223 9.500000 0.998669 0.051569 0.000000 9.343035e-03 3.422087e-04 0.000000e+00 0.000000e+00 0.000000e+00 3.531194e-05 0.000000e+00 0.000000e+00
37150 372.511391 11.787916 9.500000 0.998674 0.051479 0.000000 9.132146e-03 3.659755e-04 0.000000e+00 0.000000e+00 0.000000e+00 4.521299e-05 0.000000e+00 0.000000e+00
37200 372.972405 11.810701 9.500000 0.998581 0.053246 0.000000 9.351933e-03 3.606918e-04 0.000000e+00 0.000000e+00 0.000000e+00 1.147073e-05 0.000000e+00 0.000000e+00
37250 373.434410 11.828686 9.500000 0.998552 0.053792 0.000000 9.211787e-03 2.376399e-04 0.000000e+00 0.000000e+00 0.000000e+00 1.014142e-05 0.000000e+00 0.000000e+00
37300 373.894214 11.851519 9.500000 0.998457 0.055537 0.000000 9.192537e-03 3.388723e-04 0.000000e+00 0.000000e+00 0.000000e+00 2.210762e-05 0.000000e+00 0.000000e+00
37350 374.355688 11.870497 9.500000 0.998403 0.056486 0.000000 9.177336e-03 1.905310e-04 0.000000e+00 0.000000e+00 0.000000e+00 3.852921e-05 0.000000e+00 0.000000e+00
37400 374.814131 11.893203 9.500000 0.998302 0.058247 0.000000 9.332453e-03 2.358640e-04 0.000000e+00 0.000000e+00 0.000000e+00 4.159334e-05 0.000000e+00 0.000000e+00
37450 375.276729 11.915513 9.500000 0.998258 0.058994 0.000000 9.196143e-03 1.792737e-04 0.000000e+00 0.000000e+00 0.000000e+00 -2.666592e-06 0.000000e+00 0.000000e+00
37500 375.734628 11.940210 9.500000 0.998203 0.059919 0.000000 9.237533e-03 1.731017e-04 0.000000e+00 0.000000e+00 0.000000e+00 1.992887e-05 0.000000e+00 0.000000e+00
37550 376.196554 11.963533 9.500000 0.998150 0.060793 0.000000 9.188718e-03 1.943756e-04 0.000000e+00 0.000000e+00 0.000000e+00 1.602209e-05 0.000000e+00 0.000000e+00
37600 376.652651 11.989666 9.500000 0.998134 0.061061 0.000000 9.116917e-03 -3.430519e-06 0.000000e+00 0.000000e+00 0.000000e+00 1.835954e-05 0.000000e+00 0.000000e+00
37650 377.112320 12.014608 9.500000 0.998118 0.061319 0.000000 9.104699e-03 2.838654e-04 0.000000e+00 0.000000e+00 0.000000e+00 4.951591e-06 0.000000e+00 0.000000e+00
37700 377.568277 12.039572 9.500000 0.998087 0.061822 0.000000 9.057889e-03 -3.309370e-04 0.000000e+00 0.000000e+00 0.000000e+00 4.256135e-05 0.000000e+00 0.000000e+00
37750 378.028361 12.065367 9.500000 0.998105 0.061531 0.000000 9.361513e-03 3.566070e-04 0.000000e+00 0.000000e+00 0.000000e+00 -1.804062e-05 0.000000e+00 0.000000e+00
37800 378.488311 12.092888 9.500000 0.998135 0.061039 0.000000 9.075331e-03 4.648971e-05 0.000000e+00 0.000000e+00 0.000000e+00 -2.055395e-05 0.000000e+00 0.000000e+00
37850 378.949051 12.117852 9.500000 0.998209 0.059816 0.000000 9.304916e-03 2.616966e-04 0.000000e+00 0.000000e+00 0.000000e+00 -6.226770e-05 0.000000e+00 0.000000e+00
37900 379.411865 12.146192 9.500000 0.998249 0.059145 0.000000 9.204962e-03 2.219903e-04 0.000000e+00 0.000000e+00 0.000000e+00 -9.249539e-06 0.000000e+00 0.000000e+00
37950 379.871991 12.169375 9.500000 0.998340 0.057589 0.000000 9.306066e-03 2.856193e-04 0.000000e+00 0.000000e+00 0.000000e+00 -4.216126e-05 0.000000e+00 0.000000e+00
38000 380.335779 12.195895 9.500000 0.998395 0.056628 0.000000 9.227540e-03 2.457143e-04 0.000000e+00 0.000000e+00 0.000000e+00 4.332693e-05 0.000000e+00 0.000000e+00
38050 380.795956 12.217214 9.500000 0.998459 0.055495 0.000000 9.153417e-03 1.469485e-04 0.000000e+00 0.000000e+00 0.000000e+00 -3.147896e-05 0.000000e+00 0.000000e+00
38100 381.260750 12.241368 9.500000 0.998520 0.054379 0.000000 9.264379e-03 3.363249e-04 0.000000e+00 0.000000e+00 0.000000e+00 -1.894565e-05 0.000000e+00 0.000000e+00
38150 381.721936 12.262508 9.500000 0.998534 0.054133 0.000000 9.290090e-03 4.865771e-05 0.000000e+00 0.000000e+00 0.000000e+00 -6.507116e-05 0.000000e+00 0.000000e+00
38200 382.186760 12.283382 9.500000 0.998602 0.052860 0.000000 9.301031e-03 3.666000e-04 0.000000e+00 0.000000e+00 0.000000e+00 2.975022e-06 0.000000e+00 0.000000e+00
38250 382.648170 12.304718 9.500000 0.998583 0.053217 0.000000 9.268448e-03 4.184914e-05 0.000000e+00 0.000000e+00 0.000000e+00 -3.745860e-05 0.000000e+00 0.000000e+00
38300 383.114569 12.323596 9.500000 0.998681 0.051345 0.000000 9.294748e-03 4.067757e-04 0.000000e+00 0.000000e+00 0.000000e+00 -2.723901e-05 0.000000e+00 0.000000e+00
38350 383.579166 12.346313 9.500000 0.998684 0.051287 0.000000 9.264487e-03 2.299301e-04 0.000000e+00 0.000000e+00 0.000000e+00 -5.859953e-05 0.000000e+00 0.000000e+00
38400 384.045027 12.362612 9.500000 0.998776 0.049467 0.000000 9.467040e-03 3.692750e-04 0.000000e+00 0.000000e+00 0.000000e+00 1.280118e-05 0.000000e+00 0.000000e+00
38450 384.512098 12.383682 9.500000 0.998780 0.049381 0.000000 9.294201e-03 2.469339e-04 0.000000e+00 0.000000e+00 0.000000e+00 -3.911349e-05 0.000000e+00 0.000000e+00
38500 384.976633 12.399560 9.500000 0.998860 0.047743 0.000000 9.302034e-03 2.663446e-04 0.000000e+00 0.000000e+00 0.000000e+00 -9.552855e-06 0.000000e+00 0.000000e+00
38550 385.446184 12.418421 9.500000 0.998860 0.047730 0.000000 9.261612e-03 2.583474e-04 0.000000e+00 0.000000e+00 0.000000e+00 -2.231567e-05 0.000000e+00 0.000000e+00
38600 385.910021 12.433610 9.500000 0.998923 0.046390 0.000000 9.377155e-03 3.263127e-04 0.000000e+00 0.000000e+00 0.000000e+00 -7.355712e-06 0.000000e+00 0.000000e+00
38650 386.380694 12.450568 9.500000 0.998935 0.046148 0.000000 9.222547e-03 3.015523e-04 0.000000e+00 0.000000e+00 0.000000e+00 2.067939e-06 0.000000e+00 0.000000e+00
38700 386.843506 12.465410 9.500000 0.998975 0.045266 0.000000 9.316957e-03 2.454225e-04 0.000000e+00 0.000000e+00 0.000000e+00 -5.115778e-06 0.000000e+00 0.000000e+00
38750 387.314614 12.480132 9.500000 0.999001 0.044696 0.000000 9.575319e-03 2.986456e-04 0.000000e+00 0.000000e+00 0.000000e+00 3.463084e-06 0.000000e+00 0.000000e+00
38800 387.777915 12.494212 9.500000 0.999026 0.044134 0.000000 9.177096e-03 2.190279e-04 0.000000e+00 0.000000e+00 0.000000e+00 -2.913338e-05 0.000000e+00 0.000000e+00
38850 388.247174 12.508005 9.500000 0.999050 0.043589 0.000000 9.595153e-03 3.307589e-04 0.000000e+00 0.000000e+00 0.000000e+00 -1.467594e-05 0.000000e+00 0.000000e+00
38900 388.713848 12.521005 9.500000 0.999056 0.043436 0.000000 9.086799e-03 2.830648e-04 0.000000e+00 0.000000e+00 0.000000e+00 -2.544222e-07 0.000000e+00 0.000000e+00
38950 389.180324 12.533845 9.500000 0.999077 0.042954 0.000000 9.426433e-03 2.396779e-04 0.000000e+00 0.000000e+00 0.000000e+00 -3.365826e-05 0.000000e+00 0.000000e+00
39000 389.649391 12.545774 9.500000 0.999083 0.042807 0.000000 9.185400e-03 2.314331e-04 0.000000e+00 0.000000e+00 0.000000e+00 3.937987e-06 0.000000e+00 0.000000e+00
39050 390.114202 12.558283 9.500000 0.999091 0.042633 0.000000 9.358317e-03 2.153127e-04 0.000000e+00 0.000000e+00 0.000000e+00 1.391869e-06 0.000000e+00 0.000000e+00
39100 390.583446 12.568841 9.500000 0.999104 0.042332 0.000000 9.336291e-03 2.576387e-04 0.000000e+00 0.000000e+00 0.000000e+00 1.962057e-05 0.000000e+00 0.000000e+00
39150 391.047639 12.581255 9.500000 0.999100 0.042418 0.000000 9.386500e-03 2.332831e-04 0.000000e+00 0.000000e+00 0.000000e+00 -2.913861e-05 0.000000e+00 0.000000e+00
39200 391.516367 12.590452 9.500000 0.999123 0.041871 0.000000 9.337971e-03 2.514129e-04 0.000000e+00 0.000000e+00 0.000000e+00 2.729276e-05 0.000000e+00 0.000000e+00
39250 391.980919 12.603217 9.500000 0.999099 0.042449 0.000000 9.354784e-03 2.874432e-04 0.000000e+00 0.000000e+00 0.000000e+00 -1.774104e-05 0.000000e+00 0.000000e+00
39300 392.449200 12.611255 9.500000 0.999144 0.041373 0.000000 9.217506e-03 3.012164e-04 0.000000e+00 0.000000e+00 0.000000e+00 1.544984e-05 0.000000e+00 0.000000e+00
39350 392.913913 12.624301 9.500000 0.999094 0.042567 0.000000 9.334357e-03 2.834991e-04 0.000000e+00 0.000000e+00 0.000000e+00 -9.320954e-06 0.000000e+00 0.000000e+00
39400 393.382132 12.631856 9.500000 0.999141 0.041449 0.000000 9.253761e-03 1.674886e-04 0.000000e+00 0.000000e+00 0.000000e+00 -3.533567e-05 0.000000e+00 0.000000e+00
39450 393.845894 12.644475 9.500000 0.999086 0.042750 0.000000 9.308555e-03 3.031421e-04 0.000000e+00 0.000000e+00 0.000000e+00 3.726715e-05 0.000000e+00 0.000000e+00
39500 394.314096 12.652958 9.500000 0.999109 0.042207 0.000000 9.395850e-03 1.870594e-04 0.000000e+00 0.000000e+00 0.000000e+00 -4.357155e-05 0.000000e+00 0.000000e+00
39550 394.777328 12.663701 9.500000 0.999087 0.042728 0.000000 9.319153e-03 4.400512e-04 0.000000e+00 0.000000e+00 0.000000e+00 6.354516e-05 0.000000e+00 0.000000e+00
39600 395.244397 12.673253 9.500000 0.999074 0.043024 0.000000 9.403422e-03 2.048414e-04 0.000000e+00 0.000000e+00 0.000000e+00 -2.559862e-05 0.000000e+00 0.000000e+00
39650 395.707553 12.683099 9.500000 0.999087 0.042714 0.000000 9.301374e-03 3.947525e-04 0.000000e+00 0.000000e+00 0.000000e+00 2.882825e-05 0.000000e+00 0.000000e+00
39700 396.174115 12.693531 9.500000 0.999051 0.043552 0.000000 9.301257e-03 2.109876e-04 0.000000e+00 0.000000e+00 0.000000e+00 -5.322181e-06 0.000000e+00 0.000000e+00
39750 396.636584 12.703186 9.500000 0.999084 0.042784 0.000000 9.272729e-03 5.311438e-04 0.000000e+00 0.000000e+00 0.000000e+00 3.592619e-05 0.000000e+00 0.000000e+00
39800 397.102032 12.715412 9.500000 0.999043 0.043735 0.000000 9.238629e-03 1.250381e-04 0.000000e+00 0.000000e+00 0.000000e+00 -3.489111e-05 0.000000e+00 0.000000e+00
39850 397.563788 12.724030 9.500000 0.999086 0.042745 0.000000 9.198714e-03 5.109964e-04 0.000000e+00 0.000000e+00 0.000000e+00 5.740703e-05 0.000000e+00 0.000000e+00
39900 398.027886 12.737184 9.500000 0.999030 0.044024 0.000000 9.439168e-03 2.608642e-04 0.000000e+00 0.000000e+00 0.000000e+00 -4.244362e-06 0.000000e+00 0.000000e+00
39950 398.490527 12.744449 9.500000 0.999069 0.043135 0.000000 9.131184e-03 4.370850e-04 0.000000e+00 0.000000e+00 0.000000e+00 -5.328982e-05 0.000000e+00 0.000000e+00
40000 398.952390 12.757893 9.500000 0.999010 0.044488 0.000000 9.372416e-03 1.739535e-04 0.000000e+00 0.000000e+00 0.000000e+00 3.795755e-05 0.000000e+00 0.000000e+00
40050 399.416387 12.764667 9.500000 0.999032 0.043991 0.000000 9.218437e-03 4.062616e-04 0.000000e+00 0.000000e+00 0.000000e+00 -4.773950e-05 0.000000e+00 0.000000e+00
40100 399.876607 12.777756 9.500000 0.998988 0.044989 0.000000 9.328831e-03 2.948090e-04 0.000000e+00 0.000000e+00 0.000000e+00 3.360157e-05 0.000000e+00 0.000000e+00
40150 400.340747 12.785349 9.500000 0.998981 0.045142 0.000000 9.230130e-03 3.799495e-04 0.000000e+00 0.000000e+00 0.000000e+00 -3.237371e-05 0.000000e+00 0.000000e+00
40200 400.800905 12.797365 9.500000 0.998945 0.045929 0.000000 9.161052e-03 4.788999e-04 0.000000e+00 0.000000e+00 0.000000e+00 2.369254e-05 0.000000e+00 0.000000e+00
40250 401.264493 12.805674 9.500000 0.998923 0.046406 0.000000 9.192752e-03 4.257745e-04 0.000000e+00 0.000000e+00 0.000000e+00 -7.025171e-06 0.000000e+00 0.000000e+00
40300 401.724306 12.817119 9.500000 0.998890 0.047095 0.000000 9.234807e-03 5.412393e-04 0.000000e+00 0.000000e+00 0.000000e+00 3.878483e-05 0.000000e+00 0.000000e+00
40350 402.187294 12.826650 9.500000 0.998851 0.047924 0.000000 9.273727e-03 2.985137e-04 0.000000e+00 0.000000e+00 0.000000e+00 -1.446450e-05 0.000000e+00 0.000000e+00
40400 402.646457 12.837541 9.500000 0.998825 0.048457 0.000000 9.239078e-03 5.669523e-04 0.000000e+00 0.000000e+00 0.000000e+00 6.868050e-05 0.000000e+00 0.000000e+00
40450 403.108676 12.848589 9.500000 0.998766 0.049670 0.000000 9.255952e-03 2.361881e-04 0.000000e+00 0.000000e+00 0.000000e+00 -2.484537e-06 0.000000e+00 0.000000e+00
40500 403.568097 12.858609 9.500000 0.998744 0.050106 0.000000 9.117342e-03 6.148151e-04 0.000000e+00 0.000000e+00 0.000000e+00 1.131063e-05 0.000000e+00 0.000000e+00
40550 404.029379 12.871276 9.500000 0.998662 0.051709 0.000000 9.287375e-03 3.179445e-04 0.000000e+00 0.000000e+00 0.000000e+00 4.976688e-05 0.000000e+00 0.000000e+00
40600 404.489036 12.881191 9.500000 0.998637 0.052196 0.000000 9.123217e-03 6.035054e-04 0.000000e+00 0.000000e+00 0.000000e+00 5.321296e-05 0.000000e+00 0.000000e+00
40650 404.948565 12.895103 9.500000 0.998569 0.053486 0.000000 9.286722e-03 4.853071e-04 0.000000e+00 0.000000e+00 0.000000e+00 5.131816e-05 0.000000e+00 0.000000e+00
40700 405.410236 12.906828 9.500000 0.998573 0.053395 0.000000 9.237399e-03 6.203948e-04 0.000000e+00 0.000000e+00 0.000000e+00 -1.082446e-06 0.000000e+00 0.000000e+00
40750 405.869796 12.920912 9.500000 0.998521 0.054373 0.000000 9.236173e-03 4.889183e-04 0.000000e+00 0.000000e+00 0.000000e+00 2.835656e-05 0.000000e+00 0.000000e+00
40800 406.331294 12.933620 9.500000 0.998509 0.054583 0.000000 9.123303e-03 5.294320e-04 0.000000e+00 0.000000e+00 0.000000e+00 -4.897617e-06 0.000000e+00 0.000000e+00
40850 406.789387 12.949302 9.500000 0.998495 0.054839 0.000000 9.306682e-03 6.412074e-04 0.000000e+00 0.000000e+00 0.000000e+00 7.495298e-06 0.000000e+00 0.000000e+00
40900 407.250664 12.962314 9.500000 0.998472 0.055263 0.000000 9.109450e-03 6.129035e-04 0.000000e+00 0.000000e+00 0.000000e+00 -1.915943e-05 0.000000e+00 0.000000e+00
40950 407.706831 12.978830 9.500000 0.998482 0.055073 0.000000 9.208805e-03 8.103340e-04 0.000000e+00 0.000000e+00 0.000000e+00 -6.855519e-06 0.000000e+00 0.000000e+00
41000 408.166647 12.993228 9.500000 0.998504 0.054674 0.000000 9.236035e-03 7.051162e-04 0.000000e+00 0.000000e+00 0.000000e+00 -5.573415e-05 0.000000e+00 0.000000e+00
41050 408.622548 13.007878 9.500000 0.998506 0.054639 0.000000 8.993168e-03 9.988646e-04 0.000000e+00 0.000000e+00 0.000000e+00 -1.403081e-05 0.000000e+00 0.000000e+00
41100 409.081966 13.021737 9.500000 0.998509 0.054592 0.000000 9.077801e-03 6.176829e-04 0.000000e+00 0.000000e+00 0.000000e+00 2.776202e-05 0.000000e+00 0.000000e+00
41150 409.538266 13.035995 9.500000 0.998514 0.054499 0.000000 9.141881e-03 1.399656e-03 0.000000e+00 0.000000e+00 0.000000e+00 -2.037628e-05 0.000000e+00 0.000000e+00
41200 409.997425 13.049476 9.500000 0.998539 0.054033 0.000000 9.239213e-03 6.958121e-04 0.000000e+00 0.000000e+00 0.000000e+00 3.288796e-06 0.000000e+00 0.000000e+00
41250 410.457174 13.065408 9.500000 0.998583 0.053220 0.000000 9.127117e-03 9.274207e-04 0.000000e+00 0.000000e+00 0.000000e+00 -2.238440e-05 0.000000e+00 0.000000e+00
41300 410.917672 13.078403 9.500000 0.998631 0.052309 0.000000 9.214343e-03 5.006738e-04 0.000000e+00 0.000000e+00 0.000000e+00 -1.840753e-05 0.000000e+00 0.000000e+00
41350 411.380200 13.094834 9.500000 0.998678 0.051397 0.000000 9.225588e-03 6.632591e-04 0.000000e+00 0.000000e+00 0.000000e+00 -4.203720e-05 0.000000e+00 0.000000e+00
41400 411.839769 13.107957 9.500000 0.998767 0.049635 0.000000 9.262168e-03 5.629249e-04 0.000000e+00 0.000000e+00 0.000000e+00 -9.269950e-06 0.000000e+00 0.000000e+00
41450 412.303694 13.122402 9.500000 0.998825 0.048469 0.000000 9.170964e-03 6.649163e-04 0.000000e+00 0.000000e+00 0.000000e+00 -4.328337e-05 0.000000e+00 0.000000e+00
41500 412.763044 13.134460 9.500000 0.998915 0.046566 0.000000 9.224193e-03 5.176273e-04 0.000000e+00 0.000000e+00 0.000000e+00 -2.661858e-05 0.000000e+00 0.000000e+00
41550 413.227193 13.147770 9.500000 0.999000 0.044713 0.000000 9.213624e-03 5.841840e-04 0.000000e+00 0.000000e+00 0.000000e+00 -1.531196e-05 0.000000e+00 0.000000e+00
41600 413.687143 13.158514 9.500000 0.999071 0.043088 0.000000 9.223834e-03 4.573954e-04 0.000000e+00 0.000000e+00 0.000000e+00 -5.381792e-05 0.000000e+00 0.000000e+00
41650 414.151066 13.169223 9.500000 0.999160 0.040978 0.000000 9.284312e-03 4.465782e-04 0.000000e+00 0.000000e+00 0.000000e+00 -3.136768e-05 0.000000e+00 0.000000e+00
41700 414.611990 13.179390 9.500000 0.999203 0.039928 0.000000 9.224176e-03 4.205070e-04 0.000000e+00 0.000000e+00 0.000000e+00 -5.858643e-05 0.000000e+00 0.000000e+00
41750 415.075865 13.186785 9.500000 0.999295 0.037546 0.000000 9.289874e-03 2.733895e-04 0.000000e+00 0.000000e+00 0.000000e+00 -5.083102e-05 0.000000e+00 0.000000e+00
41800 415.537695 13.196323 9.500000 0.999323 0.036782 0.000000 9.123339e-03 2.837209e-04 0.000000e+00 0.000000e+00 0.000000e+00 -5.232554e-06 0.000000e+00 0.000000e+00
41850 416.000521 13.200850 9.500000 0.999406 0.034471 0.000000 9.357701e-03 2.699359e-04 0.000000e+00 0.000000e+00 0.000000e+00 -5.405755e-05 0.000000e+00 0.000000e+00
41900 416.463994 13.209801 9.500000 0.999435 0.033597 0.000000 9.236329e-03 3.498243e-04 0.000000e+00 0.000000e+00 0.000000e+00 -2.061441e-05 0.000000e+00 0.000000e+00
41950 416.925211 13.211721 9.500000 0.999504 0.031490 0.000000 9.338315e-03 9.266569e-05 0.000000e+00 0.000000e+00 0.000000e+00 1.635866e-06 0.000000e+00 0.000000e+00
42000 417.390090 13.219148 9.500000 0.999538 0.030406 0.000000 9.264710e-03 5.026652e-04 0.000000e+00 0.000000e+00 0.000000e+00 -2.100637e-05 0.000000e+00 0.000000e+00
42050 417.850401 13.219592 9.500000 0.999588 0.028708 0.000000 9.275854e-03 1.557043e-04 0.000000e+00 0.000000e+00 0.000000e+00 -3.756105e-05 0.000000e+00 0.000000e+00
42100 418.315865 13.224874 9.500000 0.999627 0.027324 0.000000 9.286655e-03 4.701352e-04 0.000000e+00 0.000000e+00 0.000000e+00 -4.773840e-05 0.000000e+00 0.000000e+00
42150 418.776910 13.225048 9.500000 0.999664 0.025924 0.000000 9.186504e-03 3.315479e-04 0.000000e+00 0.000000e+00 0.000000e+00 -7.090231e-05 0.000000e+00 0.000000e+00
42200 419.241773 13.227824 9.500000 0.999704 0.024326 0.000000 9.221218e-03 3.344950e-04 0.000000e+00 0.000000e+00 0.000000e+00 -9.335579e-07 0.000000e+00 0.000000e+00
42250 419.703209 13.227795 9.500000 0.999728 0.023339 0.000000 9.263671e-03 2.054666e-04 0.000000e+00 0.000000e+00 0.000000e+00 -5.399542e-05 0.000000e+00 0.000000e+00
42300 420.167818 13.228110 9.500000 0.999771 0.021390 0.000000 9.241428e-03 1.809600e-04 0.000000e+00 0.000000e+00 0.000000e+00 -2.761707e-05 0.000000e+00 0.000000e+00
42350 420.628938 13.228418 9.500000 0.999782 0.020861 0.000000 9.262468e-03 2.266971e-04 0.000000e+00 0.000000e+00 0.000000e+00 -4.968649e-05 0.000000e+00 0.000000e+00
42400 421.093784 13.225643 9.500000 0.999829 0.018475 0.000000 9.264514e-03 5.609747e-05 0.000000e+00 0.000000e+00 0.000000e+00 -4.761323e-05 0.000000e+00 0.000000e+00
42450 421.555422 13.225955 9.500000 0.999838 0.018019 0.000000 9.143961e-03 1.236272e-04 0.000000e+00 0.000000e+00 0.000000e+00 2.970427e-05 0.000000e+00 0.000000e+00
42500 422.018806 13.220899 9.500000 0.999879 0.015570 0.000000 9.423894e-03 8.383692e-05 0.000000e+00 0.000000e+00 0.000000e+00 -3.636064e-05 0.000000e+00 0.000000e+00
42550 422.481915 13.220520 9.500000 0.999888 0.014963 0.000000 9.174061e-03 7.108873e-05 0.000000e+00 0.000000e+00 0.000000e+00 -5.047221e-05 0.000000e+00 0.000000e+00
42600 422.943261 13.213546 9.500000 0.999919 0.012741 0.000000 9.349901e-03 -4.994352e-05 0.000000e+00 0.000000e+00 0.000000e+00 -8.442470e-06 0.000000e+00 0.000000e+00
42650 423.407679 13.212279 9.500000 0.999933 0.011607 0.000000 9.230068e-03 3.103805e-04 0.000000e+00 0.000000e+00 0.000000e+00 -2.792611e-05 0.000000e+00 0.000000e+00
42700 423.868018 13.204269 9.500000 0.999953 0.009731 0.000000 9.289581e-03 2.385088e-05 0.000000e+00 0.000000e+00 0.000000e+00 -3.169695e-05 0.000000e+00 0.000000e+00
42750 424.332583 13.201426 9.500000 0.999967 0.008181 0.000000 9.247471e-03 3.083816e-04 0.000000e+00 0.000000e+00 0.000000e+00 -6.445151e-05 0.000000e+00 0.000000e+00
42800 424.793190 13.193035 9.500000 0.999980 0.006361 0.000000 9.190399e-03 1.237003e-04 0.000000e+00 0.000000e+00 0.000000e+00 -8.613671e-05 0.000000e+00 0.000000e+00
42850 425.257333 13.187689 9.500000 0.999990 0.004571 0.000000 9.181430e-03 2.611005e-04 0.000000e+00 0.000000e+00 0.000000e+00 -4.212964e-06 0.000000e+00 0.000000e+00
42900 425.717803 13.178738 9.500000 0.999996 0.002908 0.000000 9.183230e-03 1.899604e-04 0.000000e+00 0.000000e+00 0.000000e+00 -5.758763e-05 0.000000e+00 0.000000e+00
42950 426.181593 13.171175 9.500000 1.000000 0.000769 0.000000 9.288542e-03 6.553676e-05 0.000000e+00 0.000000e+00 0.000000e+00 -2.369403e-05 0.000000e+00 0.000000e+00
43000 426.641681 13.161849 9.500000 1.000000 -0.000641 0.000000 9.249968e-03 9.024302e-05 0.000000e+00 0.000000e+00 0.000000e+00 -2.914735e-05 0.000000e+00 0.000000e+00
43050 427.104640 13.151373 9.500000 0.999995 -0.003050 0.000000 9.300432e-03 -5.728165e-05 0.000000e+00 0.000000e+00 0.000000e+00 -5.294370e-05 0.000000e+00 0.000000e+00
43100 427.564788 13.141636 9.500000 0.999990 -0.004473 0.000000 9.174476e-03 3.632481e-05 0.000000e+00 0.000000e+00 0.000000e+00 -9.823900e-05 0.000000e+00 0.000000e+00
43150 428.026627 13.128550 9.500000 0.999975 -0.007088 0.000000 9.278557e-03 -9.137508e-05 0.000000e+00 0.000000e+00 0.000000e+00 -4.516289e-05 0.000000e+00 0.000000e+00
43200 428.487320 13.118045 9.500000 0.999963 -0.008634 0.000000 9.146084e-03 1.495050e-04 0.000000e+00 0.000000e+00 0.000000e+00 -1.167292e-05 0.000000e+00 0.000000e+00
43250 428.947606 13.102844 9.500000 0.999940 -0.010985 0.000000 9.279216e-03 -1.156776e-04 0.000000e+00 0.000000e+00 0.000000e+00 -4.507521e-05 0.000000e+00 0.000000e+00
43300 429.409584 13.089525 9.500000 0.999927 -0.012048 0.000000 9.201022e-03 1.094469e-04 0.000000e+00 0.000000e+00 0.000000e+00 -7.321004e-05 0.000000e+00 0.000000e+00
43350 429.869423 13.072430 9.500000 0.999905 -0.013805 0.000000 9.227437e-03 -1.103539e-04 0.000000e+00 0.000000e+00 0.000000e+00 -2.088085e-05 0.000000e+00 0.000000e+00
43400 430.331044 13.056938 9.500000 0.999885 -0.015167 0.000000 9.117543e-03 4.247171e-05 0.000000e+00 0.000000e+00 0.000000e+00 -1.789015e-05 0.000000e+00 0.000000e+00
43450 430.788083 13.036956 9.500000 0.999874 -0.015845 0.000000 9.215203e-03 2.469834e-04 0.000000e+00 0.000000e+00 0.000000e+00 -1.101815e-06 0.000000e+00 0.000000e+00
43500 431.246200 13.018710 9.500000 0.999867 -0.016336 0.000000 9.144593e-03 1.544906e-04 0.000000e+00 0.000000e+00 0.000000e+00 6.521960e-06 0.000000e+00 0.000000e+00
43550 431.702044 12.999003 9.500000 0.999854 -0.017066 0.000000 9.189983e-03 3.083748e-04 0.000000e+00 0.000000e+00 0.000000e+00 -9.997706e-06 0.000000e+00 0.000000e+00
43600 432.161383 12.978953 9.500000 0.999839 -0.017959 0.000000 9.180679e-03 8.296132e-05 0.000000e+00 0.000000e+00 0.000000e+00 -5.166387e-05 0.000000e+00 0.000000e+00
43650 432.616989 12.960041 9.500000 0.999824 -0.018785 0.000000 9.071311e-03 7.286392e-04 0.000000e+00 0.000000e+00 0.000000e+00 -4.804916e-05 0.000000e+00 0.000000e+00
43700 433.077719 12.938642 9.500000 0.999818 -0.019073 0.000000 9.115451e-03 -4.049497e-05 0.000000e+00 0.000000e+00 0.000000e+00 1.066188e-05 0.000000e+00 0.000000e+00
43750 433.535389 12.916896 9.500000 0.999816 -0.019206 0.000000 9.112438e-03 4.222725e-04 0.000000e+00 0.000000e+00 0.000000e+00 -3.581163e-05 0.000000e+00 0.000000e+00
43800 433.997006 12.896759 9.500000 0.999823 -0.018839 0.000000 9.310496e-03 -5.864867e-05 0.000000e+00 0.000000e+00 0.000000e+00 -9.586823e-07 0.000000e+00 0.000000e+00
43850 434.458477 12.872925 9.500000 0.999820 -0.018990 0.000000 9.131761e-03 7.492543e-05 0.000000e+00 0.000000e+00 0.000000e+00 4.525094e-05 0.000000e+00 0.000000e+00
43900 434.917797 12.852999 9.500000 0.999839 -0.017936 0.000000 9.205077e-03 -2.782823e-04 0.000000e+00 0.000000e+00 0.000000e+00 7.596838e-05 0.000000e+00 0.000000e+00
43950 435.379858 12.830060 9.500000 0.999844 -0.017670 0.000000 9.187962e-03 -1.058230e-05 0.000000e+00 0.000000e+00 0.000000e+00 -7.817635e-05 0.000000e+00 0.000000e+00
44000 435.839290 12.812195 9.500000 0.999859 -0.016793 0.000000 9.257791e-03 -9.125401e-05 0.000000e+00 0.000000e+00 0.000000e+00 2.681787e-05 0.000000e+00 0.000000e+00
44050 436.302909 12.790794 9.500000 0.999865 -0.016455 0.000000 9.280416e-03 -8.987706e-06 0.000000e+00 0.000000e+00 0.000000e+00 -2.354509e-05 0.000000e+00 0.000000e+00
44100 436.762845 12.773745 9.500000 0.999869 -0.016174 0.000000 9.178891e-03 7.346701e-05 0.000000e+00 0.000000e+00 0.000000e+00 -1.260340e-05 0.000000e+00 0.000000e+00
44150 437.226699 12.754255 9.500000 0.999878 -0.015629 0.000000 9.230448e-03 -1.603755e-04 0.000000e+00 0.000000e+00 0.000000e+00 -6.080477e-06 0.000000e+00 0.000000e+00
44200 437.687263 12.736512 9.500000 0.999868 -0.016261 0.000000 9.287056e-03 8.869915e-05 0.000000e+00 0.000000e+00 0.000000e+00 6.450193e-05 0.000000e+00 0.000000e+00
44250 438.151715 12.719662 9.500000 0.999879 -0.015567 0.000000 9.224417e-03 -2.948982e-04 0.000000e+00 0.000000e+00 0.000000e+00 -3.402878e-05 0.000000e+00 0.000000e+00
44300 438.612591 12.701307 9.500000 0.999862 -0.016633 0.000000 9.209047e-03 6.669362e-05 0.000000e+00 0.000000e+00 0.000000e+00 4.455665e-05 0.000000e+00 0.000000e+00
44350 439.077986 12.685806 9.500000 0.999880 -0.015477 0.000000 9.362104e-03 -4.538579e-04 0.000000e+00 0.000000e+00 0.000000e+00 -1.866497e-05 0.000000e+00 0.000000e+00
44400 439.541703 12.665151 9.500000 0.999867 -0.016305 0.000000 9.255058e-03 -1.193098e-04 0.000000e+00 0.000000e+00 0.000000e+00 -6.381245e-06 0.000000e+00 0.000000e+00
44450 440.006309 12.651648 9.500000 0.999889 -0.014923 0.000000 9.392822e-03 -3.591092e-04 0.000000e+00 0.000000e+00 0.000000e+00 -2.293794e-05 0.000000e+00 0.000000e+00
44500 440.472914 12.631810 9.500000 0.999873 -0.015930 0.000000 9.207620e-03 -1.490442e-04 0.000000e+00 0.000000e+00 0.000000e+00 1.655120e-05 0.000000e+00 0.000000e+00
44550 440.936877 12.618373 9.500000 0.999892 -0.014693 0.000000 9.243469e-03 -2.125241e-04 0.000000e+00 0.000000e+00 0.000000e+00 2.393129e-05 0.000000e+00 0.000000e+00
44600 441.405742 12.599704 9.500000 0.999875 -0.015789 0.000000 9.224191e-03 -2.177188e-04 0.000000e+00 0.000000e+00 0.000000e+00 -3.743206e-05 0.000000e+00 0.000000e+00
44650 441.868704 12.586138 9.500000 0.999890 -0.014841 0.000000 9.343010e-03 -2.364101e-04 0.000000e+00 0.000000e+00 0.000000e+00 1.741452e-05 0.000000e+00 0.000000e+00
44700 442.338658 12.569470 9.500000 0.999878 -0.015607 0.000000 9.418469e-03 -3.829201e-04 0.000000e+00 0.000000e+00 0.000000e+00 -6.297303e-05 0.000000e+00 0.000000e+00
44750 442.800967 12.554828 9.500000 0.999884 -0.015202 0.000000 9.246926e-03 -1.017749e-04 0.000000e+00 0.000000e+00 0.000000e+00 1.185772e-05 0.000000e+00 0.000000e+00
44800 443.270339 12.540286 9.500000 0.999878 -0.015632 0.000000 9.547036e-03 -2.256001e-04 0.000000e+00 0.000000e+00 0.000000e+00 -3.092211e-05 0.000000e+00 0.000000e+00
44850 443.735063 12.525129 9.500000 0.999878 -0.015645 0.000000 9.102882e-03 -2.337851e-04 0.000000e+00 0.000000e+00 0.000000e+00 1.075167e-05 0.000000e+00 0.000000e+00
44900 444.202000 12.510805 9.500000 0.999872 -0.016009 0.000000 9.505903e-03 -3.101581e-04 0.000000e+00 0.000000e+00 0.000000e+00 -1.399513e-05 0.000000e+00 0.000000e+00
44950 444.670782 12.496170 9.500000 0.999866 -0.016375 0.000000 9.133978e-03 -2.893698e-04 0.000000e+00 0.000000e+00 0.000000e+00 -8.665873e-06 0.000000e+00 0.000000e+00
45000 445.135433 12.482346 9.500000 0.999858 -0.016850 0.000000 9.263044e-03 -2.395119e-04 0.000000e+00 0.000000e+00 0.000000e+00 -2.178687e-06 0.000000e+00 0.000000e+00
45050 445.605551 12.468244 9.500000 0.999849 -0.017360 0.000000 9.284746e-03 -3.467174e-04 0.000000e+00 0.000000e+00 0.000000e+00 -4.927871e-05 0.000000e+00 0.000000e+00
45100 446.069491 12.454113 9.500000 0.999841 -0.017858 0.000000 9.425566e-03 -2.587414e-04 0.000000e+00 0.000000e+00 0.000000e+00 -4.031370e-05 0.000000e+00 0.000000e+00
45150 446.538593 12.440945 9.500000 0.999833 -0.018273 0.000000 9.361536e-03 -3.031124e-04 0.000000e+00 0.000000e+00 0.000000e+00 -2.867067e-05 0.000000e+00 0.000000e+00
45200 447.002360 12.426094 9.500000 0.999817 -0.019126 0.000000 9.310859e-03 -3.787430e-04 0.000000e+00 0.000000e+00 0.000000e+00 1.223641e-05 0.000000e+00 0.000000e+00
45250 447.471227 12.413483 9.500000 0.999813 -0.019341 0.000000 9.293040e-03 -3.169696e-04 0.000000e+00 0.000000e+00 0.000000e+00 -4.026820e-05 0.000000e+00 0.000000e+00
45300 447.935778 12.398042 9.500000 0.999782 -0.020890 0.000000 9.307118e-03 -2.628263e-04 0.000000e+00 0.000000e+00 0.000000e+00 1.106818e-05 0.000000e+00 0.000000e+00
45350 448.404212 12.386488 9.500000 0.999789 -0.020547 0.000000 9.223420e-03 -3.547182e-04 0.000000e+00 0.000000e+00 0.000000e+00 2.967008e-05 0.000000e+00 0.000000e+00
45400 448.868329 12.369639 9.500000 0.999744 -0.022628 0.000000 9.305609e-03 -3.857531e-04 0.000000e+00 0.000000e+00 0.000000e+00 -5.152341e-05 0.000000e+00 0.000000e+00
45450 449.336602 12.356681 9.500000 0.999747 -0.022503 0.000000 9.270217e-03 -2.787073e-04 0.000000e+00 0.000000e+00 0.000000e+00 7.575142e-05 0.000000e+00 0.000000e+00
45500 449.800113 12.340553 9.500000 0.999708 -0.024163 0.000000 9.349640e-03 -5.759148e-04 0.000000e+00 0.000000e+00 0.000000e+00 -7.716411e-05 0.000000e+00 0.000000e+00
45550 450.267501 12.326543 9.500000 0.999687 -0.025009 0.000000 9.464546e-03 -3.561461e-04 0.000000e+00 0.000000e+00 0.000000e+00 2.752871e-05 0.000000e+00 0.000000e+00
45600 450.730185 12.310434 9.500000 0.999673 -0.025553 0.000000 9.302968e-03 -6.233760e-04 0.000000e+00 0.000000e+00 0.000000e+00 -5.673853e-05 0.000000e+00 0.000000e+00
45650 451.196565 12.294956 9.500000 0.999633 -0.027094 0.000000 9.290567e-03 -3.969271e-04 0.000000e+00 0.000000e+00 0.000000e+00 7.187194e-06 0.000000e+00 0.000000e+00
45700 451.658446 12.278152 9.500000 0.999635 -0.027034 0.000000 9.276316e-03 -7.506618e-04 0.000000e+00 0.000000e+00 0.000000e+00 -7.290873e-05 0.000000e+00 0.000000e+00
45750 452.123580 12.260263 9.500000 0.999585 -0.028792 0.000000 9.214218e-03 -2.900688e-04 0.000000e+00 0.000000e+00 0.000000e+00 2.965125e-05 0.000000e+00 0.000000e+00
45800 452.584528 12.244300 9.500000 0.999586 -0.028777 0.000000 9.199089e-03 -7.605564e-04 0.000000e+00 0.000000e+00 0.000000e+00 -7.794465e-05 0.000000e+00 0.000000e+00
45850 453.048541 12.225003 9.500000 0.999521 -0.030937 0.000000 9.318523e-03 -3.964249e-04 0.000000e+00 0.000000e+00 0.000000e+00 -2.630627e-05 0.000000e+00 0.000000e+00
45900 453.510300 12.209630 9.500000 0.999514 -0.031187 0.000000 9.124953e-03 -7.647746e-04 0.000000e+00 0.000000e+00 0.000000e+00 -2.082411e-05 0.000000e+00 0.000000e+00
45950 453.971566 12.189838 9.500000 0.999446 -0.033291 0.000000 9.382700e-03 -3.136273e-04 0.000000e+00 0.000000e+00 0.000000e+00 -8.376938e-05 0.000000e+00 0.000000e+00
46000 454.433928 12.174106 9.500000 0.999414 -0.034216 0.000000 9.210951e-03 -7.019168e-04 0.000000e+00 0.000000e+00 0.000000e+00 -1.814894e-05 0.000000e+00 0.000000e+00
46050 454.894061 12.153523 9.500000 0.999346 -0.036173 0.000000 9.189701e-03 -5.615414e-04 0.000000e+00 0.000000e+00 0.000000e+00 -6.416270e-05 0.000000e+00 0.000000e+00
46100 455.356028 12.136411 9.500000 0.999296 -0.037523 0.000000 9.153288e-03 -7.818065e-04 0.000000e+00 0.000000e+00 0.000000e+00 -5.981607e-06 0.000000e+00 0.000000e+00
46150 455.814871 12.115528 9.500000 0.999217 -0.039566 0.000000 9.243230e-03 -7.133310e-04 0.000000e+00 0.000000e+00 0.000000e+00 -3.456130e-05 0.000000e+00 0.000000e+00
46200 456.277733 12.094633 9.500000 0.999177 -0.040574 0.000000 9.192585e-03 -7.599901e-04 0.000000e+00 0.000000e+00 0.000000e+00 1.368234e-05 0.000000e+00 0.000000e+00
46250 456.735855 12.072179 9.500000 0.999118 -0.041988 0.000000 9.236877e-03 -8.845621e-04 0.000000e+00 0.000000e+00 0.000000e+00 1.060264e-05 0.000000e+00 0.000000e+00
46300 457.198043 12.049945 9.500000 0.999068 -0.043156 0.000000 9.183644e-03 -8.901050e-04 0.000000e+00 0.000000e+00 0.000000e+00 -1.293640e-05 0.000000e+00 0.000000e+00
46350 457.654276 12.024568 9.500000 0.999043 -0.043745 0.000000 9.082910e-03 -1.337189e-03 0.000000e+00 0.000000e+00 0.000000e+00 5.464565e-06 0.000000e+00 0.000000e+00
46400 458.113864 12.000329 9.500000 0.999026 -0.044120 0.000000 9.133423e-03 -8.652875e-04 0.000000e+00 0.000000e+00 0.000000e+00 -1.252583e-05 0.000000e+00 0.000000e+00
46450 458.570435 11.974920 9.500000 0.999004 -0.044622 0.000000 9.109822e-03 -2.006898e-03 0.000000e+00 0.000000e+00 0.000000e+00 3.585215e-05 0.000000e+00 0.000000e+00
46500 459.029515 11.950568 9.500000 0.998983 -0.045090 0.000000 9.340744e-03 -9.574529e-04 0.000000e+00 0.000000e+00 0.000000e+00 -4.450231e-06 0.000000e+00 0.000000e+00
46550 459.487964 11.923533 9.500000 0.998993 -0.044877 0.000000 9.068907e-03 -1.510884e-03 0.000000e+00 0.000000e+00 0.000000e+00 4.250362e-05 0.000000e+00 0.000000e+00
46600 459.949036 11.899238 9.500000 0.999014 -0.044396 0.000000 9.290477e-03 -8.086312e-04 0.000000e+00 0.000000e+00 0.000000e+00 1.680535e-05 0.000000e+00 0.000000e+00
46650 460.411528 11.871073 9.500000 0.999023 -0.044187 0.000000 9.211907e-03 -1.061703e-03 0.000000e+00 0.000000e+00 0.000000e+00 4.294117e-05 0.000000e+00 0.000000e+00
46700 460.871121 11.847018 9.500000 0.999081 -0.042859 0.000000 9.274094e-03 -7.553578e-04 0.000000e+00 0.000000e+00 0.000000e+00 1.548807e-05 0.000000e+00 0.000000e+00
46750 461.334316 11.819752 9.500000 0.999117 -0.042012 0.000000 9.166286e-03 -1.122858e-03 0.000000e+00 0.000000e+00 0.000000e+00 7.144619e-05 0.000000e+00 0.000000e+00
46800 461.794079 11.797620 9.500000 0.999157 -0.041056 0.000000 9.165657e-03 -8.526945e-04 0.000000e+00 0.000000e+00 0.000000e+00 3.383882e-05 0.000000e+00 0.000000e+00
46850 462.258137 11.772718 9.500000 0.999187 -0.040317 0.000000 9.270427e-03 -9.298875e-04 0.000000e+00 0.000000e+00 0.000000e+00 -3.134393e-05 0.000000e+00 0.000000e+00
46900 462.718879 11.750934 9.500000 0.999191 -0.040206 0.000000 9.221039e-03 -8.066710e-04 0.000000e+00 0.000000e+00 0.000000e+00 3.153777e-05 0.000000e+00 0.000000e+00
46950 463.183235 11.728965 9.500000 0.999235 -0.039102 0.000000 9.236700e-03 -6.521452e-04 0.000000e+00 0.000000e+00 0.000000e+00 2.778266e-05 0.000000e+00 0.000000e+00
47000 463.644339 11.706501 9.500000 0.999209 -0.039768 0.000000 9.286778e-03 -7.302617e-04 0.000000e+00 0.000000e+00 0.000000e+00 3.550380e-05 0.000000e+00 0.000000e+00
47050 464.109994 11.687003 9.500000 0.999263 -0.038395 0.000000 9.297574e-03 -5.027084e-04 0.000000e+00 0.000000e+00 0.000000e+00 2.563134e-05 0.000000e+00 0.000000e+00
47100 464.573756 11.663031 9.500000 0.999248 -0.038780 0.000000 9.243889e-03 -5.983703e-04 0.000000e+00 0.000000e+00 0.000000e+00 3.015462e-05 0.000000e+00 0.000000e+00
47150 465.039249 11.646027 9.500000 0.999307 -0.037221 0.000000 9.432750e-03 -5.024379e-04 0.000000e+00 0.000000e+00 0.000000e+00 -5.983385e-06 0.000000e+00 0.000000e+00
47200 465.505631 11.623053 9.500000 0.999297 -0.037480 0.000000 9.285672e-03 -4.614773e-04 0.000000e+00 0.000000e+00 0.000000e+00 3.868611e-05 0.000000e+00 0.000000e+00
47250 465.969973 11.605979 9.500000 0.999348 -0.036109 0.000000 9.348423e-03 -4.599796e-04 0.000000e+00 0.000000e+00 0.000000e+00 1.060477e-05 0.000000e+00 0.000000e+00
47300 466.439159 11.585059 9.500000 0.999330 -0.036598 0.000000 9.228916e-03 -4.080994e-04 0.000000e+00 0.000000e+00 0.000000e+00 5.437931e-05 0.000000e+00 0.000000e+00
47350 466.902702 11.568429 9.500000 0.999365 -0.035622 0.000000 9.351161e-03 -3.672363e-04 0.000000e+00 0.000000e+00 0.000000e+00 1.382894e-05 0.000000e+00 0.000000e+00
47400 467.373386 11.549333 9.500000 0.999358 -0.035826 0.000000 9.269731e-03 -3.984159e-04 0.000000e+00 0.000000e+00 0.000000e+00 1.056964e-06 0.000000e+00 0.000000e+00
47450 467.835753 11.532341 9.500000 0.999377 -0.035286 0.000000 9.325295e-03 -3.792677e-04 0.000000e+00 0.000000e+00 0.000000e+00 -1.464463e-05 0.000000e+00 0.000000e+00
47500 468.306459 11.515608 9.500000 0.999382 -0.035152 0.000000 9.594989e-03 -3.626878e-04 0.000000e+00 0.000000e+00 0.000000e+00 -6.077771e-06 0.000000e+00 0.000000e+00
47550 468.770009 11.498936 9.500000 0.999385 -0.035071 0.000000 9.152612e-03 -3.284019e-04 0.000000e+00 0.000000e+00 0.000000e+00 2.154067e-06 0.000000e+00 0.000000e+00
47600 469.238572 11.483142 9.500000 0.999393 -0.034850 0.000000 9.566730e-03 -2.669513e-04 0.000000e+00 0.000000e+00 0.000000e+00 -1.960713e-05 0.000000e+00 0.000000e+00
47650 469.705342 11.467274 9.500000 0.999382 -0.035162 0.000000 9.070107e-03 -2.886709e-04 0.000000e+00 0.000000e+00 0.000000e+00 -8.316203e-06 0.000000e+00 0.000000e+00
47700 470.171386 11.451711 9.500000 0.999385 -0.035067 0.000000 9.436475e-03 -2.401210e-04 0.000000e+00 0.000000e+00 0.000000e+00 5.273145e-06 0.000000e+00 0.000000e+00
47750 470.640347 11.436962 9.500000 0.999375 -0.035348 0.000000 9.228965e-03 -2.040647e-04 0.000000e+00 0.000000e+00 0.000000e+00 2.231931e-05 0.000000e+00 0.000000e+00
47800 471.105061 11.421260 9.500000 0.999368 -0.035536 0.000000 9.279409e-03 -2.709717e-04 0.000000e+00 0.000000e+00 0.000000e+00 1.418552e-05 0.000000e+00 0.000000e+00
47850 471.573489 11.407841 9.500000 0.999364 -0.035668 0.000000 9.344863e-03 -2.834541e-04 0.000000e+00 0.000000e+00 0.000000e+00 -1.831830e-05 0.000000e+00 0.000000e+00
47900 472.038175 11.392025 9.500000 0.999333 -0.036509 0.000000 9.463204e-03 -1.845054e-04 0.000000e+00 0.000000e+00 0.000000e+00 1.339217e-05 0.000000e+00 0.000000e+00
47950 472.505459 11.379815 9.500000 0.999343 -0.036247 0.000000 9.307835e-03 -2.344199e-04 0.000000e+00 0.000000e+00 0.000000e+00 -4.471841e-05 0.000000e+00 0.000000e+00
48000 472.970503 11.362684 9.500000 0.999287 -0.037755 0.000000 9.252803e-03 -1.659824e-04 0.000000e+00 0.000000e+00 0.000000e+00 -1.257518e-05 0.000000e+00 0.000000e+00
48050 473.437547 11.351358 9.500000 0.999319 -0.036912 0.000000 9.199283e-03 -7.327332e-05 0.000000e+00 0.000000e+00 0.000000e+00 -3.490875e-05 0.000000e+00 0.000000e+00
48100 473.901931 11.333308 9.500000 0.999243 -0.038909 0.000000 9.358397e-03 -2.161809e-04 0.000000e+00 0.000000e+00 0.000000e+00 -3.607919e-06 0.000000e+00 0.000000e+00
48150 474.369509 11.321613 9.500000 0.999258 -0.038520 0.000000 9.221708e-03 8.356520e-05 0.000000e+00 0.000000e+00 0.000000e+00 -2.554398e-06 0.000000e+00 0.000000e+00
48200 474.831556 11.303221 9.500000 0.999208 -0.039803 0.000000 9.241892e-03 -2.232948e-04 0.000000e+00 0.000000e+00 0.000000e+00 -4.183669e-05 0.000000e+00 0.000000e+00
48250 475.298253 11.290163 9.500000 0.999196 -0.040083 0.000000 9.321727e-03 3.381180e-05 0.000000e+00 0.000000e+00 0.000000e+00 3.497209e-05 0.000000e+00 0.000000e+00
48300 475.759482 11.272303 9.500000 0.999184 -0.040387 0.000000 9.248151e-03 -2.070124e-04 0.000000e+00 0.000000e+00 0.000000e+00 -1.330280e-04 0.000000e+00 0.000000e+00
48350 476.223910 11.257229 9.500000 0.999155 -0.041093 0.000000 9.289129e-03 -7.694161e-05 0.000000e+00 0.000000e+00 0.000000e+00 -1.071297e-05 0.000000e+00 0.000000e+00
48400 476.685192 11.241114 9.500000 0.999153 -0.041152 0.000000 9.271307e-03 -3.040452e-05 0.000000e+00 0.000000e+00 0.000000e+00 -1.969940e-05 0.000000e+00 0.000000e+00
48450 477.149346 11.225011 9.500000 0.999095 -0.042536 0.000000 9.181950e-03 -1.362744e-04 0.000000e+00 0.000000e+00 0.000000e+00 -2.559502e-05 0.000000e+00 0.000000e+00
48500 477.609816 11.209815 9.500000 0.999096 -0.042503 0.000000 9.197082e-03 3.289824e-05 0.000000e+00 0.000000e+00 0.000000e+00 -1.204517e-05 0.000000e+00 0.000000e+00
48550 478.073241 11.192650 9.500000 0.999014 -0.044399 0.000000 9.323022e-03 -2.164262e-04 0.000000e+00 0.000000e+00 0.000000e+00 -4.333429e-05 0.000000e+00 0.000000e+00
48600 478.534002 11.178089 9.500000 0.998999 -0.044740 0.000000 9.094865e-03 -1.041131e-04 0.000000e+00 0.000000e+00 0.000000e+00 -1.322785e-05 0.000000e+00 0.000000e+00
48650 478.995150 11.159764 9.500000 0.998913 -0.046615 0.000000 9.298924e-03 -1.686169e-04 0.000000e+00 0.000000e+00 0.000000e+00 -1.976722e-05 0.000000e+00 0.000000e+00
48700 479.456368 11.145003 9.500000 0.998873 -0.047456 0.000000 9.124927e-03 6.257253e-05 0.000000e+00 0.000000e+00 0.000000e+00 -8.166616e-06 0.000000e+00 0.000000e+00
48750 479.916024 11.126044 9.500000 0.998786 -0.049265 0.000000 9.261973e-03 -1.870778e-04 0.000000e+00 0.000000e+00 0.000000e+00 -3.926617e-05 0.000000e+00 0.000000e+00
48800 480.377200 11.109216 9.500000 0.998751 -0.049965 0.000000 9.166784e-03 3.841391e-05 0.000000e+00 0.000000e+00 0.000000e+00 -6.561844e-05 0.000000e+00 0.000000e+00
48850 480.836036 11.089276 9.500000 0.998668 -0.051606 0.000000 9.272200e-03 2.667884e-06 0.000000e+00 0.000000e+00 0.000000e+00 -6.772229e-06 0.000000e+00 0.000000e+00
48900 481.298468 11.070367 9.500000 0.998631 -0.052312 0.000000 9.186968e-03 1.050041e-04 0.000000e+00 0.000000e+00 0.000000e+00 1.264536e-05 0.000000e+00 0.000000e+00
48950 481.756083 11.048769 9.500000 0.998590 -0.053089 0.000000 9.277448e-03 1.891107e-04 0.000000e+00 0.000000e+00 0.000000e+00 -3.750133e-05 0.000000e+00 0.000000e+00
49000 482.217425 11.028774 9.500000 0.998551 -0.053806 0.000000 9.137807e-03 2.192776e-04 0.000000e+00 0.000000e+00 0.000000e+00 -6.414304e-06 0.000000e+00 0.000000e+00
49050 482.673349 11.005926 9.500000 0.998548 -0.053861 0.000000 9.129107e-03 4.624635e-04 0.000000e+00 0.000000e+00 0.000000e+00 8.863371e-06 0.000000e+00 0.000000e+00
49100 483.132943 10.984321 9.500000 0.998540 -0.054026 0.000000 9.102663e-03 1.538993e-04 0.000000e+00 0.000000e+00 0.000000e+00 -3.995487e-05 0.000000e+00 0.000000e+00
49150 483.589124 10.963362 9.500000 0.998518 -0.054414 0.000000 9.051792e-03 1.144214e-03 0.000000e+00 0.000000e+00 0.000000e+00 -5.601177e-05 0.000000e+00 0.000000e+00
49200 484.049580 10.940669 9.500000 0.998538 -0.054046 0.000000 9.309962e-03 6.748029e-05 0.000000e+00 0.000000e+00 0.000000e+00 2.689518e-05 0.000000e+00 0.000000e+00
49250 484.508142 10.917349 9.500000 0.998562 -0.053604 0.000000 9.060478e-03 5.696200e-04 0.000000e+00 0.000000e+00 0.000000e+00 2.905194e-05 0.000000e+00 0.000000e+00
49300 484.969658 10.895818 9.500000 0.998621 -0.052501 0.000000 9.315068e-03 -6.301446e-05 0.000000e+00 0.000000e+00 0.000000e+00 4.897090e-05 0.000000e+00 0.000000e+00
49350 485.432243 10.871049 9.500000 0.998647 -0.051992 0.000000 9.194324e-03 1.855869e-04 0.000000e+00 0.000000e+00 0.000000e+00 9.631513e-06 0.000000e+00 0.000000e+00
49400 485.892245 10.850162 9.500000 0.998733 -0.050315 0.000000 9.230223e-03 -1.553797e-04 0.000000e+00 0.000000e+00 0.000000e+00 7.420255e-05 0.000000e+00 0.000000e+00
49450 486.355493 10.826877 9.500000 0.998786 -0.049251 0.000000 9.232520e-03 1.617181e-04 0.000000e+00 0.000000e+00 0.000000e+00 -5.689580e-05 0.000000e+00 0.000000e+00
49500 486.815529 10.808410 9.500000 0.998856 -0.047812 0.000000 9.191095e-03 2.050408e-05 0.000000e+00 0.000000e+00 0.000000e+00 2.401280e-05 0.000000e+00 0.000000e+00
49550 487.280072 10.787484 9.500000 0.998904 -0.046796 0.000000 9.255782e-03 1.054453e-04 0.000000e+00 0.000000e+00 0.000000e+00 -4.421804e-06 0.000000e+00 0.000000e+00
49600 487.741017 10.770194 9.500000 0.998945 -0.045925 0.000000 9.263096e-03 2.985828e-04 0.000000e+00 0.000000e+00 0.000000e+00 4.804556e-05 0.000000e+00 0.000000e+00
49650 488.205554 10.751003 9.500000 0.999002 -0.044671 0.000000 9.292099e-03 -1.933359e-04 0.000000e+00 0.000000e+00 0.000000e+00 -1.096895e-05 0.000000e+00 0.000000e+00
49700 488.666958 10.733669 9.500000 0.998999 -0.044728 0.000000 9.237749e-03 2.114767e-04 0.000000e+00 0.000000e+00 0.000000e+00 6.240766e-05 0.000000e+00 0.000000e+00
49750 489.132095 10.718182 9.500000 0.999067 -0.043187 0.000000 9.195932e-03 -3.408510e-04 0.000000e+00 0.000000e+00 0.000000e+00 -3.099324e-05 0.000000e+00 0.000000e+00
49800 489.593721 10.700591 9.500000 0.999050 -0.043573 0.000000 9.174417e-03 1.257683e-04 0.000000e+00 0.000000e+00 0.000000e+00 7.296679e-05 0.000000e+00 0.000000e+00
49850 490.059242 10.686969 9.500000 0.999133 -0.041638 0.000000 9.388011e-03 -3.723309e-04 0.000000e+00 0.000000e+00 0.000000e+00 -5.970624e-06 0.000000e+00 0.000000e+00
49900 490.523971 10.667795 9.500000 0.999128 -0.041748 0.000000 9.249597e-03 -1.291491e-04 0.000000e+00 0.000000e+00 0.000000e+00 1.598409e-05 0.000000e+00 0.000000e+00
49950 490.988952 10.656618 9.500000 0.999215 -0.039624 0.000000 9.363877e-03 -2.475484e-04 0.000000e+00 0.000000e+00 0.000000e+00 1.099523e-05 0.000000e+00 0.000000e+00
50000 491.456625 10.638826 9.500000 0.999204 -0.039902 0.000000 9.204349e-03 -3.883951e-05 0.000000e+00 0.000000e+00 0.000000e+00 -1.177788e-05 0.000000e+00 0.000000e+00
50050 491.921168 10.627854 9.500000 0.999286 -0.037772 0.000000 9.330559e-03 -1.021738e-04 0.000000e+00 0.000000e+00 0.000000e+00 2.021568e-05 0.000000e+00 0.000000e+00
50100 492.390310 10.611831 9.500000 0.999276 -0.038039 0.000000 9.231106e-03 -1.789794e-04 0.000000e+00 0.000000e+00 0.000000e+00 -5.947717e-05 0.000000e+00 0.000000e+00
50150 492.853936 10.601016 9.500000 0.999345 -0.036186 0.000000 9.306292e-03 -1.346210e-04 0.000000e+00 0.000000e+00 0.000000e+00 8.107439e-05 0.000000e+00 0.000000e+00
50200 493.324052 10.588008 9.500000 0.999349 -0.036074 0.000000 9.416266e-03 -2.144835e-04 0.000000e+00 0.000000e+00 0.000000e+00 -6.181727e-05 0.000000e+00 0.000000e+00
50250 493.787528 10.577003 9.500000 0.999388 -0.034968 0.000000 9.332382e-03 -3.850956e-05 0.000000e+00 0.000000e+00 0.000000e+00 5.872864e-05 0.000000e+00 0.000000e+00
50300 494.256683 10.566117 9.500000 0.999406 -0.034457 0.000000 9.544260e-03 -9.010022e-05 0.000000e+00 0.000000e+00 0.000000e+00 -2.664279e-05 0.000000e+00 0.000000e+00
50350 494.722197 10.555322 9.500000 0.999431 -0.033716 0.000000 9.081635e-03 -8.816817e-05 0.000000e+00 0.000000e+00 0.000000e+00 5.145249e-05 0.000000e+00 0.000000e+00
50400 495.189453 10.545122 9.500000 0.999456 -0.032989 0.000000 9.436374e-03 -1.057743e-04 0.000000e+00 0.000000e+00 0.000000e+00 -3.383305e-05 0.000000e+00 0.000000e+00
50450 495.658440 10.535515 9.500000 0.999473 -0.032475 0.000000 9.161100e-03 -1.746711e-04 0.000000e+00 0.000000e+00 0.000000e+00 1.657372e-05 0.000000e+00 0.000000e+00
50500 496.123300 10.526982 9.500000 0.999493 -0.031842 0.000000 9.336925e-03 -1.929962e-04 0.000000e+00 0.000000e+00 0.000000e+00 2.096688e-05 0.000000e+00 0.000000e+00
50550 496.593695 10.518470 9.500000 0.999502 -0.031540 0.000000 9.341517e-03 -1.473939e-04 0.000000e+00 0.000000e+00 0.000000e+00 1.353892e-05 0.000000e+00 0.000000e+00
50600 497.058205 10.509973 9.500000 0.999522 -0.030923 0.000000 9.398863e-03 -1.623072e-04 0.000000e+00 0.000000e+00 0.000000e+00 1.077123e-05 0.000000e+00 0.000000e+00
50650 497.528312 10.502361 9.500000 0.999535 -0.030507 0.000000 9.376948e-03 -1.488194e-04 0.000000e+00 0.000000e+00 0.000000e+00 6.619278e-06 0.000000e+00 0.000000e+00
50700 497.992314 10.495038 9.500000 0.999547 -0.030081 0.000000 9.456745e-03 -1.404020e-04 0.000000e+00 0.000000e+00 0.000000e+00 6.765541e-06 0.000000e+00 0.000000e+00
50750 498.462752 10.488479 9.500000 0.999560 -0.029665 0.000000 9.350971e-03 -1.470332e-04 0.000000e+00 0.000000e+00 0.000000e+00 2.098495e-06 0.000000e+00 0.000000e+00
50800 498.926442 10.481202 9.500000 0.999569 -0.029356 0.000000 9.399800e-03 -5.686061e-05 0.000000e+00 0.000000e+00 0.000000e+00 3.434259e-05 0.000000e+00 0.000000e+00
50850 499.397473 10.475661 9.500000 0.999584 -0.028853 0.000000 9.220986e-03 -1.536312e-04 0.000000e+00 0.000000e+00 0.000000e+00 3.079562e-05 0.000000e+00 0.000000e+00
50900 499.860530 10.468816 9.500000 0.999584 -0.028848 0.000000 9.405815e-03 -2.333226e-04 0.000000e+00 0.000000e+00 0.000000e+00 -4.931657e-06 0.000000e+00 0.000000e+00
50950 500.332052 10.463401 9.500000 0.999601 -0.028244 0.000000 9.491681e-03 -1.465883e-04 0.000000e+00 0.000000e+00 0.000000e+00 1.330258e-05 0.000000e+00 0.000000e+00
51000 500.795054 10.457588 9.500000 0.999594 -0.028497 0.000000 9.264138e-03 -2.483638e-04 0.000000e+00 0.000000e+00 0.000000e+00 -1.506984e-05 0.000000e+00 0.000000e+00
51050 501.264729 10.452492 9.500000 0.999609 -0.027948 0.000000 9.521368e-03 -1.820215e-04 0.000000e+00 0.000000e+00 0.000000e+00 3.821804e-05 0.000000e+00 0.000000e+00
51100 501.730180 10.447669 9.500000 0.999607 -0.028029 0.000000 9.155227e-03 -2.334262e-04 0.000000e+00 0.000000e+00 0.000000e+00 -2.497247e-05 0.000000e+00 0.000000e+00
51150 502.197836 10.442051 9.500000 0.999622 -0.027490 0.000000 9.507014e-03 -1.847943e-04 0.000000e+00 0.000000e+00 0.000000e+00 4.669543e-05 0.000000e+00 0.000000e+00
51200 502.665746 10.438175 9.500000 0.999625 -0.027380 0.000000 9.110169e-03 -1.825074e-04 0.000000e+00 0.000000e+00 0.000000e+00 1.373289e-05 0.000000e+00 0.000000e+00
51250 503.131272 10.432913 9.500000 0.999629 -0.027249 0.000000 9.322189e-03 -1.431587e-05 0.000000e+00 0.000000e+00 0.000000e+00 3.127649e-06 0.000000e+00 0.000000e+00
51300 503.600358 10.429459 9.500000 0.999633 -0.027073 0.000000 9.251916e-03 -2.085917e-04 0.000000e+00 0.000000e+00 0.000000e+00 -7.562571e-05 0.000000e+00 0.000000e+00
51350 504.064984 10.424153 9.500000 0.999634 -0.027066 0.000000 9.495597e-03 -5.649418e-05 0.000000e+00 0.000000e+00 0.000000e+00 5.118210e-06 0.000000e+00 0.000000e+00
51400 504.533907 10.421661 9.500000 0.999644 -0.026691 0.000000 9.348519e-03 -1.093455e-04 0.000000e+00 0.000000e+00 0.000000e+00 -2.069296e-05 0.000000e+00 0.000000e+00
51450 504.998199 10.416232 9.500000 0.999632 -0.027115 0.000000 9.247485e-03 -2.832543e-04 0.000000e+00 0.000000e+00 0.000000e+00 2.248224e-05 0.000000e+00 0.000000e+00
51500 505.467378 10.413911 9.500000 0.999652 -0.026383 0.000000 9.290419e-03 -1.302493e-04 0.000000e+00 0.000000e+00 0.000000e+00 -2.342487e-05 0.000000e+00 0.000000e+00
51550 505.932018 10.408754 9.500000 0.999631 -0.027181 0.000000 9.396566e-03 -1.191043e-05 0.000000e+00 0.000000e+00 0.000000e+00 5.158641e-05 0.000000e+00 0.000000e+00
51600 506.401355 10.407364 9.500000 0.999656 -0.026216 0.000000 9.253885e-03 -1.851032e-04 0.000000e+00 0.000000e+00 0.000000e+00 4.695921e-05 0.000000e+00 0.000000e+00
51650 506.865288 10.401604 9.500000 0.999630 -0.027210 0.000000 9.314792e-03 -1.499767e-04 0.000000e+00 0.000000e+00 0.000000e+00 -2.152825e-05 0.000000e+00 0.000000e+00
51700 507.334779 10.399484 9.500000 0.999655 -0.026279 0.000000 9.352783e-03 -6.005186e-05 0.000000e+00 0.000000e+00 0.000000e+00 7.336676e-05 0.000000e+00 0.000000e+00
51750 507.798367 10.395460 9.500000 0.999634 -0.027043 0.000000 9.364626e-03 -2.847199e-04 0.000000e+00 0.000000e+00 0.000000e+00 -5.220156e-05 0.000000e+00 0.000000e+00
51800 508.266931 10.392066 9.500000 0.999644 -0.026688 0.000000 9.526699e-03 -7.672241e-05 0.000000e+00 0.000000e+00 0.000000e+00 6.364637e-05 0.000000e+00 0.000000e+00
51850 508.731418 10.389673 9.500000 0.999637 -0.026938 0.000000 9.195433e-03 -2.985776e-04 0.000000e+00 0.000000e+00 0.000000e+00 -3.756726e-05 0.000000e+00 0.000000e+00
51900 509.198668 10.385105 9.500000 0.999633 -0.027086 0.000000 9.358231e-03 -5.018251e-05 0.000000e+00 0.000000e+00 0.000000e+00 6.474436e-05 0.000000e+00 0.000000e+00
51950 509.664728 10.383574 9.500000 0.999638 -0.026914 0.000000 9.283618e-03 -2.908930e-04 0.000000e+00 0.000000e+00 0.000000e+00 -5.514572e-05 0.000000e+00 0.000000e+00
52000 510.131172 10.378261 9.500000 0.999629 -0.027235 0.000000 9.370098e-03 -1.386364e-04 0.000000e+00 0.000000e+00 0.000000e+00 1.025289e-05 0.000000e+00 0.000000e+00
52050 510.597812 10.377019 9.500000 0.999640 -0.026817 0.000000 9.268861e-03 -1.715447e-04 0.000000e+00 0.000000e+00 0.000000e+00 -5.849238e-05 0.000000e+00 0.000000e+00
52100 511.063588 10.371967 9.500000 0.999624 -0.027430 0.000000 9.382631e-03 -1.650769e-04 0.000000e+00 0.000000e+00 0.000000e+00 3.962593e-05 0.000000e+00 0.000000e+00
52150 511.530189 10.370909 9.500000 0.999641 -0.026789 0.000000 9.317691e-03 -2.452386e-04 0.000000e+00 0.000000e+00 0.000000e+00 -2.074564e-05 0.000000e+00 0.000000e+00
52200 511.995302 10.365201 9.500000 0.999613 -0.027811 0.000000 9.398092e-03 -5.715934e-05 0.000000e+00 0.000000e+00 0.000000e+00 2.691823e-05 0.000000e+00 0.000000e+00
52250 512.462546 10.365224 9.500000 0.999642 -0.026745 0.000000 9.195722e-03 -2.555425e-04 0.000000e+00 0.000000e+00 0.000000e+00 -1.337180e-05 0.000000e+00 0.000000e+00
52300 512.927279 10.358886 9.500000 0.999602 -0.028215 0.000000 9.252821e-03 -1.465768e-04 0.000000e+00 0.000000e+00 0.000000e+00 -7.920731e-07 0.000000e+00 0.000000e+00
52350 513.395165 10.358575 9.500000 0.999637 -0.026924 0.000000 9.233725e-03 -1.464552e-04 0.000000e+00 0.000000e+00 0.000000e+00 4.495053e-05 0.000000e+00 0.000000e+00
52400 513.859029 10.352639 9.500000 0.999599 -0.028314 0.000000 9.354814e-03 -1.546957e-04 0.000000e+00 0.000000e+00 0.000000e+00 -5.336414e-05 0.000000e+00 0.000000e+00
52450 514.327476 10.350934 9.500000 0.999619 -0.027619 0.000000 9.343877e-03 -1.089238e-04 0.000000e+00 0.000000e+00 0.000000e+00 6.937957e-05 0.000000e+00 0.000000e+00
52500 514.790781 10.346825 9.500000 0.999599 -0.028307 0.000000 9.311246e-03 -3.941285e-04 0.000000e+00 0.000000e+00 0.000000e+00 -6.621810e-05 0.000000e+00 0.000000e+00
52550 515.258281 10.343844 9.500000 0.999598 -0.028340 0.000000 9.422528e-03 -1.551489e-04 0.000000e+00 0.000000e+00 0.000000e+00 4.444274e-05 0.000000e+00 0.000000e+00
52600 515.721875 10.341169 9.500000 0.999602 -0.028195 0.000000 9.344077e-03 -4.281559e-04 0.000000e+00 0.000000e+00 0.000000e+00 -2.996219e-05 0.000000e+00 0.000000e+00
52650 516.188883 10.336745 9.500000 0.999584 -0.028831 0.000000 9.360985e-03 -5.476103e-05 0.000000e+00 0.000000e+00 0.000000e+00 9.308294e-06 0.000000e+00 0.000000e+00
52700 516.652770 10.335140 9.500000 0.999601 -0.028256 0.000000 9.264547e-03 -4.428766e-04 0.000000e+00 0.000000e+00 0.000000e+00 -3.679318e-05 0.000000e+00 0.000000e+00
52750 517.119809 10.329894 9.500000 0.999575 -0.029139 0.000000 9.246473e-03 -1.774098e-04 0.000000e+00 0.000000e+00 0.000000e+00 5.055348e-06 0.000000e+00 0.000000e+00
52800 517.584066 10.328696 9.500000 0.999595 -0.028450 0.000000 9.233780e-03 -4.113756e-04 0.000000e+00 0.000000e+00 0.000000e+00 -4.378689e-05 0.000000e+00 0.000000e+00
52850 518.050470 10.322832 9.500000 0.999555 -0.029818 0.000000 9.472631e-03 -9.073805e-05 0.000000e+00 0.000000e+00 0.000000e+00 3.021063e-05 0.000000e+00 0.000000e+00
52900 518.515131 10.322383 9.500000 0.999581 -0.028958 0.000000 9.221729e-03 -5.373222e-04 0.000000e+00 0.000000e+00 0.000000e+00 1.085497e-05 0.000000e+00 0.000000e+00
52950 518.979651 10.315472 9.500000 0.999532 -0.030583 0.000000 9.358925e-03 -1.144287e-04 0.000000e+00 0.000000e+00 0.000000e+00 9.513526e-06 0.000000e+00 0.000000e+00
53000 519.445815 10.315289 9.500000 0.999561 -0.029638 0.000000 9.155225e-03 -3.964386e-04 0.000000e+00 0.000000e+00 0.000000e+00 7.165063e-05 0.000000e+00 0.000000e+00
53050 519.908707 10.307167 9.500000 0.999514 -0.031159 0.000000 9.329272e-03 -9.519992e-05 0.000000e+00 0.000000e+00 0.000000e+00 -4.885601e-05 0.000000e+00 0.000000e+00
53100 520.375842 10.306547 9.500000 0.999529 -0.030681 0.000000 9.261425e-03 -3.558992e-04 0.000000e+00 0.000000e+00 0.000000e+00 8.188993e-05 0.000000e+00 0.000000e+00
53150 520.837208 10.298578 9.500000 0.999506 -0.031437 0.000000 9.246328e-03 -2.700708e-04 0.000000e+00 0.000000e+00 0.000000e+00 -5.424108e-05 0.000000e+00 0.000000e+00
53200 521.304035 10.296333 9.500000 0.999512 -0.031241 0.000000 9.287206e-03 -3.304419e-04 0.000000e+00 0.000000e+00 0.000000e+00 4.985789e-05 0.000000e+00 0.000000e+00
53250 521.765492 10.289783 9.500000 0.999513 -0.031190 0.000000 9.253598e-03 -5.248820e-04 0.000000e+00 0.000000e+00 0.000000e+00 -7.073722e-05 0.000000e+00 0.000000e+00
53300 522.230414 10.285427 9.500000 0.999512 -0.031241 0.000000 9.352326e-03 -2.972293e-04 0.000000e+00 0.000000e+00 0.000000e+00 1.862253e-05 0.000000e+00 0.000000e+00
53350 522.691916 10.280588 9.500000 0.999531 -0.030622 0.000000 9.305216e-03 -6.024930e-04 0.000000e+00 0.000000e+00 0.000000e+00 -7.890693e-05 0.000000e+00 0.000000e+00
53400 523.156483 10.275518 9.500000 0.999513 -0.031193 0.000000 9.179586e-03 -1.640443e-04 0.000000e+00 0.000000e+00 0.000000e+00 4.729343e-05 0.000000e+00 0.000000e+00
53450 523.617965 10.271763 9.500000 0.999538 -0.030380 0.000000 9.210433e-03 -6.985853e-04 0.000000e+00 0.000000e+00 0.000000e+00 -3.934583e-05 0.000000e+00 0.000000e+00
53500 524.082998 10.265522 9.500000 0.999506 -0.031435 0.000000 9.326499e-03 -9.332305e-05 0.000000e+00 0.000000e+00 0.000000e+00 1.104113e-05 0.000000e+00 0.000000e+00
53550 524.544082 10.263409 9.500000 0.999534 -0.030533 0.000000 9.116458e-03 -5.730323e-04 0.000000e+00 0.000000e+00 0.000000e+00 -8.682841e-05 0.000000e+00 0.000000e+00
53600 525.007388 10.256082 9.500000 0.999495 -0.031771 0.000000 9.373302e-03 -2.405729e-04 0.000000e+00 0.000000e+00 0.000000e+00 1.879231e-06 0.000000e+00 0.000000e+00
53650 525.470561 10.254981 9.500000 0.999523 -0.030889 0.000000 9.131145e-03 -5.547245e-04 0.000000e+00 0.000000e+00 0.000000e+00 1.197798e-04 0.000000e+00 0.000000e+00
53700 525.931820 10.247194 9.500000 0.999479 -0.032261 0.000000 9.364885e-03 -9.064391e-05 0.000000e+00 0.000000e+00 0.000000e+00 -6.100631e-05 0.000000e+00 0.000000e+00
53750 526.396339 10.246059 9.500000 0.999494 -0.031796 0.000000 9.252560e-03 -5.466570e-04 0.000000e+00 0.000000e+00 0.000000e+00 7.285013e-05 0.000000e+00 0.000000e+00
53800 526.856347 10.238431 9.500000 0.999464 -0.032739 0.000000 9.257224e-03 -3.685812e-04 0.000000e+00 0.000000e+00 0.000000e+00 -5.341751e-06 0.000000e+00 0.000000e+00
53850 527.320918 10.236375 9.500000 0.999462 -0.032804 0.000000 9.251811e-03 -4.914499e-04 0.000000e+00 0.000000e+00 0.000000e+00 6.926004e-05 0.000000e+00 0.000000e+00
53900 527.781568 10.230091 9.500000 0.999446 -0.033279 0.000000 9.196223e-03 -5.526536e-04 0.000000e+00 0.000000e+00 0.000000e+00 3.158734e-05 0.000000e+00 0.000000e+00
53950 528.245546 10.226980 9.500000 0.999424 -0.033929 0.000000 9.253386e-03 -4.400466e-04 0.000000e+00 0.000000e+00 0.000000e+00 -2.422319e-05 0.000000e+00 0.000000e+00
54000 528.706271 10.221137 9.500000 0.999421 -0.034039 0.000000 9.274159e-03 -7.641196e-04 0.000000e+00 0.000000e+00 0.000000e+00 -1.256081e-04 0.000000e+00 0.000000e+00
54050 529.169938 10.217199 9.500000 0.999392 -0.034870 0.000000 9.161903e-03 -2.289910e-04 0.000000e+00 0.000000e+00 0.000000e+00 -8.110556e-06 0.000000e+00 0.000000e+00
54100 529.630080 10.212468 9.500000 0.999400 -0.034648 0.000000 9.260943e-03 -7.717338e-04 0.000000e+00 0.000000e+00 0.000000e+00 -5.223164e-05 0.000000e+00 0.000000e+00
54150 530.093814 10.207230 9.500000 0.999349 -0.036091 0.000000 9.298729e-03 2.642178e-05 0.000000e+00 0.000000e+00 0.000000e+00 4.891890e-05 0.000000e+00 0.000000e+00
54200 530.554257 10.203102 9.500000 0.999360 -0.035759 0.000000 9.080799e-03 -5.136193e-04 0.000000e+00 0.000000e+00 0.000000e+00 -2.398335e-05 0.000000e+00 0.000000e+00
54250 531.016748 10.195650 9.500000 0.999314 -0.037023 0.000000 9.348363e-03 -2.845870e-04 0.000000e+00 0.000000e+00 0.000000e+00 -1.868029e-05 0.000000e+00 0.000000e+00
54300 531.478835 10.192539 9.500000 0.999321 -0.036838 0.000000 9.176853e-03 -4.708447e-04 0.000000e+00 0.000000e+00 0.000000e+00 5.579170e-05 0.000000e+00 0.000000e+00
54350 531.939261 10.184102 9.500000 0.999272 -0.038157 0.000000 9.321423e-03 -1.205219e-04 0.000000e+00 0.000000e+00 0.000000e+00 -7.921820e-05 0.000000e+00 0.000000e+00
54400 532.402108 10.180460 9.500000 0.999264 -0.038348 0.000000 9.187918e-03 -6.071205e-04 0.000000e+00 0.000000e+00 0.000000e+00 3.930109e-05 0.000000e+00 0.000000e+00
54450 532.862021 10.172117 9.500000 0.999219 -0.039520 0.000000 9.266327e-03 -4.793881e-04 0.000000e+00 0.000000e+00 0.000000e+00 -4.027398e-05 0.000000e+00 0.000000e+00
54500 533.324684 10.167792 9.500000 0.999194 -0.040142 0.000000 9.178587e-03 -6.694876e-04 0.000000e+00 0.000000e+00 0.000000e+00 3.145062e-05 0.000000e+00 0.000000e+00
54550 533.783767 10.159353 9.500000 0.999150 -0.041233 0.000000 9.253550e-03 -6.021691e-04 0.000000e+00 0.000000e+00 0.000000e+00 -1.222562e-05 0.000000e+00 0.000000e+00
54600 534.246618 10.153715 9.500000 0.999117 -0.042017 0.000000 9.167485e-03 -4.837853e-04 0.000000e+00 0.000000e+00 0.000000e+00 2.962253e-05 0.000000e+00 0.000000e+00
54650 534.705326 10.145339 9.500000 0.999073 -0.043058 0.000000 9.208973e-03 -7.233114e-04 0.000000e+00 0.000000e+00 0.000000e+00 -5.228296e-05 0.000000e+00 0.000000e+00
54700 535.167507 10.138240 9.500000 0.999035 -0.043928 0.000000 9.234398e-03 -4.030685e-04 0.000000e+00 0.000000e+00 0.000000e+00 1.827605e-05 0.000000e+00 0.000000e+00
54750 535.625731 10.130066 9.500000 0.998997 -0.044780 0.000000 9.183702e-03 -7.802922e-04 0.000000e+00 0.000000e+00 0.000000e+00 -4.738398e-05 0.000000e+00 0.000000e+00
54800 536.087434 10.120924 9.500000 0.998935 -0.046132 0.000000 9.281707e-03 -4.319807e-04 0.000000e+00 0.000000e+00 0.000000e+00 3.848356e-05 0.000000e+00 0.000000e+00
54850 536.545913 10.113308 9.500000 0.998905 -0.046774 0.000000 9.037771e-03 -9.847995e-04 0.000000e+00 0.000000e+00 0.000000e+00 5.025398e-06 0.000000e+00 0.000000e+00
54900 537.006857 10.102404 9.500000 0.998835 -0.048263 0.000000 9.267054e-03 -5.624712e-04 0.000000e+00 0.000000e+00 0.000000e+00 -7.828196e-06 0.000000e+00 0.000000e+00
54950 537.467677 10.093336 9.500000 0.998831 -0.048332 0.000000 9.130764e-03 -1.087180e-03 0.000000e+00 0.000000e+00 0.000000e+00 -4.852126e-05 0.000000e+00 0.000000e+00
55000 537.927348 10.082098 9.500000 0.998782 -0.049332 0.000000 9.281785e-03 -6.386782e-04 0.000000e+00 0.000000e+00 0.000000e+00 -5.501548e-05 0.000000e+00 0.000000e+00
55050 538.388490 10.072025 9.500000 0.998780 -0.049376 0.000000 9.183722e-03 -1.007456e-03 0.000000e+00 0.000000e+00 0.000000e+00 -1.811239e-05 0.000000e+00 0.000000e+00
55100 538.847934 10.059569 9.500000 0.998754 -0.049907 0.000000 9.304393e-03 -9.082123e-04 0.000000e+00 0.000000e+00 0.000000e+00 -4.269772e-05 0.000000e+00 0.000000e+00
55150 539.308769 10.049694 9.500000 0.998745 -0.050080 0.000000 9.149526e-03 -7.831262e-04 0.000000e+00 0.000000e+00 0.000000e+00 3.268007e-06 0.000000e+00 0.000000e+00
55200 539.765465 10.035968 9.500000 0.998750 -0.049984 0.000000 9.245341e-03 -1.154152e-03 0.000000e+00 0.000000e+00 0.000000e+00 4.158829e-05 0.000000e+00 0.000000e+00
55250 540.224836 10.025244 9.500000 0.998773 -0.049531 0.000000 9.106507e-03 -1.054313e-03 0.000000e+00 0.000000e+00 0.000000e+00 -5.464428e-06 0.000000e+00 0.000000e+00
55300 540.680805 10.012580 9.500000 0.998783 -0.049323 0.000000 9.166982e-03 -1.402784e-03 0.000000e+00 0.000000e+00 0.000000e+00 -3.211241e-06 0.000000e+00 0.000000e+00
55350 541.140441 10.002012 9.500000 0.998803 -0.048905 0.000000 9.026747e-03 -1.007015e-03 0.000000e+00 0.000000e+00 0.000000e+00 1.122964e-04 0.000000e+00 0.000000e+00
55400 541.596832 9.990552 9.500000 0.998807 -0.048838 0.000000 9.037750e-03 -2.224769e-03 0.000000e+00 0.000000e+00 0.000000e+00 9.986911e-05 0.000000e+00 0.000000e+00
55450 542.056018 9.981287 9.500000 0.998816 -0.048652 0.000000 9.209055e-03 -8.293711e-04 0.000000e+00 0.000000e+00 0.000000e+00 -1.682617e-06 0.000000e+00 0.000000e+00
55500 542.512267 9.970971 9.500000 0.998819 -0.048592 0.000000 9.134707e-03 -2.527444e-03 0.000000e+00 0.000000e+00 0.000000e+00 4.010381e-05 0.000000e+00 0.000000e+00
55550 542.970359 9.962176 9.500000 0.998829 -0.048370 0.000000 9.213797e-03 -9.352554e-04 0.000000e+00 0.000000e+00 0.000000e+00 1.429616e-05 0.000000e+00 0.000000e+00
55600 543.429790 9.950162 9.500000 0.998863 -0.047670 0.000000 9.149766e-03 -1.724586e-03 0.000000e+00 0.000000e+00 0.000000e+00 7.675174e-06 0.000000e+00 0.000000e+00
55650 543.888445 9.941187 9.500000 0.998887 -0.047164 0.000000 9.207061e-03 -8.538600e-04 0.000000e+00 0.000000e+00 0.000000e+00 1.499374e-05 0.000000e+00 0.000000e+00
55700 544.349009 9.929186 9.500000 0.998926 -0.046330 0.000000 9.087938e-03 -1.252395e-03 0.000000e+00 0.000000e+00 0.000000e+00 1.831948e-05 0.000000e+00 0.000000e+00
55750 544.807906 9.920270 9.500000 0.998975 -0.045274 0.000000 9.335258e-03 -1.077971e-03 0.000000e+00 0.000000e+00 0.000000e+00 5.262438e-05 0.000000e+00 0.000000e+00
55800 545.271600 9.909249 9.500000 0.999024 -0.044177 0.000000 9.229526e-03 -1.098234e-03 0.000000e+00 0.000000e+00 0.000000e+00 1.006293e-05 0.000000e+00 0.000000e+00
55850 545.729722 9.899027 9.500000 0.999095 -0.042539 0.000000 9.204927e-03 -9.462984e-04 0.000000e+00 0.000000e+00 0.000000e+00 1.392328e-05 0.000000e+00 0.000000e+00
55900 546.194806 9.890005 9.500000 0.999150 -0.041232 0.000000 9.303759e-03 -8.524095e-04 0.000000e+00 0.000000e+00 0.000000e+00 -3.721855e-06 0.000000e+00 0.000000e+00
55950 546.653961 9.880530 9.500000 0.999209 -0.039757 0.000000 9.201158e-03 -8.742087e-04 0.000000e+00 0.000000e+00 0.000000e+00 6.054918e-05 0.000000e+00 0.000000e+00
56000 547.116902 9.871996 9.500000 0.999286 -0.037778 0.000000 9.268856e-03 -6.144959e-04 0.000000e+00 0.000000e+00 0.000000e+00 1.260467e-05 0.000000e+00 0.000000e+00
56050 547.577098 9.862522 9.500000 0.999333 -0.036516 0.000000 9.198124e-03 -8.227204e-04 0.000000e+00 0.000000e+00 0.000000e+00 1.255857e-04 0.000000e+00 0.000000e+00
56100 548.039570 9.856536 9.500000 0.999413 -0.034254 0.000000 9.318444e-03 -5.203756e-04 0.000000e+00 0.000000e+00 0.000000e+00 3.616583e-05 0.000000e+00 0.000000e+00
56150 548.501215 9.847867 9.500000 0.999455 -0.033000 0.000000 9.149382e-03 -8.119029e-04 0.000000e+00 0.000000e+00 0.000000e+00 -1.776645e-05 0.000000e+00 0.000000e+00
56200 548.962273 9.844737 9.500000 0.999523 -0.030895 0.000000 9.279469e-03 -2.717711e-04 0.000000e+00 0.000000e+00 0.000000e+00 -2.834325e-05 0.000000e+00 0.000000e+00
56250 549.425321 9.837597 9.500000 0.999563 -0.029548 0.000000 9.196040e-03 -7.162661e-04 0.000000e+00 0.000000e+00 0.000000e+00 3.307142e-05 0.000000e+00 0.000000e+00
56300 549.886024 9.835988 9.500000 0.999622 -0.027510 0.000000 9.306335e-03 -4.569465e-04 0.000000e+00 0.000000e+00 0.000000e+00 1.723488e-05 0.000000e+00 0.000000e+00
56350 550.349731 9.830283 9.500000 0.999669 -0.025724 0.000000 9.239983e-03 -8.905821e-04 0.000000e+00 0.000000e+00 0.000000e+00 1.125875e-04 0.000000e+00 0.000000e+00
56400 550.809911 9.830399 9.500000 0.999713 -0.023972 0.000000 9.181072e-03 -5.106471e-04 0.000000e+00 0.000000e+00 0.000000e+00 2.308161e-05 0.000000e+00 0.000000e+00
56450 551.274005 9.827073 9.500000 0.999754 -0.022170 0.000000 9.218323e-03 -9.161718e-04 0.000000e+00 0.000000e+00 0.000000e+00 1.959444e-05 0.000000e+00 0.000000e+00
56500 551.734197 9.827867 9.500000 0.999793 -0.020332 0.000000 9.231143e-03 -8.781387e-04 0.000000e+00 0.000000e+00 0.000000e+00 6.807058e-05 0.000000e+00 0.000000e+00
56550 552.198381 9.827649 9.500000 0.999832 -0.018303 0.000000 9.313957e-03 -4.405144e-04 0.000000e+00 0.000000e+00 0.000000e+00 3.307338e-05 0.000000e+00 0.000000e+00
56600 552.658666 9.829097 9.500000 0.999857 -0.016888 0.000000 9.220409e-03 -6.359908e-04 0.000000e+00 0.000000e+00 0.000000e+00 -2.657609e-05 0.000000e+00 0.000000e+00
56650 553.122370 9.831716 9.500000 0.999893 -0.014654 0.000000 9.294181e-03 -1.878114e-04 0.000000e+00 0.000000e+00 0.000000e+00 7.514765e-05 0.000000e+00 0.000000e+00
56700 553.582891 9.833848 9.500000 0.999909 -0.013456 0.000000 9.199309e-03 -4.619010e-04 0.000000e+00 0.000000e+00 0.000000e+00 9.262551e-05 0.000000e+00 0.000000e+00
56750 554.045570 9.839164 9.500000 0.999937 -0.011191 0.000000 9.324978e-03 -1.273475e-04 0.000000e+00 0.000000e+00 0.000000e+00 6.839367e-05 0.000000e+00 0.000000e+00
56800 554.507450 9.841559 9.500000 0.999950 -0.009999 0.000000 9.146149e-03 -4.729535e-04 0.000000e+00 0.000000e+00 0.000000e+00 4.363736e-05 0.000000e+00 0.000000e+00
56850 554.968509 9.849086 9.500000 0.999971 -0.007680 0.000000 9.260712e-03 -4.304798e-05 0.000000e+00 0.000000e+00 0.000000e+00 -2.610168e-05 0.000000e+00 0.000000e+00
56900 555.430979 9.852893 9.500000 0.999981 -0.006234 0.000000 9.188148e-03 -5.603895e-04 0.000000e+00 0.000000e+00 0.000000e+00 4.347283e-05 0.000000e+00 0.000000e+00
56950 555.891293 9.861540 9.500000 0.999992 -0.004110 0.000000 9.214135e-03 -1.267150e-04 0.000000e+00 0.000000e+00 0.000000e+00 4.454956e-06 0.000000e+00 0.000000e+00
57000 556.353562 9.866814 9.500000 0.999997 -0.002357 0.000000 9.205821e-03 -5.672464e-04 0.000000e+00 0.000000e+00 0.000000e+00 7.383341e-05 0.000000e+00 0.000000e+00
57050 556.812813 9.876437 9.500000 1.000000 0.000053 0.000000 9.244445e-03 -4.283495e-04 0.000000e+00 0.000000e+00 0.000000e+00 3.084506e-05 0.000000e+00 0.000000e+00
57100 557.275811 9.885478 9.500000 0.999999 0.001581 0.000000 9.228991e-03 -4.064576e-04 0.000000e+00 0.000000e+00 0.000000e+00 2.966518e-05 0.000000e+00 0.000000e+00
57150 557.733938 9.896429 9.500000 0.999993 0.003744 0.000000 9.191210e-03 -4.370499e-04 0.000000e+00 0.000000e+00 0.000000e+00 2.521189e-05 0.000000e+00 0.000000e+00
57200 558.198350 9.908767 9.500000 0.999987 0.005192 0.000000 9.229813e-03 -4.368329e-04 0.000000e+00 0.000000e+00 0.000000e+00 1.791286e-06 0.000000e+00 0.000000e+00
57250 558.656722 9.921554 9.500000 0.999979 0.006546 0.000000 9.187782e-03 -7.892217e-04 0.000000e+00 0.000000e+00 0.000000e+00 4.142463e-05 0.000000e+00 0.000000e+00
57300 559.119680 9.935237 9.500000 0.999968 0.008051 0.000000 9.258161e-03 -2.573298e-04 0.000000e+00 0.000000e+00 0.000000e+00 1.526452e-05 0.000000e+00 0.000000e+00
57350 559.577912 9.949038 9.500000 0.999959 0.009023 0.000000 9.086566e-03 -1.759995e-03 0.000000e+00 0.000000e+00 0.000000e+00 3.178017e-05 0.000000e+00 0.000000e+00
57400 560.038111 9.964278 9.500000 0.999950 0.010008 0.000000 9.359230e-03 -3.221703e-04 0.000000e+00 0.000000e+00 0.000000e+00 -6.656557e-06 0.000000e+00 0.000000e+00
57450 560.495842 9.980798 9.500000 0.999943 0.010711 0.000000 9.126246e-03 -2.117808e-03 0.000000e+00 0.000000e+00 0.000000e+00 4.004268e-05 0.000000e+00 0.000000e+00
57500 560.953491 9.999415 9.500000 0.999936 0.011355 0.000000 9.149493e-03 -5.549249e-04 0.000000e+00 0.000000e+00 0.000000e+00 1.479861e-05 0.000000e+00 0.000000e+00
57550 561.410894 10.018096 9.500000 0.999927 0.012044 0.000000 9.158349e-03 -1.377206e-03 0.000000e+00 0.000000e+00 0.000000e+00 -1.163179e-05 0.000000e+00 0.000000e+00
57600 561.868130 10.036624 9.500000 0.999913 0.013164 0.000000 9.215454e-03 -6.125823e-04 0.000000e+00 0.000000e+00 0.000000e+00 -5.751455e-05 0.000000e+00 0.000000e+00
57650 562.327725 10.058399 9.500000 0.999910 0.013417 0.000000 9.121867e-03 -5.782112e-04 0.000000e+00 0.000000e+00 0.000000e+00 3.306409e-06 0.000000e+00 0.000000e+00
57700 562.785768 10.077980 9.500000 0.999913 0.013216 0.000000 9.300349e-03 -7.497303e-04 0.000000e+00 0.000000e+00 0.000000e+00 1.994337e-05 0.000000e+00 0.000000e+00
57750 563.248842 10.099100 9.500000 0.999914 0.013105 0.000000 9.189824e-03 -5.075941e-04 0.000000e+00 0.000000e+00 0.000000e+00 2.412436e-05 0.000000e+00 0.000000e+00
57800 563.706726 10.119014 9.500000 0.999922 0.012473 0.000000 9.188230e-03 -5.646615e-04 0.000000e+00 0.000000e+00 0.000000e+00 -4.032586e-05 0.000000e+00 0.000000e+00
57850 564.169048 10.139265 9.500000 0.999932 0.011654 0.000000 9.262905e-03 -9.837202e-05 0.000000e+00 0.000000e+00 0.000000e+00 3.510893e-05 0.000000e+00 0.000000e+00
57900 564.627630 10.158055 9.500000 0.999937 0.011190 0.000000 9.149133e-03 -6.496027e-04 0.000000e+00 0.000000e+00 0.000000e+00 -6.819702e-05 0.000000e+00 0.000000e+00
57950 565.090189 10.175538 9.500000 0.999947 0.010316 0.000000 9.273679e-03 3.469306e-04 0.000000e+00 0.000000e+00 0.000000e+00 7.606390e-05 0.000000e+00 0.000000e+00
58000 565.550515 10.193599 9.500000 0.999944 0.010587 0.000000 9.058592e-03 -3.478327e-04 0.000000e+00 0.000000e+00 0.000000e+00 -3.124604e-05 0.000000e+00 0.000000e+00
58050 566.012798 10.207739 9.500000 0.999955 0.009525 0.000000 9.416739e-03 5.925766e-06 0.000000e+00 0.000000e+00 0.000000e+00 -2.290629e-05 0.000000e+00 0.000000e+00
58100 566.475004 10.227210 9.500000 0.999950 0.010040 0.000000 9.121734e-03 -3.029535e-04 0.000000e+00 0.000000e+00 0.000000e+00 1.480704e-04 0.000000e+00 0.000000e+00
58150 566.935494 10.239457 9.500000 0.999962 0.008712 0.000000 9.311885e-03 2.958646e-04 0.000000e+00 0.000000e+00 0.000000e+00 -1.146465e-04 0.000000e+00 0.000000e+00
58200 567.399787 10.257116 9.500000 0.999956 0.009411 0.000000 9.205484e-03 -5.686128e-04 0.000000e+00 0.000000e+00 0.000000e+00 1.054969e-04 0.000000e+00 0.000000e+00
58250 567.859931 10.268251 9.500000 0.999963 0.008623 0.000000 9.308597e-03 -1.379253e-04 0.000000e+00 0.000000e+00 0.000000e+00 -5.497903e-05 0.000000e+00 0.000000e+00
58300 568.325045 10.284781 9.500000 0.999959 0.009001 0.000000 9.303317e-03 -2.616521e-04 0.000000e+00 0.000000e+00 0.000000e+00 1.014440e-04 0.000000e+00 0.000000e+00
58350 568.785394 10.297357 9.500000 0.999960 0.008913 0.000000 9.187054e-03 -2.465190e-04 0.000000e+00 0.000000e+00 0.000000e+00 -1.292551e-05 0.000000e+00 0.000000e+00
58400 569.251298 10.313143 9.500000 0.999961 0.008780 0.000000 9.376644e-03 6.437514e-05 0.000000e+00 0.000000e+00 0.000000e+00 2.929344e-05 0.000000e+00 0.000000e+00
58450 569.713709 10.328018 9.500000 0.999960 0.008977 0.000000 9.331991e-03 -2.338851e-04 0.000000e+00 0.000000e+00 0.000000e+00 -1.792995e-05 0.000000e+00 0.000000e+00
58500 570.180169 10.341349 9.500000 0.999967 0.008142 0.000000 9.389347e-03 3.155061e-04 0.000000e+00 0.000000e+00 0.000000e+00 6.793126e-05 0.000000e+00 0.000000e+00
58550 570.644100 10.357125 9.500000 0.999962 0.008701 0.000000 9.242530e-03 -1.393584e-04 0.000000e+00 0.000000e+00 0.000000e+00 -8.351783e-05 0.000000e+00 0.000000e+00
58600 571.110348 10.368808 9.500000 0.999969 0.007864 0.000000 9.207229e-03 8.149320e-05 0.000000e+00 0.000000e+00 0.000000e+00 -1.514406e-05 0.000000e+00 0.000000e+00
58650 571.576571 10.384148 9.500000 0.999966 0.008191 0.000000 9.283703e-03 5.322915e-05 0.000000e+00 0.000000e+00 0.000000e+00 -8.597241e-05 0.000000e+00 0.000000e+00
58700 572.041232 10.394837 9.500000 0.999971 0.007679 0.000000 9.497908e-03 6.286069e-05 0.000000e+00 0.000000e+00 0.000000e+00 -6.148242e-07 0.000000e+00 0.000000e+00
58750 572.509388 10.409592 9.500000 0.999965 0.008344 0.000000 9.322105e-03 2.043085e-04 0.000000e+00 0.000000e+00 0.000000e+00 -1.561531e-05 0.000000e+00 0.000000e+00
58800 572.973123 10.420591 9.500000 0.999970 0.007736 0.000000 9.259073e-03 2.775530e-04 0.000000e+00 0.000000e+00 0.000000e+00 3.323209e-05 0.000000e+00 0.000000e+00
58850 573.442566 10.434300 9.500000 0.999966 0.008290 0.000000 9.272949e-03 1.892601e-04 0.000000e+00 0.000000e+00 0.000000e+00 5.264740e-07 0.000000e+00 0.000000e+00
58900 573.905771 10.444670 9.500000 0.999969 0.007897 0.000000 9.405405e-03 2.065729e-04 0.000000e+00 0.000000e+00 0.000000e+00 2.106174e-05 0.000000e+00 0.000000e+00
58950 574.376333 10.457867 9.500000 0.999965 0.008411 0.000000 9.288554e-03 2.227225e-04 0.000000e+00 0.000000e+00 0.000000e+00 1.587362e-05 0.000000e+00 0.000000e+00
59000 574.838665 10.468394 9.500000 0.999965 0.008414 0.000000 9.300796e-03 8.240280e-05 0.000000e+00 0.000000e+00 0.000000e+00 -3.234207e-06 0.000000e+00 0.000000e+00
59050 575.309331 10.479553 9.500000 0.999959 0.009019 0.000000 9.535659e-03 2.407236e-04 0.000000e+00 0.000000e+00 0.000000e+00 2.081476e-05 0.000000e+00 0.000000e+00
59100 575.772672 10.491002 9.500000 0.999958 0.009146 0.000000 9.190076e-03 1.059449e-04 0.000000e+00 0.000000e+00 0.000000e+00 -1.838722e-05 0.000000e+00 0.000000e+00
59150 576.241180 10.502092 9.500000 0.999955 0.009454 0.000000 9.549024e-03 2.554911e-04 0.000000e+00 0.000000e+00 0.000000e+00 -7.503179e-07 0.000000e+00 0.000000e+00
59200 576.707730 10.513044 9.500000 0.999950 0.010033 0.000000 9.053519e-03 2.270244e-04 0.000000e+00 0.000000e+00 0.000000e+00 9.424239e-06 0.000000e+00 0.000000e+00
59250 577.173683 10.524031 9.500000 0.999947 0.010326 0.000000 9.362193e-03 2.849012e-04 0.000000e+00 0.000000e+00 0.000000e+00 -2.068247e-05 0.000000e+00 0.000000e+00
59300 577.642999 10.534929 9.500000 0.999941 0.010893 0.000000 9.188725e-03 2.192120e-04 0.000000e+00 0.000000e+00 0.000000e+00 1.666602e-05 0.000000e+00 0.000000e+00
59350 578.107472 10.545975 9.500000 0.999935 0.011396 0.000000 9.327356e-03 1.738594e-04 0.000000e+00 0.000000e+00 0.000000e+00 4.795724e-05 0.000000e+00 0.000000e+00
59400 578.576731 10.556058 9.500000 0.999930 0.011865 0.000000 9.339894e-03 2.530214e-04 0.000000e+00 0.000000e+00 0.000000e+00 2.743870e-05 0.000000e+00 0.000000e+00
59450 579.040524 10.567373 9.500000 0.999919 0.012734 0.000000 9.326869e-03 3.135118e-04 0.000000e+00 0.000000e+00 0.000000e+00 4.496283e-05 0.000000e+00 0.000000e+00
59500 579.509794 10.576969 9.500000 0.999914 0.013086 0.000000 9.349661e-03 2.379178e-04 0.000000e+00 0.000000e+00 0.000000e+00 3.103606e-05 0.000000e+00 0.000000e+00
59550 579.974144 10.589092 9.500000 0.999897 0.014346 0.000000 9.376522e-03 3.114883e-04 0.000000e+00 0.000000e+00 0.000000e+00 -3.436203e-05 0.000000e+00 0.000000e+00
59600 580.442645 10.598366 9.500000 0.999897 0.014378 0.000000 9.220035e-03 4.005306e-04 0.000000e+00 0.000000e+00 0.000000e+00 -7.948406e-06 0.000000e+00 0.000000e+00
59650 580.907109 10.611974 9.500000 0.999870 0.016102 0.000000 9.343159e-03 4.356521e-04 0.000000e+00 0.000000e+00 0.000000e+00 -2.959636e-06 0.000000e+00 0.000000e+00
59700 581.375829 10.621288 9.500000 0.999876 0.015717 0.000000 9.235626e-03 4.327482e-04 0.000000e+00 0.000000e+00 0.000000e+00 -5.003557e-05 0.000000e+00 0.000000e+00
59750 581.839572 10.634849 9.500000 0.999845 0.017634 0.000000 9.347327e-03 3.964698e-04 0.000000e+00 0.000000e+00 0.000000e+00 8.270618e-05 0.000000e+00 0.000000e+00
59800 582.307771 10.645566 9.500000 0.999843 0.017739 0.000000 9.413880e-03 5.097558e-04 0.000000e+00 0.000000e+00 0.000000e+00 -1.618291e-05 0.000000e+00 0.000000e+00
59850 582.771140 10.658074 9.500000 0.999819 0.019009 0.000000 9.289249e-03 6.988111e-04 0.000000e+00 0.000000e+00 0.000000e+00 8.596437e-05 0.000000e+00 0.000000e+00
59900 583.238348 10.670156 9.500000 0.999797 0.020136 0.000000 9.366995e-03 4.269824e-04 0.000000e+00 0.000000e+00 0.000000e+00 -1.714473e-05 0.000000e+00 0.000000e+00
59950 583.701641 10.682826 9.500000 0.999787 0.020624 0.000000 9.389023e-03 7.691010e-04 0.000000e+00 0.000000e+00 0.000000e+00 1.349066e-04 0.000000e+00 0.000000e+00
60000 584.167970 10.695895 9.500000 0.999748 0.022427 0.000000 9.340101e-03 3.022378e-04 0.000000e+00 0.000000e+00 0.000000e+00 -6.314107e-05 0.000000e+00 0.000000e+00
60050 584.630268 10.709493 9.500000 0.999750 0.022363 0.000000 9.207710e-03 1.105629e-03 0.000000e+00 0.000000e+00 0.000000e+00 4.821290e-05 0.000000e+00 0.000000e+00
60100 585.095578 10.725856 9.500000 0.999708 0.024150 0.000000 9.236682e-03 2.072102e-04 0.000000e+00 0.000000e+00 0.000000e+00 -6.199264e-05 0.000000e+00 0.000000e+00
60150 585.557102 10.738833 9.500000 0.999711 0.024057 0.000000 9.190552e-03 1.034403e-03 0.000000e+00 0.000000e+00 0.000000e+00 1.631156e-04 0.000000e+00 0.000000e+00
60200 586.020787 10.756105 9.500000 0.999650 0.026440 0.000000 9.451412e-03 5.762817e-04 0.000000e+00 0.000000e+00 0.000000e+00 2.201460e-05 0.000000e+00 0.000000e+00
60250 586.483387 10.768907 9.500000 0.999651 0.026412 0.000000 9.127441e-03 9.101220e-04 0.000000e+00 0.000000e+00 0.000000e+00 -1.118807e-04 0.000000e+00 0.000000e+00
60300 586.944508 10.787858 9.500000 0.999593 0.028545 0.000000 9.307233e-03 2.953988e-04 0.000000e+00 0.000000e+00 0.000000e+00 1.243294e-04 0.000000e+00 0.000000e+00
60350 587.407932 10.801746 9.500000 0.999574 0.029197 0.000000 9.164130e-03 1.128435e-03 0.000000e+00 0.000000e+00 0.000000e+00 -5.446634e-05 0.000000e+00 0.000000e+00
60400 587.868020 10.820714 9.500000 0.999518 0.031051 0.000000 9.301506e-03 8.768841e-04 0.000000e+00 0.000000e+00 0.000000e+00 5.831899e-05 0.000000e+00 0.000000e+00
60450 588.331189 10.836291 9.500000 0.999488 0.031994 0.000000 9.186651e-03 1.161858e-03 0.000000e+00 0.000000e+00 0.000000e+00 -3.610729e-05 0.000000e+00 0.000000e+00
60500 588.790374 10.855132 9.500000 0.999425 0.033894 0.000000 9.289565e-03 1.065002e-03 0.000000e+00 0.000000e+00 0.000000e+00 5.439794e-05 0.000000e+00 0.000000e+00
60550 589.252481 10.871781 9.500000 0.999374 0.035391 0.000000 9.141579e-03 8.602824e-04 0.000000e+00 0.000000e+00 0.000000e+00 -1.762515e-05 0.000000e+00 0.000000e+00
60600 589.710155 10.891326 9.500000 0.999304 0.037292 0.000000 9.149833e-03 1.166174e-03 0.000000e+00 0.000000e+00 0.000000e+00 4.246053e-05 0.000000e+00 0.000000e+00
60650 590.173495 10.910932 9.500000 0.999244 0.038879 0.000000 9.264399e-03 1.028371e-03 0.000000e+00 0.000000e+00 0.000000e+00 -8.180575e-06 0.000000e+00 0.000000e+00
60700 590.631484 10.933016 9.500000 0.999206 0.039841 0.000000 9.142699e-03 1.844225e-03 0.000000e+00 0.000000e+00 0.000000e+00 -2.566786e-07 0.000000e+00 0.000000e+00
60750 591.093231 10.954104 9.500000 0.999161 0.040967 0.000000 9.170182e-03 1.095733e-03 0.000000e+00 0.000000e+00 0.000000e+00 5.527987e-05 0.000000e+00 0.000000e+00
60800 591.550669 10.978608 9.500000 0.999139 0.041482 0.000000 9.148417e-03 3.455702e-03 0.000000e+00 0.000000e+00 0.000000e+00 -7.363051e-05 0.000000e+00 0.000000e+00
60850 592.008726 11.001394 9.500000 0.999119 0.041967 0.000000 9.280848e-03 1.320499e-03 0.000000e+00 0.000000e+00 0.000000e+00 2.311869e-05 0.000000e+00 0.000000e+00
60900 592.465316 11.027094 9.500000 0.999100 0.042406 0.000000 9.072248e-03 3.219331e-03 0.000000e+00 0.000000e+00 0.000000e+00 2.522821e-05 0.000000e+00 0.000000e+00
60950 592.923040 11.050189 9.500000 0.999070 0.043129 0.000000 9.144010e-03 1.383164e-03 0.000000e+00 0.000000e+00 0.000000e+00 -1.635905e-05 0.000000e+00 0.000000e+00
61000 593.382668 11.077418 9.500000 0.999065 0.043230 0.000000 9.137055e-03 1.941864e-03 0.000000e+00 0.000000e+00 0.000000e+00 -1.709059e-05 0.000000e+00 0.000000e+00
61050 593.841718 11.102827 9.500000 0.999094 0.042567 0.000000 9.290301e-03 1.379303e-03 0.000000e+00 0.000000e+00 0.000000e+00 -2.052505e-05 0.000000e+00 0.000000e+00
61100 594.304717 11.129606 9.500000 0.999104 0.042320 0.000000 9.196629e-03 1.613207e-03 0.000000e+00 0.000000e+00 0.000000e+00 -2.838157e-05 0.000000e+00 0.000000e+00
61150 594.763392 11.153954 9.500000 0.999157 0.041044 0.000000 9.206530e-03 1.587137e-03 0.000000e+00 0.000000e+00 0.000000e+00 -7.165860e-05 0.000000e+00 0.000000e+00
61200 595.227117 11.179328 9.500000 0.999189 0.040276 0.000000 9.209996e-03 1.296660e-03 0.000000e+00 0.000000e+00 0.000000e+00 5.627185e-05 0.000000e+00 0.000000e+00
61250 595.686711 11.202321 9.500000 0.999205 0.039867 0.000000 9.271778e-03 1.477478e-03 0.000000e+00 0.000000e+00 0.000000e+00 9.925311e-05 0.000000e+00 0.000000e+00
61300 596.150736 11.223978 9.500000 0.999245 0.038843 0.000000 9.239043e-03 7.901177e-04 0.000000e+00 0.000000e+00 0.000000e+00 -4.895128e-05 0.000000e+00 0.000000e+00
61350 596.611015 11.247822 9.500000 0.999233 0.039165 0.000000 9.227773e-03 1.413830e-03 0.000000e+00 0.000000e+00 0.000000e+00 6.906619e-06 0.000000e+00 0.000000e+00
61400 597.075822 11.266131 9.500000 0.999285 0.037796 0.000000 9.281520e-03 5.882344e-04 0.000000e+00 0.000000e+00 0.000000e+00 -5.591596e-05 0.000000e+00 0.000000e+00
61450 597.537364 11.290386 9.500000 0.999250 0.038717 0.000000 9.159416e-03 1.253059e-03 0.000000e+00 0.000000e+00 0.000000e+00 -1.278726e-05 0.000000e+00 0.000000e+00
61500 598.000620 11.307558 9.500000 0.999311 0.037127 0.000000 9.472079e-03 6.942480e-04 0.000000e+00 0.000000e+00 0.000000e+00 1.075251e-05 0.000000e+00 0.000000e+00
61550 598.465998 11.332264 9.500000 0.999292 0.037624 0.000000 9.198019e-03 1.067116e-03 0.000000e+00 0.000000e+00 0.000000e+00 -3.939981e-05 0.000000e+00 0.000000e+00
61600 598.929441 11.348465 9.500000 0.999359 0.035797 0.000000 9.252580e-03 5.430594e-04 0.000000e+00 0.000000e+00 0.000000e+00 1.074305e-05 0.000000e+00 0.000000e+00
61650 599.397767 11.371783 9.500000 0.999337 0.036418 0.000000 9.220985e-03 9.214438e-04 0.000000e+00 0.000000e+00 0.000000e+00 -2.845119e-05 0.000000e+00 0.000000e+00
61700 599.860663 11.388672 9.500000 0.999390 0.034929 0.000000 9.311311e-03 4.630619e-04 0.000000e+00 0.000000e+00 0.000000e+00 -1.541641e-06 0.000000e+00 0.000000e+00
61750 600.330363 11.408297 9.500000 0.999377 0.035291 0.000000 9.396492e-03 8.208934e-04 0.000000e+00 0.000000e+00 0.000000e+00 3.034143e-05 0.000000e+00 0.000000e+00
61800 600.792775 11.426046 9.500000 0.999401 0.034607 0.000000 9.243798e-03 4.624270e-04 0.000000e+00 0.000000e+00 0.000000e+00 3.916878e-05 0.000000e+00 0.000000e+00
61850 601.261730 11.443617 9.500000 0.999412 0.034283 0.000000 9.486531e-03 6.428298e-04 0.000000e+00 0.000000e+00 0.000000e+00 -3.720135e-05 0.000000e+00 0.000000e+00
61900 601.726767 11.461112 9.500000 0.999424 0.033930 0.000000 9.128379e-03 4.388605e-04 0.000000e+00 0.000000e+00 0.000000e+00 2.579538e-05 0.000000e+00 0.000000e+00
61950 602.193481 11.478123 9.500000 0.999434 0.033627 0.000000 9.486570e-03 4.498643e-04 0.000000e+00 0.000000e+00 0.000000e+00 3.783078e-06 0.000000e+00 0.000000e+00
62000 602.662474 11.494442 9.500000 0.999440 0.033472 0.000000 9.131678e-03 3.248409e-04 0.000000e+00 0.000000e+00 0.000000e+00 1.847830e-06 0.000000e+00 0.000000e+00
62050 603.126745 11.510107 9.500000 0.999442 0.033417 0.000000 9.178209e-03 3.547608e-04 0.000000e+00 0.000000e+00 0.000000e+00 3.588687e-05 0.000000e+00 0.000000e+00
62100 603.596954 11.525362 9.500000 0.999443 0.033365 0.000000 9.335417e-03 3.152000e-04 0.000000e+00 0.000000e+00 0.000000e+00 9.572316e-06 0.000000e+00 0.000000e+00
62150 604.060738 11.540501 9.500000 0.999445 0.033309 0.000000 9.525687e-03 3.816854e-04 0.000000e+00 0.000000e+00 0.000000e+00 -4.839830e-05 0.000000e+00 0.000000e+00
62200 604.529917 11.554202 9.500000 0.999442 0.033388 0.000000 9.363433e-03 3.045044e-04 0.000000e+00 0.000000e+00 0.000000e+00 2.297624e-05 0.000000e+00 0.000000e+00
62250 604.993574 11.568905 9.500000 0.999424 0.033928 0.000000 9.246438e-03 6.494689e-05 0.000000e+00 0.000000e+00 0.000000e+00 1.016996e-05 0.000000e+00 0.000000e+00
62300 605.462830 11.581345 9.500000 0.999430 0.033771 0.000000 9.308822e-03 2.547951e-04 0.000000e+00 0.000000e+00 0.000000e+00 4.331539e-05 0.000000e+00 0.000000e+00
62350 605.927329 11.596866 9.500000 0.999389 0.034939 0.000000 9.392721e-03 2.691180e-04 0.000000e+00 0.000000e+00 0.000000e+00 7.415141e-05 0.000000e+00 0.000000e+00
62400 606.396140 11.608104 9.500000 0.999411 0.034314 0.000000 9.260954e-03 -2.889196e-05 0.000000e+00 0.000000e+00 0.000000e+00 8.610078e-05 0.000000e+00 0.000000e+00
62450 606.859949 11.624384 9.500000 0.999355 0.035908 0.000000 9.244816e-03 1.926682e-04 0.000000e+00 0.000000e+00 0.000000e+00 3.761054e-05 0.000000e+00 0.000000e+00
62500 607.328085 11.636548 9.500000 0.999371 0.035464 0.000000 9.320789e-03 -1.460170e-04 0.000000e+00 0.000000e+00 0.000000e+00 -1.361495e-05 0.000000e+00 0.000000e+00
62550 607.791613 11.651140 9.500000 0.999328 0.036641 0.000000 9.372953e-03 6.609883e-05 0.000000e+00 0.000000e+00 0.000000e+00 3.766946e-05 0.000000e+00 0.000000e+00
62600 608.258871 11.664118 9.500000 0.999312 0.037099 0.000000 9.463806e-03 -1.382198e-04 0.000000e+00 0.000000e+00 0.000000e+00 3.517616e-06 0.000000e+00 0.000000e+00
62650 608.722032 11.677572 9.500000 0.999295 0.037546 0.000000 9.294153e-03 -8.991288e-05 0.000000e+00 0.000000e+00 0.000000e+00 1.031724e-04 0.000000e+00 0.000000e+00
62700 609.188583 11.691911 9.500000 0.999250 0.038725 0.000000 9.276046e-03 2.317192e-05 0.000000e+00 0.000000e+00 0.000000e+00 6.008959e-05 0.000000e+00 0.000000e+00
62750 609.650949 11.705911 9.500000 0.999268 0.038259 0.000000 9.270777e-03 -3.285205e-04 0.000000e+00 0.000000e+00 0.000000e+00 6.370787e-07 0.000000e+00 0.000000e+00
62800 610.116123 11.722668 9.500000 0.999214 0.039638 0.000000 9.252150e-03 1.829864e-04 0.000000e+00 0.000000e+00 0.000000e+00 2.057661e-05 0.000000e+00 0.000000e+00
62850 610.577113 11.736111 9.500000 0.999236 0.039084 0.000000 9.184567e-03 -3.185722e-04 0.000000e+00 0.000000e+00 0.000000e+00 -1.286138e-04 0.000000e+00 0.000000e+00
62900 611.041001 11.754864 9.500000 0.999177 0.040569 0.000000 9.336247e-03 -9.950976e-07 0.000000e+00 0.000000e+00 0.000000e+00 -3.246804e-05 0.000000e+00 0.000000e+00
62950 611.502683 11.767554 9.500000 0.999188 0.040291 0.000000 9.157962e-03 -1.499719e-04 0.000000e+00 0.000000e+00 0.000000e+00 1.281992e-04 0.000000e+00 0.000000e+00
63000 611.964060 11.785965 9.500000 0.999120 0.041937 0.000000 9.413365e-03 2.621710e-04 0.000000e+00 0.000000e+00 0.000000e+00 -7.152512e-05 0.000000e+00 0.000000e+00
63050 612.426928 11.798227 9.500000 0.999107 0.042262 0.000000 9.230326e-03 -6.169719e-04 0.000000e+00 0.000000e+00 0.000000e+00 3.080977e-05 0.000000e+00 0.000000e+00
63100 612.886673 11.817121 9.500000 0.999049 0.043597 0.000000 9.250195e-03 -2.166318e-04 0.000000e+00 0.000000e+00 0.000000e+00 -8.557974e-07 0.000000e+00 0.000000e+00
63150 613.349391 11.829825 9.500000 0.998998 0.044755 0.000000 9.207493e-03 -7.494140e-04 0.000000e+00 0.000000e+00 0.000000e+00 1.278007e-04 0.000000e+00 0.000000e+00
63200 613.808699 11.848008 9.500000 0.998940 0.046029 0.000000 9.217914e-03 -3.125368e-04 0.000000e+00 0.000000e+00 0.000000e+00 1.054638e-05 0.000000e+00 0.000000e+00
63250 614.271061 11.863281 9.500000 0.998892 0.047062 0.000000 9.182366e-03 -5.154586e-04 0.000000e+00 0.000000e+00 0.000000e+00 -3.361880e-05 0.000000e+00 0.000000e+00
63300 614.728998 11.881151 9.500000 0.998807 0.048823 0.000000 9.166049e-03 -6.152456e-04 0.000000e+00 0.000000e+00 0.000000e+00 1.203709e-04 0.000000e+00 0.000000e+00
63350 615.192060 11.899156 9.500000 0.998762 0.049747 0.000000 9.274392e-03 -3.626557e-04 0.000000e+00 0.000000e+00 0.000000e+00 -3.142672e-06 0.000000e+00 0.000000e+00
63400 615.650066 11.917356 9.500000 0.998722 0.050550 0.000000 9.178654e-03 -9.745050e-04 0.000000e+00 0.000000e+00 0.000000e+00 3.559894e-05 0.000000e+00 0.000000e+00
63450 616.112388 11.935467 9.500000 0.998672 0.051524 0.000000 9.224280e-03 -3.008709e-04 0.000000e+00 0.000000e+00 0.000000e+00 -2.200142e-06 0.000000e+00 0.000000e+00
63500 616.570210 11.954585 9.500000 0.998659 0.051776 0.000000 9.079644e-03 -2.392104e-03 0.000000e+00 0.000000e+00 0.000000e+00 3.559520e-05 0.000000e+00 0.000000e+00
63550 617.028769 11.976681 9.500000 0.998666 0.051631 0.000000 9.259409e-03 -5.058380e-04 0.000000e+00 0.000000e+00 0.000000e+00 -1.840207e-05 0.000000e+00 0.000000e+00
63600 617.485437 11.996531 9.500000 0.998656 0.051821 0.000000 9.119697e-03 -2.879864e-03 0.000000e+00 0.000000e+00 0.000000e+00 2.365212e-05 0.000000e+00 0.000000e+00
63650 617.942629 12.017352 9.500000 0.998634 0.052254 0.000000 9.145715e-03 -7.658295e-04 0.000000e+00 0.000000e+00 0.000000e+00 -2.704707e-06 0.000000e+00 0.000000e+00
63700 618.399943 12.037211 9.500000 0.998616 0.052600 0.000000 9.157982e-03 -1.950361e-03 0.000000e+00 0.000000e+00 0.000000e+00 -3.627778e-05 0.000000e+00 0.000000e+00
63750 618.857576 12.056206 9.500000 0.998605 0.052796 0.000000 9.234786e-03 -1.063953e-03 0.000000e+00 0.000000e+00 0.000000e+00 -5.587899e-06 0.000000e+00 0.000000e+00
63800 619.318021 12.077523 9.500000 0.998616 0.052597 0.000000 9.149062e-03 -8.999519e-04 0.000000e+00 0.000000e+00 0.000000e+00 6.032192e-06 0.000000e+00 0.000000e+00
63850 619.775649 12.098511 9.500000 0.998670 0.051563 0.000000 9.332616e-03 -9.457780e-04 0.000000e+00 0.000000e+00 0.000000e+00 8.973735e-06 0.000000e+00 0.000000e+00
63900 620.239563 12.120526 9.500000 0.998708 0.050812 0.000000 9.190646e-03 -3.365120e-04 0.000000e+00 0.000000e+00 0.000000e+00 3.400284e-05 0.000000e+00 0.000000e+00
63950 620.698570 12.141236 9.500000 0.998765 0.049684 0.000000 9.215200e-03 -8.547412e-04 0.000000e+00 0.000000e+00 0.000000e+00 -7.240856e-05 0.000000e+00 0.000000e+00
64000 621.161841 12.162843 9.500000 0.998829 0.048371 0.000000 9.242126e-03 -1.878765e-04 0.000000e+00 0.000000e+00 0.000000e+00 2.496086e-05 0.000000e+00 0.000000e+00
64050 621.621620 12.183248 9.500000 0.998862 0.047684 0.000000 9.217538e-03 -8.321810e-04 0.000000e+00 0.000000e+00 0.000000e+00 -1.845030e-05 0.000000e+00 0.000000e+00
64100 622.085226 12.202217 9.500000 0.998943 0.045971 0.000000 9.307559e-03 4.883388e-04 0.000000e+00 0.000000e+00 0.000000e+00 7.222051e-05 0.000000e+00 0.000000e+00
64150 622.546233 12.222270 9.500000 0.998955 0.045710 0.000000 9.114322e-03 -3.614748e-04 0.000000e+00 0.000000e+00 0.000000e+00 -1.017982e-04 0.000000e+00 0.000000e+00
64200 623.009240 12.236718 9.500000 0.999023 0.044191 0.000000 9.363595e-03 -9.047273e-05 0.000000e+00 0.000000e+00 0.000000e+00 -1.916458e-05 0.000000e+00 0.000000e+00
64250 623.472719 12.256763 9.500000 0.999012 0.044451 0.000000 9.095302e-03 -7.535255e-04 0.000000e+00 0.000000e+00 0.000000e+00 2.627759e-04 0.000000e+00 0.000000e+00
64300 623.934021 12.269409 9.500000 0.999090 0.042645 0.000000 9.384661e-03 3.003614e-04 0.000000e+00 0.000000e+00 0.000000e+00 -1.422479e-04 0.000000e+00 0.000000e+00
64350 624.399342 12.288363 9.500000 0.999081 0.042860 0.000000 9.210596e-03 -5.840170e-04 0.000000e+00 0.000000e+00 0.000000e+00 1.177041e-04 0.000000e+00 0.000000e+00
64400 624.859790 12.301083 9.500000 0.999146 0.041307 0.000000 9.264103e-03 6.281218e-05 0.000000e+00 0.000000e+00 0.000000e+00 -1.320233e-04 0.000000e+00 0.000000e+00
64450 625.327506 12.319188 9.500000 0.999157 0.041064 0.000000 9.293711e-03 -1.515768e-04 0.000000e+00 0.000000e+00 0.000000e+00 1.251470e-04 0.000000e+00 0.000000e+00
64500 625.789974 12.333518 9.500000 0.999213 0.039659 0.000000 9.343706e-03 -2.934605e-04 0.000000e+00 0.000000e+00 0.000000e+00 -8.859978e-05 0.000000e+00 0.000000e+00
64550 626.257639 12.349475 9.500000 0.999255 0.038602 0.000000 9.500656e-03 -3.144152e-05 0.000000e+00 0.000000e+00 0.000000e+00 6.402910e-05 0.000000e+00 0.000000e+00
64600 626.721179 12.364680 9.500000 0.999276 0.038055 0.000000 9.270552e-03 -2.353310e-04 0.000000e+00 0.000000e+00 0.000000e+00 -3.248860e-05 0.000000e+00 0.000000e+00
64650 627.188610 12.376993 9.500000 0.999320 0.036875 0.000000 9.318819e-03 5.636987e-05 0.000000e+00 0.000000e+00 0.000000e+00 5.911192e-05 0.000000e+00 0.000000e+00
64700 627.654758 12.391974 9.500000 0.999340 0.036336 0.000000 9.246711e-03 3.527915e-06 0.000000e+00 0.000000e+00 0.000000e+00 -1.131973e-04 0.000000e+00 0.000000e+00
64750 628.120939 12.403909 9.500000 0.999386 0.035032 0.000000 9.335760e-03 2.605163e-04 0.000000e+00 0.000000e+00 0.000000e+00 -1.774717e-05 0.000000e+00 0.000000e+00
64800 628.589392 12.417077 9.500000 0.999409 0.034366 0.000000 9.271076e-03 -3.320019e-05 0.000000e+00 0.000000e+00 0.000000e+00 -1.238394e-04 0.000000e+00 0.000000e+00
64850 629.053736 12.427849 9.500000 0.999445 0.033302 0.000000 9.359165e-03 1.292834e-04 0.000000e+00 0.000000e+00 0.000000e+00 -7.775542e-05 0.000000e+00 0.000000e+00
64900 629.523421 12.439350 9.500000 0.999452 0.033097 0.000000 9.356111e-03 1.928156e-04 0.000000e+00 0.000000e+00 0.000000e+00 -2.507613e-05 0.000000e+00 0.000000e+00
64950 629.987052 12.448813 9.500000 0.999483 0.032146 0.000000 9.454937e-03 2.273760e-04 0.000000e+00 0.000000e+00 0.000000e+00 -3.072535e-06 0.000000e+00 0.000000e+00
65000 630.457282 12.458679 9.500000 0.999491 0.031894 0.000000 9.334131e-03 1.706814e-04 0.000000e+00 0.000000e+00 0.000000e+00 -1.239359e-05 0.000000e+00 0.000000e+00
65050 630.920834 12.467548 9.500000 0.999521 0.030948 0.000000 9.333558e-03 2.780106e-04 0.000000e+00 0.000000e+00 0.000000e+00 4.632798e-05 0.000000e+00 0.000000e+00
65100 631.391693 12.476716 9.500000 0.999534 0.030524 0.000000 9.219234e-03 6.479561e-05 0.000000e+00 0.000000e+00 0.000000e+00 4.639653e-05 0.000000e+00 0.000000e+00
65150 631.854362 12.484454 9.500000 0.999551 0.029965 0.000000 9.374194e-03 7.945843e-05 0.000000e+00 0.000000e+00 0.000000e+00 1.654252e-05 0.000000e+00 0.000000e+00
65200 632.325563 12.491914 9.500000 0.999566 0.029454 0.000000 9.647925e-03 1.505795e-04 0.000000e+00 0.000000e+00 0.000000e+00 -9.850445e-07 0.000000e+00 0.000000e+00
65250 632.788401 12.498962 9.500000 0.999575 0.029143 0.000000 9.092300e-03 1.483127e-04 0.000000e+00 0.000000e+00 0.000000e+00 -9.787651e-06 0.000000e+00 0.000000e+00
65300 633.258186 12.505658 9.500000 0.999587 0.028728 0.000000 9.559751e-03 2.289296e-04 0.000000e+00 0.000000e+00 0.000000e+00 -1.563732e-05 0.000000e+00 0.000000e+00
65350 633.724062 12.511981 9.500000 0.999592 0.028557 0.000000 9.141251e-03 1.552964e-04 0.000000e+00 0.000000e+00 0.000000e+00 -7.770137e-06 0.000000e+00 0.000000e+00
65400 634.190992 12.517973 9.500000 0.999604 0.028150 0.000000 9.510927e-03 1.684336e-04 0.000000e+00 0.000000e+00 0.000000e+00 -3.687328e-05 0.000000e+00 0.000000e+00
65450 634.660055 12.523806 9.500000 0.999608 0.027986 0.000000 9.145711e-03 1.201352e-04 0.000000e+00 0.000000e+00 0.000000e+00 2.108617e-06 0.000000e+00 0.000000e+00
65500 635.124542 12.529593 9.500000 0.999611 0.027890 0.000000 9.233725e-03 4.759270e-05 0.000000e+00 0.000000e+00 0.000000e+00 3.199987e-06 0.000000e+00 0.000000e+00
65550 635.594460 12.534446 9.500000 0.999622 0.027476 0.000000 9.334053e-03 1.152429e-04 0.000000e+00 0.000000e+00 0.000000e+00 6.570975e-06 0.000000e+00 0.000000e+00
65600 636.058759 12.539247 9.500000 0.999620 0.027575 0.000000 9.600068e-03 1.156321e-04 0.000000e+00 0.000000e+00 0.000000e+00 2.949255e-06 0.000000e+00 0.000000e+00
65650 636.527984 12.543451 9.500000 0.999630 0.027197 0.000000 9.360612e-03 1.189733e-04 0.000000e+00 0.000000e+00 0.000000e+00 9.304074e-06 0.000000e+00 0.000000e+00
65700 636.991580 12.549374 9.500000 0.999635 0.027010 0.000000 9.267586e-03 8.614269e-05 0.000000e+00 0.000000e+00 0.000000e+00 -3.851655e-05 0.000000e+00 0.000000e+00
65750 637.461494 12.552879 9.500000 0.999649 0.026505 0.000000 9.323120e-03 1.151640e-04 0.000000e+00 0.000000e+00 0.000000e+00 5.587518e-06 0.000000e+00 0.000000e+00
65800 637.925505 12.558492 9.500000 0.999642 0.026738 0.000000 9.433828e-03 1.303414e-05 0.000000e+00 0.000000e+00 0.000000e+00 -8.009642e-05 0.000000e+00 0.000000e+00
65850 638.395421 12.561114 9.500000 0.999662 0.025986 0.000000 9.255249e-03 3.614169e-04 0.000000e+00 0.000000e+00 0.000000e+00 -9.770890e-05 0.000000e+00 0.000000e+00
65900 638.858861 12.566228 9.500000 0.999643 0.026706 0.000000 9.335542e-03 3.949495e-04 0.000000e+00 0.000000e+00 0.000000e+00 4.615906e-05 0.000000e+00 0.000000e+00
65950 639.328887 12.568767 9.500000 0.999664 0.025928 0.000000 9.394672e-03 8.540765e-05 0.000000e+00 0.000000e+00 0.000000e+00 -7.206876e-05 0.000000e+00 0.000000e+00
66000 639.792171 12.572952 9.500000 0.999646 0.026591 0.000000 9.318010e-03 3.441810e-04 0.000000e+00 0.000000e+00 0.000000e+00 9.537391e-05 0.000000e+00 0.000000e+00
66050 640.261164 12.576627 9.500000 0.999659 0.026101 0.000000 9.552191e-03 3.426491e-04 0.000000e+00 0.000000e+00 0.000000e+00 -6.647005e-05 0.000000e+00 0.000000e+00
66100 640.725946 12.580043 9.500000 0.999660 0.026068 0.000000 9.151834e-03 4.497864e-04 0.000000e+00 0.000000e+00 0.000000e+00 4.192823e-05 0.000000e+00 0.000000e+00
66150 641.193331 12.584064 9.500000 0.999663 0.025956 0.000000 9.416460e-03 2.845086e-04 0.000000e+00 0.000000e+00 0.000000e+00 -5.917188e-05 0.000000e+00 0.000000e+00
66200 641.660462 12.586013 9.500000 0.999663 0.025949 0.000000 9.202124e-03 2.956424e-04 0.000000e+00 0.000000e+00 0.000000e+00 -2.486013e-05 0.000000e+00 0.000000e+00
66250 642.126108 12.590990 9.500000 0.999667 0.025790 0.000000 9.392500e-03 3.562248e-05 0.000000e+00 0.000000e+00 0.000000e+00 -1.910055e-05 0.000000e+00 0.000000e+00
66300 642.594326 12.592772 9.500000 0.999671 0.025642 0.000000 9.279441e-03 3.077613e-04 0.000000e+00 0.000000e+00 0.000000e+00 1.135058e-04 0.000000e+00 0.000000e+00
66350 643.059259 12.597355 9.500000 0.999667 0.025805 0.000000 9.363128e-03 2.564308e-04 0.000000e+00 0.000000e+00 0.000000e+00 2.917113e-05 0.000000e+00 0.000000e+00
66400 643.527305 12.598240 9.500000 0.999682 0.025219 0.000000 9.327493e-03 1.138977e-04 0.000000e+00 0.000000e+00 0.000000e+00 1.940553e-05 0.000000e+00 0.000000e+00
66450 643.991808 12.602607 9.500000 0.999659 0.026102 0.000000 9.425987e-03 3.003800e-04 0.000000e+00 0.000000e+00 0.000000e+00 -3.125056e-05 0.000000e+00 0.000000e+00
66500 644.460318 12.602954 9.500000 0.999683 0.025160 0.000000 9.261625e-03 2.857245e-04 0.000000e+00 0.000000e+00 0.000000e+00 -3.175239e-05 0.000000e+00 0.000000e+00
66550 644.924715 12.608167 9.500000 0.999660 0.026079 0.000000 9.309481e-03 2.296572e-04 0.000000e+00 0.000000e+00 0.000000e+00 -9.193178e-05 0.000000e+00 0.000000e+00
66600 645.393280 12.608782 9.500000 0.999695 0.024707 0.000000 9.203783e-03 2.732713e-04 0.000000e+00 0.000000e+00 0.000000e+00 -1.099449e-04 0.000000e+00 0.000000e+00
66650 645.857051 12.613425 9.500000 0.999661 0.026052 0.000000 9.364308e-03 2.803484e-04 0.000000e+00 0.000000e+00 0.000000e+00 2.445090e-05 0.000000e+00 0.000000e+00
66700 646.326052 12.614682 9.500000 0.999679 0.025317 0.000000 9.451519e-03 3.442184e-04 0.000000e+00 0.000000e+00 0.000000e+00 -3.077219e-05 0.000000e+00 0.000000e+00
66750 646.789395 12.617354 9.500000 0.999655 0.026247 0.000000 9.275899e-03 4.130732e-04 0.000000e+00 0.000000e+00 0.000000e+00 8.805828e-05 0.000000e+00 0.000000e+00
66800 647.257250 12.619278 9.500000 0.999654 0.026286 0.000000 9.413352e-03 1.977397e-04 0.000000e+00 0.000000e+00 0.000000e+00 -8.756433e-05 0.000000e+00 0.000000e+00
66850 647.721685 12.621152 9.500000 0.999652 0.026372 0.000000 9.315765e-03 5.324948e-04 0.000000e+00 0.000000e+00 0.000000e+00 8.192643e-06 0.000000e+00 0.000000e+00
66900 648.188718 12.625399 9.500000 0.999647 0.026560 0.000000 9.415893e-03 1.546977e-04 0.000000e+00 0.000000e+00 0.000000e+00 -3.767055e-05 0.000000e+00 0.000000e+00
66950 648.654129 12.626152 9.500000 0.999652 0.026388 0.000000 9.230385e-03 5.472489e-04 0.000000e+00 0.000000e+00 0.000000e+00 9.884156e-05 0.000000e+00 0.000000e+00
67000 649.120431 12.630308 9.500000 0.999634 0.027045 0.000000 9.241414e-03 2.014237e-04 0.000000e+00 0.000000e+00 0.000000e+00 8.260861e-06 0.000000e+00 0.000000e+00
67050 649.586548 12.630952 9.500000 0.999646 0.026597 0.000000 9.276794e-03 3.159850e-04 0.000000e+00 0.000000e+00 0.000000e+00 1.064246e-04 0.000000e+00 0.000000e+00
67100 650.052422 12.635384 9.500000 0.999623 0.027440 0.000000 9.515368e-03 3.568490e-04 0.000000e+00 0.000000e+00 0.000000e+00 -9.656345e-06 0.000000e+00 0.000000e+00
67150 650.518661 12.635205 9.500000 0.999641 0.026775 0.000000 9.304359e-03 3.933862e-04 0.000000e+00 0.000000e+00 0.000000e+00 1.373046e-05 0.000000e+00 0.000000e+00
67200 650.983355 12.640601 9.500000 0.999610 0.027939 0.000000 9.238424e-03 1.142692e-04 0.000000e+00 0.000000e+00 0.000000e+00 -3.320911e-05 0.000000e+00 0.000000e+00
67250 651.450421 12.640739 9.500000 0.999647 0.026576 0.000000 9.177359e-03 4.993532e-04 0.000000e+00 0.000000e+00 0.000000e+00 -7.382082e-05 0.000000e+00 0.000000e+00
67300 651.915012 12.646891 9.500000 0.999603 0.028180 0.000000 9.393734e-03 3.661061e-04 0.000000e+00 0.000000e+00 0.000000e+00 -1.596715e-05 0.000000e+00 0.000000e+00
67350 652.382900 12.646534 9.500000 0.999632 0.027110 0.000000 9.268008e-03 4.629908e-04 0.000000e+00 0.000000e+00 0.000000e+00 -1.217679e-04 0.000000e+00 0.000000e+00
67400 652.846225 12.651917 9.500000 0.999598 0.028357 0.000000 9.225108e-03 2.241720e-04 0.000000e+00 0.000000e+00 0.000000e+00 7.942569e-05 0.000000e+00 0.000000e+00
67450 653.314152 12.653331 9.500000 0.999610 0.027915 0.000000 9.337104e-03 4.361948e-04 0.000000e+00 0.000000e+00 0.000000e+00 -1.394327e-05 0.000000e+00 0.000000e+00
67500 653.777107 12.657056 9.500000 0.999599 0.028307 0.000000 9.373951e-03 6.244571e-04 0.000000e+00 0.000000e+00 0.000000e+00 6.576850e-05 0.000000e+00 0.000000e+00
67550 654.244486 12.659849 9.500000 0.999595 0.028441 0.000000 9.481582e-03 3.488038e-04 0.000000e+00 0.000000e+00 0.000000e+00 -6.629521e-05 0.000000e+00 0.000000e+00
67600 654.708138 12.661822 9.500000 0.999598 0.028338 0.000000 9.254054e-03 6.707748e-04 0.000000e+00 0.000000e+00 0.000000e+00 2.665783e-05 0.000000e+00 0.000000e+00
67650 655.174915 12.666228 9.500000 0.999580 0.028979 0.000000 9.266604e-03 3.901302e-05 0.000000e+00 0.000000e+00 0.000000e+00 -6.161195e-05 0.000000e+00 0.000000e+00
67700 655.638645 12.667517 9.500000 0.999593 0.028542 0.000000 9.280247e-03 7.514933e-04 0.000000e+00 0.000000e+00 0.000000e+00 9.335059e-05 0.000000e+00 0.000000e+00
67750 656.105250 12.672080 9.500000 0.999561 0.029627 0.000000 9.349645e-03 1.632559e-04 0.000000e+00 0.000000e+00 0.000000e+00 6.454052e-06 0.000000e+00 0.000000e+00
67800 656.569063 12.672801 9.500000 0.999577 0.029075 0.000000 9.237769e-03 8.161722e-04 0.000000e+00 0.000000e+00 0.000000e+00 3.607922e-05 0.000000e+00 0.000000e+00
67850 657.034995 12.678234 9.500000 0.999527 0.030748 0.000000 9.384934e-03 2.788769e-04 0.000000e+00 0.000000e+00 0.000000e+00 -9.923650e-06 0.000000e+00 0.000000e+00
67900 657.499462 12.678320 9.500000 0.999549 0.030045 0.000000 9.186618e-03 8.363741e-04 0.000000e+00 0.000000e+00 0.000000e+00 1.594765e-05 0.000000e+00 0.000000e+00
67950 657.963532 12.685859 9.500000 0.999500 0.031604 0.000000 9.442025e-03 1.081078e-04 0.000000e+00 0.000000e+00 0.000000e+00 4.567778e-05 0.000000e+00 0.000000e+00
68000 658.429835 12.686008 9.500000 0.999529 0.030672 0.000000 9.181884e-03 8.412581e-04 0.000000e+00 0.000000e+00 0.000000e+00 -1.664679e-04 0.000000e+00 0.000000e+00
68050 658.892127 12.694121 9.500000 0.999484 0.032130 0.000000 9.293229e-03 2.327889e-04 0.000000e+00 0.000000e+00 0.000000e+00 1.318706e-04 0.000000e+00 0.000000e+00
68100 659.359204 12.695732 9.500000 0.999504 0.031495 0.000000 9.250986e-03 7.761936e-04 0.000000e+00 0.000000e+00 0.000000e+00 -1.394398e-04 0.000000e+00 0.000000e+00
68150 659.820161 12.703615 9.500000 0.999482 0.032169 0.000000 9.260790e-03 5.390592e-04 0.000000e+00 0.000000e+00 0.000000e+00 3.540331e-05 0.000000e+00 0.000000e+00
68200 660.286122 12.706527 9.500000 0.999490 0.031922 0.000000 9.397081e-03 6.651233e-04 0.000000e+00 0.000000e+00 0.000000e+00 2.708534e-06 0.000000e+00 0.000000e+00
68250 660.747257 12.712535 9.500000 0.999498 0.031695 0.000000 9.227544e-03 9.872347e-04 0.000000e+00 0.000000e+00 0.000000e+00 -3.902772e-06 0.000000e+00 0.000000e+00
68300 661.211595 12.717416 9.500000 0.999492 0.031876 0.000000 9.193035e-03 5.399172e-04 0.000000e+00 0.000000e+00 0.000000e+00 -4.498519e-05 0.000000e+00 0.000000e+00
68350 661.672650 12.722201 9.500000 0.999511 0.031284 0.000000 9.315486e-03 1.092930e-03 0.000000e+00 0.000000e+00 0.000000e+00 1.125342e-04 0.000000e+00 0.000000e+00
68400 662.137277 12.727659 9.500000 0.999490 0.031939 0.000000 9.211614e-03 1.853345e-04 0.000000e+00 0.000000e+00 0.000000e+00 -7.306901e-05 0.000000e+00 0.000000e+00
68450 662.598534 12.731450 9.500000 0.999514 0.031183 0.000000 9.198595e-03 1.172907e-03 0.000000e+00 0.000000e+00 0.000000e+00 1.463126e-04 0.000000e+00 0.000000e+00
68500 663.063115 12.737729 9.500000 0.999480 0.032259 0.000000 9.287526e-03 2.415466e-04 0.000000e+00 0.000000e+00 0.000000e+00 -2.212481e-05 0.000000e+00 0.000000e+00
68550 663.524544 12.739664 9.500000 0.999509 0.031330 0.000000 9.091983e-03 9.149256e-04 0.000000e+00 0.000000e+00 0.000000e+00 9.136111e-05 0.000000e+00 0.000000e+00
68600 663.987223 12.746889 9.500000 0.999461 0.032819 0.000000 9.441050e-03 4.234455e-04 0.000000e+00 0.000000e+00 0.000000e+00 1.771311e-05 0.000000e+00 0.000000e+00
68650 664.450630 12.748134 9.500000 0.999488 0.031980 0.000000 9.163715e-03 1.071509e-03 0.000000e+00 0.000000e+00 0.000000e+00 -2.352169e-04 0.000000e+00 0.000000e+00
68700 664.911040 12.755682 9.500000 0.999437 0.033545 0.000000 9.232945e-03 5.976576e-05 0.000000e+00 0.000000e+00 0.000000e+00 1.303432e-04 0.000000e+00 0.000000e+00
68750 665.375414 12.757172 9.500000 0.999446 0.033288 0.000000 9.251002e-03 1.066762e-03 0.000000e+00 0.000000e+00 0.000000e+00 -1.760842e-04 0.000000e+00 0.000000e+00
68800 665.835184 12.764802 9.500000 0.999422 0.034005 0.000000 9.273584e-03 7.670027e-04 0.000000e+00 0.000000e+00 0.000000e+00 2.505030e-05 0.000000e+00 0.000000e+00
68850 666.299372 12.766948 9.500000 0.999409 0.034378 0.000000 9.314415e-03 1.254026e-03 0.000000e+00 0.000000e+00 0.000000e+00 -6.358311e-05 0.000000e+00 0.000000e+00
68900 666.759802 12.773480 9.500000 0.999391 0.034902 0.000000 9.150635e-03 1.263785e-03 0.000000e+00 0.000000e+00 0.000000e+00 -5.089142e-05 0.000000e+00 0.000000e+00
68950 667.223601 12.776681 9.500000 0.999368 0.035560 0.000000 9.213518e-03 7.744993e-04 0.000000e+00 0.000000e+00 0.000000e+00 -7.218278e-06 0.000000e+00 0.000000e+00
69000 667.683906 12.782695 9.500000 0.999359 0.035807 0.000000 9.311798e-03 1.323975e-03 0.000000e+00 0.000000e+00 0.000000e+00 1.648982e-04 0.000000e+00 0.000000e+00
69050 668.147386 12.787033 9.500000 0.999324 0.036770 0.000000 9.246977e-03 3.258617e-04 0.000000e+00 0.000000e+00 0.000000e+00 -4.949265e-05 0.000000e+00 0.000000e+00
69100 668.607012 12.792552 9.500000 0.999329 0.036621 0.000000 9.203759e-03 1.278549e-03 0.000000e+00 0.000000e+00 0.000000e+00 4.170741e-05 0.000000e+00 0.000000e+00
69150 669.070343 12.799091 9.500000 0.999283 0.037864 0.000000 9.224659e-03 1.141682e-04 0.000000e+00 0.000000e+00 0.000000e+00 -6.336411e-05 0.000000e+00 0.000000e+00
69200 669.530554 12.803522 9.500000 0.999290 0.037680 0.000000 9.094886e-03 1.021705e-03 0.000000e+00 0.000000e+00 0.000000e+00 6.463823e-05 0.000000e+00 0.000000e+00
69250 669.992021 12.811160 9.500000 0.999238 0.039036 0.000000 9.417471e-03 2.251442e-04 0.000000e+00 0.000000e+00 0.000000e+00 6.097179e-05 0.000000e+00 0.000000e+00
69300 670.453638 12.814806 9.500000 0.999236 0.039079 0.000000 9.218381e-03 1.098028e-03 0.000000e+00 0.000000e+00 0.000000e+00 8.571419e-06 0.000000e+00 0.000000e+00
69350 670.913374 12.822785 9.500000 0.999174 0.040644 0.000000 9.210944e-03 4.642221e-04 0.000000e+00 0.000000e+00 0.000000e+00 1.415932e-04 0.000000e+00 0.000000e+00
69400 671.375815 12.826434 9.500000 0.999153 0.041148 0.000000 9.163102e-03 1.282375e-03 0.000000e+00 0.000000e+00 0.000000e+00 -1.986095e-04 0.000000e+00 0.000000e+00
69450 671.834993 12.834659 9.500000 0.999095 0.042544 0.000000 9.298633e-03 8.975612e-04 0.000000e+00 0.000000e+00 0.000000e+00 5.727294e-05 0.000000e+00 0.000000e+00
69500 672.297282 12.840206 9.500000 0.999065 0.043244 0.000000 9.252830e-03 1.475976e-03 0.000000e+00 0.000000e+00 0.000000e+00 -9.592610e-07 0.000000e+00 0.000000e+00
69550 672.755662 12.849035 9.500000 0.999011 0.044461 0.000000 9.180684e-03 1.372381e-03 0.000000e+00 0.000000e+00 0.000000e+00 -4.119481e-05 0.000000e+00 0.000000e+00
69600 673.218282 12.855759 9.500000 0.998974 0.045287 0.000000 9.186529e-03 8.561339e-04 0.000000e+00 0.000000e+00 0.000000e+00 7.452602e-06 0.000000e+00 0.000000e+00
69650 673.676156 12.864438 9.500000 0.998915 0.046564 0.000000 9.208167e-03 1.379476e-03 0.000000e+00 0.000000e+00 0.000000e+00 6.795610e-05 0.000000e+00 0.000000e+00
69700 674.137713 12.872695 9.500000 0.998860 0.047738 0.000000 9.219529e-03 8.739410e-04 0.000000e+00 0.000000e+00 0.000000e+00 -4.911554e-05 0.000000e+00 0.000000e+00
69750 674.595347 12.881990 9.500000 0.998819 0.048585 0.000000 9.112753e-03 1.665386e-03 0.000000e+00 0.000000e+00 0.000000e+00 -1.121821e-06 0.000000e+00 0.000000e+00
69800 675.057054 12.892524 9.500000 0.998764 0.049711 0.000000 9.230293e-03 8.520897e-04 0.000000e+00 0.000000e+00 0.000000e+00 4.359081e-05 0.000000e+00 0.000000e+00
69850 675.516512 12.902209 9.500000 0.998757 0.049834 0.000000 9.105746e-03 2.191027e-03 0.000000e+00 0.000000e+00 0.000000e+00 1.641677e-05 0.000000e+00 0.000000e+00
69900 675.976872 12.912490 9.500000 0.998694 0.051100 0.000000 9.317753e-03 1.015696e-03 0.000000e+00 0.000000e+00 0.000000e+00 7.141338e-05 0.000000e+00 0.000000e+00
69950 676.437184 12.921712 9.500000 0.998691 0.051150 0.000000 9.153864e-03 2.197876e-03 0.000000e+00 0.000000e+00 0.000000e+00 5.203224e-06 0.000000e+00 0.000000e+00
70000 676.896764 12.931120 9.500000 0.998651 0.051919 0.000000 9.214930e-03 1.001129e-03 0.000000e+00 0.000000e+00 0.000000e+00 4.060275e-05 0.000000e+00 0.000000e+00
70050 677.356913 12.940211 9.500000 0.998643 0.052070 0.000000 9.113537e-03 1.841588e-03 0.000000e+00 0.000000e+00 0.000000e+00 2.405085e-05 0.000000e+00 0.000000e+00
70100 677.814510 12.951221 9.500000 0.998646 0.052025 0.000000 9.309959e-03 1.926872e-03 0.000000e+00 0.000000e+00 0.000000e+00 -2.824665e-05 0.000000e+00 0.000000e+00
70150 678.274859 12.959299 9.500000 0.998636 0.052210 0.000000 9.171727e-03 1.602083e-03 0.000000e+00 0.000000e+00 0.000000e+00 4.940541e-05 0.000000e+00 0.000000e+00
70200 678.730218 12.971028 9.500000 0.998645 0.052049 0.000000 9.178727e-03 2.617404e-03 0.000000e+00 0.000000e+00 0.000000e+00 -8.967731e-05 0.000000e+00 0.000000e+00
70250 679.189514 12.979573 9.500000 0.998671 0.051542 0.000000 9.117520e-03 2.237964e-03 0.000000e+00 0.000000e+00 0.000000e+00 -2.174895e-05 0.000000e+00 0.000000e+00
70300 679.644793 12.990176 9.500000 0.998674 0.051477 0.000000 9.099172e-03 3.445276e-03 0.000000e+00 0.000000e+00 0.000000e+00 -6.733818e-05 0.000000e+00 0.000000e+00
70350 680.103922 12.995673 9.500000 0.998680 0.051371 0.000000 9.147608e-03 1.452040e-03 0.000000e+00 0.000000e+00 0.000000e+00 2.135015e-05 0.000000e+00 0.000000e+00
70400 680.559796 13.005669 9.500000 0.998694 0.051090 0.000000 9.145100e-03 5.531515e-03 0.000000e+00 0.000000e+00 0.000000e+00 -1.701247e-04 0.000000e+00 0.000000e+00
70450 681.017069 13.008878 9.500000 0.998700 0.050977 0.000000 9.231952e-03 1.582164e-03 0.000000e+00 0.000000e+00 0.000000e+00 2.465890e-05 0.000000e+00 0.000000e+00
70500 681.473428 13.015753 9.500000 0.998706 0.050851 0.000000 9.088977e-03 4.957244e-03 0.000000e+00 0.000000e+00 0.000000e+00 -2.182317e-05 0.000000e+00 0.000000e+00
70550 681.930200 13.017363 9.500000 0.998712 0.050736 0.000000 9.189691e-03 1.900892e-03 0.000000e+00 0.000000e+00 0.000000e+00 4.429427e-05 0.000000e+00 0.000000e+00
70600 682.387056 13.020804 9.500000 0.998707 0.050841 0.000000 9.107950e-03 3.009803e-03 0.000000e+00 0.000000e+00 0.000000e+00 3.767222e-05 0.000000e+00 0.000000e+00
70650 682.843639 13.020738 9.500000 0.998690 0.051169 0.000000 9.178955e-03 3.102470e-03 0.000000e+00 0.000000e+00 0.000000e+00 -8.371977e-05 0.000000e+00 0.000000e+00
70700 683.300678 13.021291 9.500000 0.998681 0.051335 0.000000 9.150718e-03 2.800284e-03 0.000000e+00 0.000000e+00 0.000000e+00 7.156015e-05 0.000000e+00 0.000000e+00
70750 683.755291 13.022554 9.500000 0.998690 0.051169 0.000000 9.226692e-03 3.377187e-03 0.000000e+00 0.000000e+00 0.000000e+00 -1.218064e-04 0.000000e+00 0.000000e+00
70800 684.212943 13.020398 9.500000 0.998669 0.051570 0.000000 9.025774e-03 2.831347e-03 0.000000e+00 0.000000e+00 0.000000e+00 9.569726e-05 0.000000e+00 0.000000e+00
70850 684.667147 13.021523 9.500000 0.998667 0.051619 0.000000 9.107772e-03 3.926376e-03 0.000000e+00 0.000000e+00 0.000000e+00 -1.202193e-05 0.000000e+00 0.000000e+00
70900 685.125055 13.017890 9.500000 0.998654 0.051873 0.000000 9.044220e-03 2.199216e-03 0.000000e+00 0.000000e+00 0.000000e+00 -1.039621e-05 0.000000e+00 0.000000e+00
70950 685.580004 13.020043 9.500000 0.998643 0.052078 0.000000 9.053244e-03 6.527350e-03 0.000000e+00 0.000000e+00 0.000000e+00 -3.093170e-04 0.000000e+00 0.000000e+00
71000 686.036821 13.014202 9.500000 0.998619 0.052531 0.000000 9.311347e-03 1.798119e-03 0.000000e+00 0.000000e+00 0.000000e+00 5.452844e-05 0.000000e+00 0.000000e+00
71050 686.492012 13.015109 9.500000 0.998621 0.052490 0.000000 9.110531e-03 6.523296e-03 0.000000e+00 0.000000e+00 0.000000e+00 -8.713741e-05 0.000000e+00 0.000000e+00
71100 686.947414 13.008716 9.500000 0.998584 0.053196 0.000000 9.111090e-03 2.334616e-03 0.000000e+00 0.000000e+00 0.000000e+00 2.129607e-05 0.000000e+00 0.000000e+00
71150 687.403679 13.006268 9.500000 0.998558 0.053684 0.000000 9.119691e-03 3.774620e-03 0.000000e+00 0.000000e+00 0.000000e+00 3.901736e-05 0.000000e+00 0.000000e+00
71200 687.858492 13.002673 9.500000 0.998508 0.054608 0.000000 9.132227e-03 3.998149e-03 0.000000e+00 0.000000e+00 0.000000e+00 3.125537e-04 0.000000e+00 0.000000e+00
71250 688.314548 12.999360 9.500000 0.998508 0.054613 0.000000 9.118266e-03 3.273275e-03 0.000000e+00 0.000000e+00 0.000000e+00 -4.568733e-05 0.000000e+00 0.000000e+00
71300 688.768666 12.997974 9.500000 0.998489 0.054953 0.000000 9.175731e-03 4.107966e-03 0.000000e+00 0.000000e+00 0.000000e+00 -1.752790e-04 0.000000e+00 0.000000e+00
71350 689.225250 12.993857 9.500000 0.998466 0.055372 0.000000 9.067171e-03 3.584829e-03 0.000000e+00 0.000000e+00 0.000000e+00 1.488825e-04 0.000000e+00 0.000000e+00
71400 689.679015 12.993971 9.500000 0.998438 0.055870 0.000000 9.104410e-03 4.468067e-03 0.000000e+00 0.000000e+00 0.000000e+00 4.567635e-05 0.000000e+00 0.000000e+00
71450 690.136228 12.987750 9.500000 0.998422 0.056156 0.000000 9.096773e-03 2.934434e-03 0.000000e+00 0.000000e+00 0.000000e+00 -1.461591e-04 0.000000e+00 0.000000e+00
71500 690.590676 12.988550 9.500000 0.998375 0.056994 0.000000 8.875116e-03 7.461659e-03 0.000000e+00 0.000000e+00 0.000000e+00 5.572849e-05 0.000000e+00 0.000000e+00
71550 691.046635 12.980435 9.500000 0.998355 0.057334 0.000000 9.144525e-03 2.240791e-03 0.000000e+00 0.000000e+00 0.000000e+00 3.848070e-05 0.000000e+00 0.000000e+00
71600 691.501675 12.983884 9.500000 0.998365 0.057162 0.000000 9.096582e-03 8.195860e-03 0.000000e+00 0.000000e+00 0.000000e+00 -1.289744e-04 0.000000e+00 0.000000e+00
71650 691.956322 12.976730 9.500000 0.998333 0.057710 0.000000 9.164653e-03 3.245734e-03 0.000000e+00 0.000000e+00 0.000000e+00 -5.736044e-05 0.000000e+00 0.000000e+00
71700 692.411829 12.975472 9.500000 0.998327 0.057824 0.000000 9.184760e-03 5.413703e-03 0.000000e+00 0.000000e+00 0.000000e+00 8.300947e-05 0.000000e+00 0.000000e+00
71750 692.866593 12.973496 9.500000 0.998307 0.058164 0.000000 9.165365e-03 3.894330e-03 0.000000e+00 0.000000e+00 0.000000e+00 3.416856e-04 0.000000e+00 0.000000e+00
71800 693.320693 12.963598 9.500000 0.998351 0.057411 0.000000 9.026032e-03 3.609427e-03 0.000000e+00 0.000000e+00 0.000000e+00 -5.059031e-05 0.000000e+00 0.000000e+00
71850 693.773066 12.959047 9.500000 0.998327 0.057824 0.000000 9.193440e-03 3.728605e-03 0.000000e+00 0.000000e+00 0.000000e+00 -1.354381e-04 0.000000e+00 0.000000e+00
71900 694.231217 12.948020 9.500000 0.998279 0.058637 0.000000 9.084747e-03 3.374465e-03 0.000000e+00 0.000000e+00 0.000000e+00 -2.700683e-05 0.000000e+00 0.000000e+00
71950 694.684744 12.942288 9.500000 0.998248 0.059167 0.000000 9.061049e-03 3.728417e-03 0.000000e+00 0.000000e+00 0.000000e+00 -8.583527e-05 0.000000e+00 0.000000e+00
72000 695.143881 12.931328 9.500000 0.998262 0.058932 0.000000 9.251082e-03 1.802538e-03 0.000000e+00 0.000000e+00 0.000000e+00 -7.932194e-05 0.000000e+00 0.000000e+00
72050 695.598465 12.926628 9.500000 0.998200 0.059978 0.000000 9.074722e-03 5.247760e-03 0.000000e+00 0.000000e+00 0.000000e+00 -1.455052e-04 0.000000e+00 0.000000e+00
72100 696.057199 12.918391 9.500000 0.998165 0.060561 0.000000 9.268559e-03 2.038840e-03 0.000000e+00 0.000000e+00 0.000000e+00 5.789332e-05 0.000000e+00 0.000000e+00
72150 696.513574 12.916875 9.500000 0.998117 0.061344 0.000000 8.899372e-03 5.098299e-03 0.000000e+00 0.000000e+00 0.000000e+00 -7.542525e-05 0.000000e+00 0.000000e+00
72200 696.970548 12.914650 9.500000 0.998028 0.062773 0.000000 9.232751e-03 2.047347e-03 0.000000e+00 0.000000e+00 0.000000e+00 1.975022e-04 0.000000e+00 0.000000e+00
72250 697.429116 12.918366 9.500000 0.998039 0.062598 0.000000 9.137113e-03 4.478168e-03 0.000000e+00 0.000000e+00 0.000000e+00 -5.733874e-05 0.000000e+00 0.000000e+00
72300 697.885483 12.918525 9.500000 0.997925 0.064391 0.000000 9.228604e-03 2.080677e-03 0.000000e+00 0.000000e+00 0.000000e+00 1.754762e-04 0.000000e+00 0.000000e+00
72350 698.344599 12.920440 9.500000 0.997888 0.064953 0.000000 9.141650e-03 3.694738e-03 0.000000e+00 0.000000e+00 0.000000e+00 4.340166e-05 0.000000e+00 0.000000e+00
72400 698.799590 12.922685 9.500000 0.997784 0.066537 0.000000 9.278530e-03 3.175656e-03 0.000000e+00 0.000000e+00 0.000000e+00 -4.987143e-05 0.000000e+00 0.000000e+00
72450 699.259699 12.925978 9.500000 0.997751 0.067033 0.000000 9.101696e-03 3.277296e-03 0.000000e+00 0.000000e+00 0.000000e+00 -4.244060e-05 0.000000e+00 0.000000e+00
72500 699.713611 12.928461 9.500000 0.997615 0.069023 0.000000 9.200858e-03 3.077751e-03 0.000000e+00 0.000000e+00 0.000000e+00 3.218785e-05 0.000000e+00 0.000000e+00
72550 700.173900 12.929167 9.500000 0.997584 0.069469 0.000000 9.239858e-03 2.233033e-03 0.000000e+00 0.000000e+00 0.000000e+00 3.551090e-05 0.000000e+00 0.000000e+00
72600 700.627615 12.934912 9.500000 0.997527 0.070283 0.000000 9.019648e-03 4.922357e-03 0.000000e+00 0.000000e+00 0.000000e+00 1.536415e-05 0.000000e+00 0.000000e+00
72650 701.085837 12.933111 9.500000 0.997521 0.070369 0.000000 9.144726e-03 1.820488e-03 0.000000e+00 0.000000e+00 0.000000e+00 1.458985e-04 0.000000e+00 0.000000e+00
72700 701.540869 12.936894 9.500000 0.997455 0.071303 0.000000 8.912306e-03 7.171096e-03 0.000000e+00 0.000000e+00 0.000000e+00 -2.313720e-05 0.000000e+00 0.000000e+00
72750 701.997586 12.932604 9.500000 0.997417 0.071830 0.000000 9.253185e-03 2.207268e-03 0.000000e+00 0.000000e+00 0.000000e+00 2.536083e-05 0.000000e+00 0.000000e+00
72800 702.454488 12.934979 9.500000 0.997389 0.072219 0.000000 9.061469e-03 5.588679e-03 0.000000e+00 0.000000e+00 0.000000e+00 -8.153561e-06 0.000000e+00 0.000000e+00
72850 702.909969 12.930345 9.500000 0.997265 0.073905 0.000000 9.183001e-03 1.882885e-03 0.000000e+00 0.000000e+00 0.000000e+00 1.112715e-04 0.000000e+00 0.000000e+00
72900 703.367848 12.932433 9.500000 0.997249 0.074127 0.000000 9.150801e-03 4.098963e-03 0.000000e+00 0.000000e+00 0.000000e+00 3.883474e-05 0.000000e+00 0.000000e+00
72950 703.822548 12.932619 9.500000 0.997130 0.075704 0.000000 9.263658e-03 3.881515e-03 0.000000e+00 0.000000e+00 0.000000e+00 -7.778403e-05 0.000000e+00 0.000000e+00
73000 704.280430 12.932659 9.500000 0.997093 0.076190 0.000000 9.081441e-03 3.658989e-03 0.000000e+00 0.000000e+00 0.000000e+00 -8.086499e-05 0.000000e+00 0.000000e+00
73050 704.732744 12.934266 9.500000 0.996989 0.077549 0.000000 9.128487e-03 3.473853e-03 0.000000e+00 0.000000e+00 0.000000e+00 -1.532582e-04 0.000000e+00 0.000000e+00
73100 705.191079 12.932704 9.500000 0.996943 0.078133 0.000000 9.112135e-03 3.291458e-03 0.000000e+00 0.000000e+00 0.000000e+00 -7.219867e-07 0.000000e+00 0.000000e+00
73150 705.643822 12.937134 9.500000 0.996846 0.079365 0.000000 9.049268e-03 5.089825e-03 0.000000e+00 0.000000e+00 0.000000e+00 -9.370199e-05 0.000000e+00 0.000000e+00
73200 706.101005 12.933178 9.500000 0.996820 0.079686 0.000000 9.060152e-03 1.972425e-03 0.000000e+00 0.000000e+00 0.000000e+00 8.793161e-05 0.000000e+00 0.000000e+00
73250 706.554862 12.938792 9.500000 0.996721 0.080913 0.000000 8.945783e-03 7.877947e-03 0.000000e+00 0.000000e+00 0.000000e+00 -1.608389e-04 0.000000e+00 0.000000e+00
73300 707.010091 12.935189 9.500000 0.996729 0.080814 0.000000 9.214445e-03 2.341208e-03 0.000000e+00 0.000000e+00 0.000000e+00 6.368969e-05 0.000000e+00 0.000000e+00
73350 707.465804 12.939398 9.500000 0.996652 0.081763 0.000000 9.076082e-03 7.260758e-03 0.000000e+00 0.000000e+00 0.000000e+00 7.123557e-05 0.000000e+00 0.000000e+00
73400 707.919533 12.935186 9.500000 0.996661 0.081648 0.000000 9.163926e-03 2.183606e-03 0.000000e+00 0.000000e+00 0.000000e+00 6.700983e-05 0.000000e+00 0.000000e+00
73450 708.375721 12.935382 9.500000 0.996616 0.082203 0.000000 9.156400e-03 4.515469e-03 0.000000e+00 0.000000e+00 0.000000e+00 3.288679e-05 0.000000e+00 0.000000e+00
73500 708.828531 12.934455 9.500000 0.996578 0.082655 0.000000 9.238844e-03 4.259207e-03 0.000000e+00 0.000000e+00 0.000000e+00 -8.900703e-05 0.000000e+00 0.000000e+00
73550 709.286101 12.932221 9.500000 0.996576 0.082681 0.000000 9.095653e-03 3.644499e-03 0.000000e+00 0.000000e+00 0.000000e+00 6.386273e-05 0.000000e+00 0.000000e+00
73600 709.737764 12.932321 9.500000 0.996504 0.083549 0.000000 9.117881e-03 4.093027e-03 0.000000e+00 0.000000e+00 0.000000e+00 -1.265056e-04 0.000000e+00 0.000000e+00
73650 710.196411 12.928154 9.500000 0.996460 0.084067 0.000000 9.140915e-03 3.176017e-03 0.000000e+00 0.000000e+00 0.000000e+00 -2.063439e-06 0.000000e+00 0.000000e+00
73700 710.648438 12.929618 9.500000 0.996324 0.085668 0.000000 9.036378e-03 5.266164e-03 0.000000e+00 0.000000e+00 0.000000e+00 -6.835558e-05 0.000000e+00 0.000000e+00
73750 711.105398 12.926093 9.500000 0.996294 0.086017 0.000000 9.129479e-03 2.473026e-03 0.000000e+00 0.000000e+00 0.000000e+00 -1.296451e-06 0.000000e+00 0.000000e+00
73800 711.559178 12.930534 9.500000 0.996188 0.087233 0.000000 8.891919e-03 6.808143e-03 0.000000e+00 0.000000e+00 0.000000e+00 -7.160705e-05 0.000000e+00 0.000000e+00
73850 712.014400 12.927540 9.500000 0.996153 0.087634 0.000000 9.292713e-03 2.554872e-03 0.000000e+00 0.000000e+00 0.000000e+00 5.664467e-05 0.000000e+00 0.000000e+00
73900 712.470045 12.932890 9.500000 0.996128 0.087919 0.000000 8.889357e-03 7.282822e-03 0.000000e+00 0.000000e+00 0.000000e+00 -1.882333e-05 0.000000e+00 0.000000e+00
73950 712.923007 12.928434 9.500000 0.996043 0.088869 0.000000 9.117890e-03 2.402468e-03 0.000000e+00 0.000000e+00 0.000000e+00 1.339554e-04 0.000000e+00 0.000000e+00
74000 713.379159 12.930022 9.500000 0.996041 0.088896 0.000000 9.131394e-03 4.938166e-03 0.000000e+00 0.000000e+00 0.000000e+00 3.783894e-05 0.000000e+00 0.000000e+00
74050 713.831333 12.928106 9.500000 0.995942 0.089993 0.000000 9.142961e-03 3.709054e-03 0.000000e+00 0.000000e+00 0.000000e+00 1.063926e-04 0.000000e+00 0.000000e+00
74100 714.288347 12.926411 9.500000 0.995894 0.090529 0.000000 9.040995e-03 4.246555e-03 0.000000e+00 0.000000e+00 0.000000e+00 -9.949717e-05 0.000000e+00 0.000000e+00
74150 714.739278 12.928229 9.500000 0.995783 0.091740 0.000000 9.103403e-03 4.413132e-03 0.000000e+00 0.000000e+00 0.000000e+00 -1.262697e-04 0.000000e+00 0.000000e+00
74200 715.196947 12.925857 9.500000 0.995700 0.092640 0.000000 9.118921e-03 3.484088e-03 0.000000e+00 0.000000e+00 0.000000e+00 1.839696e-05 0.000000e+00 0.000000e+00
74250 715.648356 12.928049 9.500000 0.995534 0.094404 0.000000 9.034446e-03 5.551880e-03 0.000000e+00 0.000000e+00 0.000000e+00 -5.833324e-05 0.000000e+00 0.000000e+00
74300 716.104693 12.924495 9.500000 0.995498 0.094779 0.000000 9.194717e-03 2.650936e-03 0.000000e+00 0.000000e+00 0.000000e+00 -1.319588e-05 0.000000e+00 0.000000e+00
74350 716.557740 12.928798 9.500000 0.995341 0.096414 0.000000 8.860198e-03 7.200684e-03 0.000000e+00 0.000000e+00 0.000000e+00 -7.229869e-05 0.000000e+00 0.000000e+00
74400 717.011971 12.925270 9.500000 0.995270 0.097152 0.000000 9.216322e-03 2.706198e-03 0.000000e+00 0.000000e+00 0.000000e+00 7.692107e-05 0.000000e+00 0.000000e+00
74450 717.466927 12.931054 9.500000 0.995163 0.098234 0.000000 8.988784e-03 6.983195e-03 0.000000e+00 0.000000e+00 0.000000e+00 3.794189e-05 0.000000e+00 0.000000e+00
74500 717.918955 12.928915 9.500000 0.995118 0.098689 0.000000 9.183039e-03 2.326170e-03 0.000000e+00 0.000000e+00 0.000000e+00 9.205568e-05 0.000000e+00 0.000000e+00
74550 718.374430 12.932094 9.500000 0.995049 0.099386 0.000000 9.139935e-03 5.294119e-03 0.000000e+00 0.000000e+00 0.000000e+00 4.198042e-05 0.000000e+00 0.000000e+00
74600 718.825373 12.930973 9.500000 0.994911 0.100760 0.000000 9.194219e-03 4.576059e-03 0.000000e+00 0.000000e+00 0.000000e+00 -1.086648e-04 0.000000e+00 0.000000e+00
74650 719.281323 12.930297 9.500000 0.994889 0.100978 0.000000 9.027586e-03 4.665434e-03 0.000000e+00 0.000000e+00 0.000000e+00 -8.508467e-05 0.000000e+00 0.000000e+00
74700 719.731098 12.929589 9.500000 0.994655 0.103253 0.000000 9.102983e-03 4.669148e-03 0.000000e+00 0.000000e+00 0.000000e+00 -8.260595e-05 0.000000e+00 0.000000e+00
74750 720.187801 12.924184 9.500000 0.994612 0.103666 0.000000 9.098050e-03 3.481005e-03 0.000000e+00 0.000000e+00 0.000000e+00 -1.454381e-04 0.000000e+00 0.000000e+00
74800 720.638230 12.925658 9.500000 0.994257 0.107015 0.000000 9.027892e-03 5.851928e-03 0.000000e+00 0.000000e+00 0.000000e+00 -2.629022e-05 0.000000e+00 0.000000e+00
74850 721.093283 12.922366 9.500000 0.994194 0.107603 0.000000 9.069733e-03 2.914768e-03 0.000000e+00 0.000000e+00 0.000000e+00 2.242505e-05 0.000000e+00 0.000000e+00
74900 721.545207 12.931564 9.500000 0.994034 0.109069 0.000000 8.854237e-03 8.767802e-03 0.000000e+00 0.000000e+00 0.000000e+00 -9.091852e-05 0.000000e+00 0.000000e+00
74950 721.997447 12.927142 9.500000 0.993962 0.109729 0.000000 9.177762e-03 3.084438e-03 0.000000e+00 0.000000e+00 0.000000e+00 3.775356e-05 0.000000e+00 0.000000e+00
75000 722.451251 12.934201 9.500000 0.993938 0.109941 0.000000 9.051326e-03 7.391719e-03 0.000000e+00 0.000000e+00 0.000000e+00 -4.320123e-05 0.000000e+00 0.000000e+00
75050 722.901188 12.929041 9.500000 0.993862 0.110625 0.000000 9.112516e-03 2.586025e-03 0.000000e+00 0.000000e+00 0.000000e+00 8.426205e-05 0.000000e+00 0.000000e+00
75100 723.355686 12.931426 9.500000 0.993788 0.111287 0.000000 9.094530e-03 5.620936e-03 0.000000e+00 0.000000e+00 0.000000e+00 6.453456e-05 0.000000e+00 0.000000e+00
75150 723.805455 12.928449 9.500000 0.993578 0.113150 0.000000 9.167821e-03 4.885800e-03 0.000000e+00 0.000000e+00 0.000000e+00 -1.065385e-04 0.000000e+00 0.000000e+00
75200 724.260579 12.926130 9.500000 0.993535 0.113527 0.000000 8.980749e-03 4.790927e-03 0.000000e+00 0.000000e+00 0.000000e+00 -6.880615e-05 0.000000e+00 0.000000e+00
75250 724.709255 12.925967 9.500000 0.993185 0.116549 0.000000 8.962900e-03 5.032450e-03 0.000000e+00 0.000000e+00 0.000000e+00 -1.301382e-04 0.000000e+00 0.000000e+00
75300 725.164026 12.920086 9.500000 0.993046 0.117727 0.000000 9.098850e-03 3.318554e-03 0.000000e+00 0.000000e+00 0.000000e+00 6.475864e-05 0.000000e+00 0.000000e+00
75350 725.613743 12.925537 9.500000 0.992721 0.120433 0.000000 8.967974e-03 7.339571e-03 0.000000e+00 0.000000e+00 0.000000e+00 1.213053e-04 0.000000e+00 0.000000e+00
75400 726.067069 12.922239 9.500000 0.992671 0.120846 0.000000 9.166011e-03 3.257986e-03 0.000000e+00 0.000000e+00 0.000000e+00 7.395408e-05 0.000000e+00 0.000000e+00
75450 726.517920 12.933563 9.500000 0.992476 0.122441 0.000000 8.720906e-03 1.019932e-02 0.000000e+00 0.000000e+00 0.000000e+00 1.095714e-04 0.000000e+00 0.000000e+00
75500 726.968565 12.926499 9.500000 0.992354 0.123424 0.000000 9.144985e-03 3.217354e-03 0.000000e+00 0.000000e+00 0.000000e+00 2.367365e-04 0.000000e+00 0.000000e+00
75550 727.421780 12.935243 9.500000 0.992278 0.124034 0.000000 9.052261e-03 7.840025e-03 0.000000e+00 0.000000e+00 0.000000e+00 1.244806e-05 0.000000e+00 0.000000e+00
75600 727.871142 12.926089 9.500000 0.991928 0.126803 0.000000 9.080875e-03 3.349097e-03 0.000000e+00 0.000000e+00 0.000000e+00 2.262996e-04 0.000000e+00 0.000000e+00
75650 728.324730 12.925888 9.500000 0.991842 0.127470 0.000000 8.992468e-03 5.278132e-03 0.000000e+00 0.000000e+00 0.000000e+00 1.618219e-04 0.000000e+00 0.000000e+00
75700 728.772432 12.927045 9.500000 0.991588 0.129432 0.000000 9.114667e-03 5.345227e-03 0.000000e+00 0.000000e+00 0.000000e+00 -8.231056e-05 0.000000e+00 0.000000e+00
75750 729.226451 12.928443 9.500000 0.991538 0.129818 0.000000 8.952639e-03 4.820933e-03 0.000000e+00 0.000000e+00 0.000000e+00 4.652741e-06 0.000000e+00 0.000000e+00
75800 729.673659 12.934014 9.500000 0.991220 0.132226 0.000000 8.947933e-03 7.002756e-03 0.000000e+00 0.000000e+00 0.000000e+00 -1.941923e-04 0.000000e+00 0.000000e+00
75850 730.126448 12.924225 9.500000 0.991156 0.132698 0.000000 9.136827e-03 2.747845e-03 0.000000e+00 0.000000e+00 0.000000e+00 4.915113e-05 0.000000e+00 0.000000e+00
75900 730.575067 12.928763 9.500000 0.990845 0.135001 0.000000 8.870908e-03 8.923094e-03 0.000000e+00 0.000000e+00 0.000000e+00 -1.316408e-04 0.000000e+00 0.000000e+00
75950 731.025811 12.923397 9.500000 0.990860 0.134891 0.000000 9.135358e-03 3.761027e-03 0.000000e+00 0.000000e+00 0.000000e+00 2.035944e-04 0.000000e+00 0.000000e+00
76000 731.476573 12.933282 9.500000 0.990710 0.135992 0.000000 8.852975e-03 9.948062e-03 0.000000e+00 0.000000e+00 0.000000e+00 6.690507e-06 0.000000e+00 0.000000e+00
76050 731.924027 12.922019 9.500000 0.990382 0.138363 0.000000 9.123968e-03 3.409157e-03 0.000000e+00 0.000000e+00 0.000000e+00 2.182371e-04 0.000000e+00 0.000000e+00
76100 732.376285 12.926693 9.500000 0.990275 0.139122 0.000000 9.091839e-03 6.790740e-03 0.000000e+00 0.000000e+00 0.000000e+00 7.093826e-05 0.000000e+00 0.000000e+00
76150 732.823122 12.924959 9.500000 0.989972 0.141262 0.000000 9.134362e-03 5.355176e-03 0.000000e+00 0.000000e+00 0.000000e+00 -1.258487e-04 0.000000e+00 0.000000e+00
76200 733.275417 12.927413 9.500000 0.989906 0.141728 0.000000 8.928418e-03 5.831911e-03 0.000000e+00 0.000000e+00 0.000000e+00 -8.901967e-05 0.000000e+00 0.000000e+00
76250 733.720991 12.930650 9.500000 0.989536 0.144286 0.000000 8.931891e-03 5.622914e-03 0.000000e+00 0.000000e+00 0.000000e+00 -2.626972e-04 0.000000e+00 0.000000e+00
76300 734.172651 12.925490 9.500000 0.989494 0.144573 0.000000 9.074156e-03 3.922884e-03 0.000000e+00 0.000000e+00 0.000000e+00 5.140388e-05 0.000000e+00 0.000000e+00
76350 734.618404 12.929029 9.500000 0.988912 0.148504 0.000000 8.785256e-03 8.015707e-03 0.000000e+00 0.000000e+00 0.000000e+00 2.884945e-04 0.000000e+00 0.000000e+00
76400 735.067981 12.919838 9.500000 0.988958 0.148199 0.000000 9.042526e-03 3.748812e-03 0.000000e+00 0.000000e+00 0.000000e+00 6.925135e-05 0.000000e+00 0.000000e+00
76450 735.517095 12.930974 9.500000 0.988604 0.150541 0.000000 8.655436e-03 1.166709e-02 0.000000e+00 0.000000e+00 0.000000e+00 1.995220e-04 0.000000e+00 0.000000e+00
76500 735.964648 12.920393 9.500000 0.988409 0.151816 0.000000 9.109712e-03 3.736468e-03 0.000000e+00 0.000000e+00 0.000000e+00 2.667915e-04 0.000000e+00 0.000000e+00
76550 736.414690 12.928568 9.500000 0.988301 0.152516 0.000000 8.980607e-03 7.969621e-03 0.000000e+00 0.000000e+00 0.000000e+00 -2.786141e-04 0.000000e+00 0.000000e+00
76600 736.860015 12.921497 9.500000 0.987910 0.155031 0.000000 9.105831e-03 4.459809e-03 0.000000e+00 0.000000e+00 0.000000e+00 -5.977315e-05 0.000000e+00 0.000000e+00
76650 737.310765 12.927700 9.500000 0.987858 0.155361 0.000000 8.887682e-03 5.609776e-03 0.000000e+00 0.000000e+00 0.000000e+00 -7.012077e-05 0.000000e+00 0.000000e+00
76700 737.754308 12.929882 9.500000 0.987518 0.157503 0.000000 9.024413e-03 6.468310e-03 0.000000e+00 0.000000e+00 0.000000e+00 -9.742227e-05 0.000000e+00 0.000000e+00
76750 738.204540 12.926647 9.500000 0.987573 0.157160 0.000000 8.928493e-03 5.352207e-03 0.000000e+00 0.000000e+00 0.000000e+00 5.293398e-05 0.000000e+00 0.000000e+00
76800 738.648692 12.929416 9.500000 0.986954 0.161005 0.000000 8.864340e-03 8.017988e-03 0.000000e+00 0.000000e+00 0.000000e+00 -9.895116e-05 0.000000e+00 0.000000e+00
76850 739.097078 12.920300 9.500000 0.987123 0.159962 0.000000 8.996894e-03 3.913974e-03 0.000000e+00 0.000000e+00 0.000000e+00 -1.745355e-05 0.000000e+00 0.000000e+00
76900 739.543345 12.930090 9.500000 0.986765 0.162154 0.000000 8.652316e-03 1.158786e-02 0.000000e+00 0.000000e+00 0.000000e+00 -6.820517e-05 0.000000e+00 0.000000e+00
76950 739.988740 12.919574 9.500000 0.986706 0.162517 0.000000 9.112751e-03 4.431084e-03 0.000000e+00 0.000000e+00 0.000000e+00 -1.488103e-04 0.000000e+00 0.000000e+00
77000 740.437211 12.932934 9.500000 0.986636 0.162941 0.000000 8.949033e-03 9.595858e-03 0.000000e+00 0.000000e+00 0.000000e+00 -3.634739e-05 0.000000e+00 0.000000e+00
77050 740.880372 12.922443 9.500000 0.986344 0.164699 0.000000 9.016948e-03 4.031337e-03 0.000000e+00 0.000000e+00 0.000000e+00 3.173292e-04 0.000000e+00 0.000000e+00
77100 741.328827 12.925466 9.500000 0.986377 0.164501 0.000000 8.897436e-03 6.438098e-03 0.000000e+00 0.000000e+00 0.000000e+00 1.725724e-04 0.000000e+00 0.000000e+00
77150 741.770945 12.922263 9.500000 0.985987 0.166821 0.000000 9.010428e-03 6.211710e-03 0.000000e+00 0.000000e+00 0.000000e+00 -1.266835e-04 0.000000e+00 0.000000e+00
77200 742.220802 12.921946 9.500000 0.986069 0.166334 0.000000 8.881279e-03 5.868837e-03 0.000000e+00 0.000000e+00 0.000000e+00 2.083449e-05 0.000000e+00 0.000000e+00
77250 742.663115 12.925293 9.500000 0.985464 0.169887 0.000000 8.861601e-03 8.140442e-03 0.000000e+00 0.000000e+00 0.000000e+00 -1.483571e-04 0.000000e+00 0.000000e+00
77300 743.111119 12.918893 9.500000 0.985712 0.168438 0.000000 8.995611e-03 4.189279e-03 0.000000e+00 0.000000e+00 0.000000e+00 -3.864631e-05 0.000000e+00 0.000000e+00
77350 743.556026 12.927420 9.500000 0.985134 0.171785 0.000000 8.591949e-03 1.099795e-02 0.000000e+00 0.000000e+00 0.000000e+00 -4.982058e-05 0.000000e+00 0.000000e+00
77400 744.000805 12.915825 9.500000 0.985142 0.171742 0.000000 9.071020e-03 4.326223e-03 0.000000e+00 0.000000e+00 0.000000e+00 2.684004e-05 0.000000e+00 0.000000e+00
77450 744.448269 12.925090 9.500000 0.985001 0.172549 0.000000 8.884894e-03 9.746665e-03 0.000000e+00 0.000000e+00 0.000000e+00 -6.914054e-05 0.000000e+00 0.000000e+00
77500 744.890590 12.916608 9.500000 0.984399 0.175950 0.000000 8.992418e-03 4.134697e-03 0.000000e+00 0.000000e+00 0.000000e+00 2.910795e-04 0.000000e+00 0.000000e+00
77550 745.338075 12.925104 9.500000 0.984181 0.177168 0.000000 8.986257e-03 7.865272e-03 0.000000e+00 0.000000e+00 0.000000e+00 1.121066e-04 0.000000e+00 0.000000e+00
77600 745.778413 12.919941 9.500000 0.983339 0.181779 0.000000 9.001979e-03 6.408611e-03 0.000000e+00 0.000000e+00 0.000000e+00 -1.174110e-04 0.000000e+00 0.000000e+00
77650 746.225693 12.916485 9.500000 0.983120 0.182962 0.000000 8.833225e-03 6.225400e-03 0.000000e+00 0.000000e+00 0.000000e+00 1.518273e-05 0.000000e+00 0.000000e+00
77700 746.666050 12.921505 9.500000 0.982316 0.187229 0.000000 8.801670e-03 7.837145e-03 0.000000e+00 0.000000e+00 0.000000e+00 -8.980005e-05 0.000000e+00 0.000000e+00
77750 747.112109 12.920630 9.500000 0.982486 0.186339 0.000000 8.958050e-03 4.491770e-03 0.000000e+00 0.000000e+00 0.000000e+00 -4.072695e-05 0.000000e+00 0.000000e+00
77800 747.554563 12.937966 9.500000 0.981804 0.189898 0.000000 8.613140e-03 1.329902e-02 0.000000e+00 0.000000e+00 0.000000e+00 -2.502025e-04 0.000000e+00 0.000000e+00
77850 747.996614 12.913983 9.500000 0.981608 0.190907 0.000000 9.008426e-03 4.454330e-03 0.000000e+00 0.000000e+00 0.000000e+00 3.950060e-05 0.000000e+00 0.000000e+00
77900 748.441560 12.916965 9.500000 0.981403 0.191957 0.000000 8.854552e-03 9.440426e-03 0.000000e+00 0.000000e+00 0.000000e+00 -5.225182e-05 0.000000e+00 0.000000e+00
77950 748.879677 12.915975 9.500000 0.980690 0.195570 0.000000 8.934429e-03 4.524495e-03 0.000000e+00 0.000000e+00 0.000000e+00 3.569269e-04 0.000000e+00 0.000000e+00
78000 749.324914 12.934403 9.500000 0.980705 0.195492 0.000000 8.853004e-03 7.095348e-03 0.000000e+00 0.000000e+00 0.000000e+00 5.026264e-05 0.000000e+00 0.000000e+00
78050 749.762698 12.933560 9.500000 0.980046 0.198768 0.000000 8.926191e-03 7.567671e-03 0.000000e+00 0.000000e+00 0.000000e+00 -1.323851e-04 0.000000e+00 0.000000e+00
78100 750.207320 12.919758 9.500000 0.980042 0.198789 0.000000 8.815572e-03 6.368252e-03 0.000000e+00 0.000000e+00 0.000000e+00 5.751061e-05 0.000000e+00 0.000000e+00
78150 750.644128 12.919668 9.500000 0.978816 0.204740 0.000000 8.755870e-03 8.590954e-03 0.000000e+00 0.000000e+00 0.000000e+00 -7.258982e-05 0.000000e+00 0.000000e+00
78200 751.087129 12.913766 9.500000 0.978763 0.204994 0.000000 8.863210e-03 4.531983e-03 0.000000e+00 0.000000e+00 0.000000e+00 -8.127898e-05 0.000000e+00 0.000000e+00
78250 751.527569 12.934317 9.500000 0.977783 0.209620 0.000000 8.477597e-03 1.454203e-02 0.000000e+00 0.000000e+00 0.000000e+00 2.528338e-04 0.000000e+00 0.000000e+00
78300 751.965799 12.916597 9.500000 0.977581 0.210558 0.000000 9.003505e-03 4.684539e-03 0.000000e+00 0.000000e+00 0.000000e+00 3.495492e-04 0.000000e+00 0.000000e+00
78350 752.409004 12.927448 9.500000 0.977450 0.211165 0.000000 8.832504e-03 1.009159e-02 0.000000e+00 0.000000e+00 0.000000e+00 -3.467901e-04 0.000000e+00 0.000000e+00
78400 752.844124 12.916609 9.500000 0.976536 0.215356 0.000000 8.915079e-03 5.475736e-03 0.000000e+00 0.000000e+00 0.000000e+00 -8.555175e-05 0.000000e+00 0.000000e+00
78450 753.287413 12.922020 9.500000 0.976365 0.216128 0.000000 8.705198e-03 7.342218e-03 0.000000e+00 0.000000e+00 0.000000e+00 -1.104186e-04 0.000000e+00 0.000000e+00
78500 753.721461 12.923190 9.500000 0.975303 0.220869 0.000000 8.736920e-03 7.872023e-03 0.000000e+00 0.000000e+00 0.000000e+00 -1.533698e-04 0.000000e+00 0.000000e+00
78550 754.163583 12.913577 9.500000 0.975240 0.221148 0.000000 8.856348e-03 5.317299e-03 0.000000e+00 0.000000e+00 0.000000e+00 8.538694e-05 0.000000e+00 0.000000e+00
78600 754.600106 12.926489 9.500000 0.973975 0.226655 0.000000 8.720915e-03 1.234892e-02 0.000000e+00 0.000000e+00 0.000000e+00 -3.018150e-04 0.000000e+00 0.000000e+00
78650 755.037956 12.921381 9.500000 0.974265 0.225407 0.000000 8.955194e-03 5.684296e-03 0.000000e+00 0.000000e+00 0.000000e+00 4.067862e-04 0.000000e+00 0.000000e+00
78700 755.477262 12.948045 9.500000 0.973511 0.228641 0.000000 8.838609e-03 1.611001e-02 0.000000e+00 0.000000e+00 0.000000e+00 -1.146681e-04 0.000000e+00 0.000000e+00
78750 755.909686 12.918236 9.500000 0.973294 0.229564 0.000000 8.938956e-03 4.778892e-03 0.000000e+00 0.000000e+00 0.000000e+00 3.090209e-04 0.000000e+00 0.000000e+00
78800 756.349770 12.913211 9.500000 0.973242 0.229784 0.000000 8.798740e-03 7.663339e-03 0.000000e+00 0.000000e+00 0.000000e+00 -1.297126e-05 0.000000e+00 0.000000e+00
78850 756.781922 12.912839 9.500000 0.971822 0.235714 0.000000 8.911600e-03 7.600991e-03 0.000000e+00 0.000000e+00 0.000000e+00 -8.524807e-05 0.000000e+00 0.000000e+00
78900 757.223133 12.929620 9.500000 0.971583 0.236698 0.000000 8.701583e-03 7.831591e-03 0.000000e+00 0.000000e+00 0.000000e+00 3.260679e-05 0.000000e+00 0.000000e+00
78950 757.655148 12.952919 9.500000 0.970342 0.241737 0.000000 8.412011e-03 1.202287e-02 0.000000e+00 0.000000e+00 0.000000e+00 -4.833729e-04 0.000000e+00 0.000000e+00
79000 758.089022 12.920949 9.500000 0.971213 0.238212 0.000000 8.845244e-03 4.962343e-03 0.000000e+00 0.000000e+00 0.000000e+00 -5.723873e-06 0.000000e+00 0.000000e+00
79050 758.524593 12.919436 9.500000 0.969965 0.243246 0.000000 8.329803e-03 1.445019e-02 0.000000e+00 0.000000e+00 0.000000e+00 3.710339e-04 0.000000e+00 0.000000e+00
79100 758.956819 12.904294 9.500000 0.969445 0.245309 0.000000 8.845570e-03 4.505738e-03 0.000000e+00 0.000000e+00 0.000000e+00 2.673890e-04 0.000000e+00 0.000000e+00
79150 759.394640 12.932972 9.500000 0.968993 0.247088 0.000000 8.825437e-03 1.153368e-02 0.000000e+00 0.000000e+00 0.000000e+00 -2.175584e-04 0.000000e+00 0.000000e+00
79200 759.822493 12.913129 9.500000 0.968236 0.250036 0.000000 8.805564e-03 7.698557e-03 0.000000e+00 0.000000e+00 0.000000e+00 -2.315374e-04 0.000000e+00 0.000000e+00
79250 760.261544 12.908026 9.500000 0.968318 0.249720 0.000000 8.643521e-03 7.961179e-03 0.000000e+00 0.000000e+00 0.000000e+00 -3.962645e-05 0.000000e+00 0.000000e+00
79300 760.690585 12.915468 9.500000 0.966725 0.255816 0.000000 8.499786e-03 8.793634e-03 0.000000e+00 0.000000e+00 0.000000e+00 -2.660873e-04 0.000000e+00 0.000000e+00
79350 761.126255 12.920192 9.500000 0.966596 0.256305 0.000000 8.786594e-03 5.800224e-03 0.000000e+00 0.000000e+00 0.000000e+00 -6.704585e-05 0.000000e+00 0.000000e+00
79400 761.560113 12.952520 9.500000 0.964680 0.263423 0.000000 8.290809e-03 1.865091e-02 0.000000e+00 0.000000e+00 0.000000e+00 -3.614533e-05 0.000000e+00 0.000000e+00
79450 761.986996 12.908118 9.500000 0.965329 0.261035 0.000000 8.824098e-03 5.853812e-03 0.000000e+00 0.000000e+00 0.000000e+00 -2.157740e-04 0.000000e+00 0.000000e+00
79500 762.422023 12.900686 9.500000 0.964783 0.263046 0.000000 8.573255e-03 9.905243e-03 0.000000e+00 0.000000e+00 0.000000e+00 -2.053298e-05 0.000000e+00 0.000000e+00
79550 762.848182 12.917722 9.500000 0.963204 0.268772 0.000000 8.750151e-03 6.868061e-03 0.000000e+00 0.000000e+00 0.000000e+00 -7.556686e-05 0.000000e+00 0.000000e+00
79600 763.283175 12.954114 9.500000 0.962868 0.269974 0.000000 8.640093e-03 9.135955e-03 0.000000e+00 0.000000e+00 0.000000e+00 3.249785e-04 0.000000e+00 0.000000e+00
79650 763.709105 12.986946 9.500000 0.961229 0.275753 0.000000 8.556302e-03 1.224625e-02 0.000000e+00 0.000000e+00 0.000000e+00 1.649130e-04 0.000000e+00 0.000000e+00
79700 764.139731 12.953181 9.500000 0.960332 0.278859 0.000000 8.722167e-03 6.588327e-03 0.000000e+00 0.000000e+00 0.000000e+00 -2.526993e-04 0.000000e+00 0.000000e+00
79750 764.567933 12.943250 9.500000 0.957711 0.287731 0.000000 8.194157e-03 1.674243e-02 0.000000e+00 0.000000e+00 0.000000e+00 -7.916641e-05 0.000000e+00 0.000000e+00
79800 764.992069 12.836047 9.500000 0.957411 0.288727 0.000000 8.735799e-03 1.025421e-03 0.000000e+00 0.000000e+00 0.000000e+00 2.896815e-04 0.000000e+00 0.000000e+00
79850 765.422399 12.834436 9.500000 0.956913 0.290374 0.000000 8.239606e-03 8.149601e-03 0.000000e+00 0.000000e+00 0.000000e+00 1.614280e-04 0.000000e+00 0.000000e+00
79900 765.844775 12.886111 9.500000 0.955000 0.296607 0.000000 8.735282e-03 6.555018e-03 0.000000e+00 0.000000e+00 0.000000e+00 2.925862e-04 0.000000e+00 0.000000e+00
79950 766.276214 12.969680 9.500000 0.954519 0.298151 0.000000 8.620693e-03 1.068471e-02 0.000000e+00 0.000000e+00 0.000000e+00 3.413053e-04 0.000000e+00 0.000000e+00
80000 766.693928 13.055649 9.500000 0.951732 0.306930 0.000000 7.973136e-03 1.307284e-02 0.000000e+00 0.000000e+00 0.000000e+00 5.351172e-04 0.000000e+00 0.000000e+00
