# t X Y Z ex ey ez Ux Uy Uz Wx Wy Wz Fwall_y Fwall_z
50 31.826479 16.688506 15.500000 0.866026 0.500000 0.000000 7.703228e-03 4.452448e-03 0.000000e+00 0.000000e+00 0.000000e+00 -3.867044e-06 0.000000e+00 0.000000e+00
100 32.222574 16.914762 15.500000 0.865791 0.500407 0.000000 8.043657e-03 4.639596e-03 0.000000e+00 0.000000e+00 0.000000e+00 2.899153e-05 0.000000e+00 0.000000e+00
150 32.625167 17.152455 15.500000 0.865934 0.500159 0.000000 8.124410e-03 4.800364e-03 0.000000e+00 0.000000e+00 0.000000e+00 -5.013713e-06 0.000000e+00 0.000000e+00
200 33.037927 17.389657 15.500000 0.866276 0.499566 0.000000 8.444856e-03 4.726628e-03 0.000000e+00 0.000000e+00 0.000000e+00 9.459722e-06 0.000000e+00 0.000000e+00
250 33.456035 17.626905 15.500000 0.865838 0.500324 0.000000 8.282581e-03 4.819860e-03 0.000000e+00 0.000000e+00 0.000000e+00 2.346667e-05 0.000000e+00 0.000000e+00
300 33.873004 17.870425 15.500000 0.865437 0.501018 0.000000 8.398390e-03 4.904761e-03 0.000000e+00 0.000000e+00 0.000000e+00 4.945451e-06 0.000000e+00 0.000000e+00
350 34.292437 18.114885 15.500000 0.865376 0.501123 0.000000 8.341585e-03 4.858328e-03 0.000000e+00 0.000000e+00 0.000000e+00 -7.059792e-06 0.000000e+00 0.000000e+00
400 34.706496 18.357891 15.500000 0.865847 0.500308 0.000000 8.299167e-03 4.762286e-03 0.000000e+00 0.000000e+00 0.000000e+00 -7.434850e-06 0.000000e+00 0.000000e+00
450 35.129587 18.596116 15.500000 0.865963 0.500108 0.000000 8.478215e-03 4.777081e-03 0.000000e+00 0.000000e+00 0.000000e+00 4.459438e-06 0.000000e+00 0.000000e+00
500 35.547975 18.835532 15.500000 0.865669 0.500617 0.000000 8.263140e-03 4.882796e-03 0.000000e+00 0.000000e+00 0.000000e+00 2.529873e-05 0.000000e+00 0.000000e+00
550 35.964606 19.080338 15.500000 0.865474 0.500953 0.000000 8.380080e-03 4.849731e-03 0.000000e+00 0.000000e+00 0.000000e+00 -1.339563e-05 0.000000e+00 0.000000e+00
600 36.386589 19.323802 15.500000 0.865617 0.500706 0.000000 8.432142e-03 4.937882e-03 0.000000e+00 0.000000e+00 0.000000e+00 -4.801400e-06 0.000000e+00 0.000000e+00
650 36.805041 19.564397 15.500000 0.866172 0.499747 0.000000 8.525922e-03 4.795958e-03 0.000000e+00 0.000000e+00 0.000000e+00 -1.776686e-05 0.000000e+00 0.000000e+00
700 37.230378 19.804025 15.500000 0.866510 0.499160 0.000000 8.419566e-03 4.777113e-03 0.000000e+00 0.000000e+00 0.000000e+00 -5.005742e-06 0.000000e+00 0.000000e+00
750 37.647855 20.046918 15.500000 0.866401 0.499349 0.000000 8.323801e-03 4.936359e-03 0.000000e+00 0.000000e+00 0.000000e+00 -1.963967e-05 0.000000e+00 0.000000e+00
800 38.067886 20.287929 15.500000 0.866675 0.498873 0.000000 8.516327e-03 4.800528e-03 0.000000e+00 0.000000e+00 0.000000e+00 -1.463154e-05 0.000000e+00 0.000000e+00
850 38.489690 20.526707 15.500000 0.866660 0.498900 0.000000 8.381691e-03 4.779283e-03 0.000000e+00 0.000000e+00 0.000000e+00 5.142589e-06 0.000000e+00 0.000000e+00
900 38.910828 20.767786 15.500000 0.866624 0.498962 0.000000 8.436638e-03 4.823724e-03 0.000000e+00 0.000000e+00 0.000000e+00 -4.482283e-06 0.000000e+00 0.000000e+00
950 39.333379 21.008030 15.500000 0.866446 0.499270 0.000000 8.354029e-03 4.863888e-03 0.000000e+00 0.000000e+00 0.000000e+00 -7.947298e-06 0.000000e+00 0.000000e+00
1000 39.749005 21.249316 15.500000 0.867040 0.498238 0.000000 8.363312e-03 4.763877e-03 0.000000e+00 0.000000e+00 0.000000e+00 -2.391441e-05 0.000000e+00 0.000000e+00
1050 40.173214 21.486277 15.500000 0.867253 0.497868 0.000000 8.536566e-03 4.779300e-03 0.000000e+00 0.000000e+00 0.000000e+00 4.261358e-05 0.000000e+00 0.000000e+00
1100 40.594880 21.721997 15.500000 0.866869 0.498536 0.000000 8.305650e-03 4.833422e-03 0.000000e+00 0.000000e+00 0.000000e+00 1.192890e-06 0.000000e+00 0.000000e+00
1150 41.017032 21.964659 15.500000 0.866798 0.498659 0.000000 8.545341e-03 4.743674e-03 0.000000e+00 0.000000e+00 0.000000e+00 2.050669e-05 0.000000e+00 0.000000e+00
1200 41.437063 22.204942 15.500000 0.867237 0.497896 0.000000 8.380064e-03 4.844992e-03 0.000000e+00 0.000000e+00 0.000000e+00 -3.537786e-05 0.000000e+00 0.000000e+00
1250 41.854299 22.440999 15.500000 0.867802 0.496910 0.000000 8.509738e-03 4.676029e-03 0.000000e+00 0.000000e+00 0.000000e+00 -1.994814e-05 0.000000e+00 0.000000e+00
1300 42.280404 22.674000 15.500000 0.867938 0.496672 0.000000 8.438069e-03 4.591123e-03 0.000000e+00 0.000000e+00 0.000000e+00 4.588681e-06 0.000000e+00 0.000000e+00
1350 42.697735 22.909331 15.500000 0.867805 0.496905 0.000000 8.329372e-03 4.738214e-03 0.000000e+00 0.000000e+00 0.000000e+00 1.155877e-05 0.000000e+00 0.000000e+00
1400 43.117651 23.146865 15.500000 0.868075 0.496433 0.000000 8.464239e-03 4.749034e-03 0.000000e+00 0.000000e+00 0.000000e+00 -1.903679e-05 0.000000e+00 0.000000e+00
1450 43.537936 23.382428 15.500000 0.868583 0.495544 0.000000 8.365940e-03 4.617506e-03 0.000000e+00 0.000000e+00 0.000000e+00 -3.839405e-05 0.000000e+00 0.000000e+00
1500 43.960387 23.614151 15.500000 0.869533 0.493875 0.000000 8.504010e-03 4.617022e-03 0.000000e+00 0.000000e+00 0.000000e+00 -1.582697e-05 0.000000e+00 0.000000e+00
1550 44.384749 23.843735 15.500000 0.869877 0.493269 0.000000 8.385911e-03 4.611262e-03 0.000000e+00 0.000000e+00 0.000000e+00 -7.716296e-06 0.000000e+00 0.000000e+00
1600 44.800999 24.077966 15.500000 0.870069 0.492929 0.000000 8.346676e-03 4.636102e-03 0.000000e+00 0.000000e+00 0.000000e+00 -2.849071e-05 0.000000e+00 0.000000e+00
1650 45.222499 24.305811 15.500000 0.870881 0.491495 0.000000 8.410628e-03 4.508524e-03 0.000000e+00 0.000000e+00 0.000000e+00 -5.516478e-06 0.000000e+00 0.000000e+00
1700 45.641887 24.531525 15.500000 0.871712 0.490019 0.000000 8.291000e-03 4.489349e-03 0.000000e+00 0.000000e+00 0.000000e+00 -4.212421e-05 0.000000e+00 0.000000e+00
1750 46.066163 24.757147 15.500000 0.872592 0.488450 0.000000 8.541032e-03 4.476278e-03 0.000000e+00 0.000000e+00 0.000000e+00 -3.537152e-05 0.000000e+00 0.000000e+00
1800 46.485842 24.980752 15.500000 0.873120 0.487505 0.000000 8.301780e-03 4.550310e-03 0.000000e+00 0.000000e+00 0.000000e+00 -3.230983e-05 0.000000e+00 0.000000e+00
1850 46.902107 25.205133 15.500000 0.874223 0.485524 0.000000 8.355617e-03 4.353538e-03 0.000000e+00 0.000000e+00 0.000000e+00 -5.842128e-05 0.000000e+00 0.000000e+00
1900 47.326273 25.421842 15.500000 0.875175 0.483806 0.000000 8.487186e-03 4.313461e-03 0.000000e+00 0.000000e+00 0.000000e+00 -4.484765e-05 0.000000e+00 0.000000e+00
1950 47.743419 25.634704 15.500000 0.876218 0.481915 0.000000 8.478794e-03 4.365005e-03 0.000000e+00 0.000000e+00 0.000000e+00 -3.343928e-05 0.000000e+00 0.000000e+00
2000 48.167690 25.847735 15.500000 0.877484 0.479606 0.000000 8.410303e-03 4.192196e-03 0.000000e+00 0.000000e+00 0.000000e+00 -4.475456e-05 0.000000e+00 0.000000e+00
2050 48.583956 26.060502 15.500000 0.878825 0.477143 0.000000 8.263757e-03 4.284852e-03 0.000000e+00 0.000000e+00 0.000000e+00 -6.218259e-05 0.000000e+00 0.000000e+00
2100 49.001062 26.265494 15.500000 0.880811 0.473468 0.000000 8.516867e-03 3.986132e-03 0.000000e+00 0.000000e+00 0.000000e+00 -7.780047e-05 0.000000e+00 0.000000e+00
2150 49.422966 26.462409 15.500000 0.882541 0.470235 0.000000 8.248456e-03 3.779001e-03 0.000000e+00 0.000000e+00 0.000000e+00 -8.089655e-05 0.000000e+00 0.000000e+00
2200 49.840564 26.655302 15.500000 0.884812 0.465949 0.000000 8.498314e-03 3.940618e-03 0.000000e+00 0.000000e+00 0.000000e+00 -1.209052e-04 -1.439494e-04 0.000000e+00
2250 50.262720 26.842019 15.500000 0.887520 0.460769 0.000000 8.295851e-03 3.675428e-03 0.000000e+00 0.000000e+00 0.000000e+00 -1.078847e-04 -7.192761e-04 0.000000e+00
2300 50.676836 27.029731 15.500000 0.890352 0.455274 0.000000 8.281782e-03 3.720079e-03 0.000000e+00 0.000000e+00 0.000000e+00 -1.383391e-04 -1.738480e-03 0.000000e+00
2350 51.093570 27.201941 15.500000 0.893936 0.448195 0.000000 8.412425e-03 3.265720e-03 0.000000e+00 0.000000e+00 0.000000e+00 -1.711193e-04 -3.067122e-03 0.000000e+00
2400 51.510994 27.364107 15.500000 0.897923 0.440152 0.000000 8.249942e-03 2.914510e-03 0.000000e+00 0.000000e+00 0.000000e+00 -2.200097e-04 -4.659937e-03 0.000000e+00
2450 51.928054 27.507168 15.500000 0.903104 0.429423 0.000000 8.517383e-03 2.724605e-03 0.000000e+00 0.000000e+00 0.000000e+00 -2.401039e-04 -6.339149e-03 0.000000e+00
2500 52.350187 27.635682 15.500000 0.908070 0.418817 0.000000 8.289031e-03 2.470021e-03 0.000000e+00 0.000000e+00 0.000000e+00 -2.652894e-04 -8.068668e-03 0.000000e+00
2550 52.764975 27.766085 15.500000 0.913584 0.406651 0.000000 8.396127e-03 2.569150e-03 0.000000e+00 0.000000e+00 0.000000e+00 -3.184882e-04 -1.003094e-02 0.000000e+00
2600 53.184700 27.885448 15.500000 0.920335 0.391130 0.000000 8.313565e-03 2.271907e-03 0.000000e+00 0.000000e+00 0.000000e+00 -3.282638e-04 -1.202083e-02 0.000000e+00
2650 53.597710 28.000000 15.500000 0.927839 0.372980 0.000000 8.244188e-03 0.000000e+00 0.000000e+00 0.000000e+00 0.000000e+00 -4.560133e-04 -1.412758e-02 0.000000e+00
2700 54.011037 28.000000 15.500000 0.935732 0.352713 0.000000 8.376637e-03 0.000000e+00 0.000000e+00 0.000000e+00 0.000000e+00 -4.513823e-04 -1.413717e-02 0.000000e+00
2750 54.426711 28.000000 15.500000 0.943508 0.331349 0.000000 8.289198e-03 0.000000e+00 0.000000e+00 0.000000e+00 0.000000e+00 -4.662329e-04 -1.413717e-02 0.000000e+00
2800 54.842637 28.000000 15.500000 0.950646 0.310278 0.000000 8.397283e-03 0.000000e+00 0.000000e+00 0.000000e+00 0.000000e+00 -4.608686e-04 -1.413717e-02 0.000000e+00
2850 55.264046 28.000000 15.500000 0.957587 0.288143 0.000000 8.444110e-03 0.000000e+00 0.000000e+00 0.000000e+00 0.000000e+00 -4.325613e-04 -1.413717e-02 0.000000e+00
2900 55.684902 28.000000 15.500000 0.963922 0.266187 0.000000 8.460991e-03 0.000000e+00 0.000000e+00 0.000000e+00 0.000000e+00 -4.285192e-04 -1.413717e-02 0.000000e+00
2950 56.111381 28.000000 15.500000 0.969791 0.243937 0.000000 8.520679e-03 0.000000e+00 0.000000e+00 0.000000e+00 0.000000e+00 -4.881682e-04 -1.413717e-02 0.000000e+00
3000 56.538309 28.000000 15.500000 0.975159 0.221508 0.000000 8.547083e-03 0.000000e+00 0.000000e+00 0.000000e+00 0.000000e+00 -4.689705e-04 -1.413717e-02 0.000000e+00
3050 56.968113 28.000000 15.500000 0.979962 0.199184 0.000000 8.606137e-03 0.000000e+00 0.000000e+00 0.000000e+00 0.000000e+00 -4.798394e-04 -1.413717e-02 0.000000e+00
3100 57.401048 28.000000 15.500000 0.984370 0.176115 0.000000 8.638372e-03 0.000000e+00 0.000000e+00 0.000000e+00 0.000000e+00 -4.642604e-04 -1.413717e-02 0.000000e+00
3150 57.833762 28.000000 15.500000 0.988147 0.153512 0.000000 8.714905e-03 0.000000e+00 0.000000e+00 0.000000e+00 0.000000e+00 -4.713016e-04 -1.413717e-02 0.000000e+00
3200 58.270646 28.000000 15.500000 0.991516 0.129982 0.000000 8.744981e-03 0.000000e+00 0.000000e+00 0.000000e+00 0.000000e+00 -4.514173e-04 -1.413717e-02 0.000000e+00
3250 58.706152 28.000000 15.500000 0.994256 0.107028 0.000000 8.743467e-03 0.000000e+00 0.000000e+00 0.000000e+00 0.000000e+00 -4.444242e-04 -1.413717e-02 0.000000e+00
3300 59.145912 28.000000 15.500000 0.996491 0.083699 0.000000 8.722628e-03 0.000000e+00 0.000000e+00 0.000000e+00 0.000000e+00 -4.866997e-04 -1.413717e-02 0.000000e+00
3350 59.584491 28.000000 15.500000 0.998164 0.060572 0.000000 8.744588e-03 0.000000e+00 0.000000e+00 0.000000e+00 0.000000e+00 -4.903454e-04 -1.413717e-02 0.000000e+00
3400 60.025328 27.999869 15.500000 0.999293 0.037604 0.000000 8.913302e-03 -1.061089e-05 0.000000e+00 0.000000e+00 0.000000e+00 -4.824849e-04 -1.413491e-02 0.000000e+00
3450 60.465997 27.998988 15.500000 0.999899 0.014234 0.000000 8.761989e-03 -6.975191e-05 0.000000e+00 0.000000e+00 0.000000e+00 -4.635016e-04 -1.411940e-02 0.000000e+00
3500 60.906821 27.988790 15.500000 0.999963 -0.008558 0.000000 8.873675e-03 -3.108992e-04 0.000000e+00 0.000000e+00 0.000000e+00 -4.543093e-04 -1.393247e-02 0.000000e+00
3550 61.348948 27.971515 15.500000 0.999489 -0.031967 0.000000 8.777374e-03 -4.798805e-04 0.000000e+00 0.000000e+00 0.000000e+00 -4.510878e-04 -1.361421e-02 0.000000e+00
3600 61.788930 27.946631 15.500000 0.998543 -0.053960 0.000000 8.872678e-03 -1.249303e-03 0.000000e+00 0.000000e+00 0.000000e+00 -4.239823e-04 -1.317181e-02 0.000000e+00
3650 62.234687 27.901560 15.500000 0.997202 -0.074758 0.000000 8.936458e-03 -3.791965e-03 0.000000e+00 0.000000e+00 0.000000e+00 -3.147701e-04 -1.240937e-02 0.000000e+00
3700 62.677944 27.755576 15.500000 0.996123 -0.087968 0.000000 9.023527e-03 -9.147770e-03 0.000000e+00 0.000000e+00 0.000000e+00 -4.021427e-05 -1.005012e-02 0.000000e+00
3750 63.134348 27.311229 15.500000 0.996388 -0.084917 0.000000 9.369689e-03 -1.422016e-02 0.000000e+00 0.000000e+00 0.000000e+00 8.604397e-05 -4.281155e-03 0.000000e+00
3800 63.595739 27.060985 15.500000 0.995934 -0.090085 0.000000 9.141092e-03 -1.014798e-03 0.000000e+00 0.000000e+00 0.000000e+00 -2.786521e-04 -1.984505e-03 0.000000e+00
3850 64.054847 26.991674 15.500000 0.995185 -0.098018 0.000000 9.248845e-03 -8.322832e-04 0.000000e+00 0.000000e+00 0.000000e+00 -1.571776e-04 -1.524064e-03 0.000000e+00
3900 64.512644 26.941627 15.500000 0.994350 -0.106149 0.000000 9.133484e-03 -4.650182e-04 0.000000e+00 0.000000e+00 0.000000e+00 -1.824305e-04 -1.228017e-03 0.000000e+00
3950 64.972047 26.890674 15.500000 0.993551 -0.113389 0.000000 9.284235e-03 -8.212831e-04 0.000000e+00 0.000000e+00 0.000000e+00 -1.382814e-04 -9.630144e-04 0.000000e+00
4000 65.435413 26.837075 15.500000 0.992765 -0.120072 0.000000 9.186017e-03 -9.168798e-04 0.000000e+00 0.000000e+00 0.000000e+00 -1.211205e-04 -7.177834e-04 0.000000e+00
4050 65.895760 26.785833 15.500000 0.992056 -0.125795 0.000000 9.225894e-03 -1.015104e-03 0.000000e+00 0.000000e+00 0.000000e+00 -1.166207e-04 -5.169907e-04 0.000000e+00
4100 66.361706 26.729021 15.500000 0.991246 -0.132029 0.000000 9.294696e-03 -1.197116e-03 0.000000e+00 0.000000e+00 0.000000e+00 -1.200017e-04 -3.330104e-04 0.000000e+00
4150 66.823598 26.674236 15.500000 0.990484 -0.137630 0.000000 9.338778e-03 -1.063526e-03 0.000000e+00 0.000000e+00 0.000000e+00 -1.053946e-04 -1.930821e-04 0.000000e+00
4200 67.292665 26.614260 15.500000 0.989622 -0.143694 0.000000 9.414346e-03 -1.312643e-03 0.000000e+00 0.000000e+00 0.000000e+00 -1.192318e-04 -8.392487e-05 0.000000e+00
4250 67.756189 26.553420 15.500000 0.988918 -0.148460 0.000000 9.414380e-03 -1.147260e-03 0.000000e+00 0.000000e+00 0.000000e+00 -9.222511e-05 -1.870904e-05 0.000000e+00
4300 68.228984 26.492046 15.500000 0.988126 -0.153648 0.000000 9.480038e-03 -1.329837e-03 0.000000e+00 0.000000e+00 0.000000e+00 -8.936766e-05 0.000000e+00 0.000000e+00
4350 68.693618 26.425938 15.500000 0.987205 -0.159456 0.000000 9.251340e-03 -1.278370e-03 0.000000e+00 0.000000e+00 0.000000e+00 -1.142066e-04 0.000000e+00 0.000000e+00
4400 69.166147 26.357663 15.500000 0.986473 -0.163926 0.000000 9.444064e-03 -1.405215e-03 0.000000e+00 0.000000e+00 0.000000e+00 -8.640625e-05 0.000000e+00 0.000000e+00
4450 69.631669 26.290181 15.500000 0.985576 -0.169233 0.000000 9.233045e-03 -1.551185e-03 0.000000e+00 0.000000e+00 0.000000e+00 -9.977031e-05 0.000000e+00 0.000000e+00
4500 70.101129 26.213098 15.500000 0.984742 -0.174021 0.000000 9.400775e-03 -1.474394e-03 0.000000e+00 0.000000e+00 0.000000e+00 -9.549981e-05 0.000000e+00 0.000000e+00
4550 70.566368 26.137743 15.500000 0.983811 -0.179207 0.000000 9.241573e-03 -1.630068e-03 0.000000e+00 0.000000e+00 0.000000e+00 -1.083370e-04 0.000000e+00 0.000000e+00
4600 71.032599 26.056961 15.500000 0.982899 -0.184147 0.000000 9.435579e-03 -1.599022e-03 0.000000e+00 0.000000e+00 0.000000e+00 -8.195763e-05 0.000000e+00 0.000000e+00
4650 71.496978 25.974179 15.500000 0.982121 -0.188253 0.000000 9.239801e-03 -1.725891e-03 0.000000e+00 0.000000e+00 0.000000e+00 -8.432899e-05 0.000000e+00 0.000000e+00
4700 71.960963 25.889388 15.500000 0.981453 -0.191701 0.000000 9.341827e-03 -1.631029e-03 0.000000e+00 0.000000e+00 0.000000e+00 -5.582887e-05 0.000000e+00 0.000000e+00
4750 72.428014 25.801297 15.500000 0.980924 -0.194391 0.000000 9.277666e-03 -1.834996e-03 0.000000e+00 0.000000e+00 0.000000e+00 -4.268844e-05 0.000000e+00 0.000000e+00
4800 72.892600 25.715564 15.500000 0.980482 -0.196608 0.000000 9.371229e-03 -1.751575e-03 0.000000e+00 0.000000e+00 0.000000e+00 -5.016129e-05 0.000000e+00 0.000000e+00
4850 73.363650 25.626280 15.500000 0.979885 -0.199564 0.000000 9.385681e-03 -1.899070e-03 0.000000e+00 0.000000e+00 0.000000e+00 -4.158349e-05 0.000000e+00 0.000000e+00
4900 73.830536 25.537573 15.500000 0.979518 -0.201358 0.000000 9.512098e-03 -1.731799e-03 0.000000e+00 0.000000e+00 0.000000e+00 -5.155109e-05 0.000000e+00 0.000000e+00
4950 74.305987 25.449500 15.500000 0.978990 -0.203910 0.000000 9.459604e-03 -1.804543e-03 0.000000e+00 0.000000e+00 0.000000e+00 -4.879930e-05 0.000000e+00 0.000000e+00
5000 74.773081 25.356320 15.500000 0.978269 -0.207340 0.000000 9.474415e-03 -1.945299e-03 0.000000e+00 0.000000e+00 0.000000e+00 -5.829467e-05 0.000000e+00 0.000000e+00
5050 75.246819 25.262378 15.500000 0.977751 -0.209769 0.000000 9.404209e-03 -1.867133e-03 0.000000e+00 0.000000e+00 0.000000e+00 -5.894913e-05 0.000000e+00 0.000000e+00
5100 75.713314 25.166560 15.500000 0.977034 -0.213083 0.000000 9.331809e-03 -1.985511e-03 0.000000e+00 0.000000e+00 0.000000e+00 -7.135681e-05 0.000000e+00 0.000000e+00
5150 76.183272 25.068300 15.500000 0.976395 -0.215994 0.000000 9.385926e-03 -1.888745e-03 0.000000e+00 0.000000e+00 0.000000e+00 -7.232927e-05 0.000000e+00 0.000000e+00
5200 76.648004 24.967249 15.500000 0.975908 -0.218180 0.000000 9.267421e-03 -2.054932e-03 0.000000e+00 0.000000e+00 0.000000e+00 -4.250325e-05 0.000000e+00 0.000000e+00
5250 77.115802 24.866306 15.500000 0.975541 -0.219816 0.000000 9.401171e-03 -2.066473e-03 0.000000e+00 0.000000e+00 0.000000e+00 -2.428564e-05 0.000000e+00 0.000000e+00
5300 77.582368 24.761753 15.500000 0.975331 -0.220746 0.000000 9.271325e-03 -2.076167e-03 0.000000e+00 0.000000e+00 0.000000e+00 -3.543730e-06 0.000000e+00 0.000000e+00
5350 78.051974 24.661941 15.500000 0.975067 -0.221909 0.000000 9.530998e-03 -1.990467e-03 0.000000e+00 0.000000e+00 0.000000e+00 -4.059728e-05 0.000000e+00 0.000000e+00
5400 78.522237 24.559039 15.500000 0.974724 -0.223412 0.000000 9.354791e-03 -2.075553e-03 0.000000e+00 0.000000e+00 0.000000e+00 -1.254148e-05 0.000000e+00 0.000000e+00
5450 78.994192 24.456303 15.500000 0.974536 -0.224229 0.000000 9.592224e-03 -2.035262e-03 0.000000e+00 0.000000e+00 0.000000e+00 -2.864812e-05 0.000000e+00 0.000000e+00
5500 79.467827 24.354662 15.500000 0.974120 -0.226033 0.000000 9.325997e-03 -2.122047e-03 0.000000e+00 0.000000e+00 0.000000e+00 -5.300700e-05 0.000000e+00 0.000000e+00
5550 79.938258 24.245990 15.500000 0.973592 -0.228294 0.000000 9.490193e-03 -2.155294e-03 0.000000e+00 0.000000e+00 0.000000e+00 -2.746659e-05 0.000000e+00 0.000000e+00
5600 80.409812 24.140522 15.500000 0.973126 -0.230273 0.000000 9.396303e-03 -2.168102e-03 0.000000e+00 0.000000e+00 0.000000e+00 -5.119796e-05 0.000000e+00 0.000000e+00
5650 80.875906 24.030205 15.500000 0.972560 -0.232653 0.000000 9.325439e-03 -2.260856e-03 0.000000e+00 0.000000e+00 0.000000e+00 -1.563612e-05 0.000000e+00 0.000000e+00
5700 81.343341 23.919853 15.500000 0.972283 -0.233806 0.000000 9.272346e-03 -2.227349e-03 0.000000e+00 0.000000e+00 0.000000e+00 -1.026452e-05 0.000000e+00 0.000000e+00
5750 81.808184 23.808934 15.500000 0.972297 -0.233748 0.000000 9.335308e-03 -2.217974e-03 0.000000e+00 0.000000e+00 0.000000e+00 -3.407502e-07 0.000000e+00 0.000000e+00
5800 82.279140 23.699897 15.500000 0.972150 -0.234358 0.000000 9.428796e-03 -2.293374e-03 0.000000e+00 0.000000e+00 0.000000e+00 -1.045815e-05 0.000000e+00 0.000000e+00
5850 82.747804 23.588038 15.500000 0.972168 -0.234286 0.000000 9.499279e-03 -2.170816e-03 0.000000e+00 0.000000e+00 0.000000e+00 2.249739e-06 0.000000e+00 0.000000e+00
5900 83.224486 23.480144 15.500000 0.971977 -0.235074 0.000000 9.584130e-03 -2.173778e-03 0.000000e+00 0.000000e+00 0.000000e+00 -2.847946e-05 0.000000e+00 0.000000e+00
5950 83.694393 23.369462 15.500000 0.971556 -0.236811 0.000000 9.423650e-03 -2.293405e-03 0.000000e+00 0.000000e+00 0.000000e+00 -1.916440e-05 0.000000e+00 0.000000e+00
6000 84.169715 23.256407 15.500000 0.971323 -0.237765 0.000000 9.399038e-03 -2.219062e-03 0.000000e+00 0.000000e+00 0.000000e+00 -3.435379e-05 0.000000e+00 0.000000e+00
6050 84.638474 23.144144 15.500000 0.970866 -0.239622 0.000000 9.390422e-03 -2.307255e-03 0.000000e+00 0.000000e+00 0.000000e+00 -5.015024e-05 0.000000e+00 0.000000e+00
6100 85.108794 23.028006 15.500000 0.970479 -0.241185 0.000000 9.334587e-03 -2.278569e-03 0.000000e+00 0.000000e+00 0.000000e+00 2.331366e-06 0.000000e+00 0.000000e+00
6150 85.575444 22.912154 15.500000 0.970233 -0.242172 0.000000 9.309263e-03 -2.304407e-03 0.000000e+00 0.000000e+00 0.000000e+00 1.066597e-06 0.000000e+00 0.000000e+00
6200 86.044473 22.796467 15.500000 0.970310 -0.241866 0.000000 9.508993e-03 -2.265679e-03 0.000000e+00 0.000000e+00 0.000000e+00 7.692986e-07 0.000000e+00 0.000000e+00
6250 86.514758 22.679287 15.500000 0.970330 -0.241784 0.000000 9.314210e-03 -2.321965e-03 0.000000e+00 0.000000e+00 0.000000e+00 2.193221e-06 0.000000e+00 0.000000e+00
6300 86.986493 22.565965 15.500000 0.970355 -0.241684 0.000000 9.579079e-03 -2.279353e-03 0.000000e+00 0.000000e+00 0.000000e+00 -1.336780e-05 0.000000e+00 0.000000e+00
6350 87.460785 22.452465 15.500000 0.970135 -0.242564 0.000000 9.383994e-03 -2.328955e-03 0.000000e+00 0.000000e+00 0.000000e+00 -2.611839e-05 0.000000e+00 0.000000e+00
6400 87.932843 22.335245 15.500000 0.969850 -0.243701 0.000000 9.475049e-03 -2.308619e-03 0.000000e+00 0.000000e+00 0.000000e+00 -1.153346e-05 0.000000e+00 0.000000e+00
6450 88.406734 22.220937 15.500000 0.969633 -0.244567 0.000000 9.386447e-03 -2.291479e-03 0.000000e+00 0.000000e+00 0.000000e+00 -2.983502e-05 0.000000e+00 0.000000e+00
6500 88.874898 22.101781 15.500000 0.969228 -0.246165 0.000000 9.430032e-03 -2.458452e-03 0.000000e+00 0.000000e+00 0.000000e+00 -1.826430e-05 0.000000e+00 0.000000e+00
6550 89.345844 21.982851 15.500000 0.968960 -0.247216 0.000000 9.314737e-03 -2.416560e-03 0.000000e+00 0.000000e+00 0.000000e+00 -1.530183e-05 0.000000e+00 0.000000e+00
6600 89.812287 21.862176 15.500000 0.968916 -0.247389 0.000000 9.357318e-03 -2.384621e-03 0.000000e+00 0.000000e+00 0.000000e+00 1.031216e-06 0.000000e+00 0.000000e+00
6650 90.283822 21.744218 15.500000 0.969038 -0.246913 0.000000 9.351865e-03 -2.414305e-03 0.000000e+00 0.000000e+00 0.000000e+00 1.671653e-05 0.000000e+00 0.000000e+00
6700 90.752595 21.624445 15.500000 0.969117 -0.246600 0.000000 9.461568e-03 -2.288212e-03 0.000000e+00 0.000000e+00 0.000000e+00 7.512455e-06 0.000000e+00 0.000000e+00
6750 91.229316 21.508269 15.500000 0.969066 -0.246801 0.000000 9.557427e-03 -2.307644e-03 0.000000e+00 0.000000e+00 0.000000e+00 -2.405874e-05 0.000000e+00 0.000000e+00
6800 91.699381 21.390404 15.500000 0.968769 -0.247965 0.000000 9.420040e-03 -2.427982e-03 0.000000e+00 0.000000e+00 0.000000e+00 -2.706688e-05 0.000000e+00 0.000000e+00
6850 92.175638 21.270536 15.500000 0.968671 -0.248346 0.000000 9.439508e-03 -2.355041e-03 0.000000e+00 0.000000e+00 0.000000e+00 -2.083843e-05 0.000000e+00 0.000000e+00
6900 92.645234 21.151755 15.500000 0.968330 -0.249675 0.000000 9.409225e-03 -2.445154e-03 0.000000e+00 0.000000e+00 0.000000e+00 -4.224459e-05 0.000000e+00 0.000000e+00
6950 93.116269 21.029187 15.500000 0.968041 -0.250794 0.000000 9.350953e-03 -2.427526e-03 0.000000e+00 0.000000e+00 0.000000e+00 1.884317e-05 0.000000e+00 0.000000e+00
7000 93.583591 20.907194 15.500000 0.967898 -0.251344 0.000000 9.329619e-03 -2.436999e-03 0.000000e+00 0.000000e+00 0.000000e+00 6.389401e-06 0.000000e+00 0.000000e+00
7050 94.053161 20.786019 15.500000 0.968075 -0.250659 0.000000 9.537813e-03 -2.406850e-03 0.000000e+00 0.000000e+00 0.000000e+00 1.955865e-05 0.000000e+00 0.000000e+00
7100 94.523786 20.663406 15.500000 0.968168 -0.250300 0.000000 9.349101e-03 -2.416932e-03 0.000000e+00 0.000000e+00 0.000000e+00 1.681414e-05 0.000000e+00 0.000000e+00
7150 94.996931 20.544725 15.500000 0.968303 -0.249780 0.000000 9.611251e-03 -2.367530e-03 0.000000e+00 0.000000e+00 0.000000e+00 -1.478875e-05 0.000000e+00 0.000000e+00
7200 95.471917 20.425991 15.500000 0.968191 -0.250214 0.000000 9.402928e-03 -2.425972e-03 0.000000e+00 0.000000e+00 0.000000e+00 -2.577003e-05 0.000000e+00 0.000000e+00
7250 95.944577 20.303731 15.500000 0.967924 -0.251243 0.000000 9.524466e-03 -2.386157e-03 0.000000e+00 0.000000e+00 0.000000e+00 -4.114141e-06 0.000000e+00 0.000000e+00
7300 96.418221 20.184055 15.500000 0.967766 -0.251850 0.000000 9.383067e-03 -2.393766e-03 0.000000e+00 0.000000e+00 0.000000e+00 -2.325207e-05 0.000000e+00 0.000000e+00
7350 96.886920 20.060071 15.500000 0.967397 -0.253264 0.000000 9.449544e-03 -2.542547e-03 0.000000e+00 0.000000e+00 0.000000e+00 -1.164162e-05 0.000000e+00 0.000000e+00
7400 97.356108 19.936579 15.500000 0.967320 -0.253559 0.000000 9.290952e-03 -2.464307e-03 0.000000e+00 0.000000e+00 0.000000e+00 1.006407e-05 0.000000e+00 0.000000e+00
7450 97.822127 19.813423 15.500000 0.967577 -0.252577 0.000000 9.366248e-03 -2.435397e-03 0.000000e+00 0.000000e+00 0.000000e+00 7.001626e-06 0.000000e+00 0.000000e+00
7500 98.294401 19.692173 15.500000 0.967649 -0.252302 0.000000 9.450396e-03 -2.531794e-03 0.000000e+00 0.000000e+00 0.000000e+00 4.921657e-06 0.000000e+00 0.000000e+00
7550 98.764685 19.569539 15.500000 0.967881 -0.251408 0.000000 9.538851e-03 -2.381365e-03 0.000000e+00 0.000000e+00 0.000000e+00 -1.416847e-06 0.000000e+00 0.000000e+00
7600 99.242662 19.450277 15.500000 0.967857 -0.251501 0.000000 9.561599e-03 -2.389874e-03 0.000000e+00 0.000000e+00 0.000000e+00 -5.359644e-06 0.000000e+00 0.000000e+00
7650 99.714172 19.328979 15.500000 0.967575 -0.252583 0.000000 9.503397e-03 -2.565938e-03 0.000000e+00 0.000000e+00 0.000000e+00 -1.441545e-05 0.000000e+00 0.000000e+00
7700 100.189525 19.205482 15.500000 0.967429 -0.253144 0.000000 9.425100e-03 -2.349650e-03 0.000000e+00 0.000000e+00 0.000000e+00 -9.807801e-06 0.000000e+00 0.000000e+00
7750 100.658076 19.082891 15.500000 0.967089 -0.254437 0.000000 9.348508e-03 -2.449042e-03 0.000000e+00 0.000000e+00 0.000000e+00 -3.267896e-05 0.000000e+00 0.000000e+00
7800 101.126461 18.957850 15.500000 0.966936 -0.255018 0.000000 9.346000e-03 -2.464006e-03 0.000000e+00 0.000000e+00 0.000000e+00 4.389249e-06 0.000000e+00 0.000000e+00
7850 101.594143 18.833281 15.500000 0.967144 -0.254230 0.000000 9.339605e-03 -2.458665e-03 0.000000e+00 0.000000e+00 0.000000e+00 3.297673e-05 0.000000e+00 0.000000e+00
7900 102.064881 18.711300 15.500000 0.967305 -0.253616 0.000000 9.532032e-03 -2.416969e-03 0.000000e+00 0.000000e+00 0.000000e+00 -1.330328e-05 0.000000e+00 0.000000e+00
7950 102.536366 18.588457 15.500000 0.967395 -0.253271 0.000000 9.397998e-03 -2.447934e-03 0.000000e+00 0.000000e+00 0.000000e+00 2.596870e-05 0.000000e+00 0.000000e+00
8000 103.010962 18.466847 15.500000 0.967548 -0.252686 0.000000 9.590533e-03 -2.412074e-03 0.000000e+00 0.000000e+00 0.000000e+00 -2.123060e-06 0.000000e+00 0.000000e+00
8050 103.485813 18.346840 15.500000 0.967409 -0.253221 0.000000 9.401031e-03 -2.445534e-03 0.000000e+00 0.000000e+00 0.000000e+00 -2.822238e-05 0.000000e+00 0.000000e+00
8100 103.958360 18.221340 15.500000 0.967170 -0.254131 0.000000 9.545139e-03 -2.508927e-03 0.000000e+00 0.000000e+00 0.000000e+00 -7.488182e-06 0.000000e+00 0.000000e+00
8150 104.430868 18.098547 15.500000 0.966888 -0.255201 0.000000 9.376440e-03 -2.519644e-03 0.000000e+00 0.000000e+00 0.000000e+00 -2.515179e-05 0.000000e+00 0.000000e+00
8200 104.898388 17.972646 15.500000 0.966744 -0.255744 0.000000 9.404228e-03 -2.546300e-03 0.000000e+00 0.000000e+00 0.000000e+00 7.389200e-07 0.000000e+00 0.000000e+00
8250 105.368998 17.847634 15.500000 0.966877 -0.255242 0.000000 9.376715e-03 -2.516292e-03 0.000000e+00 0.000000e+00 0.000000e+00 2.088286e-05 0.000000e+00 0.000000e+00
8300 105.836895 17.724461 15.500000 0.967157 -0.254178 0.000000 9.410882e-03 -2.454155e-03 0.000000e+00 0.000000e+00 0.000000e+00 1.126015e-05 0.000000e+00 0.000000e+00
8350 106.311792 17.601659 15.500000 0.967151 -0.254202 0.000000 9.507327e-03 -2.527352e-03 0.000000e+00 0.000000e+00 0.000000e+00 -2.221346e-06 0.000000e+00 0.000000e+00
8400 106.781685 17.479281 15.500000 0.967286 -0.253690 0.000000 9.559457e-03 -2.440508e-03 0.000000e+00 0.000000e+00 0.000000e+00 9.535331e-06 0.000000e+00 0.000000e+00
8450 107.259217 17.357876 15.500000 0.967367 -0.253378 0.000000 9.508258e-03 -2.346396e-03 0.000000e+00 0.000000e+00 0.000000e+00 -7.089417e-06 0.000000e+00 0.000000e+00
8500 107.729470 17.235661 15.500000 0.967213 -0.253967 0.000000 9.478911e-03 -2.544491e-03 0.000000e+00 0.000000e+00 0.000000e+00 -6.784701e-06 0.000000e+00 0.000000e+00
8550 108.202820 17.111318 15.500000 0.966998 -0.254786 0.000000 9.415227e-03 -2.366854e-03 0.000000e+00 0.000000e+00 0.000000e+00 -2.520599e-05 0.000000e+00 0.000000e+00
8600 108.670861 16.986529 15.500000 0.966939 -0.255010 0.000000 9.340059e-03 -2.520947e-03 0.000000e+00 0.000000e+00 0.000000e+00 -6.210234e-07 0.000000e+00 0.000000e+00
8650 109.141126 16.862187 15.500000 0.967016 -0.254716 0.000000 9.469362e-03 -2.522505e-03 0.000000e+00 0.000000e+00 0.000000e+00 1.073015e-05 0.000000e+00 0.000000e+00
8700 109.610117 16.736865 15.500000 0.967260 -0.253787 0.000000 9.304263e-03 -2.419800e-03 0.000000e+00 0.000000e+00 0.000000e+00 1.636307e-05 0.000000e+00 0.000000e+00
8750 110.083068 16.616468 15.500000 0.967376 -0.253344 0.000000 9.524601e-03 -2.400135e-03 0.000000e+00 0.000000e+00 0.000000e+00 -2.341691e-05 0.000000e+00 0.000000e+00
8800 110.555622 16.494295 15.500000 0.967324 -0.253542 0.000000 9.412586e-03 -2.446146e-03 0.000000e+00 0.000000e+00 0.000000e+00 2.257927e-06 0.000000e+00 0.000000e+00
8850 111.030262 16.371822 15.500000 0.967398 -0.253262 0.000000 9.611056e-03 -2.438084e-03 0.000000e+00 0.000000e+00 0.000000e+00 1.752129e-05 0.000000e+00 0.000000e+00
8900 111.503316 16.251763 15.500000 0.967299 -0.253639 0.000000 9.299191e-03 -2.446226e-03 0.000000e+00 0.000000e+00 0.000000e+00 2.932822e-06 0.000000e+00 0.000000e+00
8950 111.974007 16.125757 15.500000 0.967112 -0.254350 0.000000 9.488969e-03 -2.570387e-03 0.000000e+00 0.000000e+00 0.000000e+00 -1.951009e-05 0.000000e+00 0.000000e+00
9000 112.444671 16.002153 15.500000 0.966990 -0.254813 0.000000 9.318167e-03 -2.475776e-03 0.000000e+00 0.000000e+00 0.000000e+00 -1.931515e-05 0.000000e+00 0.000000e+00
9050 112.912173 15.877470 15.500000 0.967022 -0.254694 0.000000 9.417689e-03 -2.422755e-03 0.000000e+00 0.000000e+00 0.000000e+00 1.278647e-06 0.000000e+00 0.000000e+00
9100 113.383676 15.753380 15.500000 0.967178 -0.254099 0.000000 9.462374e-03 -2.593557e-03 0.000000e+00 0.000000e+00 0.000000e+00 1.674742e-05 0.000000e+00 0.000000e+00
9150 113.852813 15.631526 15.500000 0.967372 -0.253359 0.000000 9.451352e-03 -2.385690e-03 0.000000e+00 0.000000e+00 0.000000e+00 3.721454e-06 0.000000e+00 0.000000e+00
9200 114.329213 15.510065 15.500000 0.967304 -0.253621 0.000000 9.480369e-03 -2.440146e-03 0.000000e+00 0.000000e+00 0.000000e+00 -3.689845e-06 0.000000e+00 0.000000e+00
9250 114.799735 15.387882 15.500000 0.967199 -0.254019 0.000000 9.572729e-03 -2.528697e-03 0.000000e+00 0.000000e+00 0.000000e+00 8.174208e-06 0.000000e+00 0.000000e+00
9300 115.275763 15.265001 15.500000 0.967208 -0.253986 0.000000 9.427699e-03 -2.363808e-03 0.000000e+00 0.000000e+00 0.000000e+00 -1.562204e-05 0.000000e+00 0.000000e+00
9350 115.745041 15.142547 15.500000 0.966964 -0.254912 0.000000 9.365873e-03 -2.467423e-03 0.000000e+00 0.000000e+00 0.000000e+00 -1.745979e-05 0.000000e+00 0.000000e+00
9400 116.217002 15.017335 15.500000 0.966792 -0.255564 0.000000 9.333813e-03 -2.474434e-03 0.000000e+00 0.000000e+00 0.000000e+00 -1.343506e-05 0.000000e+00 0.000000e+00
9450 116.684030 14.891943 15.500000 0.966821 -0.255455 0.000000 9.356771e-03 -2.504269e-03 0.000000e+00 0.000000e+00 0.000000e+00 2.744335e-05 0.000000e+00 0.000000e+00
9500 117.155474 14.768939 15.500000 0.967096 -0.254413 0.000000 9.456581e-03 -2.470638e-03 0.000000e+00 0.000000e+00 0.000000e+00 1.651834e-05 0.000000e+00 0.000000e+00
9550 117.625139 14.644148 15.500000 0.967342 -0.253475 0.000000 9.332372e-03 -2.433327e-03 0.000000e+00 0.000000e+00 0.000000e+00 4.524856e-05 0.000000e+00 0.000000e+00
9600 118.100826 14.524255 15.500000 0.967513 -0.252822 0.000000 9.508732e-03 -2.388449e-03 0.000000e+00 0.000000e+00 0.000000e+00 6.089248e-06 0.000000e+00 0.000000e+00
9650 118.574369 14.403173 15.500000 0.967372 -0.253359 0.000000 9.409236e-03 -2.408142e-03 0.000000e+00 0.000000e+00 0.000000e+00 -2.746122e-05 0.000000e+00 0.000000e+00
9700 119.049052 14.279714 15.500000 0.967289 -0.253677 0.000000 9.560310e-03 -2.461538e-03 0.000000e+00 0.000000e+00 0.000000e+00 8.821902e-06 0.000000e+00 0.000000e+00
9750 119.520663 14.158383 15.500000 0.967152 -0.254200 0.000000 9.313804e-03 -2.490535e-03 0.000000e+00 0.000000e+00 0.000000e+00 -2.539914e-05 0.000000e+00 0.000000e+00
9800 119.990066 14.033198 15.500000 0.966901 -0.255152 0.000000 9.432806e-03 -2.471290e-03 0.000000e+00 0.000000e+00 0.000000e+00 -6.727291e-06 0.000000e+00 0.000000e+00
9850 120.458290 13.908729 15.500000 0.967000 -0.254777 0.000000 9.334306e-03 -2.499167e-03 0.000000e+00 0.000000e+00 0.000000e+00 2.256887e-05 0.000000e+00 0.000000e+00
9900 120.925199 13.786335 15.500000 0.967340 -0.253482 0.000000 9.441169e-03 -2.414412e-03 0.000000e+00 0.000000e+00 0.000000e+00 1.637787e-05 0.000000e+00 0.000000e+00
9950 121.398351 13.663040 15.500000 0.967511 -0.252829 0.000000 9.409532e-03 -2.522735e-03 0.000000e+00 0.000000e+00 0.000000e+00 1.637721e-05 0.000000e+00 0.000000e+00
10000 121.869843 13.542874 15.500000 0.967805 -0.251703 0.000000 9.588089e-03 -2.403922e-03 0.000000e+00 0.000000e+00 0.000000e+00 9.272059e-06 0.000000e+00 0.000000e+00
10050 122.347553 13.423228 15.500000 0.967848 -0.251536 0.000000 9.429946e-03 -2.326348e-03 0.000000e+00 0.000000e+00 0.000000e+00 8.549331e-06 0.000000e+00 0.000000e+00
10100 122.819207 13.301014 15.500000 0.967617 -0.252423 0.000000 9.524738e-03 -2.509010e-03 0.000000e+00 0.000000e+00 0.000000e+00 -2.601513e-05 0.000000e+00 0.000000e+00
10150 123.293175 13.179423 15.500000 0.967568 -0.252610 0.000000 9.413219e-03 -2.387479e-03 0.000000e+00 0.000000e+00 0.000000e+00 -1.556015e-05 0.000000e+00 0.000000e+00
10200 123.760957 13.057206 15.500000 0.967318 -0.253568 0.000000 9.371857e-03 -2.455854e-03 0.000000e+00 0.000000e+00 0.000000e+00 -8.547288e-06 0.000000e+00 0.000000e+00
10250 124.229865 12.933121 15.500000 0.967337 -0.253493 0.000000 9.383926e-03 -2.477818e-03 0.000000e+00 0.000000e+00 0.000000e+00 1.155303e-05 0.000000e+00 0.000000e+00
10300 124.696785 12.810622 15.500000 0.967697 -0.252115 0.000000 9.377761e-03 -2.372782e-03 0.000000e+00 0.000000e+00 0.000000e+00 3.867130e-05 0.000000e+00 0.000000e+00
10350 125.168454 12.690792 15.500000 0.967869 -0.251454 0.000000 9.452451e-03 -2.395981e-03 0.000000e+00 0.000000e+00 0.000000e+00 4.125097e-06 0.000000e+00 0.000000e+00
10400 125.638929 12.569429 15.500000 0.968158 -0.250342 0.000000 9.370468e-03 -2.414416e-03 0.000000e+00 0.000000e+00 0.000000e+00 3.562720e-05 0.000000e+00 0.000000e+00
10450 126.115686 12.450501 15.500000 0.968293 -0.249819 0.000000 9.543599e-03 -2.383271e-03 0.000000e+00 0.000000e+00 0.000000e+00 1.400604e-05 0.000000e+00 0.000000e+00
10500 126.588839 12.333013 15.500000 0.968175 -0.250274 0.000000 9.373346e-03 -2.375438e-03 0.000000e+00 0.000000e+00 0.000000e+00 -1.763035e-05 0.000000e+00 0.000000e+00
10550 127.062965 12.209973 15.500000 0.968100 -0.250562 0.000000 9.529617e-03 -2.395258e-03 0.000000e+00 0.000000e+00 0.000000e+00 -8.415144e-06 0.000000e+00 0.000000e+00
10600 127.533068 12.089882 15.500000 0.967914 -0.251282 0.000000 9.336890e-03 -2.468443e-03 0.000000e+00 0.000000e+00 0.000000e+00 -2.371902e-05 0.000000e+00 0.000000e+00
10650 127.999792 11.967809 15.500000 0.967826 -0.251620 0.000000 9.384528e-03 -2.469560e-03 0.000000e+00 0.000000e+00 0.000000e+00 2.839530e-07 0.000000e+00 0.000000e+00
10700 128.468874 11.845729 15.500000 0.968047 -0.250768 0.000000 9.341070e-03 -2.465698e-03 0.000000e+00 0.000000e+00 0.000000e+00 3.986437e-05 0.000000e+00 0.000000e+00
10750 128.936804 11.727163 15.500000 0.968432 -0.249279 0.000000 9.420485e-03 -2.370419e-03 0.000000e+00 0.000000e+00 0.000000e+00 1.406085e-05 0.000000e+00 0.000000e+00
10800 129.410734 11.607143 15.500000 0.968537 -0.248871 0.000000 9.339984e-03 -2.329504e-03 0.000000e+00 0.000000e+00 0.000000e+00 1.923260e-05 0.000000e+00 0.000000e+00
10850 129.882106 11.490201 15.500000 0.968873 -0.247557 0.000000 9.554867e-03 -2.382296e-03 0.000000e+00 0.000000e+00 0.000000e+00 4.891567e-05 0.000000e+00 0.000000e+00
10900 130.359271 11.373807 15.500000 0.968925 -0.247355 0.000000 9.425522e-03 -2.256680e-03 0.000000e+00 0.000000e+00 0.000000e+00 7.888820e-06 0.000000e+00 0.000000e+00
10950 130.830241 11.254311 15.500000 0.968776 -0.247938 0.000000 9.442693e-03 -2.394311e-03 0.000000e+00 0.000000e+00 0.000000e+00 -3.570803e-06 0.000000e+00 0.000000e+00
11000 131.303411 11.135765 15.500000 0.968702 -0.248228 0.000000 9.384585e-03 -2.356587e-03 0.000000e+00 0.000000e+00 0.000000e+00 -6.984873e-06 0.000000e+00 0.000000e+00
11050 131.770525 11.016024 15.500000 0.968568 -0.248750 0.000000 9.363910e-03 -2.376894e-03 0.000000e+00 0.000000e+00 0.000000e+00 1.301454e-05 0.000000e+00 0.000000e+00
11100 132.239992 10.895873 15.500000 0.968774 -0.247945 0.000000 9.408179e-03 -2.403877e-03 0.000000e+00 0.000000e+00 0.000000e+00 1.109267e-05 0.000000e+00 0.000000e+00
11150 132.707045 10.777845 15.500000 0.969211 -0.246233 0.000000 9.367729e-03 -2.255293e-03 0.000000e+00 0.000000e+00 0.000000e+00 4.270147e-05 0.000000e+00 0.000000e+00
11200 133.179293 10.662595 15.500000 0.969425 -0.245389 0.000000 9.445140e-03 -2.339283e-03 0.000000e+00 0.000000e+00 0.000000e+00 2.710859e-05 0.000000e+00 0.000000e+00
11250 133.649666 10.546200 15.500000 0.969736 -0.244157 0.000000 9.344176e-03 -2.296976e-03 0.000000e+00 0.000000e+00 0.000000e+00 3.870839e-05 0.000000e+00 0.000000e+00
11300 134.125991 10.431392 15.500000 0.969937 -0.243355 0.000000 9.520758e-03 -2.299541e-03 0.000000e+00 0.000000e+00 0.000000e+00 1.078801e-05 0.000000e+00 0.000000e+00
11350 134.598227 10.318853 15.500000 0.969880 -0.243582 0.000000 9.373122e-03 -2.329612e-03 0.000000e+00 0.000000e+00 0.000000e+00 -2.815387e-05 0.000000e+00 0.000000e+00
11400 135.071820 10.200784 15.500000 0.969896 -0.243520 0.000000 9.517647e-03 -2.291491e-03 0.000000e+00 0.000000e+00 0.000000e+00 -4.153299e-06 0.000000e+00 0.000000e+00
11450 135.541014 10.085541 15.500000 0.969798 -0.243911 0.000000 9.305844e-03 -2.338371e-03 0.000000e+00 0.000000e+00 0.000000e+00 -3.074141e-06 0.000000e+00 0.000000e+00
11500 136.007403 9.969067 15.500000 0.969816 -0.243839 0.000000 9.403736e-03 -2.343319e-03 0.000000e+00 0.000000e+00 0.000000e+00 2.981790e-06 0.000000e+00 0.000000e+00
11550 136.475612 9.852609 15.500000 0.970138 -0.242554 0.000000 9.327712e-03 -2.349268e-03 0.000000e+00 0.000000e+00 0.000000e+00 4.957692e-05 0.000000e+00 0.000000e+00
11600 136.942828 9.740288 15.500000 0.970621 -0.240614 0.000000 9.417821e-03 -2.234497e-03 0.000000e+00 0.000000e+00 0.000000e+00 1.209638e-05 0.000000e+00 0.000000e+00
11650 137.415949 9.626289 15.500000 0.970859 -0.239650 0.000000 9.313191e-03 -2.250290e-03 0.000000e+00 0.000000e+00 0.000000e+00 1.897187e-05 0.000000e+00 0.000000e+00
11700 137.886743 9.516057 15.500000 0.971297 -0.237871 0.000000 9.543148e-03 -2.178063e-03 0.000000e+00 0.000000e+00 0.000000e+00 2.398878e-06 0.000000e+00 0.000000e+00
11750 138.363429 9.406946 15.500000 0.971504 -0.237024 0.000000 9.356304e-03 -2.084430e-03 0.000000e+00 0.000000e+00 0.000000e+00 1.398128e-05 0.000000e+00 0.000000e+00
11800 138.834160 9.295228 15.500000 0.971460 -0.237203 0.000000 9.447073e-03 -2.263441e-03 0.000000e+00 0.000000e+00 0.000000e+00 7.159816e-06 0.000000e+00 0.000000e+00
11850 139.306875 9.184784 15.500000 0.971625 -0.236528 0.000000 9.394473e-03 -2.174000e-03 0.000000e+00 0.000000e+00 0.000000e+00 1.020390e-05 0.000000e+00 0.000000e+00
11900 139.774069 9.074225 15.500000 0.971573 -0.236742 0.000000 9.366263e-03 -2.223586e-03 0.000000e+00 0.000000e+00 0.000000e+00 1.225511e-05 0.000000e+00 0.000000e+00
11950 140.242219 8.962015 15.500000 0.971809 -0.235769 0.000000 9.295843e-03 -2.245591e-03 0.000000e+00 0.000000e+00 0.000000e+00 1.399417e-05 0.000000e+00 0.000000e+00
12000 140.707038 8.852132 15.500000 0.972340 -0.233569 0.000000 9.304190e-03 -2.121997e-03 0.000000e+00 0.000000e+00 0.000000e+00 5.844114e-05 0.000000e+00 0.000000e+00
12050 141.177225 8.745425 15.500000 0.972818 -0.231570 0.000000 9.352887e-03 -2.135796e-03 0.000000e+00 0.000000e+00 0.000000e+00 3.520167e-05 0.000000e+00 0.000000e+00
12100 141.645403 8.637072 15.500000 0.973329 -0.229413 0.000000 9.326769e-03 -2.059171e-03 0.000000e+00 0.000000e+00 0.000000e+00 7.058726e-05 0.000000e+00 0.000000e+00
12150 142.120162 8.534335 15.500000 0.973763 -0.227567 0.000000 9.534177e-03 -2.085326e-03 0.000000e+00 0.000000e+00 0.000000e+00 2.827339e-05 0.000000e+00 0.000000e+00
12200 142.591641 8.432141 15.500000 0.973942 -0.226796 0.000000 9.369528e-03 -2.035778e-03 0.000000e+00 0.000000e+00 0.000000e+00 9.134014e-06 0.000000e+00 0.000000e+00
12250 143.065254 8.328156 15.500000 0.974278 -0.225351 0.000000 9.536036e-03 -2.055211e-03 0.000000e+00 0.000000e+00 0.000000e+00 4.704828e-05 0.000000e+00 0.000000e+00
12300 143.535169 8.227839 15.500000 0.974534 -0.224240 0.000000 9.287006e-03 -2.062523e-03 0.000000e+00 0.000000e+00 0.000000e+00 7.155263e-06 0.000000e+00 0.000000e+00
12350 144.004217 8.122984 15.500000 0.974763 -0.223244 0.000000 9.467399e-03 -2.112858e-03 0.000000e+00 0.000000e+00 0.000000e+00 2.839916e-05 0.000000e+00 0.000000e+00
12400 144.472320 8.021043 15.500000 0.975082 -0.221845 0.000000 9.286297e-03 -2.139332e-03 0.000000e+00 0.000000e+00 0.000000e+00 4.178656e-05 0.000000e+00 0.000000e+00
12450 144.937424 7.920171 15.500000 0.975564 -0.219716 0.000000 9.359408e-03 -1.952915e-03 0.000000e+00 0.000000e+00 0.000000e+00 5.265969e-05 0.000000e+00 0.000000e+00
12500 145.406693 7.819876 15.500000 0.976181 -0.216956 0.000000 9.336786e-03 -2.030064e-03 0.000000e+00 0.000000e+00 0.000000e+00 7.562706e-05 0.000000e+00 0.000000e+00
12550 145.872650 7.724830 15.500000 0.976909 -0.213657 0.000000 9.375160e-03 -1.898312e-03 0.000000e+00 0.000000e+00 0.000000e+00 6.964639e-05 0.000000e+00 0.000000e+00
12600 146.345596 7.629444 15.500000 0.977391 -0.211440 0.000000 9.405870e-03 -2.002705e-03 0.000000e+00 0.000000e+00 0.000000e+00 6.046541e-05 0.000000e+00 0.000000e+00
12650 146.813425 7.537643 15.500000 0.978114 -0.208071 0.000000 9.516734e-03 -1.840009e-03 0.000000e+00 0.000000e+00 0.000000e+00 2.880883e-05 0.000000e+00 0.000000e+00
12700 147.290227 7.447535 15.500000 0.978634 -0.205610 0.000000 9.507776e-03 -1.735023e-03 0.000000e+00 0.000000e+00 0.000000e+00 5.052386e-05 0.000000e+00 0.000000e+00
12750 147.758561 7.358915 15.500000 0.979008 -0.203824 0.000000 9.489110e-03 -1.926473e-03 0.000000e+00 0.000000e+00 0.000000e+00 6.338556e-05 0.000000e+00 0.000000e+00
12800 148.232208 7.269033 15.500000 0.979581 -0.201049 0.000000 9.383353e-03 -1.749720e-03 0.000000e+00 0.000000e+00 0.000000e+00 5.232099e-05 0.000000e+00 0.000000e+00
12850 148.698847 7.182616 15.500000 0.980031 -0.198845 0.000000 9.346365e-03 -1.790436e-03 0.000000e+00 0.000000e+00 0.000000e+00 5.081025e-05 0.000000e+00 0.000000e+00
12900 149.168125 7.094919 15.500000 0.980550 -0.196270 0.000000 9.392777e-03 -1.620585e-03 0.000000e+00 0.000000e+00 0.000000e+00 4.182821e-05 0.000000e+00 0.000000e+00
12950 149.632742 7.008931 15.500000 0.981222 -0.192884 0.000000 9.245480e-03 -1.651129e-03 0.000000e+00 0.000000e+00 0.000000e+00 7.947197e-05 0.000000e+00 0.000000e+00
13000 150.098227 6.925808 15.500000 0.981982 -0.188973 0.000000 9.371367e-03 -1.640287e-03 0.000000e+00 0.000000e+00 0.000000e+00 1.032852e-04 0.000000e+00 0.000000e+00
13050 150.563619 6.844103 15.500000 0.982897 -0.184154 0.000000 9.258955e-03 -1.556101e-03 0.000000e+00 0.000000e+00 0.000000e+00 1.215487e-04 0.000000e+00 0.000000e+00
13100 151.030448 6.769183 15.500000 0.983817 -0.179177 0.000000 9.507477e-03 -1.484031e-03 0.000000e+00 0.000000e+00 0.000000e+00 9.486028e-05 0.000000e+00 0.000000e+00
13150 151.498791 6.691547 15.500000 0.984669 -0.174435 0.000000 9.254082e-03 -1.500128e-03 0.000000e+00 0.000000e+00 0.000000e+00 1.218440e-04 0.000000e+00 0.000000e+00
13200 151.966203 6.623850 15.500000 0.985577 -0.169225 0.000000 9.414111e-03 -1.403140e-03 0.000000e+00 0.000000e+00 0.000000e+00 8.155548e-05 0.000000e+00 0.000000e+00
13250 152.438026 6.555668 15.500000 0.986284 -0.165057 0.000000 9.264411e-03 -1.267565e-03 0.000000e+00 0.000000e+00 0.000000e+00 1.083336e-04 0.000000e+00 0.000000e+00
13300 152.906062 6.489906 15.500000 0.987208 -0.159435 0.000000 9.535498e-03 -1.337110e-03 0.000000e+00 0.000000e+00 0.000000e+00 8.879462e-05 4.818592e-07 0.000000e+00
13350 153.380131 6.428272 15.500000 0.988018 -0.154337 0.000000 9.274092e-03 -1.201726e-03 0.000000e+00 0.000000e+00 0.000000e+00 1.115413e-04 3.125226e-05 0.000000e+00
13400 153.847551 6.366156 15.500000 0.988718 -0.149789 0.000000 9.471857e-03 -1.295375e-03 0.000000e+00 0.000000e+00 0.000000e+00 1.113084e-04 1.103904e-04 0.000000e+00
13450 154.319224 6.308416 15.500000 0.989587 -0.143935 0.000000 9.374405e-03 -9.792708e-04 0.000000e+00 0.000000e+00 0.000000e+00 9.683956e-05 2.282691e-04 0.000000e+00
13500 154.784405 6.251754 15.500000 0.990373 -0.138427 0.000000 9.345081e-03 -1.209541e-03 0.000000e+00 0.000000e+00 0.000000e+00 1.103327e-04 3.834445e-04 0.000000e+00
13550 155.253253 6.198264 15.500000 0.991211 -0.132289 0.000000 9.258873e-03 -1.011472e-03 0.000000e+00 0.000000e+00 0.000000e+00 1.199711e-04 5.682217e-04 0.000000e+00
13600 155.717213 6.147616 15.500000 0.991945 -0.126670 0.000000 9.254241e-03 -1.006828e-03 0.000000e+00 0.000000e+00 0.000000e+00 1.114648e-04 7.757595e-04 0.000000e+00
13650 156.183870 6.098858 15.500000 0.992754 -0.120167 0.000000 9.299251e-03 -8.788824e-04 0.000000e+00 0.000000e+00 0.000000e+00 1.523964e-04 1.006634e-03 0.000000e+00
13700 156.647161 6.052561 15.500000 0.993558 -0.113323 0.000000 9.254934e-03 -8.843299e-04 0.000000e+00 0.000000e+00 0.000000e+00 1.331188e-04 1.252934e-03 0.000000e+00
13750 157.110823 6.011170 15.500000 0.994395 -0.105727 0.000000 9.198843e-03 -8.520465e-04 0.000000e+00 0.000000e+00 0.000000e+00 1.738896e-04 1.496167e-03 0.000000e+00
13800 157.571733 5.971579 15.500000 0.995217 -0.097694 0.000000 9.208826e-03 -8.442836e-04 0.000000e+00 0.000000e+00 0.000000e+00 1.624348e-04 1.748841e-03 0.000000e+00
13850 158.034243 5.938594 15.500000 0.996000 -0.089352 0.000000 9.386345e-03 -6.785087e-04 0.000000e+00 0.000000e+00 0.000000e+00 1.668641e-04 1.975528e-03 0.000000e+00
13900 158.497000 5.907299 15.500000 0.996756 -0.080484 0.000000 9.128673e-03 -6.234345e-04 0.000000e+00 0.000000e+00 0.000000e+00 2.045407e-04 2.202607e-03 0.000000e+00
13950 158.959392 5.883461 15.500000 0.997480 -0.070943 0.000000 9.336603e-03 -4.153787e-04 0.000000e+00 0.000000e+00 0.000000e+00 1.808691e-04 2.385147e-03 0.000000e+00
14000 159.424742 5.860597 15.500000 0.998104 -0.061542 0.000000 9.233322e-03 -4.132586e-04 0.000000e+00 0.000000e+00 0.000000e+00 2.066427e-04 2.565474e-03 0.000000e+00
14050 159.886381 5.844130 15.500000 0.998687 -0.051236 0.000000 9.318649e-03 -2.728486e-04 0.000000e+00 0.000000e+00 0.000000e+00 1.915728e-04 2.700562e-03 0.000000e+00
14100 160.352778 5.829995 15.500000 0.999138 -0.041508 0.000000 9.278366e-03 -2.733870e-04 0.000000e+00 0.000000e+00 0.000000e+00 2.107243e-04 2.818266e-03 0.000000e+00
14150 160.814384 5.821236 15.500000 0.999520 -0.030983 0.000000 9.249471e-03 -1.639196e-04 0.000000e+00 0.000000e+00 0.000000e+00 1.985934e-04 2.893395e-03 0.000000e+00
14200 161.281351 5.815389 15.500000 0.999775 -0.021233 0.000000 9.284378e-03 -1.263690e-04 0.000000e+00 0.000000e+00 0.000000e+00 2.046662e-04 2.943793e-03 0.000000e+00
14250 161.743211 5.814047 15.500000 0.999943 -0.010670 0.000000 9.260365e-03 1.789355e-05 0.000000e+00 0.000000e+00 0.000000e+00 2.074592e-04 2.956595e-03 0.000000e+00
14300 162.210097 5.816179 15.500000 1.000000 -0.000877 0.000000 9.317508e-03 2.290929e-05 0.000000e+00 0.000000e+00 0.000000e+00 1.843956e-04 2.938287e-03 0.000000e+00
14350 162.672275 5.821563 15.500000 0.999954 0.009565 0.000000 9.279234e-03 1.893192e-04 0.000000e+00 0.000000e+00 0.000000e+00 2.058119e-04 2.893616e-03 0.000000e+00
14400 163.138465 5.831942 15.500000 0.999811 0.019442 0.000000 9.327148e-03 2.028344e-04 0.000000e+00 0.000000e+00 0.000000e+00 1.913161e-04 2.805901e-03 0.000000e+00
14450 163.601086 5.844646 15.500000 0.999558 0.029719 0.000000 9.275825e-03 3.170233e-04 0.000000e+00 0.000000e+00 0.000000e+00 2.283198e-04 2.701171e-03 0.000000e+00
14500 164.065919 5.863130 15.500000 0.999215 0.039620 0.000000 9.355196e-03 3.244092e-04 0.000000e+00 0.000000e+00 0.000000e+00 1.835914e-04 2.551075e-03 0.000000e+00
14550 164.529285 5.882747 15.500000 0.998772 0.049553 0.000000 9.176030e-03 4.056360e-04 0.000000e+00 0.000000e+00 0.000000e+00 2.183661e-04 2.397050e-03 0.000000e+00
14600 164.992596 5.909445 15.500000 0.998243 0.059248 0.000000 9.353772e-03 5.532156e-04 0.000000e+00 0.000000e+00 0.000000e+00 1.719905e-04 2.195399e-03 0.000000e+00
14650 165.458178 5.935603 15.500000 0.997672 0.068198 0.000000 9.237518e-03 5.119504e-04 0.000000e+00 0.000000e+00 0.000000e+00 1.880888e-04 2.005104e-03 0.000000e+00
14700 165.920612 5.968787 15.500000 0.997045 0.076818 0.000000 9.250781e-03 6.852861e-04 0.000000e+00 0.000000e+00 0.000000e+00 1.483117e-04 1.777611e-03 0.000000e+00
14750 166.383628 6.004705 15.500000 0.996364 0.085193 0.000000 9.205157e-03 6.779965e-04 0.000000e+00 0.000000e+00 0.000000e+00 1.624506e-04 1.545598e-03 0.000000e+00
14800 166.844182 6.044535 15.500000 0.995643 0.093247 0.000000 9.240456e-03 7.407741e-04 0.000000e+00 0.000000e+00 0.000000e+00 1.391082e-04 1.307680e-03 0.000000e+00
14850 167.309880 6.087421 15.500000 0.994949 0.100384 0.000000 9.260002e-03 8.556847e-04 0.000000e+00 0.000000e+00 0.000000e+00 1.631405e-04 1.073972e-03 0.000000e+00
14900 167.771376 6.131514 15.500000 0.994325 0.106388 0.000000 9.273646e-03 9.048638e-04 0.000000e+00 0.000000e+00 0.000000e+00 1.239227e-04 8.573405e-04 0.000000e+00
14950 168.237863 6.178109 15.500000 0.993618 0.112798 0.000000 9.277118e-03 1.006248e-03 0.000000e+00 0.000000e+00 0.000000e+00 1.389470e-04 6.550998e-04 0.000000e+00
15000 168.700497 6.227653 15.500000 0.992945 0.118572 0.000000 9.298156e-03 8.581492e-04 0.000000e+00 0.000000e+00 0.000000e+00 9.746066e-05 4.689837e-04 0.000000e+00
15050 169.168233 6.277623 15.500000 0.992174 0.124862 0.000000 9.339457e-03 1.012363e-03 0.000000e+00 0.000000e+00 0.000000e+00 1.292087e-04 3.135473e-04 0.000000e+00
15100 169.631995 6.333700 15.500000 0.991449 0.130492 0.000000 9.273982e-03 1.022082e-03 0.000000e+00 0.000000e+00 0.000000e+00 8.850067e-05 1.759092e-04 0.000000e+00
15150 170.101936 6.386082 15.500000 0.990689 0.136144 0.000000 9.387276e-03 1.088156e-03 0.000000e+00 0.000000e+00 0.000000e+00 1.131962e-04 8.310417e-05 0.000000e+00
15200 170.569258 6.445937 15.500000 0.989917 0.141651 0.000000 9.299978e-03 1.227459e-03 0.000000e+00 0.000000e+00 0.000000e+00 8.774886e-05 1.920796e-05 0.000000e+00
15250 171.039971 6.503933 15.500000 0.989212 0.146490 0.000000 9.546038e-03 1.198265e-03 0.000000e+00 0.000000e+00 0.000000e+00 1.073530e-04 0.000000e+00 0.000000e+00
15300 171.510478 6.566786 15.500000 0.988424 0.151719 0.000000 9.302772e-03 1.326017e-03 0.000000e+00 0.000000e+00 0.000000e+00 1.298410e-04 0.000000e+00 0.000000e+00
15350 171.979830 6.632341 15.500000 0.987585 0.157087 0.000000 9.474964e-03 1.282682e-03 0.000000e+00 0.000000e+00 0.000000e+00 8.823603e-05 0.000000e+00 0.000000e+00
15400 172.451228 6.696183 15.500000 0.986827 0.161781 0.000000 9.260806e-03 1.296219e-03 0.000000e+00 0.000000e+00 0.000000e+00 1.088273e-04 0.000000e+00 0.000000e+00
15450 172.917647 6.770204 15.500000 0.985980 0.166863 0.000000 9.391469e-03 1.483571e-03 0.000000e+00 0.000000e+00 0.000000e+00 8.768597e-05 0.000000e+00 0.000000e+00
15500 173.387437 6.842192 15.500000 0.985147 0.171712 0.000000 9.346908e-03 1.478304e-03 0.000000e+00 0.000000e+00 0.000000e+00 1.154519e-04 0.000000e+00 0.000000e+00
15550 173.852586 6.919399 15.500000 0.984207 0.177019 0.000000 9.363693e-03 1.644219e-03 0.000000e+00 0.000000e+00 0.000000e+00 8.036040e-05 0.000000e+00 0.000000e+00
15600 174.320495 6.998730 15.500000 0.983432 0.181280 0.000000 9.281078e-03 1.676092e-03 0.000000e+00 0.000000e+00 0.000000e+00 7.967468e-05 0.000000e+00 0.000000e+00
15650 174.783910 7.081961 15.500000 0.982743 0.184977 0.000000 9.317568e-03 1.709424e-03 0.000000e+00 0.000000e+00 0.000000e+00 7.050977e-05 0.000000e+00 0.000000e+00
15700 175.252434 7.165131 15.500000 0.982185 0.187919 0.000000 9.347683e-03 1.767568e-03 0.000000e+00 0.000000e+00 0.000000e+00 5.250775e-05 0.000000e+00 0.000000e+00
15750 175.717192 7.250297 15.500000 0.981745 0.190202 0.000000 9.306106e-03 1.659868e-03 0.000000e+00 0.000000e+00 0.000000e+00 5.874601e-05 0.000000e+00 0.000000e+00
15800 176.187803 7.333609 15.500000 0.981204 0.192973 0.000000 9.381111e-03 1.696741e-03 0.000000e+00 0.000000e+00 0.000000e+00 3.065232e-05 0.000000e+00 0.000000e+00
15850 176.655405 7.422156 15.500000 0.980800 0.195018 0.000000 9.302518e-03 1.853434e-03 0.000000e+00 0.000000e+00 0.000000e+00 2.207469e-05 0.000000e+00 0.000000e+00
15900 177.130025 7.507421 15.500000 0.980326 0.197383 0.000000 9.526049e-03 1.736681e-03 0.000000e+00 0.000000e+00 0.000000e+00 6.652820e-05 0.000000e+00 0.000000e+00
15950 177.600492 7.596116 15.500000 0.979688 0.200527 0.000000 9.306123e-03 1.770226e-03 0.000000e+00 0.000000e+00 0.000000e+00 7.881172e-05 0.000000e+00 0.000000e+00
16000 178.073683 7.687432 15.500000 0.979151 0.203134 0.000000 9.538044e-03 1.793495e-03 0.000000e+00 0.000000e+00 0.000000e+00 3.881416e-05 0.000000e+00 0.000000e+00
16050 178.543375 7.777417 15.500000 0.978538 0.206068 0.000000 9.292445e-03 1.864646e-03 0.000000e+00 0.000000e+00 0.000000e+00 6.858199e-05 0.000000e+00 0.000000e+00
16100 179.012474 7.875141 15.500000 0.977905 0.209049 0.000000 9.423152e-03 1.903704e-03 0.000000e+00 0.000000e+00 0.000000e+00 5.653641e-05 0.000000e+00 0.000000e+00
16150 179.481146 7.970054 15.500000 0.977340 0.211675 0.000000 9.296686e-03 1.888362e-03 0.000000e+00 0.000000e+00 0.000000e+00 5.139528e-05 0.000000e+00 0.000000e+00
16200 179.946712 8.069670 15.500000 0.976933 0.213546 0.000000 9.321353e-03 1.911960e-03 0.000000e+00 0.000000e+00 0.000000e+00 3.141853e-05 0.000000e+00 0.000000e+00
16250 180.416098 8.169228 15.500000 0.976673 0.214733 0.000000 9.312555e-03 1.990920e-03 0.000000e+00 0.000000e+00 0.000000e+00 1.182601e-05 0.000000e+00 0.000000e+00
16300 180.882794 8.268458 15.500000 0.976530 0.215380 0.000000 9.375610e-03 1.983269e-03 0.000000e+00 0.000000e+00 0.000000e+00 1.765852e-05 0.000000e+00 0.000000e+00
16350 181.355807 8.368455 15.500000 0.976176 0.216982 0.000000 9.428757e-03 2.103719e-03 0.000000e+00 0.000000e+00 0.000000e+00 2.815232e-05 0.000000e+00 0.000000e+00
16400 181.825081 8.468707 15.500000 0.976047 0.217559 0.000000 9.541428e-03 1.963318e-03 0.000000e+00 0.000000e+00 0.000000e+00 4.945470e-05 0.000000e+00 0.000000e+00
16450 182.302404 8.567065 15.500000 0.975726 0.218994 0.000000 9.521212e-03 1.981359e-03 0.000000e+00 0.000000e+00 0.000000e+00 2.958234e-05 0.000000e+00 0.000000e+00
16500 182.772243 8.670100 15.500000 0.975192 0.221360 0.000000 9.518343e-03 2.201357e-03 0.000000e+00 0.000000e+00 0.000000e+00 3.159904e-05 0.000000e+00 0.000000e+00
16550 183.246830 8.773466 15.500000 0.974827 0.222961 0.000000 9.402543e-03 1.999798e-03 0.000000e+00 0.000000e+00 0.000000e+00 4.746542e-05 0.000000e+00 0.000000e+00
16600 183.715095 8.878065 15.500000 0.974257 0.225439 0.000000 9.333732e-03 2.169989e-03 0.000000e+00 0.000000e+00 0.000000e+00 5.825532e-05 0.000000e+00 0.000000e+00
16650 184.185912 8.985463 15.500000 0.973824 0.227303 0.000000 9.407987e-03 2.151198e-03 0.000000e+00 0.000000e+00 0.000000e+00 4.418305e-05 0.000000e+00 0.000000e+00
16700 184.652010 9.093843 15.500000 0.973511 0.228641 0.000000 9.357710e-03 2.237923e-03 0.000000e+00 0.000000e+00 0.000000e+00 8.082147e-06 0.000000e+00 0.000000e+00
16750 185.122506 9.201562 15.500000 0.973484 0.228754 0.000000 9.476346e-03 2.161996e-03 0.000000e+00 0.000000e+00 0.000000e+00 -5.354407e-06 0.000000e+00 0.000000e+00
16800 185.591089 9.311921 15.500000 0.973404 0.229095 0.000000 9.293634e-03 2.188046e-03 0.000000e+00 0.000000e+00 0.000000e+00 4.995058e-06 0.000000e+00 0.000000e+00
16850 186.063565 9.417328 15.500000 0.973254 0.229731 0.000000 9.579501e-03 2.128266e-03 0.000000e+00 0.000000e+00 0.000000e+00 5.327219e-05 0.000000e+00 0.000000e+00
16900 186.536054 9.525018 15.500000 0.972933 0.231088 0.000000 9.392901e-03 2.200241e-03 0.000000e+00 0.000000e+00 0.000000e+00 2.572048e-05 0.000000e+00 0.000000e+00
16950 187.009528 9.634607 15.500000 0.972730 0.231940 0.000000 9.599236e-03 2.164893e-03 0.000000e+00 0.000000e+00 0.000000e+00 4.454314e-06 0.000000e+00 0.000000e+00
17000 187.482841 9.741363 15.500000 0.972443 0.233140 0.000000 9.327532e-03 2.160377e-03 0.000000e+00 0.000000e+00 0.000000e+00 3.786541e-05 0.000000e+00 0.000000e+00
17050 187.952489 9.855240 15.500000 0.972076 0.234665 0.000000 9.460434e-03 2.270685e-03 0.000000e+00 0.000000e+00 0.000000e+00 2.030219e-05 0.000000e+00 0.000000e+00
17100 188.423566 9.966274 15.500000 0.971752 0.236004 0.000000 9.335323e-03 2.264663e-03 0.000000e+00 0.000000e+00 0.000000e+00 8.291397e-06 0.000000e+00 0.000000e+00
17150 188.890351 10.080919 15.500000 0.971581 0.236707 0.000000 9.411026e-03 2.220377e-03 0.000000e+00 0.000000e+00 0.000000e+00 -6.652316e-06 0.000000e+00 0.000000e+00
17200 189.361478 10.193805 15.500000 0.971569 0.236759 0.000000 9.389863e-03 2.274543e-03 0.000000e+00 0.000000e+00 0.000000e+00 -4.379562e-06 0.000000e+00 0.000000e+00
17250 189.829455 10.306606 15.500000 0.971632 0.236498 0.000000 9.395736e-03 2.198462e-03 0.000000e+00 0.000000e+00 0.000000e+00 -1.002092e-06 0.000000e+00 0.000000e+00
17300 190.304882 10.418450 15.500000 0.971475 0.237142 0.000000 9.524262e-03 2.281303e-03 0.000000e+00 0.000000e+00 0.000000e+00 2.434430e-05 0.000000e+00 0.000000e+00
17350 190.774443 10.531640 15.500000 0.971410 0.237408 0.000000 9.542764e-03 2.241066e-03 0.000000e+00 0.000000e+00 0.000000e+00 1.546152e-05 0.000000e+00 0.000000e+00
17400 191.251921 10.642975 15.500000 0.971357 0.237626 0.000000 9.497298e-03 2.180298e-03 0.000000e+00 0.000000e+00 0.000000e+00 1.696616e-05 0.000000e+00 0.000000e+00
17450 191.722028 10.756164 15.500000 0.971091 0.238711 0.000000 9.443786e-03 2.434312e-03 0.000000e+00 0.000000e+00 0.000000e+00 7.486125e-06 0.000000e+00 0.000000e+00
17500 192.195813 10.871574 15.500000 0.970757 0.240064 0.000000 9.436096e-03 2.255198e-03 0.000000e+00 0.000000e+00 0.000000e+00 3.846975e-05 0.000000e+00 0.000000e+00
17550 192.664450 10.987600 15.500000 0.970472 0.241212 0.000000 9.330306e-03 2.400893e-03 0.000000e+00 0.000000e+00 0.000000e+00 1.331793e-05 0.000000e+00 0.000000e+00
17600 193.134343 11.104556 15.500000 0.970434 0.241367 0.000000 9.451857e-03 2.387528e-03 0.000000e+00 0.000000e+00 0.000000e+00 -1.916129e-06 0.000000e+00 0.000000e+00
17650 193.603227 11.222215 15.500000 0.970566 0.240836 0.000000 9.346516e-03 2.336416e-03 0.000000e+00 0.000000e+00 0.000000e+00 -5.873494e-06 0.000000e+00 0.000000e+00
17700 194.075467 11.336000 15.500000 0.970591 0.240733 0.000000 9.548328e-03 2.269749e-03 0.000000e+00 0.000000e+00 0.000000e+00 3.022285e-05 0.000000e+00 0.000000e+00
17750 194.547773 11.451401 15.500000 0.970543 0.240928 0.000000 9.408253e-03 2.314305e-03 0.000000e+00 0.000000e+00 0.000000e+00 -1.281155e-05 0.000000e+00 0.000000e+00
17800 195.022640 11.566305 15.500000 0.970611 0.240652 0.000000 9.627802e-03 2.278157e-03 0.000000e+00 0.000000e+00 0.000000e+00 7.436737e-06 0.000000e+00 0.000000e+00
17850 195.497639 11.679173 15.500000 0.970373 0.241612 0.000000 9.380492e-03 2.263380e-03 0.000000e+00 0.000000e+00 0.000000e+00 2.318956e-05 0.000000e+00 0.000000e+00
17900 195.969985 11.798872 15.500000 0.970126 0.242600 0.000000 9.516433e-03 2.369875e-03 0.000000e+00 0.000000e+00 0.000000e+00 1.545008e-05 0.000000e+00 0.000000e+00
17950 196.442644 11.915152 15.500000 0.969748 0.244107 0.000000 9.393854e-03 2.323003e-03 0.000000e+00 0.000000e+00 0.000000e+00 4.197942e-05 0.000000e+00 0.000000e+00
18000 196.910609 12.035099 15.500000 0.969610 0.244657 0.000000 9.378069e-03 2.340844e-03 0.000000e+00 0.000000e+00 0.000000e+00 3.142201e-06 0.000000e+00 0.000000e+00
18050 197.381592 12.153712 15.500000 0.969684 0.244363 0.000000 9.389949e-03 2.378281e-03 0.000000e+00 0.000000e+00 0.000000e+00 -1.889515e-05 0.000000e+00 0.000000e+00
18100 197.849951 12.271160 15.500000 0.969898 0.243513 0.000000 9.429507e-03 2.321168e-03 0.000000e+00 0.000000e+00 0.000000e+00 -1.174157e-05 0.000000e+00 0.000000e+00
18150 198.325228 12.388154 15.500000 0.969838 0.243751 0.000000 9.509312e-03 2.388895e-03 0.000000e+00 0.000000e+00 0.000000e+00 -9.598364e-07 0.000000e+00 0.000000e+00
18200 198.795680 12.505199 15.500000 0.969967 0.243236 0.000000 9.557436e-03 2.308950e-03 0.000000e+00 0.000000e+00 0.000000e+00 -1.066368e-05 0.000000e+00 0.000000e+00
18250 199.274556 12.620632 15.500000 0.969899 0.243508 0.000000 9.538882e-03 2.252699e-03 0.000000e+00 0.000000e+00 0.000000e+00 1.277667e-05 0.000000e+00 0.000000e+00
18300 199.746373 12.738537 15.500000 0.969634 0.244561 0.000000 9.520320e-03 2.524264e-03 0.000000e+00 0.000000e+00 0.000000e+00 9.973673e-06 0.000000e+00 0.000000e+00
18350 200.220893 12.857632 15.500000 0.969372 0.245595 0.000000 9.423201e-03 2.320895e-03 0.000000e+00 0.000000e+00 0.000000e+00 3.262564e-05 0.000000e+00 0.000000e+00
18400 200.689883 12.977439 15.500000 0.969079 0.246749 0.000000 9.356061e-03 2.481786e-03 0.000000e+00 0.000000e+00 0.000000e+00 2.220686e-06 0.000000e+00 0.000000e+00
18450 201.160476 13.098168 15.500000 0.969110 0.246628 0.000000 9.449259e-03 2.459696e-03 0.000000e+00 0.000000e+00 0.000000e+00 9.113920e-06 0.000000e+00 0.000000e+00
18500 201.629412 13.218874 15.500000 0.969309 0.245845 0.000000 9.355994e-03 2.371250e-03 0.000000e+00 0.000000e+00 0.000000e+00 -1.693202e-05 0.000000e+00 0.000000e+00
18550 202.102405 13.335821 15.500000 0.969394 0.245510 0.000000 9.510994e-03 2.314376e-03 0.000000e+00 0.000000e+00 0.000000e+00 -2.842066e-06 0.000000e+00 0.000000e+00
18600 202.574727 13.454444 15.500000 0.969431 0.245365 0.000000 9.417729e-03 2.373344e-03 0.000000e+00 0.000000e+00 0.000000e+00 -1.936201e-05 0.000000e+00 0.000000e+00
18650 203.050658 13.572024 15.500000 0.969532 0.244966 0.000000 9.644028e-03 2.347907e-03 0.000000e+00 0.000000e+00 0.000000e+00 1.190439e-05 0.000000e+00 0.000000e+00
18700 203.525383 13.687833 15.500000 0.969327 0.245776 0.000000 9.419576e-03 2.329205e-03 0.000000e+00 0.000000e+00 0.000000e+00 4.395330e-05 0.000000e+00 0.000000e+00
18750 203.998507 13.810210 15.500000 0.969136 0.246525 0.000000 9.576635e-03 2.403370e-03 0.000000e+00 0.000000e+00 0.000000e+00 1.245004e-05 0.000000e+00 0.000000e+00
18800 204.470988 13.929327 15.500000 0.968794 0.247869 0.000000 9.332507e-03 2.369814e-03 0.000000e+00 0.000000e+00 0.000000e+00 3.534567e-05 0.000000e+00 0.000000e+00
18850 204.939122 14.051396 15.500000 0.968767 0.247972 0.000000 9.391846e-03 2.393463e-03 0.000000e+00 0.000000e+00 0.000000e+00 -1.506811e-05 0.000000e+00 0.000000e+00
18900 205.410695 14.172540 15.500000 0.968909 0.247418 0.000000 9.362916e-03 2.431872e-03 0.000000e+00 0.000000e+00 0.000000e+00 -1.604475e-05 0.000000e+00 0.000000e+00
18950 205.879773 14.291675 15.500000 0.969153 0.246461 0.000000 9.454705e-03 2.373561e-03 0.000000e+00 0.000000e+00 0.000000e+00 -1.939823e-05 0.000000e+00 0.000000e+00
19000 206.355744 14.410821 15.500000 0.969106 0.246644 0.000000 9.425692e-03 2.396011e-03 0.000000e+00 0.000000e+00 0.000000e+00 -1.477318e-06 0.000000e+00 0.000000e+00
19050 206.826912 14.529207 15.500000 0.969235 0.246137 0.000000 9.602636e-03 2.332637e-03 0.000000e+00 0.000000e+00 0.000000e+00 -5.802469e-06 0.000000e+00 0.000000e+00
19100 207.304969 14.646344 15.500000 0.969261 0.246037 0.000000 9.492165e-03 2.277475e-03 0.000000e+00 0.000000e+00 0.000000e+00 7.243748e-06 0.000000e+00 0.000000e+00
19150 207.775920 14.766036 15.500000 0.969098 0.246677 0.000000 9.441083e-03 2.493241e-03 0.000000e+00 0.000000e+00 0.000000e+00 7.030190e-06 0.000000e+00 0.000000e+00
19200 208.250345 14.886237 15.500000 0.968827 0.247739 0.000000 9.461001e-03 2.380969e-03 0.000000e+00 0.000000e+00 0.000000e+00 4.002236e-05 0.000000e+00 0.000000e+00
19250 208.719045 15.007946 15.500000 0.968690 0.248275 0.000000 9.331861e-03 2.491488e-03 0.000000e+00 0.000000e+00 0.000000e+00 4.840322e-06 0.000000e+00 0.000000e+00
19300 209.190433 15.129321 15.500000 0.968770 0.247959 0.000000 9.447963e-03 2.468921e-03 0.000000e+00 0.000000e+00 0.000000e+00 -1.266868e-05 0.000000e+00 0.000000e+00
19350 209.659503 15.250688 15.500000 0.969026 0.246960 0.000000 9.391356e-03 2.365590e-03 0.000000e+00 0.000000e+00 0.000000e+00 -2.131854e-05 0.000000e+00 0.000000e+00
19400 210.133575 15.367981 15.500000 0.969116 0.246605 0.000000 9.473675e-03 2.354651e-03 0.000000e+00 0.000000e+00 0.000000e+00 -1.271480e-05 0.000000e+00 0.000000e+00
19450 210.606275 15.487474 15.500000 0.969144 0.246495 0.000000 9.423319e-03 2.382752e-03 0.000000e+00 0.000000e+00 0.000000e+00 -1.359000e-05 0.000000e+00 0.000000e+00
19500 211.082707 15.606086 15.500000 0.969262 0.246032 0.000000 9.544830e-03 2.358036e-03 0.000000e+00 0.000000e+00 0.000000e+00 4.026954e-06 0.000000e+00 0.000000e+00
19550 211.555720 15.722413 15.500000 0.969148 0.246481 0.000000 9.373432e-03 2.371382e-03 0.000000e+00 0.000000e+00 0.000000e+00 2.043111e-05 0.000000e+00 0.000000e+00
19600 212.028670 15.845030 15.500000 0.969025 0.246961 0.000000 9.498372e-03 2.408920e-03 0.000000e+00 0.000000e+00 0.000000e+00 1.824207e-05 0.000000e+00 0.000000e+00
19650 212.500042 15.964689 15.500000 0.968812 0.247798 0.000000 9.345591e-03 2.383568e-03 0.000000e+00 0.000000e+00 0.000000e+00 -9.769837e-06 0.000000e+00 0.000000e+00
19700 212.968461 16.086117 15.500000 0.968856 0.247623 0.000000 9.435014e-03 2.363517e-03 0.000000e+00 0.000000e+00 0.000000e+00 -1.279284e-05 0.000000e+00 0.000000e+00
19750 213.440904 16.207768 15.500000 0.969046 0.246879 0.000000 9.420319e-03 2.460900e-03 0.000000e+00 0.000000e+00 0.000000e+00 -2.846798e-05 0.000000e+00 0.000000e+00
19800 213.910580 16.325810 15.500000 0.969273 0.245989 0.000000 9.478337e-03 2.342898e-03 0.000000e+00 0.000000e+00 0.000000e+00 -2.388382e-05 0.000000e+00 0.000000e+00
19850 214.386927 16.444619 15.500000 0.969215 0.246217 0.000000 9.331320e-03 2.309256e-03 0.000000e+00 0.000000e+00 0.000000e+00 1.402539e-05 0.000000e+00 0.000000e+00
19900 214.859331 16.562905 15.500000 0.969305 0.245862 0.000000 9.630832e-03 2.403607e-03 0.000000e+00 0.000000e+00 0.000000e+00 -5.680567e-06 0.000000e+00 0.000000e+00
19950 215.336703 16.680245 15.500000 0.969332 0.245756 0.000000 9.454880e-03 2.279155e-03 0.000000e+00 0.000000e+00 0.000000e+00 5.127254e-06 0.000000e+00 0.000000e+00
20000 215.807298 16.800041 15.500000 0.969181 0.246350 0.000000 9.395406e-03 2.444249e-03 0.000000e+00 0.000000e+00 0.000000e+00 2.209081e-05 0.000000e+00 0.000000e+00
20050 216.280798 16.919858 15.500000 0.969038 0.246912 0.000000 9.435601e-03 2.404901e-03 0.000000e+00 0.000000e+00 0.000000e+00 9.995158e-06 0.000000e+00 0.000000e+00
20100 216.748820 17.041395 15.500000 0.969021 0.246978 0.000000 9.337783e-03 2.490436e-03 0.000000e+00 0.000000e+00 0.000000e+00 -1.040769e-05 0.000000e+00 0.000000e+00
20150 217.220890 17.161480 15.500000 0.969155 0.246453 0.000000 9.468837e-03 2.437822e-03 0.000000e+00 0.000000e+00 0.000000e+00 -2.036486e-05 0.000000e+00 0.000000e+00
20200 217.690197 17.281736 15.500000 0.969394 0.245511 0.000000 9.414490e-03 2.311680e-03 0.000000e+00 0.000000e+00 0.000000e+00 -1.628299e-05 0.000000e+00 0.000000e+00
20250 218.165466 17.398286 15.500000 0.969472 0.245203 0.000000 9.523036e-03 2.359268e-03 0.000000e+00 0.000000e+00 0.000000e+00 8.656253e-06 0.000000e+00 0.000000e+00
20300 218.638111 17.516646 15.500000 0.969487 0.245141 0.000000 9.380920e-03 2.350394e-03 0.000000e+00 0.000000e+00 0.000000e+00 -8.640058e-06 0.000000e+00 0.000000e+00
20350 219.115351 17.634998 15.500000 0.969602 0.244686 0.000000 9.550858e-03 2.396605e-03 0.000000e+00 0.000000e+00 0.000000e+00 -2.056679e-05 0.000000e+00 0.000000e+00
20400 219.587599 17.750825 15.500000 0.969477 0.245181 0.000000 9.366801e-03 2.405241e-03 0.000000e+00 0.000000e+00 0.000000e+00 6.157534e-06 0.000000e+00 0.000000e+00
20450 220.060941 17.872632 15.500000 0.969348 0.245692 0.000000 9.513063e-03 2.355926e-03 0.000000e+00 0.000000e+00 0.000000e+00 2.079135e-05 0.000000e+00 0.000000e+00
20500 220.531384 17.991617 15.500000 0.969260 0.246039 0.000000 9.352736e-03 2.344597e-03 0.000000e+00 0.000000e+00 0.000000e+00 -5.982576e-06 0.000000e+00 0.000000e+00
20550 221.000468 18.111307 15.500000 0.969338 0.245731 0.000000 9.499057e-03 2.335785e-03 0.000000e+00 0.000000e+00 0.000000e+00 -1.073799e-05 0.000000e+00 0.000000e+00
20600 221.472825 18.232495 15.500000 0.969554 0.244877 0.000000 9.391659e-03 2.412899e-03 0.000000e+00 0.000000e+00 0.000000e+00 -2.808072e-05 0.000000e+00 0.000000e+00
20650 221.943256 18.348569 15.500000 0.969779 0.243985 0.000000 9.555671e-03 2.360092e-03 0.000000e+00 0.000000e+00 0.000000e+00 -1.723986e-05 0.000000e+00 0.000000e+00
20700 222.419306 18.466074 15.500000 0.969727 0.244190 0.000000 9.330353e-03 2.297280e-03 0.000000e+00 0.000000e+00 0.000000e+00 -5.561077e-06 0.000000e+00 0.000000e+00
20750 222.892816 18.583296 15.500000 0.969807 0.243872 0.000000 9.555558e-03 2.366257e-03 0.000000e+00 0.000000e+00 0.000000e+00 -2.335412e-05 0.000000e+00 0.000000e+00
20800 223.369804 18.699162 15.500000 0.969819 0.243826 0.000000 9.459483e-03 2.244268e-03 0.000000e+00 0.000000e+00 0.000000e+00 2.033611e-06 0.000000e+00 0.000000e+00
20850 223.840248 18.818028 15.500000 0.969695 0.244318 0.000000 9.449265e-03 2.424949e-03 0.000000e+00 0.000000e+00 0.000000e+00 -3.191803e-08 0.000000e+00 0.000000e+00
20900 224.313740 18.936694 15.500000 0.969571 0.244809 0.000000 9.394986e-03 2.402619e-03 0.000000e+00 0.000000e+00 0.000000e+00 -7.158643e-06 0.000000e+00 0.000000e+00
20950 224.781591 19.056879 15.500000 0.969585 0.244755 0.000000 9.402804e-03 2.416938e-03 0.000000e+00 0.000000e+00 0.000000e+00 -1.801407e-06 0.000000e+00 0.000000e+00
21000 225.253815 19.175440 15.500000 0.969768 0.244029 0.000000 9.399642e-03 2.425040e-03 0.000000e+00 0.000000e+00 0.000000e+00 -3.180873e-05 0.000000e+00 0.000000e+00
21050 225.723178 19.293494 15.500000 0.970021 0.243021 0.000000 9.416031e-03 2.244623e-03 0.000000e+00 0.000000e+00 0.000000e+00 -8.428617e-06 0.000000e+00 0.000000e+00
21100 226.198824 19.408794 15.500000 0.970115 0.242645 0.000000 9.538030e-03 2.350568e-03 0.000000e+00 0.000000e+00 0.000000e+00 -1.495140e-06 0.000000e+00 0.000000e+00
21150 226.670874 19.525108 15.500000 0.970164 0.242450 0.000000 9.339222e-03 2.310459e-03 0.000000e+00 0.000000e+00 0.000000e+00 -8.002827e-06 0.000000e+00 0.000000e+00
21200 227.148807 19.641888 15.500000 0.970299 0.241908 0.000000 9.568071e-03 2.329534e-03 0.000000e+00 0.000000e+00 0.000000e+00 -1.097053e-05 0.000000e+00 0.000000e+00
21250 227.620448 19.755952 15.500000 0.970196 0.242320 0.000000 9.414018e-03 2.384712e-03 0.000000e+00 0.000000e+00 0.000000e+00 1.180930e-05 0.000000e+00 0.000000e+00
21300 228.094187 19.875541 15.500000 0.970108 0.242675 0.000000 9.456600e-03 2.305445e-03 0.000000e+00 0.000000e+00 0.000000e+00 1.360452e-05 0.000000e+00 0.000000e+00
21350 228.564071 19.992826 15.500000 0.970071 0.242821 0.000000 9.351562e-03 2.313725e-03 0.000000e+00 0.000000e+00 0.000000e+00 -1.225485e-05 0.000000e+00 0.000000e+00
21400 229.033617 20.110108 15.500000 0.970186 0.242362 0.000000 9.516133e-03 2.280084e-03 0.000000e+00 0.000000e+00 0.000000e+00 -6.445713e-06 0.000000e+00 0.000000e+00
21450 229.505253 20.229220 15.500000 0.970454 0.241285 0.000000 9.346095e-03 2.309775e-03 0.000000e+00 0.000000e+00 0.000000e+00 -2.448664e-05 0.000000e+00 0.000000e+00
21500 229.976100 20.342705 15.500000 0.970709 0.240258 0.000000 9.577223e-03 2.304488e-03 0.000000e+00 0.000000e+00 0.000000e+00 -5.988765e-06 0.000000e+00 0.000000e+00
21550 230.451577 20.457845 15.500000 0.970715 0.240232 0.000000 9.396476e-03 2.271861e-03 0.000000e+00 0.000000e+00 0.000000e+00 -1.451696e-05 0.000000e+00 0.000000e+00
21600 230.925633 20.572144 15.500000 0.970890 0.239525 0.000000 9.582732e-03 2.315091e-03 0.000000e+00 0.000000e+00 0.000000e+00 -2.070488e-05 0.000000e+00 0.000000e+00
21650 231.402119 20.684770 15.500000 0.970950 0.239281 0.000000 9.420376e-03 2.202186e-03 0.000000e+00 0.000000e+00 0.000000e+00 6.130384e-06 0.000000e+00 0.000000e+00
21700 231.872929 20.801081 15.500000 0.970901 0.239483 0.000000 9.474687e-03 2.368263e-03 0.000000e+00 0.000000e+00 0.000000e+00 -1.855096e-06 0.000000e+00 0.000000e+00
21750 232.346981 20.916662 15.500000 0.970714 0.240240 0.000000 9.389556e-03 2.367623e-03 0.000000e+00 0.000000e+00 0.000000e+00 7.560354e-07 0.000000e+00 0.000000e+00
21800 232.815180 21.033650 15.500000 0.970744 0.240115 0.000000 9.356241e-03 2.366090e-03 0.000000e+00 0.000000e+00 0.000000e+00 -1.845766e-05 0.000000e+00 0.000000e+00
21850 233.287269 21.149842 15.500000 0.970976 0.239178 0.000000 9.351729e-03 2.336221e-03 0.000000e+00 0.000000e+00 0.000000e+00 -1.356402e-05 0.000000e+00 0.000000e+00
21900 233.756278 21.263716 15.500000 0.971330 0.237733 0.000000 9.401454e-03 2.180124e-03 0.000000e+00 0.000000e+00 0.000000e+00 -3.006060e-05 0.000000e+00 0.000000e+00
21950 234.231381 21.376207 15.500000 0.971467 0.237173 0.000000 9.534250e-03 2.359745e-03 0.000000e+00 0.000000e+00 0.000000e+00 -5.408190e-06 0.000000e+00 0.000000e+00
22000 234.702588 21.488895 15.500000 0.971693 0.236248 0.000000 9.403630e-03 2.239569e-03 0.000000e+00 0.000000e+00 0.000000e+00 -4.329340e-05 0.000000e+00 0.000000e+00
22050 235.181640 21.601190 15.500000 0.971837 0.235653 0.000000 9.582515e-03 2.228460e-03 0.000000e+00 0.000000e+00 0.000000e+00 5.638611e-06 0.000000e+00 0.000000e+00
22100 235.654299 21.711558 15.500000 0.971730 0.236095 0.000000 9.430283e-03 2.324763e-03 0.000000e+00 0.000000e+00 0.000000e+00 5.837991e-06 0.000000e+00 0.000000e+00
22150 236.129685 21.826668 15.500000 0.971677 0.236313 0.000000 9.452910e-03 2.229929e-03 0.000000e+00 0.000000e+00 0.000000e+00 2.863468e-06 0.000000e+00 0.000000e+00
22200 236.599470 21.939733 15.500000 0.971493 0.237067 0.000000 9.348472e-03 2.228874e-03 0.000000e+00 0.000000e+00 0.000000e+00 8.315619e-06 0.000000e+00 0.000000e+00
22250 237.069085 22.053975 15.500000 0.971598 0.236639 0.000000 9.456991e-03 2.227775e-03 0.000000e+00 0.000000e+00 0.000000e+00 -1.575495e-05 0.000000e+00 0.000000e+00
22300 237.538495 22.168309 15.500000 0.971926 0.235287 0.000000 9.235514e-03 2.178452e-03 0.000000e+00 0.000000e+00 0.000000e+00 -8.546152e-06 0.000000e+00 0.000000e+00
22350 238.009208 22.278088 15.500000 0.972274 0.233844 0.000000 9.573822e-03 2.207701e-03 0.000000e+00 0.000000e+00 0.000000e+00 -9.289347e-06 0.000000e+00 0.000000e+00
22400 238.482806 22.389783 15.500000 0.972473 0.233014 0.000000 9.379680e-03 2.147539e-03 0.000000e+00 0.000000e+00 0.000000e+00 -3.804500e-05 0.000000e+00 0.000000e+00
22450 238.957141 22.498373 15.500000 0.972805 0.231626 0.000000 9.557077e-03 2.187214e-03 0.000000e+00 0.000000e+00 0.000000e+00 -1.895186e-05 0.000000e+00 0.000000e+00
22500 239.434341 22.606202 15.500000 0.972901 0.231224 0.000000 9.392742e-03 2.200542e-03 0.000000e+00 0.000000e+00 0.000000e+00 5.979583e-06 0.000000e+00 0.000000e+00
22550 239.907725 22.717101 15.500000 0.972796 0.231663 0.000000 9.463853e-03 2.194572e-03 0.000000e+00 0.000000e+00 0.000000e+00 -1.570381e-05 0.000000e+00 0.000000e+00
22600 240.381838 22.826092 15.500000 0.972857 0.231406 0.000000 9.449784e-03 2.187787e-03 0.000000e+00 0.000000e+00 0.000000e+00 6.801947e-06 0.000000e+00 0.000000e+00
22650 240.851165 22.936478 15.500000 0.972714 0.232009 0.000000 9.429406e-03 2.245574e-03 0.000000e+00 0.000000e+00 0.000000e+00 -2.059622e-05 0.000000e+00 0.000000e+00
22700 241.321119 23.047914 15.500000 0.972848 0.231443 0.000000 9.349775e-03 2.264911e-03 0.000000e+00 0.000000e+00 0.000000e+00 -9.311584e-06 0.000000e+00 0.000000e+00
22750 241.787808 23.157004 15.500000 0.973297 0.229550 0.000000 9.380153e-03 2.160311e-03 0.000000e+00 0.000000e+00 0.000000e+00 -3.349280e-05 0.000000e+00 0.000000e+00
22800 242.260559 23.264105 15.500000 0.973664 0.227989 0.000000 9.420826e-03 2.195385e-03 0.000000e+00 0.000000e+00 0.000000e+00 -2.893368e-05 0.000000e+00 0.000000e+00
22850 242.730615 23.371831 15.500000 0.974052 0.226325 0.000000 9.467006e-03 2.005982e-03 0.000000e+00 0.000000e+00 0.000000e+00 -2.965189e-05 0.000000e+00 0.000000e+00
22900 243.208419 23.476118 15.500000 0.974282 0.225332 0.000000 9.589106e-03 2.086080e-03 0.000000e+00 0.000000e+00 0.000000e+00 1.884592e-06 0.000000e+00 0.000000e+00
22950 243.679681 23.579258 15.500000 0.974350 0.225040 0.000000 9.317807e-03 2.032949e-03 0.000000e+00 0.000000e+00 0.000000e+00 -7.939856e-06 0.000000e+00 0.000000e+00
23000 244.157099 23.685270 15.500000 0.974583 0.224025 0.000000 9.496167e-03 2.090686e-03 0.000000e+00 0.000000e+00 0.000000e+00 -8.146392e-06 0.000000e+00 0.000000e+00
23050 244.627465 23.787607 15.500000 0.974657 0.223705 0.000000 9.405630e-03 2.161865e-03 0.000000e+00 0.000000e+00 0.000000e+00 -2.831947e-06 0.000000e+00 0.000000e+00
23100 245.099939 23.894424 15.500000 0.974726 0.223403 0.000000 9.470348e-03 2.049942e-03 0.000000e+00 0.000000e+00 0.000000e+00 -2.103153e-06 0.000000e+00 0.000000e+00
23150 245.568654 23.999100 15.500000 0.974921 0.222550 0.000000 9.332942e-03 2.025481e-03 0.000000e+00 0.000000e+00 0.000000e+00 -2.744523e-05 0.000000e+00 0.000000e+00
23200 246.037295 24.102409 15.500000 0.975250 0.221103 0.000000 9.506630e-03 2.037544e-03 0.000000e+00 0.000000e+00 0.000000e+00 -3.387834e-05 0.000000e+00 0.000000e+00
23250 246.507911 24.206851 15.500000 0.975728 0.218986 0.000000 9.317291e-03 2.002752e-03 0.000000e+00 0.000000e+00 0.000000e+00 -5.876739e-05 0.000000e+00 0.000000e+00
23300 246.977346 24.305380 15.500000 0.976199 0.216877 0.000000 9.546953e-03 1.981031e-03 0.000000e+00 0.000000e+00 0.000000e+00 -2.325333e-05 0.000000e+00 0.000000e+00
23350 247.451684 24.405312 15.500000 0.976499 0.215524 0.000000 9.321310e-03 1.881437e-03 0.000000e+00 0.000000e+00 0.000000e+00 -3.457196e-05 0.000000e+00 0.000000e+00
23400 247.924432 24.502355 15.500000 0.976985 0.213310 0.000000 9.603826e-03 1.948060e-03 0.000000e+00 0.000000e+00 0.000000e+00 -3.754953e-05 0.000000e+00 0.000000e+00
23450 248.401463 24.597708 15.500000 0.977282 0.211944 0.000000 9.365265e-03 1.922876e-03 0.000000e+00 0.000000e+00 0.000000e+00 -1.413198e-05 0.000000e+00 0.000000e+00
23500 248.873557 24.695850 15.500000 0.977382 0.211482 0.000000 9.500190e-03 1.953843e-03 0.000000e+00 0.000000e+00 0.000000e+00 -1.358544e-05 0.000000e+00 0.000000e+00
23550 249.347350 24.791336 15.500000 0.977696 0.210026 0.000000 9.415718e-03 1.880963e-03 0.000000e+00 0.000000e+00 0.000000e+00 -1.014426e-05 0.000000e+00 0.000000e+00
23600 249.815799 24.887025 15.500000 0.977820 0.209447 0.000000 9.370733e-03 1.947551e-03 0.000000e+00 0.000000e+00 0.000000e+00 -2.155144e-05 0.000000e+00 0.000000e+00
23650 250.286816 24.983664 15.500000 0.978091 0.208176 0.000000 9.359191e-03 1.976756e-03 0.000000e+00 0.000000e+00 0.000000e+00 -3.741348e-05 0.000000e+00 0.000000e+00
23700 250.752371 25.079454 15.500000 0.978531 0.206098 0.000000 9.347050e-03 1.896266e-03 0.000000e+00 0.000000e+00 0.000000e+00 -4.570965e-05 0.000000e+00 0.000000e+00
23750 251.223041 25.171705 15.500000 0.979065 0.203550 0.000000 9.429035e-03 1.878255e-03 0.000000e+00 0.000000e+00 0.000000e+00 -5.891383e-05 0.000000e+00 0.000000e+00
23800 251.690198 25.263031 15.500000 0.979707 0.200434 0.000000 9.346510e-03 1.715250e-03 0.000000e+00 0.000000e+00 0.000000e+00 -4.174668e-05 0.000000e+00 0.000000e+00
23850 252.163308 25.349351 15.500000 0.980231 0.197855 0.000000 9.461493e-03 1.746074e-03 0.000000e+00 0.000000e+00 0.000000e+00 -6.554126e-05 0.000000e+00 0.000000e+00
23900 252.633452 25.436474 15.500000 0.980826 0.194886 0.000000 9.324512e-03 1.735304e-03 0.000000e+00 0.000000e+00 0.000000e+00 -7.589080e-05 0.000000e+00 0.000000e+00
23950 253.109347 25.521663 15.500000 0.981365 0.192153 0.000000 9.517125e-03 1.727100e-03 0.000000e+00 0.000000e+00 0.000000e+00 -3.269934e-05 0.000000e+00 0.000000e+00
24000 253.581812 25.603368 15.500000 0.981764 0.190102 0.000000 9.385247e-03 1.595930e-03 0.000000e+00 0.000000e+00 0.000000e+00 -2.669442e-05 0.000000e+00 0.000000e+00
24050 254.055886 25.687340 15.500000 0.982230 0.187679 0.000000 9.564505e-03 1.628124e-03 0.000000e+00 0.000000e+00 0.000000e+00 -7.239576e-05 0.000000e+00 0.000000e+00
24100 254.526136 25.766615 15.500000 0.982711 0.185147 0.000000 9.281791e-03 1.626482e-03 0.000000e+00 0.000000e+00 0.000000e+00 -5.471643e-05 0.000000e+00 0.000000e+00
24150 254.995606 25.849627 15.500000 0.983173 0.182676 0.000000 9.507838e-03 1.618712e-03 0.000000e+00 0.000000e+00 0.000000e+00 -4.424754e-05 0.000000e+00 0.000000e+00
24200 255.464755 25.929087 15.500000 0.983638 0.180156 0.000000 9.317095e-03 1.565780e-03 0.000000e+00 0.000000e+00 0.000000e+00 -3.684486e-05 0.000000e+00 0.000000e+00
24250 255.930545 26.007502 15.500000 0.984287 0.176576 0.000000 9.306379e-03 1.535459e-03 0.000000e+00 0.000000e+00 0.000000e+00 -9.153555e-05 0.000000e+00 0.000000e+00
24300 256.396919 26.084555 15.500000 0.984984 0.172648 0.000000 9.273289e-03 1.424497e-03 0.000000e+00 0.000000e+00 0.000000e+00 -7.813186e-05 0.000000e+00 0.000000e+00
24350 256.861445 26.156739 15.500000 0.985889 0.167402 0.000000 9.371479e-03 1.354711e-03 0.000000e+00 0.000000e+00 0.000000e+00 -1.018222e-04 0.000000e+00 0.000000e+00
24400 257.331764 26.226983 15.500000 0.986689 0.162618 0.000000 9.361863e-03 1.370216e-03 0.000000e+00 0.000000e+00 0.000000e+00 -9.347175e-05 0.000000e+00 0.000000e+00
24450 257.797956 26.293206 15.500000 0.987531 0.157424 0.000000 9.363396e-03 1.186285e-03 0.000000e+00 0.000000e+00 0.000000e+00 -1.262772e-04 0.000000e+00 0.000000e+00
24500 258.271558 26.356905 15.500000 0.988222 0.153029 0.000000 9.472830e-03 1.361055e-03 0.000000e+00 0.000000e+00 0.000000e+00 -8.896678e-05 0.000000e+00 0.000000e+00
24550 258.738620 26.419203 15.500000 0.989088 0.147323 0.000000 9.488170e-03 1.162242e-03 0.000000e+00 0.000000e+00 0.000000e+00 -1.260074e-04 0.000000e+00 0.000000e+00
24600 259.215323 26.477805 15.500000 0.989782 0.142592 0.000000 9.539390e-03 1.126791e-03 0.000000e+00 0.000000e+00 0.000000e+00 -7.961425e-05 0.000000e+00 0.000000e+00
24650 259.683528 26.531782 15.500000 0.990478 0.137670 0.000000 9.248166e-03 1.152619e-03 0.000000e+00 0.000000e+00 0.000000e+00 -1.084046e-04 -5.894598e-06 0.000000e+00
24700 260.158625 26.587907 15.500000 0.991228 0.132164 0.000000 9.487286e-03 1.025722e-03 0.000000e+00 0.000000e+00 0.000000e+00 -1.181532e-04 -4.742721e-05 0.000000e+00
24750 260.628033 26.636720 15.500000 0.991848 0.127423 0.000000 9.332332e-03 9.548914e-04 0.000000e+00 0.000000e+00 0.000000e+00 -6.049711e-05 -1.158132e-04 0.000000e+00
24800 261.101116 26.688591 15.500000 0.992556 0.121789 0.000000 9.476445e-03 9.926000e-04 0.000000e+00 0.000000e+00 0.000000e+00 -1.336948e-04 -2.211261e-04 0.000000e+00
24850 261.568528 26.732961 15.500000 0.993227 0.116188 0.000000 9.271896e-03 9.785053e-04 0.000000e+00 0.000000e+00 0.000000e+00 -9.703207e-05 -3.381365e-04 0.000000e+00
24900 262.037559 26.780386 15.500000 0.993905 0.110242 0.000000 9.474548e-03 8.720647e-04 0.000000e+00 0.000000e+00 0.000000e+00 -1.168914e-04 -4.908922e-04 0.000000e+00
24950 262.504757 26.820852 15.500000 0.994562 0.104147 0.000000 9.266911e-03 8.256704e-04 0.000000e+00 0.000000e+00 0.000000e+00 -1.125464e-04 -6.435036e-04 0.000000e+00
25000 262.970925 26.861976 15.500000 0.995157 0.098300 0.000000 9.375319e-03 8.885642e-04 0.000000e+00 0.000000e+00 0.000000e+00 -1.401640e-04 -8.192288e-04 0.000000e+00
25050 263.437494 26.898324 15.500000 0.995768 0.091900 0.000000 9.265762e-03 7.817212e-04 0.000000e+00 0.000000e+00 0.000000e+00 -1.129338e-04 -9.929949e-04 0.000000e+00
25100 263.901336 26.931883 15.500000 0.996325 0.085653 0.000000 9.352152e-03 7.363630e-04 0.000000e+00 0.000000e+00 0.000000e+00 -1.390620e-04 -1.167963e-03 0.000000e+00
25150 264.367453 26.962969 15.500000 0.996921 0.078408 0.000000 9.222237e-03 7.106735e-04 0.000000e+00 0.000000e+00 0.000000e+00 -1.653077e-04 -1.342610e-03 0.000000e+00
25200 264.829188 26.990641 15.500000 0.997525 0.070316 0.000000 9.279044e-03 6.096098e-04 0.000000e+00 0.000000e+00 0.000000e+00 -1.665630e-04 -1.508786e-03 0.000000e+00
25250 265.293003 27.015091 15.500000 0.998072 0.062069 0.000000 9.270943e-03 5.349253e-04 0.000000e+00 0.000000e+00 0.000000e+00 -1.592127e-04 -1.663586e-03 0.000000e+00
25300 265.754006 27.036059 15.500000 0.998544 0.053947 0.000000 9.223756e-03 4.596029e-04 0.000000e+00 0.000000e+00 0.000000e+00 -1.744148e-04 -1.802435e-03 0.000000e+00
25350 266.219304 27.051888 15.500000 0.998970 0.045370 0.000000 9.295292e-03 4.261260e-04 0.000000e+00 0.000000e+00 0.000000e+00 -1.850386e-04 -1.910778e-03 0.000000e+00
25400 266.681565 27.066131 15.500000 0.999333 0.036511 0.000000 9.202941e-03 2.898819e-04 0.000000e+00 0.000000e+00 0.000000e+00 -1.838014e-04 -2.011725e-03 0.000000e+00
25450 267.147886 27.073201 15.500000 0.999614 0.027791 0.000000 9.356089e-03 2.726298e-04 0.000000e+00 0.000000e+00 0.000000e+00 -1.768544e-04 -2.062433e-03 0.000000e+00
25500 267.611376 27.080857 15.500000 0.999825 0.018690 0.000000 9.259569e-03 1.577823e-04 0.000000e+00 0.000000e+00 0.000000e+00 -1.908997e-04 -2.118760e-03 0.000000e+00
25550 268.077580 27.080265 15.500000 0.999953 0.009746 0.000000 9.360408e-03 8.076512e-06 0.000000e+00 0.000000e+00 0.000000e+00 -1.677305e-04 -2.115537e-03 0.000000e+00
25600 268.542428 27.080951 15.500000 1.000000 0.000632 0.000000 9.265103e-03 6.809317e-05 0.000000e+00 0.000000e+00 0.000000e+00 -1.783643e-04 -2.120100e-03 0.000000e+00
25650 269.007300 27.073669 15.500000 0.999964 -0.008486 0.000000 9.431102e-03 -1.038068e-04 0.000000e+00 0.000000e+00 0.000000e+00 -1.706773e-04 -2.068518e-03 0.000000e+00
25700 269.473332 27.067224 15.500000 0.999847 -0.017490 0.000000 9.237470e-03 -6.124532e-05 0.000000e+00 0.000000e+00 0.000000e+00 -1.839520e-04 -2.022007e-03 0.000000e+00
25750 269.937079 27.053457 15.500000 0.999653 -0.026349 0.000000 9.309660e-03 -2.909329e-04 0.000000e+00 0.000000e+00 0.000000e+00 -1.771377e-04 -1.926653e-03 0.000000e+00
25800 270.402567 27.039028 15.500000 0.999386 -0.035037 0.000000 9.238721e-03 -2.348171e-04 0.000000e+00 0.000000e+00 0.000000e+00 -1.704313e-04 -1.827179e-03 0.000000e+00
25850 270.864612 27.019409 15.500000 0.999065 -0.043229 0.000000 9.301806e-03 -3.718284e-04 0.000000e+00 0.000000e+00 0.000000e+00 -1.589710e-04 -1.697541e-03 0.000000e+00
25900 271.328646 26.996801 15.500000 0.998669 -0.051569 0.000000 9.248954e-03 -3.934116e-04 0.000000e+00 0.000000e+00 0.000000e+00 -1.654740e-04 -1.553215e-03 0.000000e+00
25950 271.789811 26.971019 15.500000 0.998214 -0.059744 0.000000 9.238999e-03 -4.680772e-04 0.000000e+00 0.000000e+00 0.000000e+00 -1.503862e-04 -1.396750e-03 0.000000e+00
26000 272.255360 26.941603 15.500000 0.997739 -0.067210 0.000000 9.307541e-03 -5.585479e-04 0.000000e+00 0.000000e+00 0.000000e+00 -1.434338e-04 -1.228407e-03 0.000000e+00
26050 272.718226 26.910709 15.500000 0.997259 -0.073990 0.000000 9.223002e-03 -6.509921e-04 0.000000e+00 0.000000e+00 0.000000e+00 -1.608017e-04 -1.063223e-03 0.000000e+00
26100 273.185887 26.876543 15.500000 0.996710 -0.081053 0.000000 9.345577e-03 -7.579698e-04 0.000000e+00 0.000000e+00 0.000000e+00 -1.391916e-04 -8.944493e-04 0.000000e+00
26150 273.649736 26.839800 15.500000 0.996208 -0.087002 0.000000 9.290598e-03 -6.653545e-04 0.000000e+00 0.000000e+00 0.000000e+00 -1.134381e-04 -7.283252e-04 0.000000e+00
26200 274.117378 26.801928 15.500000 0.995657 -0.093102 0.000000 9.409908e-03 -8.337772e-04 0.000000e+00 0.000000e+00 0.000000e+00 -1.246834e-04 -5.759449e-04 0.000000e+00
26250 274.582097 26.758270 15.500000 0.995072 -0.099158 0.000000 9.235361e-03 -7.559712e-04 0.000000e+00 0.000000e+00 0.000000e+00 -1.174456e-04 -4.215666e-04 0.000000e+00
26300 275.049871 26.717526 15.500000 0.994459 -0.105130 0.000000 9.483825e-03 -8.816313e-04 0.000000e+00 0.000000e+00 0.000000e+00 -1.288158e-04 -2.997212e-04 0.000000e+00
26350 275.517393 26.669240 15.500000 0.993814 -0.111060 0.000000 9.274518e-03 -9.244379e-04 0.000000e+00 0.000000e+00 0.000000e+00 -9.767650e-05 -1.819354e-04 0.000000e+00
26400 275.986144 26.624773 15.500000 0.993227 -0.116187 0.000000 9.447694e-03 -9.686007e-04 0.000000e+00 0.000000e+00 0.000000e+00 -1.198148e-04 -9.934358e-05 0.000000e+00
26450 276.456997 26.573807 15.500000 0.992508 -0.122176 0.000000 9.291629e-03 -9.884692e-04 0.000000e+00 0.000000e+00 0.000000e+00 -1.068277e-04 -3.515060e-05 0.000000e+00
26500 276.926318 26.522962 15.500000 0.991913 -0.126919 0.000000 9.545506e-03 -9.623924e-04 0.000000e+00 0.000000e+00 0.000000e+00 -1.208445e-04 -3.596238e-06 0.000000e+00
26550 277.400436 26.469152 15.500000 0.991249 -0.132006 0.000000 9.246761e-03 -1.185534e-03 0.000000e+00 0.000000e+00 0.000000e+00 -1.052392e-04 0.000000e+00 0.000000e+00
26600 277.868680 26.411642 15.500000 0.990485 -0.137623 0.000000 9.521623e-03 -1.202563e-03 0.000000e+00 0.000000e+00 0.000000e+00 -9.439215e-05 0.000000e+00 0.000000e+00
26650 278.343371 26.354990 15.500000 0.989866 -0.142007 0.000000 9.392221e-03 -1.093258e-03 0.000000e+00 0.000000e+00 0.000000e+00 -8.652475e-05 0.000000e+00 0.000000e+00
26700 278.811515 26.291451 15.500000 0.989028 -0.147725 0.000000 9.447926e-03 -1.381875e-03 0.000000e+00 0.000000e+00 0.000000e+00 -1.103061e-04 0.000000e+00 0.000000e+00
26750 279.283668 26.227491 15.500000 0.988342 -0.152248 0.000000 9.360368e-03 -1.277684e-03 0.000000e+00 0.000000e+00 0.000000e+00 -9.917381e-05 0.000000e+00 0.000000e+00
26800 279.750366 26.159955 15.500000 0.987501 -0.157614 0.000000 9.344727e-03 -1.463152e-03 0.000000e+00 0.000000e+00 0.000000e+00 -1.057271e-04 0.000000e+00 0.000000e+00
26850 280.220815 26.090375 15.500000 0.986738 -0.162320 0.000000 9.381838e-03 -1.410723e-03 0.000000e+00 0.000000e+00 0.000000e+00 -8.362162e-05 0.000000e+00 0.000000e+00
26900 280.686389 26.017558 15.500000 0.986064 -0.166365 0.000000 9.284698e-03 -1.619240e-03 0.000000e+00 0.000000e+00 0.000000e+00 -7.256609e-05 0.000000e+00 0.000000e+00
26950 281.153362 25.941928 15.500000 0.985458 -0.169920 0.000000 9.391107e-03 -1.593241e-03 0.000000e+00 0.000000e+00 0.000000e+00 -5.998698e-05 0.000000e+00 0.000000e+00
27000 281.618464 25.864898 15.500000 0.984997 -0.172569 0.000000 9.284104e-03 -1.640170e-03 0.000000e+00 0.000000e+00 0.000000e+00 -3.306423e-05 0.000000e+00 0.000000e+00
27050 282.087428 25.788037 15.500000 0.984586 -0.174901 0.000000 9.440527e-03 -1.574852e-03 0.000000e+00 0.000000e+00 0.000000e+00 -4.386405e-05 0.000000e+00 0.000000e+00
27100 282.555525 25.706571 15.500000 0.984144 -0.177371 0.000000 9.279680e-03 -1.640156e-03 0.000000e+00 0.000000e+00 0.000000e+00 -4.222506e-05 0.000000e+00 0.000000e+00
27150 283.026163 25.629509 15.500000 0.983700 -0.179815 0.000000 9.585949e-03 -1.572519e-03 0.000000e+00 0.000000e+00 0.000000e+00 -7.058031e-05 0.000000e+00 0.000000e+00
27200 283.498095 25.548440 15.500000 0.983158 -0.182757 0.000000 9.360733e-03 -1.651836e-03 0.000000e+00 0.000000e+00 0.000000e+00 -3.872573e-05 0.000000e+00 0.000000e+00
27250 283.970266 25.466975 15.500000 0.982774 -0.184811 0.000000 9.560007e-03 -1.613924e-03 0.000000e+00 0.000000e+00 0.000000e+00 -3.612536e-05 0.000000e+00 0.000000e+00
27300 284.445658 25.385654 15.500000 0.982262 -0.187515 0.000000 9.351422e-03 -1.714613e-03 0.000000e+00 0.000000e+00 0.000000e+00 -7.890148e-05 0.000000e+00 0.000000e+00
27350 284.917035 25.297728 15.500000 0.981594 -0.190981 0.000000 9.461840e-03 -1.716680e-03 0.000000e+00 0.000000e+00 0.000000e+00 -5.469023e-05 0.000000e+00 0.000000e+00
27400 285.390641 25.212768 15.500000 0.981093 -0.193538 0.000000 9.413615e-03 -1.639033e-03 0.000000e+00 0.000000e+00 0.000000e+00 -6.863044e-05 0.000000e+00 0.000000e+00
27450 285.858929 25.122186 15.500000 0.980425 -0.196895 0.000000 9.426970e-03 -1.833040e-03 0.000000e+00 0.000000e+00 0.000000e+00 -6.052296e-05 0.000000e+00 0.000000e+00
27500 286.330751 25.031583 15.500000 0.979874 -0.199618 0.000000 9.329995e-03 -1.811932e-03 0.000000e+00 0.000000e+00 0.000000e+00 -3.833745e-05 0.000000e+00 0.000000e+00
27550 286.796805 24.937116 15.500000 0.979451 -0.201680 0.000000 9.363600e-03 -1.827850e-03 0.000000e+00 0.000000e+00 0.000000e+00 -3.338332e-05 0.000000e+00 0.000000e+00
27600 287.267873 24.843542 15.500000 0.979179 -0.202997 0.000000 9.377360e-03 -1.847481e-03 0.000000e+00 0.000000e+00 0.000000e+00 -2.870719e-05 0.000000e+00 0.000000e+00
27650 287.735347 24.748899 15.500000 0.979024 -0.203747 0.000000 9.399789e-03 -1.754282e-03 0.000000e+00 0.000000e+00 0.000000e+00 -7.250494e-06 0.000000e+00 0.000000e+00
27700 288.208524 24.656229 15.500000 0.978724 -0.205179 0.000000 9.463955e-03 -1.887617e-03 0.000000e+00 0.000000e+00 0.000000e+00 -3.737026e-05 0.000000e+00 0.000000e+00
27750 288.678498 24.559670 15.500000 0.978567 -0.205931 0.000000 9.343432e-03 -1.959796e-03 0.000000e+00 0.000000e+00 0.000000e+00 6.946668e-06 0.000000e+00 0.000000e+00
27800 289.156245 24.466037 15.500000 0.978287 -0.207257 0.000000 9.540439e-03 -1.840360e-03 0.000000e+00 0.000000e+00 0.000000e+00 -1.566654e-05 0.000000e+00 0.000000e+00
27850 289.628824 24.370718 15.500000 0.977826 -0.209418 0.000000 9.350007e-03 -1.877863e-03 0.000000e+00 0.000000e+00 0.000000e+00 -7.539395e-05 0.000000e+00 0.000000e+00
27900 290.104851 24.271394 15.500000 0.977466 -0.211093 0.000000 9.518430e-03 -1.928018e-03 0.000000e+00 0.000000e+00 0.000000e+00 -1.949639e-05 0.000000e+00 0.000000e+00
27950 290.575555 24.174087 15.500000 0.977011 -0.213188 0.000000 9.363918e-03 -2.063852e-03 0.000000e+00 0.000000e+00 0.000000e+00 -5.770294e-05 0.000000e+00 0.000000e+00
28000 291.047340 24.071221 15.500000 0.976524 -0.215409 0.000000 9.563173e-03 -2.031280e-03 0.000000e+00 0.000000e+00 0.000000e+00 -3.394410e-05 0.000000e+00 0.000000e+00
28050 291.516555 23.969633 15.500000 0.976175 -0.216984 0.000000 9.336066e-03 -2.170053e-03 0.000000e+00 0.000000e+00 0.000000e+00 -3.390799e-05 0.000000e+00 0.000000e+00
28100 291.985316 23.866330 15.500000 0.975961 -0.217943 0.000000 9.424246e-03 -2.016234e-03 0.000000e+00 0.000000e+00 0.000000e+00 -9.303890e-06 0.000000e+00 0.000000e+00
28150 292.456858 23.761847 15.500000 0.975882 -0.218298 0.000000 9.384887e-03 -2.197928e-03 0.000000e+00 0.000000e+00 0.000000e+00 8.360773e-06 0.000000e+00 0.000000e+00
28200 292.926327 23.660343 15.500000 0.975823 -0.218564 0.000000 9.448344e-03 -2.078381e-03 0.000000e+00 0.000000e+00 0.000000e+00 -2.953116e-06 0.000000e+00 0.000000e+00
28250 293.402065 23.557623 15.500000 0.975549 -0.219781 0.000000 9.328243e-03 -2.012034e-03 0.000000e+00 0.000000e+00 0.000000e+00 -2.361930e-05 0.000000e+00 0.000000e+00
28300 293.874120 23.454149 15.500000 0.975453 -0.220208 0.000000 9.603681e-03 -2.073520e-03 0.000000e+00 0.000000e+00 0.000000e+00 6.708884e-06 0.000000e+00 0.000000e+00
28350 294.351919 23.352678 15.500000 0.975259 -0.221064 0.000000 9.442344e-03 -1.968490e-03 0.000000e+00 0.000000e+00 0.000000e+00 -1.981428e-05 0.000000e+00 0.000000e+00
28400 294.823270 23.245851 15.500000 0.974881 -0.222726 0.000000 9.500985e-03 -2.134397e-03 0.000000e+00 0.000000e+00 0.000000e+00 -3.246245e-05 0.000000e+00 0.000000e+00
28450 295.297887 23.140517 15.500000 0.974524 -0.224285 0.000000 9.451305e-03 -2.072838e-03 0.000000e+00 0.000000e+00 0.000000e+00 -4.840125e-05 0.000000e+00 0.000000e+00
28500 295.766420 23.032440 15.500000 0.974053 -0.226320 0.000000 9.373378e-03 -2.173894e-03 0.000000e+00 0.000000e+00 0.000000e+00 -1.950959e-05 0.000000e+00 0.000000e+00
28550 296.236271 22.923114 15.500000 0.973865 -0.227129 0.000000 9.405626e-03 -2.147399e-03 0.000000e+00 0.000000e+00 0.000000e+00 -9.602619e-06 0.000000e+00 0.000000e+00
28600 296.704403 22.813998 15.500000 0.973973 -0.226663 0.000000 9.384243e-03 -2.103669e-03 0.000000e+00 0.000000e+00 0.000000e+00 2.106315e-05 0.000000e+00 0.000000e+00
28650 297.177190 22.707039 15.500000 0.973926 -0.226864 0.000000 9.436866e-03 -2.120242e-03 0.000000e+00 0.000000e+00 0.000000e+00 -1.218635e-05 0.000000e+00 0.000000e+00
28700 297.648463 22.597493 15.500000 0.973999 -0.226553 0.000000 9.374640e-03 -2.217372e-03 0.000000e+00 0.000000e+00 0.000000e+00 3.573014e-05 0.000000e+00 0.000000e+00
28750 298.126267 22.491360 15.500000 0.973941 -0.226802 0.000000 9.600534e-03 -2.121233e-03 0.000000e+00 0.000000e+00 0.000000e+00 -1.467853e-05 0.000000e+00 0.000000e+00
28800 298.600604 22.384192 15.500000 0.973656 -0.228020 0.000000 9.402062e-03 -2.145207e-03 0.000000e+00 0.000000e+00 0.000000e+00 -4.410842e-05 0.000000e+00 0.000000e+00
28850 299.077099 22.273669 15.500000 0.973435 -0.228964 0.000000 9.594704e-03 -2.176945e-03 0.000000e+00 0.000000e+00 0.000000e+00 -4.206047e-06 0.000000e+00 0.000000e+00
28900 299.549146 22.165541 15.500000 0.973134 -0.230240 0.000000 9.354198e-03 -2.294154e-03 0.000000e+00 0.000000e+00 0.000000e+00 -2.546437e-05 0.000000e+00 0.000000e+00
28950 300.020912 22.052444 15.500000 0.972766 -0.231790 0.000000 9.550717e-03 -2.248075e-03 0.000000e+00 0.000000e+00 0.000000e+00 -2.524865e-05 0.000000e+00 0.000000e+00
29000 300.490921 21.940386 15.500000 0.972579 -0.232574 0.000000 9.332521e-03 -2.390256e-03 0.000000e+00 0.000000e+00 0.000000e+00 -4.492286e-06 0.000000e+00 0.000000e+00
29050 300.960611 21.827986 15.500000 0.972627 -0.232371 0.000000 9.514025e-03 -2.217462e-03 0.000000e+00 0.000000e+00 0.000000e+00 -4.907626e-08 0.000000e+00 0.000000e+00
29100 301.434241 21.715134 15.500000 0.972728 -0.231950 0.000000 9.414838e-03 -2.355839e-03 0.000000e+00 0.000000e+00 0.000000e+00 3.565275e-06 0.000000e+00 0.000000e+00
29150 301.905445 21.605200 15.500000 0.972770 -0.231771 0.000000 9.541271e-03 -2.225522e-03 0.000000e+00 0.000000e+00 0.000000e+00 -1.019112e-06 0.000000e+00 0.000000e+00
29200 302.382590 21.495533 15.500000 0.972582 -0.232559 0.000000 9.335415e-03 -2.223911e-03 0.000000e+00 0.000000e+00 0.000000e+00 -1.448989e-05 0.000000e+00 0.000000e+00
29250 302.855264 21.382952 15.500000 0.972388 -0.233370 0.000000 9.601313e-03 -2.241454e-03 0.000000e+00 0.000000e+00 0.000000e+00 -2.113853e-05 0.000000e+00 0.000000e+00
29300 303.332365 21.272569 15.500000 0.972278 -0.233829 0.000000 9.467158e-03 -2.108274e-03 0.000000e+00 0.000000e+00 0.000000e+00 -2.598686e-05 0.000000e+00 0.000000e+00
29350 303.802910 21.159091 15.500000 0.971990 -0.235023 0.000000 9.417234e-03 -2.276841e-03 0.000000e+00 0.000000e+00 0.000000e+00 -1.617928e-05 0.000000e+00 0.000000e+00
29400 304.276899 21.045267 15.500000 0.971728 -0.236105 0.000000 9.434873e-03 -2.215647e-03 0.000000e+00 0.000000e+00 0.000000e+00 -2.337680e-05 0.000000e+00 0.000000e+00
29450 304.745053 20.929234 15.500000 0.971649 -0.236428 0.000000 9.398353e-03 -2.278241e-03 0.000000e+00 0.000000e+00 0.000000e+00 -9.232361e-06 0.000000e+00 0.000000e+00
29500 305.217630 20.815437 15.500000 0.971693 -0.236247 0.000000 9.463684e-03 -2.278717e-03 0.000000e+00 0.000000e+00 0.000000e+00 -2.770750e-06 0.000000e+00 0.000000e+00
29550 305.687265 20.700177 15.500000 0.971809 -0.235771 0.000000 9.426527e-03 -2.146095e-03 0.000000e+00 0.000000e+00 0.000000e+00 5.456150e-06 0.000000e+00 0.000000e+00
29600 306.163133 20.588888 15.500000 0.971794 -0.235830 0.000000 9.538635e-03 -2.226492e-03 0.000000e+00 0.000000e+00 0.000000e+00 -1.695234e-05 0.000000e+00 0.000000e+00
29650 306.636190 20.475444 15.500000 0.971705 -0.236198 0.000000 9.396788e-03 -2.259125e-03 0.000000e+00 0.000000e+00 0.000000e+00 4.463526e-06 0.000000e+00 0.000000e+00
29700 307.113747 20.361683 15.500000 0.971727 -0.236108 0.000000 9.524168e-03 -2.290519e-03 0.000000e+00 0.000000e+00 0.000000e+00 -3.078637e-08 0.000000e+00 0.000000e+00
29750 307.586449 20.250406 15.500000 0.971527 -0.236927 0.000000 9.382808e-03 -2.377627e-03 0.000000e+00 0.000000e+00 0.000000e+00 -2.415396e-05 0.000000e+00 0.000000e+00
29800 308.060214 20.132725 15.500000 0.971335 -0.237717 0.000000 9.505334e-03 -2.299148e-03 0.000000e+00 0.000000e+00 0.000000e+00 -1.790226e-05 0.000000e+00 0.000000e+00
29850 308.531057 20.018152 15.500000 0.971169 -0.238394 0.000000 9.363461e-03 -2.462359e-03 0.000000e+00 0.000000e+00 0.000000e+00 3.533133e-06 0.000000e+00 0.000000e+00
29900 309.000507 19.901659 15.500000 0.971164 -0.238413 0.000000 9.477539e-03 -2.344285e-03 0.000000e+00 0.000000e+00 0.000000e+00 9.728015e-06 0.000000e+00 0.000000e+00
29950 309.473283 19.784828 15.500000 0.971309 -0.237821 0.000000 9.405724e-03 -2.397903e-03 0.000000e+00 0.000000e+00 0.000000e+00 1.852948e-05 0.000000e+00 0.000000e+00
30000 309.943871 19.671252 15.500000 0.971474 -0.237146 0.000000 9.525310e-03 -2.312207e-03 0.000000e+00 0.000000e+00 0.000000e+00 1.655938e-06 0.000000e+00 0.000000e+00
30050 310.420210 19.557292 15.500000 0.971382 -0.237521 0.000000 9.339206e-03 -2.246829e-03 0.000000e+00 0.000000e+00 0.000000e+00 1.257044e-05 0.000000e+00 0.000000e+00
30100 310.894059 19.442801 15.500000 0.971468 -0.237171 0.000000 9.659334e-03 -2.326147e-03 0.000000e+00 0.000000e+00 0.000000e+00 3.321573e-06 0.000000e+00 0.000000e+00
30150 311.371853 19.330930 15.500000 0.971461 -0.237198 0.000000 9.464451e-03 -2.165246e-03 0.000000e+00 0.000000e+00 0.000000e+00 -1.129677e-05 0.000000e+00 0.000000e+00
30200 311.843430 19.214374 15.500000 0.971284 -0.237925 0.000000 9.452478e-03 -2.319186e-03 0.000000e+00 0.000000e+00 0.000000e+00 -4.691499e-06 0.000000e+00 0.000000e+00
30250 312.318580 19.099231 15.500000 0.970995 -0.239099 0.000000 9.436114e-03 -2.270501e-03 0.000000e+00 0.000000e+00 0.000000e+00 -1.871917e-05 0.000000e+00 0.000000e+00
30300 312.787833 18.981404 15.500000 0.970872 -0.239598 0.000000 9.407464e-03 -2.317870e-03 0.000000e+00 0.000000e+00 0.000000e+00 -8.392138e-06 0.000000e+00 0.000000e+00
30350 313.260421 18.864262 15.500000 0.970965 -0.239221 0.000000 9.429927e-03 -2.311295e-03 0.000000e+00 0.000000e+00 0.000000e+00 -2.186957e-06 0.000000e+00 0.000000e+00
30400 313.730059 18.748129 15.500000 0.971207 -0.238237 0.000000 9.444314e-03 -2.186992e-03 0.000000e+00 0.000000e+00 0.000000e+00 1.452339e-05 0.000000e+00 0.000000e+00
30450 314.205466 18.634516 15.500000 0.971255 -0.238042 0.000000 9.493643e-03 -2.284665e-03 0.000000e+00 0.000000e+00 0.000000e+00 5.371127e-07 0.000000e+00 0.000000e+00
30500 314.677860 18.519038 15.500000 0.971365 -0.237592 0.000000 9.342537e-03 -2.315126e-03 0.000000e+00 0.000000e+00 0.000000e+00 2.603064e-05 0.000000e+00 0.000000e+00
30550 315.157127 18.405094 15.500000 0.971406 -0.237423 0.000000 9.577665e-03 -2.284927e-03 0.000000e+00 0.000000e+00 0.000000e+00 -3.736737e-06 0.000000e+00 0.000000e+00
30600 315.631045 18.292259 15.500000 0.971182 -0.238338 0.000000 9.422498e-03 -2.421376e-03 0.000000e+00 0.000000e+00 0.000000e+00 -1.069443e-05 0.000000e+00 0.000000e+00
30650 316.107289 18.173754 15.500000 0.971002 -0.239072 0.000000 9.524869e-03 -2.315259e-03 0.000000e+00 0.000000e+00 0.000000e+00 -3.943071e-05 0.000000e+00 0.000000e+00
30700 316.578669 18.057826 15.500000 0.970692 -0.240326 0.000000 9.366042e-03 -2.420720e-03 0.000000e+00 0.000000e+00 0.000000e+00 -2.330018e-05 0.000000e+00 0.000000e+00
30750 317.049153 17.939488 15.500000 0.970686 -0.240351 0.000000 9.557068e-03 -2.353605e-03 0.000000e+00 0.000000e+00 0.000000e+00 8.367323e-06 0.000000e+00 0.000000e+00
30800 317.520454 17.821698 15.500000 0.970880 -0.239566 0.000000 9.328315e-03 -2.406976e-03 0.000000e+00 0.000000e+00 0.000000e+00 3.163474e-05 0.000000e+00 0.000000e+00
30850 317.991822 17.706968 15.500000 0.971084 -0.238740 0.000000 9.584877e-03 -2.316379e-03 0.000000e+00 0.000000e+00 0.000000e+00 -6.629405e-06 0.000000e+00 0.000000e+00
30900 318.466999 17.591320 15.500000 0.971104 -0.238655 0.000000 9.396909e-03 -2.246764e-03 0.000000e+00 0.000000e+00 0.000000e+00 1.457454e-05 0.000000e+00 0.000000e+00
30950 318.942311 17.476700 15.500000 0.971307 -0.237829 0.000000 9.624967e-03 -2.283440e-03 0.000000e+00 0.000000e+00 0.000000e+00 2.036796e-05 0.000000e+00 0.000000e+00
31000 319.420456 17.363984 15.500000 0.971231 -0.238139 0.000000 9.404960e-03 -2.280193e-03 0.000000e+00 0.000000e+00 0.000000e+00 -2.172481e-05 0.000000e+00 0.000000e+00
31050 319.894193 17.246067 15.500000 0.970977 -0.239173 0.000000 9.492907e-03 -2.349447e-03 0.000000e+00 0.000000e+00 0.000000e+00 2.040092e-06 0.000000e+00 0.000000e+00
31100 320.369293 17.130390 15.500000 0.970787 -0.239944 0.000000 9.390854e-03 -2.264965e-03 0.000000e+00 0.000000e+00 0.000000e+00 -4.158386e-05 0.000000e+00 0.000000e+00
31150 320.838673 17.012454 15.500000 0.970515 -0.241042 0.000000 9.384002e-03 -2.349203e-03 0.000000e+00 0.000000e+00 0.000000e+00 -7.049905e-06 0.000000e+00 0.000000e+00
31200 321.309970 16.894065 15.500000 0.970511 -0.241057 0.000000 9.430870e-03 -2.311955e-03 0.000000e+00 0.000000e+00 0.000000e+00 1.048973e-05 0.000000e+00 0.000000e+00
31250 321.779201 16.777453 15.500000 0.970839 -0.239734 0.000000 9.373342e-03 -2.250940e-03 0.000000e+00 0.000000e+00 0.000000e+00 1.915736e-06 0.000000e+00 0.000000e+00
31300 322.254022 16.662244 15.500000 0.970896 -0.239503 0.000000 9.532630e-03 -2.377313e-03 0.000000e+00 0.000000e+00 0.000000e+00 9.533452e-06 0.000000e+00 0.000000e+00
31350 322.725931 16.545856 15.500000 0.971137 -0.238522 0.000000 9.512609e-03 -2.273912e-03 0.000000e+00 0.000000e+00 0.000000e+00 1.622083e-05 0.000000e+00 0.000000e+00
31400 323.206216 16.431859 15.500000 0.971151 -0.238467 0.000000 9.634213e-03 -2.279647e-03 0.000000e+00 0.000000e+00 0.000000e+00 -7.952523e-07 0.000000e+00 0.000000e+00
31450 323.680165 16.317526 15.500000 0.970939 -0.239325 0.000000 9.537640e-03 -2.445449e-03 0.000000e+00 0.000000e+00 0.000000e+00 -1.804783e-05 0.000000e+00 0.000000e+00
31500 324.157119 16.199487 15.500000 0.970817 -0.239820 0.000000 9.481064e-03 -2.299601e-03 0.000000e+00 0.000000e+00 0.000000e+00 -1.660409e-05 0.000000e+00 0.000000e+00
31550 324.627848 16.083317 15.500000 0.970543 -0.240926 0.000000 9.385883e-03 -2.412444e-03 0.000000e+00 0.000000e+00 0.000000e+00 -3.783504e-05 0.000000e+00 0.000000e+00
31600 325.098132 15.964882 15.500000 0.970419 -0.241425 0.000000 9.371347e-03 -2.380691e-03 0.000000e+00 0.000000e+00 0.000000e+00 -1.333047e-05 0.000000e+00 0.000000e+00
31650 325.567652 15.846639 15.500000 0.970634 -0.240563 0.000000 9.371757e-03 -2.371770e-03 0.000000e+00 0.000000e+00 0.000000e+00 3.673336e-05 0.000000e+00 0.000000e+00
31700 326.039653 15.731556 15.500000 0.970854 -0.239672 0.000000 9.583777e-03 -2.328085e-03 0.000000e+00 0.000000e+00 0.000000e+00 5.895558e-06 0.000000e+00 0.000000e+00
31750 326.513152 15.614903 15.500000 0.970979 -0.239165 0.000000 9.424690e-03 -2.278842e-03 0.000000e+00 0.000000e+00 0.000000e+00 2.636123e-05 0.000000e+00 0.000000e+00
31800 326.989245 15.500581 15.500000 0.971174 -0.238371 0.000000 9.631029e-03 -2.301883e-03 0.000000e+00 0.000000e+00 0.000000e+00 2.984806e-06 0.000000e+00 0.000000e+00
31850 327.466724 15.386864 15.500000 0.971126 -0.238568 0.000000 9.448295e-03 -2.317734e-03 0.000000e+00 0.000000e+00 0.000000e+00 -1.974317e-05 0.000000e+00 0.000000e+00
31900 327.941526 15.269584 15.500000 0.970912 -0.239437 0.000000 9.495874e-03 -2.341594e-03 0.000000e+00 0.000000e+00 0.000000e+00 -6.307500e-06 0.000000e+00 0.000000e+00
31950 328.416623 15.154420 15.500000 0.970804 -0.239875 0.000000 9.401603e-03 -2.291746e-03 0.000000e+00 0.000000e+00 0.000000e+00 -1.663454e-05 0.000000e+00 0.000000e+00
32000 328.886747 15.036594 15.500000 0.970518 -0.241029 0.000000 9.467438e-03 -2.365153e-03 0.000000e+00 0.000000e+00 0.000000e+00 -1.765857e-05 0.000000e+00 0.000000e+00
32050 329.357509 14.918359 15.500000 0.970551 -0.240896 0.000000 9.356204e-03 -2.286349e-03 0.000000e+00 0.000000e+00 0.000000e+00 1.077388e-05 0.000000e+00 0.000000e+00
32100 329.825646 14.802013 15.500000 0.970877 -0.239580 0.000000 9.415823e-03 -2.272953e-03 0.000000e+00 0.000000e+00 0.000000e+00 1.448486e-05 0.000000e+00 0.000000e+00
32150 330.300123 14.686656 15.500000 0.970996 -0.239094 0.000000 9.504542e-03 -2.400279e-03 0.000000e+00 0.000000e+00 0.000000e+00 1.862013e-05 0.000000e+00 0.000000e+00
32200 330.772455 14.570975 15.500000 0.971287 -0.237910 0.000000 9.583196e-03 -2.214071e-03 0.000000e+00 0.000000e+00 0.000000e+00 9.653081e-06 0.000000e+00 0.000000e+00
32250 331.252490 14.457817 15.500000 0.971329 -0.237740 0.000000 9.607986e-03 -2.306864e-03 0.000000e+00 0.000000e+00 0.000000e+00 -3.355436e-06 0.000000e+00 0.000000e+00
32300 331.725704 14.343654 15.500000 0.971139 -0.238515 0.000000 9.538100e-03 -2.444651e-03 0.000000e+00 0.000000e+00 0.000000e+00 -1.964181e-06 0.000000e+00 0.000000e+00
32350 332.203280 14.227047 15.500000 0.971098 -0.238682 0.000000 9.446189e-03 -2.301001e-03 0.000000e+00 0.000000e+00 0.000000e+00 -1.298304e-05 0.000000e+00 0.000000e+00
32400 332.674360 14.111921 15.500000 0.970839 -0.239734 0.000000 9.414635e-03 -2.354374e-03 0.000000e+00 0.000000e+00 0.000000e+00 -3.095255e-05 0.000000e+00 0.000000e+00
32450 333.146034 13.994287 15.500000 0.970735 -0.240154 0.000000 9.361792e-03 -2.393330e-03 0.000000e+00 0.000000e+00 0.000000e+00 -9.369924e-06 0.000000e+00 0.000000e+00
32500 333.614266 13.877252 15.500000 0.970926 -0.239381 0.000000 9.351280e-03 -2.405305e-03 0.000000e+00 0.000000e+00 0.000000e+00 3.407066e-05 0.000000e+00 0.000000e+00
32550 334.086421 13.762886 15.500000 0.971209 -0.238229 0.000000 9.528523e-03 -2.314603e-03 0.000000e+00 0.000000e+00 0.000000e+00 1.533553e-05 0.000000e+00 0.000000e+00
32600 334.558737 13.646263 15.500000 0.971411 -0.237405 0.000000 9.429179e-03 -2.255740e-03 0.000000e+00 0.000000e+00 0.000000e+00 4.486776e-05 0.000000e+00 0.000000e+00
32650 335.035007 13.534196 15.500000 0.971622 -0.236539 0.000000 9.682035e-03 -2.257754e-03 0.000000e+00 0.000000e+00 0.000000e+00 7.224676e-06 0.000000e+00 0.000000e+00
32700 335.511382 13.421338 15.500000 0.971582 -0.236701 0.000000 9.458773e-03 -2.255844e-03 0.000000e+00 0.000000e+00 0.000000e+00 -2.399516e-05 0.000000e+00 0.000000e+00
32750 335.986851 13.306424 15.500000 0.971474 -0.237145 0.000000 9.619327e-03 -2.277771e-03 0.000000e+00 0.000000e+00 0.000000e+00 2.482604e-06 0.000000e+00 0.000000e+00
32800 336.461873 13.193747 15.500000 0.971407 -0.237422 0.000000 9.404350e-03 -2.240867e-03 0.000000e+00 0.000000e+00 0.000000e+00 -3.589082e-06 0.000000e+00 0.000000e+00
32850 336.932972 13.077070 15.500000 0.971199 -0.238270 0.000000 9.507612e-03 -2.364710e-03 0.000000e+00 0.000000e+00 0.000000e+00 -7.239306e-06 0.000000e+00 0.000000e+00
32900 337.404849 12.960765 15.500000 0.971142 -0.238504 0.000000 9.354185e-03 -2.253512e-03 0.000000e+00 0.000000e+00 0.000000e+00 5.127369e-06 0.000000e+00 0.000000e+00
32950 337.873878 12.845316 15.500000 0.971332 -0.237726 0.000000 9.436620e-03 -2.221609e-03 0.000000e+00 0.000000e+00 0.000000e+00 2.715798e-05 0.000000e+00 0.000000e+00
33000 338.348146 12.730415 15.500000 0.971614 -0.236571 0.000000 9.508531e-03 -2.363329e-03 0.000000e+00 0.000000e+00 0.000000e+00 1.528713e-05 0.000000e+00 0.000000e+00
33050 338.819265 12.617560 15.500000 0.971831 -0.235681 0.000000 9.512775e-03 -2.153811e-03 0.000000e+00 0.000000e+00 0.000000e+00 1.313705e-05 0.000000e+00 0.000000e+00
33100 339.297590 12.505611 15.500000 0.971815 -0.235744 0.000000 9.551905e-03 -2.236168e-03 0.000000e+00 0.000000e+00 0.000000e+00 -1.595216e-05 0.000000e+00 0.000000e+00
33150 339.769297 12.393602 15.500000 0.971732 -0.236085 0.000000 9.609668e-03 -2.332699e-03 0.000000e+00 0.000000e+00 0.000000e+00 -9.662087e-06 0.000000e+00 0.000000e+00
33200 340.247343 12.279824 15.500000 0.971802 -0.235798 0.000000 9.451528e-03 -2.244223e-03 0.000000e+00 0.000000e+00 0.000000e+00 -3.205890e-05 0.000000e+00 0.000000e+00
33250 340.718340 12.167449 15.500000 0.971657 -0.236397 0.000000 9.411612e-03 -2.371207e-03 0.000000e+00 0.000000e+00 0.000000e+00 -2.187929e-05 0.000000e+00 0.000000e+00
33300 341.192143 12.052409 15.500000 0.971537 -0.236886 0.000000 9.474691e-03 -2.308106e-03 0.000000e+00 0.000000e+00 0.000000e+00 -1.562909e-05 0.000000e+00 0.000000e+00
33350 341.660657 11.937227 15.500000 0.971596 -0.236646 0.000000 9.354262e-03 -2.396664e-03 0.000000e+00 0.000000e+00 0.000000e+00 3.839484e-05 0.000000e+00 0.000000e+00
33400 342.132254 11.824097 15.500000 0.971783 -0.235879 0.000000 9.465345e-03 -2.324450e-03 0.000000e+00 0.000000e+00 0.000000e+00 2.487922e-05 0.000000e+00 0.000000e+00
33450 342.602608 11.709081 15.500000 0.972037 -0.234829 0.000000 9.342090e-03 -2.248273e-03 0.000000e+00 0.000000e+00 0.000000e+00 2.166872e-06 0.000000e+00 0.000000e+00
33500 343.077059 11.599835 15.500000 0.972214 -0.234092 0.000000 9.543373e-03 -2.244818e-03 0.000000e+00 0.000000e+00 0.000000e+00 2.114861e-05 0.000000e+00 0.000000e+00
33550 343.551218 11.488747 15.500000 0.972228 -0.234034 0.000000 9.436968e-03 -2.204274e-03 0.000000e+00 0.000000e+00 0.000000e+00 6.452299e-06 0.000000e+00 0.000000e+00
33600 344.027087 11.377343 15.500000 0.972372 -0.233438 0.000000 9.627794e-03 -2.230176e-03 0.000000e+00 0.000000e+00 0.000000e+00 2.664107e-05 0.000000e+00 0.000000e+00
33650 344.501590 11.268887 15.500000 0.972389 -0.233368 0.000000 9.352545e-03 -2.129610e-03 0.000000e+00 0.000000e+00 0.000000e+00 -1.396057e-05 0.000000e+00 0.000000e+00
33700 344.973614 11.154622 15.500000 0.972353 -0.233514 0.000000 9.502526e-03 -2.257132e-03 0.000000e+00 0.000000e+00 0.000000e+00 -7.509178e-06 0.000000e+00 0.000000e+00
33750 345.445556 11.043144 15.500000 0.972317 -0.233667 0.000000 9.346720e-03 -2.180305e-03 0.000000e+00 0.000000e+00 0.000000e+00 1.391496e-05 0.000000e+00 0.000000e+00
33800 345.913812 10.930763 15.500000 0.972468 -0.233036 0.000000 9.403661e-03 -2.139835e-03 0.000000e+00 0.000000e+00 0.000000e+00 1.567681e-05 0.000000e+00 0.000000e+00
33850 346.386312 10.818471 15.500000 0.972759 -0.231819 0.000000 9.415490e-03 -2.208404e-03 0.000000e+00 0.000000e+00 0.000000e+00 3.655774e-05 0.000000e+00 0.000000e+00
33900 346.855820 10.709926 15.500000 0.973134 -0.230238 0.000000 9.427856e-03 -2.137394e-03 0.000000e+00 0.000000e+00 0.000000e+00 2.956780e-05 0.000000e+00 0.000000e+00
33950 347.332562 10.600441 15.500000 0.973257 -0.229717 0.000000 9.507319e-03 -2.233656e-03 0.000000e+00 0.000000e+00 0.000000e+00 7.104872e-06 0.000000e+00 0.000000e+00
34000 347.803693 10.493487 15.500000 0.973561 -0.228427 0.000000 9.587992e-03 -2.157006e-03 0.000000e+00 0.000000e+00 0.000000e+00 2.293972e-05 0.000000e+00 0.000000e+00
34050 348.283388 10.386105 15.500000 0.973685 -0.227897 0.000000 9.547302e-03 -2.067752e-03 0.000000e+00 0.000000e+00 0.000000e+00 7.654561e-06 0.000000e+00 0.000000e+00
34100 348.755912 10.278544 15.500000 0.973616 -0.228192 0.000000 9.508555e-03 -2.307275e-03 0.000000e+00 0.000000e+00 0.000000e+00 -2.419645e-06 0.000000e+00 0.000000e+00
34150 349.231147 10.169758 15.500000 0.973625 -0.228154 0.000000 9.434917e-03 -2.140319e-03 0.000000e+00 0.000000e+00 0.000000e+00 8.912035e-06 0.000000e+00 0.000000e+00
34200 349.700081 10.061554 15.500000 0.973488 -0.228738 0.000000 9.335997e-03 -2.199674e-03 0.000000e+00 0.000000e+00 0.000000e+00 4.719053e-06 0.000000e+00 0.000000e+00
34250 350.169551 9.952088 15.500000 0.973596 -0.228276 0.000000 9.418460e-03 -2.234574e-03 0.000000e+00 0.000000e+00 0.000000e+00 1.057129e-05 0.000000e+00 0.000000e+00
34300 350.637279 9.843637 15.500000 0.973993 -0.226577 0.000000 9.351781e-03 -2.192326e-03 0.000000e+00 0.000000e+00 0.000000e+00 2.622980e-05 0.000000e+00 0.000000e+00
34350 351.109158 9.738857 15.500000 0.974351 -0.225033 0.000000 9.512515e-03 -2.138389e-03 0.000000e+00 0.000000e+00 0.000000e+00 2.111194e-05 0.000000e+00 0.000000e+00
34400 351.580713 9.631756 15.500000 0.974692 -0.223552 0.000000 9.377650e-03 -2.092934e-03 0.000000e+00 0.000000e+00 0.000000e+00 6.272960e-05 0.000000e+00 0.000000e+00
34450 352.056570 9.529451 15.500000 0.975027 -0.222084 0.000000 9.626565e-03 -2.082540e-03 0.000000e+00 0.000000e+00 0.000000e+00 2.509639e-05 0.000000e+00 0.000000e+00
34500 352.531661 9.427053 15.500000 0.975138 -0.221598 0.000000 9.429606e-03 -2.035149e-03 0.000000e+00 0.000000e+00 0.000000e+00 -6.624625e-06 0.000000e+00 0.000000e+00
34550 353.006525 9.323179 15.500000 0.975247 -0.221116 0.000000 9.610896e-03 -2.029907e-03 0.000000e+00 0.000000e+00 0.000000e+00 2.923144e-05 0.000000e+00 0.000000e+00
34600 353.480231 9.222226 15.500000 0.975378 -0.220538 0.000000 9.350066e-03 -2.019082e-03 0.000000e+00 0.000000e+00 0.000000e+00 4.019826e-06 0.000000e+00 0.000000e+00
34650 353.950630 9.117187 15.500000 0.975412 -0.220388 0.000000 9.491085e-03 -2.114299e-03 0.000000e+00 0.000000e+00 0.000000e+00 9.775850e-06 0.000000e+00 0.000000e+00
34700 354.422017 9.013778 15.500000 0.975559 -0.219738 0.000000 9.309939e-03 -2.020054e-03 0.000000e+00 0.000000e+00 0.000000e+00 2.716991e-05 0.000000e+00 0.000000e+00
34750 354.889354 8.910833 15.500000 0.975846 -0.218460 0.000000 9.392698e-03 -1.933387e-03 0.000000e+00 0.000000e+00 0.000000e+00 1.923951e-05 0.000000e+00 0.000000e+00
34800 355.361267 8.808974 15.500000 0.976268 -0.216566 0.000000 9.403269e-03 -2.009001e-03 0.000000e+00 0.000000e+00 0.000000e+00 4.229394e-05 0.000000e+00 0.000000e+00
34850 355.829872 8.710653 15.500000 0.976780 -0.214244 0.000000 9.451869e-03 -1.926055e-03 0.000000e+00 0.000000e+00 0.000000e+00 4.622491e-05 0.000000e+00 0.000000e+00
34900 356.305661 8.612319 15.500000 0.977071 -0.212912 0.000000 9.521236e-03 -2.013672e-03 0.000000e+00 0.000000e+00 0.000000e+00 2.497433e-05 0.000000e+00 0.000000e+00
34950 356.775606 8.516435 15.500000 0.977549 -0.210706 0.000000 9.540046e-03 -1.904976e-03 0.000000e+00 0.000000e+00 0.000000e+00 4.418467e-05 0.000000e+00 0.000000e+00
35000 357.254838 8.420840 15.500000 0.977852 -0.209298 0.000000 9.539073e-03 -1.847812e-03 0.000000e+00 0.000000e+00 0.000000e+00 3.086783e-05 0.000000e+00 0.000000e+00
35050 357.726438 8.326844 15.500000 0.977982 -0.208688 0.000000 9.512826e-03 -2.060292e-03 0.000000e+00 0.000000e+00 0.000000e+00 2.152246e-05 0.000000e+00 0.000000e+00
35100 358.201920 8.230470 15.500000 0.978269 -0.207341 0.000000 9.405666e-03 -1.919706e-03 0.000000e+00 0.000000e+00 0.000000e+00 1.284226e-05 0.000000e+00 0.000000e+00
35150 358.671094 8.136615 15.500000 0.978422 -0.206616 0.000000 9.405214e-03 -1.979687e-03 0.000000e+00 0.000000e+00 0.000000e+00 2.967665e-06 0.000000e+00 0.000000e+00
35200 359.142395 8.041307 15.500000 0.978642 -0.205570 0.000000 9.421091e-03 -1.895177e-03 0.000000e+00 0.000000e+00 0.000000e+00 1.606196e-05 0.000000e+00 0.000000e+00
35250 359.609062 7.946657 15.500000 0.979018 -0.203776 0.000000 9.314382e-03 -1.977404e-03 0.000000e+00 0.000000e+00 0.000000e+00 3.047115e-05 0.000000e+00 0.000000e+00
35300 360.078315 7.855898 15.500000 0.979519 -0.201352 0.000000 9.420073e-03 -1.902857e-03 0.000000e+00 0.000000e+00 0.000000e+00 4.416616e-05 0.000000e+00 0.000000e+00
35350 360.547472 7.763704 15.500000 0.980130 -0.198358 0.000000 9.304995e-03 -1.864012e-03 0.000000e+00 0.000000e+00 0.000000e+00 5.710895e-05 0.000000e+00 0.000000e+00
35400 361.017630 7.678542 15.500000 0.980706 -0.195491 0.000000 9.594296e-03 -1.738969e-03 0.000000e+00 0.000000e+00 0.000000e+00 3.828697e-05 0.000000e+00 0.000000e+00
35450 361.490696 7.592066 15.500000 0.981184 -0.193075 0.000000 9.355190e-03 -1.652228e-03 0.000000e+00 0.000000e+00 0.000000e+00 8.494079e-05 0.000000e+00 0.000000e+00
35500 361.963357 7.508622 15.500000 0.981808 -0.189877 0.000000 9.508407e-03 -1.677266e-03 0.000000e+00 0.000000e+00 0.000000e+00 6.122069e-05 0.000000e+00 0.000000e+00
35550 362.439188 7.427140 15.500000 0.982276 -0.187441 0.000000 9.328116e-03 -1.652142e-03 0.000000e+00 0.000000e+00 0.000000e+00 3.371938e-05 0.000000e+00 0.000000e+00
35600 362.911010 7.344380 15.500000 0.982635 -0.185551 0.000000 9.521340e-03 -1.620254e-03 0.000000e+00 0.000000e+00 0.000000e+00 5.494648e-05 0.000000e+00 0.000000e+00
35650 363.384966 7.265794 15.500000 0.983144 -0.182835 0.000000 9.408209e-03 -1.428612e-03 0.000000e+00 0.000000e+00 0.000000e+00 3.874637e-05 0.000000e+00 0.000000e+00
35700 363.853193 7.185243 15.500000 0.983588 -0.180431 0.000000 9.414760e-03 -1.600737e-03 0.000000e+00 0.000000e+00 0.000000e+00 6.464978e-05 0.000000e+00 0.000000e+00
35750 364.324296 7.106675 15.500000 0.984042 -0.177938 0.000000 9.332982e-03 -1.536913e-03 0.000000e+00 0.000000e+00 0.000000e+00 3.429643e-05 0.000000e+00 0.000000e+00
35800 364.790821 7.028602 15.500000 0.984515 -0.175298 0.000000 9.323770e-03 -1.440460e-03 0.000000e+00 0.000000e+00 0.000000e+00 7.925378e-05 0.000000e+00 0.000000e+00
35850 365.257527 6.951662 15.500000 0.985170 -0.171578 0.000000 9.304965e-03 -1.482158e-03 0.000000e+00 0.000000e+00 0.000000e+00 7.244789e-05 0.000000e+00 0.000000e+00
35900 365.721895 6.878197 15.500000 0.986013 -0.166671 0.000000 9.261881e-03 -1.333122e-03 0.000000e+00 0.000000e+00 0.000000e+00 1.170570e-04 0.000000e+00 0.000000e+00
35950 366.191648 6.809062 15.500000 0.986832 -0.161747 0.000000 9.398868e-03 -1.375901e-03 0.000000e+00 0.000000e+00 0.000000e+00 8.815407e-05 0.000000e+00 0.000000e+00
36000 366.657949 6.740514 15.500000 0.987648 -0.156690 0.000000 9.310169e-03 -1.147756e-03 0.000000e+00 0.000000e+00 0.000000e+00 9.447696e-05 0.000000e+00 0.000000e+00
36050 367.129750 6.679113 15.500000 0.988370 -0.152065 0.000000 9.467965e-03 -1.199346e-03 0.000000e+00 0.000000e+00 0.000000e+00 8.228231e-05 0.000000e+00 0.000000e+00
36100 367.599105 6.615760 15.500000 0.989155 -0.146875 0.000000 9.297953e-03 -1.201467e-03 0.000000e+00 0.000000e+00 0.000000e+00 1.373091e-04 0.000000e+00 0.000000e+00
36150 368.072866 6.557705 15.500000 0.989919 -0.141632 0.000000 9.585955e-03 -1.166544e-03 0.000000e+00 0.000000e+00 0.000000e+00 1.015424e-04 0.000000e+00 0.000000e+00
36200 368.544411 6.503554 15.500000 0.990569 -0.137013 0.000000 9.343165e-03 -1.041787e-03 0.000000e+00 0.000000e+00 0.000000e+00 1.075975e-04 0.000000e+00 0.000000e+00
36250 369.016695 6.448084 15.500000 0.991310 -0.131550 0.000000 9.572978e-03 -1.096689e-03 0.000000e+00 0.000000e+00 0.000000e+00 8.516685e-05 1.622714e-05 0.000000e+00
36300 369.489282 6.398563 15.500000 0.991978 -0.126411 0.000000 9.352405e-03 -1.028144e-03 0.000000e+00 0.000000e+00 0.000000e+00 8.431831e-05 6.334627e-05 0.000000e+00
36350 369.960151 6.347307 15.500000 0.992583 -0.121570 0.000000 9.489898e-03 -9.355880e-04 0.000000e+00 0.000000e+00 0.000000e+00 1.233123e-04 1.447036e-04 0.000000e+00
36400 370.432048 6.302961 15.500000 0.993281 -0.115724 0.000000 9.308004e-03 -8.605803e-04 0.000000e+00 0.000000e+00 0.000000e+00 1.179155e-04 2.418135e-04 0.000000e+00
36450 370.899123 6.255837 15.500000 0.993914 -0.110155 0.000000 9.408306e-03 -8.529897e-04 0.000000e+00 0.000000e+00 0.000000e+00 1.225502e-04 3.719642e-04 0.000000e+00
36500 371.368856 6.214482 15.500000 0.994600 -0.103782 0.000000 9.340877e-03 -7.784971e-04 0.000000e+00 0.000000e+00 0.000000e+00 1.185747e-04 5.094192e-04 0.000000e+00
36550 371.834708 6.174932 15.500000 0.995171 -0.098152 0.000000 9.334929e-03 -8.208548e-04 0.000000e+00 0.000000e+00 0.000000e+00 1.236246e-04 6.605922e-04 0.000000e+00
36600 372.303551 6.138013 15.500000 0.995781 -0.091765 0.000000 9.327644e-03 -7.695705e-04 0.000000e+00 0.000000e+00 0.000000e+00 1.145021e-04 8.198158e-04 0.000000e+00
36650 372.767704 6.103761 15.500000 0.996288 -0.086085 0.000000 9.353919e-03 -6.867448e-04 0.000000e+00 0.000000e+00 0.000000e+00 1.180307e-04 9.830752e-04 0.000000e+00
36700 373.236066 6.072171 15.500000 0.996860 -0.079190 0.000000 9.335056e-03 -6.207425e-04 0.000000e+00 0.000000e+00 0.000000e+00 1.364391e-04 1.146727e-03 0.000000e+00
36750 373.698978 6.043020 15.500000 0.997429 -0.071655 0.000000 9.259028e-03 -6.020394e-04 0.000000e+00 0.000000e+00 0.000000e+00 1.735602e-04 1.308665e-03 0.000000e+00
36800 374.164004 6.018318 15.500000 0.997962 -0.063815 0.000000 9.304678e-03 -5.562981e-04 0.000000e+00 0.000000e+00 0.000000e+00 1.476987e-04 1.454443e-03 0.000000e+00
36850 374.625879 5.995943 15.500000 0.998448 -0.055697 0.000000 9.216121e-03 -5.849724e-04 0.000000e+00 0.000000e+00 0.000000e+00 1.659533e-04 1.592686e-03 0.000000e+00
36900 375.090048 5.978646 15.500000 0.998868 -0.047566 0.000000 9.237800e-03 -4.469320e-04 0.000000e+00 0.000000e+00 0.000000e+00 1.609883e-04 1.704907e-03 0.000000e+00
36950 375.551947 5.963142 15.500000 0.999229 -0.039253 0.000000 9.218650e-03 -5.831266e-04 0.000000e+00 0.000000e+00 0.000000e+00 1.667107e-04 1.806984e-03 0.000000e+00
37000 376.015569 5.953872 15.500000 0.999523 -0.030880 0.000000 9.382868e-03 -3.088070e-04 0.000000e+00 0.000000e+00 0.000000e+00 1.637843e-04 1.871879e-03 0.000000e+00
37050 376.480129 5.945203 15.500000 0.999756 -0.022098 0.000000 9.199153e-03 -3.102707e-04 0.000000e+00 0.000000e+00 0.000000e+00 1.678121e-04 1.931798e-03 0.000000e+00
37100 376.943564 5.943505 15.500000 0.999909 -0.013497 0.000000 9.309699e-03 -8.565320e-05 0.000000e+00 0.000000e+00 0.000000e+00 1.792334e-04 1.945223e-03 0.000000e+00
37150 377.409175 5.941989 15.500000 0.999989 -0.004749 0.000000 9.253021e-03 -1.240036e-04 0.000000e+00 0.000000e+00 0.000000e+00 1.703826e-04 1.955566e-03 0.000000e+00
37200 377.872146 5.945950 15.500000 0.999992 0.003903 0.000000 9.294328e-03 8.759954e-05 0.000000e+00 0.000000e+00 0.000000e+00 1.755103e-04 1.929365e-03 0.000000e+00
37250 378.338429 5.952260 15.500000 0.999919 0.012723 0.000000 9.238167e-03 5.126539e-05 0.000000e+00 0.000000e+00 0.000000e+00 1.862407e-04 1.885426e-03 0.000000e+00
37300 378.800430 5.961950 15.500000 0.999779 0.021023 0.000000 9.294318e-03 1.348238e-04 0.000000e+00 0.000000e+00 0.000000e+00 1.666205e-04 1.819880e-03 0.000000e+00
37350 379.265478 5.976053 15.500000 0.999561 0.029631 0.000000 9.256554e-03 1.462644e-04 0.000000e+00 0.000000e+00 0.000000e+00 1.626082e-04 1.725827e-03 0.000000e+00
37400 379.726952 5.992607 15.500000 0.999285 0.037809 0.000000 9.232420e-03 2.030401e-04 0.000000e+00 0.000000e+00 0.000000e+00 1.636813e-04 1.618886e-03 0.000000e+00
37450 380.191353 6.013500 15.500000 0.998942 0.045978 0.000000 9.249609e-03 2.518844e-04 0.000000e+00 0.000000e+00 0.000000e+00 1.429020e-04 1.488657e-03 0.000000e+00
37500 380.652680 6.036425 15.500000 0.998534 0.054119 0.000000 9.221329e-03 2.985559e-04 0.000000e+00 0.000000e+00 0.000000e+00 1.572594e-04 1.352006e-03 0.000000e+00
37550 381.118148 6.063592 15.500000 0.998098 0.061648 0.000000 9.311592e-03 4.373794e-04 0.000000e+00 0.000000e+00 0.000000e+00 1.433876e-04 1.199045e-03 0.000000e+00
37600 381.581691 6.092115 15.500000 0.997647 0.068566 0.000000 9.241958e-03 4.486262e-04 0.000000e+00 0.000000e+00 0.000000e+00 1.134089e-04 1.047634e-03 0.000000e+00
37650 382.048394 6.123679 15.500000 0.997171 0.075172 0.000000 9.428589e-03 5.818658e-04 0.000000e+00 0.000000e+00 0.000000e+00 1.291275e-04 8.925615e-04 0.000000e+00
37700 382.513812 6.159756 15.500000 0.996670 0.081545 0.000000 9.228867e-03 6.666899e-04 0.000000e+00 0.000000e+00 0.000000e+00 1.082986e-04 7.302343e-04 0.000000e+00
37750 382.979195 6.194991 15.500000 0.996171 0.087425 0.000000 9.405873e-03 6.793103e-04 0.000000e+00 0.000000e+00 0.000000e+00 1.231513e-04 5.871335e-04 0.000000e+00
37800 383.447329 6.235958 15.500000 0.995614 0.093555 0.000000 9.292124e-03 8.355034e-04 0.000000e+00 0.000000e+00 0.000000e+00 1.214866e-04 4.408304e-04 0.000000e+00
37850 383.912492 6.274779 15.500000 0.995067 0.099207 0.000000 9.333882e-03 8.736324e-04 0.000000e+00 0.000000e+00 0.000000e+00 1.167353e-04 3.211874e-04 0.000000e+00
37900 384.382968 6.319666 15.500000 0.994425 0.105448 0.000000 9.371744e-03 9.974446e-04 0.000000e+00 0.000000e+00 0.000000e+00 1.192817e-04 2.065990e-04 0.000000e+00
37950 384.849771 6.363393 15.500000 0.993883 0.110437 0.000000 9.422205e-03 8.389651e-04 0.000000e+00 0.000000e+00 0.000000e+00 1.139211e-04 1.186985e-04 0.000000e+00
38000 385.322967 6.411274 15.500000 0.993193 0.116477 0.000000 9.421905e-03 1.093103e-03 0.000000e+00 0.000000e+00 0.000000e+00 1.394251e-04 5.068941e-05 0.000000e+00
38050 385.789542 6.461200 15.500000 0.992624 0.121230 0.000000 9.481309e-03 9.108781e-04 0.000000e+00 0.000000e+00 0.000000e+00 9.612537e-05 9.908269e-06 0.000000e+00
38100 386.265813 6.510994 15.500000 0.991981 0.126384 0.000000 9.553144e-03 1.128156e-03 0.000000e+00 0.000000e+00 0.000000e+00 1.101017e-04 0.000000e+00 0.000000e+00
38150 386.732442 6.566408 15.500000 0.991231 0.132139 0.000000 9.448503e-03 1.082559e-03 0.000000e+00 0.000000e+00 0.000000e+00 1.049995e-04 0.000000e+00 0.000000e+00
38200 387.208292 6.622145 15.500000 0.990633 0.136555 0.000000 9.470509e-03 1.133615e-03 0.000000e+00 0.000000e+00 0.000000e+00 9.556605e-05 0.000000e+00 0.000000e+00
38250 387.676764 6.679512 15.500000 0.989847 0.142135 0.000000 9.417596e-03 1.383084e-03 0.000000e+00 0.000000e+00 0.000000e+00 1.088531e-04 0.000000e+00 0.000000e+00
38300 388.150473 6.744036 15.500000 0.989164 0.146816 0.000000 9.441179e-03 1.250140e-03 0.000000e+00 0.000000e+00 0.000000e+00 8.329519e-05 0.000000e+00 0.000000e+00
38350 388.617920 6.806714 15.500000 0.988375 0.152034 0.000000 9.341170e-03 1.459674e-03 0.000000e+00 0.000000e+00 0.000000e+00 1.104585e-04 0.000000e+00 0.000000e+00
38400 389.087880 6.876024 15.500000 0.987605 0.156961 0.000000 9.418912e-03 1.311682e-03 0.000000e+00 0.000000e+00 0.000000e+00 9.737849e-05 0.000000e+00 0.000000e+00
38450 389.555803 6.944453 15.500000 0.986869 0.161525 0.000000 9.314344e-03 1.513134e-03 0.000000e+00 0.000000e+00 0.000000e+00 7.227594e-05 0.000000e+00 0.000000e+00
38500 390.022005 7.018492 15.500000 0.986240 0.165317 0.000000 9.423705e-03 1.525399e-03 0.000000e+00 0.000000e+00 0.000000e+00 8.635218e-05 0.000000e+00 0.000000e+00
38550 390.488232 7.093153 15.500000 0.985684 0.168605 0.000000 9.233467e-03 1.583585e-03 0.000000e+00 0.000000e+00 0.000000e+00 5.562747e-05 0.000000e+00 0.000000e+00
38600 390.954436 7.169126 15.500000 0.985315 0.170748 0.000000 9.377250e-03 1.489271e-03 0.000000e+00 0.000000e+00 0.000000e+00 4.661596e-05 0.000000e+00 0.000000e+00
38650 391.424516 7.247212 15.500000 0.984878 0.173249 0.000000 9.355926e-03 1.720049e-03 0.000000e+00 0.000000e+00 0.000000e+00 4.497585e-05 0.000000e+00 0.000000e+00
38700 391.891992 7.323722 15.500000 0.984460 0.175611 0.000000 9.447625e-03 1.546412e-03 0.000000e+00 0.000000e+00 0.000000e+00 5.253855e-05 0.000000e+00 0.000000e+00
38750 392.366320 7.403289 15.500000 0.983918 0.178620 0.000000 9.337608e-03 1.659414e-03 0.000000e+00 0.000000e+00 0.000000e+00 7.327136e-05 0.000000e+00 0.000000e+00
38800 392.835669 7.483018 15.500000 0.983571 0.180520 0.000000 9.576241e-03 1.586411e-03 0.000000e+00 0.000000e+00 0.000000e+00 5.105677e-05 0.000000e+00 0.000000e+00
38850 393.313675 7.562111 15.500000 0.983107 0.183034 0.000000 9.511576e-03 1.615168e-03 0.000000e+00 0.000000e+00 0.000000e+00 5.672891e-05 0.000000e+00 0.000000e+00
38900 393.783367 7.646146 15.500000 0.982460 0.186472 0.000000 9.546561e-03 1.775708e-03 0.000000e+00 0.000000e+00 0.000000e+00 5.377926e-05 0.000000e+00 0.000000e+00
38950 394.259459 7.730945 15.500000 0.981996 0.188904 0.000000 9.469115e-03 1.684813e-03 0.000000e+00 0.000000e+00 0.000000e+00 3.812787e-05 0.000000e+00 0.000000e+00
39000 394.728281 7.817036 15.500000 0.981361 0.192174 0.000000 9.366796e-03 1.758218e-03 0.000000e+00 0.000000e+00 0.000000e+00 6.378000e-05 0.000000e+00 0.000000e+00
39050 395.200653 7.905812 15.500000 0.980800 0.195019 0.000000 9.416794e-03 1.661710e-03 0.000000e+00 0.000000e+00 0.000000e+00 5.200480e-05 0.000000e+00 0.000000e+00
39100 395.668022 7.996340 15.500000 0.980346 0.197286 0.000000 9.327687e-03 1.763718e-03 0.000000e+00 0.000000e+00 0.000000e+00 4.844571e-05 0.000000e+00 0.000000e+00
39150 396.137327 8.088723 15.500000 0.980002 0.198986 0.000000 9.456275e-03 1.859610e-03 0.000000e+00 0.000000e+00 0.000000e+00 1.290053e-05 0.000000e+00 0.000000e+00
39200 396.605774 8.182369 15.500000 0.979828 0.199841 0.000000 9.361311e-03 1.827013e-03 0.000000e+00 0.000000e+00 0.000000e+00 1.199361e-05 0.000000e+00 0.000000e+00
39250 397.077102 8.273709 15.500000 0.979617 0.200874 0.000000 9.538603e-03 1.818174e-03 0.000000e+00 0.000000e+00 0.000000e+00 3.861605e-05 0.000000e+00 0.000000e+00
39300 397.548143 8.368090 15.500000 0.979385 0.202001 0.000000 9.397046e-03 1.829656e-03 0.000000e+00 0.000000e+00 0.000000e+00 1.453351e-06 0.000000e+00 0.000000e+00
39350 398.022849 8.460196 15.500000 0.979221 0.202794 0.000000 9.589669e-03 1.841074e-03 0.000000e+00 0.000000e+00 0.000000e+00 1.405638e-05 0.000000e+00 0.000000e+00
39400 398.497871 8.553169 15.500000 0.978859 0.204538 0.000000 9.416184e-03 1.914295e-03 0.000000e+00 0.000000e+00 0.000000e+00 4.744292e-05 0.000000e+00 0.000000e+00
39450 398.971559 8.649370 15.500000 0.978465 0.206411 0.000000 9.518717e-03 1.863409e-03 0.000000e+00 0.000000e+00 0.000000e+00 2.527281e-05 0.000000e+00 0.000000e+00
39500 399.446799 8.742593 15.500000 0.978116 0.208062 0.000000 9.383263e-03 1.916778e-03 0.000000e+00 0.000000e+00 0.000000e+00 2.186661e-05 0.000000e+00 0.000000e+00
39550 399.916875 8.842844 15.500000 0.977667 0.210159 0.000000 9.460936e-03 2.055412e-03 0.000000e+00 0.000000e+00 0.000000e+00 3.150207e-05 0.000000e+00 0.000000e+00
39600 400.389516 8.940786 15.500000 0.977257 0.212058 0.000000 9.376720e-03 2.093014e-03 0.000000e+00 0.000000e+00 0.000000e+00 4.301421e-05 0.000000e+00 0.000000e+00
39650 400.857013 9.042814 15.500000 0.976986 0.213305 0.000000 9.377017e-03 2.112097e-03 0.000000e+00 0.000000e+00 0.000000e+00 5.629565e-06 0.000000e+00 0.000000e+00
39700 401.329023 9.143752 15.500000 0.976871 0.213832 0.000000 9.377919e-03 2.073482e-03 0.000000e+00 0.000000e+00 0.000000e+00 2.539692e-06 0.000000e+00 0.000000e+00
39750 401.797595 9.244765 15.500000 0.976896 0.213713 0.000000 9.403695e-03 2.017595e-03 0.000000e+00 0.000000e+00 0.000000e+00 -3.959598e-06 0.000000e+00 0.000000e+00
39800 402.272200 9.344557 15.500000 0.976722 0.214508 0.000000 9.529816e-03 2.107527e-03 0.000000e+00 0.000000e+00 0.000000e+00 7.937295e-06 0.000000e+00 0.000000e+00
39850 402.743134 9.446624 15.500000 0.976723 0.214506 0.000000 9.549924e-03 1.997658e-03 0.000000e+00 0.000000e+00 0.000000e+00 1.262557e-05 0.000000e+00 0.000000e+00
39900 403.222771 9.545638 15.500000 0.976539 0.215340 0.000000 9.607842e-03 1.955958e-03 0.000000e+00 0.000000e+00 0.000000e+00 1.297122e-05 0.000000e+00 0.000000e+00
39950 403.695384 9.646891 15.500000 0.976157 0.217068 0.000000 9.489831e-03 2.113069e-03 0.000000e+00 0.000000e+00 0.000000e+00 2.909129e-05 0.000000e+00 0.000000e+00
40000 404.172882 9.751259 15.500000 0.975927 0.218096 0.000000 9.476023e-03 2.034349e-03 0.000000e+00 0.000000e+00 0.000000e+00 2.064801e-05 0.000000e+00 0.000000e+00
40050 404.643769 9.854217 15.500000 0.975516 0.219928 0.000000 9.423455e-03 2.065057e-03 0.000000e+00 0.000000e+00 0.000000e+00 3.693724e-05 0.000000e+00 0.000000e+00
40100 405.116688 9.961063 15.500000 0.975150 0.221548 0.000000 9.425782e-03 2.049886e-03 0.000000e+00 0.000000e+00 0.000000e+00 3.567664e-05 0.000000e+00 0.000000e+00
40150 405.585494 10.067488 15.500000 0.974902 0.222634 0.000000 9.360655e-03 2.016868e-03 0.000000e+00 0.000000e+00 0.000000e+00 2.394477e-05 0.000000e+00 0.000000e+00
40200 406.056999 10.174052 15.500000 0.974913 0.222585 0.000000 9.532744e-03 2.122355e-03 0.000000e+00 0.000000e+00 0.000000e+00 -1.581616e-05 0.000000e+00 0.000000e+00
40250 406.528562 10.282214 15.500000 0.974905 0.222619 0.000000 9.352142e-03 2.119248e-03 0.000000e+00 0.000000e+00 0.000000e+00 -1.377406e-05 0.000000e+00 0.000000e+00
40300 407.001157 10.386200 15.500000 0.974891 0.222682 0.000000 9.580406e-03 2.110573e-03 0.000000e+00 0.000000e+00 0.000000e+00 2.233643e-05 0.000000e+00 0.000000e+00
40350 407.476674 10.491625 15.500000 0.974669 0.223652 0.000000 9.429721e-03 2.133125e-03 0.000000e+00 0.000000e+00 0.000000e+00 1.561677e-05 0.000000e+00 0.000000e+00
40400 407.951378 10.598484 15.500000 0.974569 0.224086 0.000000 9.555438e-03 2.115529e-03 0.000000e+00 0.000000e+00 0.000000e+00 -1.965906e-06 0.000000e+00 0.000000e+00
40450 408.428199 10.702605 15.500000 0.974410 0.224779 0.000000 9.407325e-03 2.095122e-03 0.000000e+00 0.000000e+00 0.000000e+00 6.089344e-06 0.000000e+00 0.000000e+00
40500 408.899462 10.812796 15.500000 0.974161 0.225853 0.000000 9.455476e-03 2.243240e-03 0.000000e+00 0.000000e+00 0.000000e+00 7.718213e-06 0.000000e+00 0.000000e+00
40550 409.373942 10.920629 15.500000 0.973802 0.227396 0.000000 9.399754e-03 2.280117e-03 0.000000e+00 0.000000e+00 0.000000e+00 1.390897e-05 0.000000e+00 0.000000e+00
40600 409.842831 11.032069 15.500000 0.973643 0.228077 0.000000 9.358048e-03 2.304203e-03 0.000000e+00 0.000000e+00 0.000000e+00 1.023428e-05 0.000000e+00 0.000000e+00
40650 410.315610 11.142063 15.500000 0.973667 0.227973 0.000000 9.406029e-03 2.244310e-03 0.000000e+00 0.000000e+00 0.000000e+00 -1.762386e-05 0.000000e+00 0.000000e+00
40700 410.785070 11.251613 15.500000 0.973829 0.227283 0.000000 9.381044e-03 2.159213e-03 0.000000e+00 0.000000e+00 0.000000e+00 -7.653201e-06 0.000000e+00 0.000000e+00
40750 411.260803 11.359640 15.500000 0.973784 0.227475 0.000000 9.565772e-03 2.274790e-03 0.000000e+00 0.000000e+00 0.000000e+00 4.372959e-06 0.000000e+00 0.000000e+00
40800 411.732471 11.469265 15.500000 0.973892 0.227013 0.000000 9.509707e-03 2.196481e-03 0.000000e+00 0.000000e+00 0.000000e+00 -4.501164e-06 0.000000e+00 0.000000e+00
40850 412.212930 11.576711 15.500000 0.973808 0.227372 0.000000 9.622100e-03 2.130328e-03 0.000000e+00 0.000000e+00 0.000000e+00 2.060532e-05 0.000000e+00 0.000000e+00
40900 412.686698 11.685076 15.500000 0.973514 0.228626 0.000000 9.535444e-03 2.306674e-03 0.000000e+00 0.000000e+00 0.000000e+00 7.314699e-06 0.000000e+00 0.000000e+00
40950 413.163819 11.796919 15.500000 0.973306 0.229510 0.000000 9.491905e-03 2.141453e-03 0.000000e+00 0.000000e+00 0.000000e+00 2.454108e-05 0.000000e+00 0.000000e+00
41000 413.634517 11.907360 15.500000 0.972959 0.230978 0.000000 9.386726e-03 2.180007e-03 0.000000e+00 0.000000e+00 0.000000e+00 4.216215e-05 0.000000e+00 0.000000e+00
41050 414.105442 12.020580 15.500000 0.972756 0.231833 0.000000 9.366196e-03 2.195669e-03 0.000000e+00 0.000000e+00 0.000000e+00 1.098649e-05 0.000000e+00 0.000000e+00
41100 414.574256 12.133091 15.500000 0.972837 0.231493 0.000000 9.334536e-03 2.150608e-03 0.000000e+00 0.000000e+00 0.000000e+00 -3.036908e-05 0.000000e+00 0.000000e+00
41150 415.046001 12.244037 15.500000 0.972986 0.230866 0.000000 9.571275e-03 2.206551e-03 0.000000e+00 0.000000e+00 0.000000e+00 -1.407738e-05 0.000000e+00 0.000000e+00
41200 415.519166 12.356540 15.500000 0.973047 0.230608 0.000000 9.420496e-03 2.193020e-03 0.000000e+00 0.000000e+00 0.000000e+00 -2.363723e-05 0.000000e+00 0.000000e+00
41250 415.994942 12.466020 15.500000 0.973173 0.230075 0.000000 9.594705e-03 2.181550e-03 0.000000e+00 0.000000e+00 0.000000e+00 -8.648255e-06 0.000000e+00 0.000000e+00
41300 416.472476 12.575450 15.500000 0.973070 0.230511 0.000000 9.449094e-03 2.236594e-03 0.000000e+00 0.000000e+00 0.000000e+00 2.789889e-05 0.000000e+00 0.000000e+00
41350 416.947690 12.688088 15.500000 0.972826 0.231539 0.000000 9.586412e-03 2.198763e-03 0.000000e+00 0.000000e+00 0.000000e+00 1.537310e-06 0.000000e+00 0.000000e+00
41400 417.423806 12.798119 15.500000 0.972677 0.232162 0.000000 9.401677e-03 2.249913e-03 0.000000e+00 0.000000e+00 0.000000e+00 8.903846e-06 0.000000e+00 0.000000e+00
41450 417.894932 12.912528 15.500000 0.972356 0.233504 0.000000 9.504232e-03 2.375809e-03 0.000000e+00 0.000000e+00 0.000000e+00 1.632888e-05 0.000000e+00 0.000000e+00
41500 418.368042 13.026457 15.500000 0.972176 0.234250 0.000000 9.353524e-03 2.369818e-03 0.000000e+00 0.000000e+00 0.000000e+00 6.675068e-06 0.000000e+00 0.000000e+00
41550 418.837157 13.141339 15.500000 0.972215 0.234089 0.000000 9.431109e-03 2.284004e-03 0.000000e+00 0.000000e+00 0.000000e+00 -1.165697e-05 0.000000e+00 0.000000e+00
41600 419.311428 13.254004 15.500000 0.972396 0.233339 0.000000 9.516221e-03 2.373544e-03 0.000000e+00 0.000000e+00 0.000000e+00 -1.480614e-05 0.000000e+00 0.000000e+00
41650 419.782775 13.367340 15.500000 0.972504 0.232886 0.000000 9.526629e-03 2.185504e-03 0.000000e+00 0.000000e+00 0.000000e+00 -2.529576e-06 0.000000e+00 0.000000e+00
41700 420.261277 13.477906 15.500000 0.972417 0.233250 0.000000 9.585762e-03 2.188645e-03 0.000000e+00 0.000000e+00 0.000000e+00 3.855122e-07 0.000000e+00 0.000000e+00
41750 420.733392 13.590329 15.500000 0.972247 0.233958 0.000000 9.533626e-03 2.282386e-03 0.000000e+00 0.000000e+00 0.000000e+00 -1.411013e-07 0.000000e+00 0.000000e+00
41800 421.212708 13.703632 15.500000 0.972226 0.234043 0.000000 9.510127e-03 2.193009e-03 0.000000e+00 0.000000e+00 0.000000e+00 1.108631e-05 0.000000e+00 0.000000e+00
41850 421.684629 13.816011 15.500000 0.971993 0.235008 0.000000 9.465990e-03 2.304691e-03 0.000000e+00 0.000000e+00 0.000000e+00 1.607123e-05 0.000000e+00 0.000000e+00
41900 422.159114 13.931679 15.500000 0.971766 0.235948 0.000000 9.519900e-03 2.195371e-03 0.000000e+00 0.000000e+00 0.000000e+00 2.713577e-05 0.000000e+00 0.000000e+00
41950 422.628902 14.047100 15.500000 0.971686 0.236277 0.000000 9.390382e-03 2.225050e-03 0.000000e+00 0.000000e+00 0.000000e+00 1.035150e-06 0.000000e+00 0.000000e+00
42000 423.100937 14.161957 15.500000 0.971740 0.236052 0.000000 9.500497e-03 2.295531e-03 0.000000e+00 0.000000e+00 0.000000e+00 -2.278734e-06 0.000000e+00 0.000000e+00
42050 423.572387 14.278250 15.500000 0.971894 0.235420 0.000000 9.334353e-03 2.236366e-03 0.000000e+00 0.000000e+00 0.000000e+00 -2.496216e-05 0.000000e+00 0.000000e+00
42100 424.046594 14.389860 15.500000 0.971975 0.235084 0.000000 9.611414e-03 2.226247e-03 0.000000e+00 0.000000e+00 0.000000e+00 1.046033e-05 0.000000e+00 0.000000e+00
42150 424.521911 14.502872 15.500000 0.971873 0.235505 0.000000 9.455191e-03 2.278650e-03 0.000000e+00 0.000000e+00 0.000000e+00 1.663465e-06 0.000000e+00 0.000000e+00
42200 424.998039 14.616853 15.500000 0.971893 0.235424 0.000000 9.606891e-03 2.248604e-03 0.000000e+00 0.000000e+00 0.000000e+00 -7.072194e-06 0.000000e+00 0.000000e+00
42250 425.474239 14.728044 15.500000 0.971806 0.235782 0.000000 9.392435e-03 2.295648e-03 0.000000e+00 0.000000e+00 0.000000e+00 1.049185e-05 0.000000e+00 0.000000e+00
42300 425.946639 14.845274 15.500000 0.971638 0.236475 0.000000 9.545902e-03 2.381319e-03 0.000000e+00 0.000000e+00 0.000000e+00 8.996786e-06 0.000000e+00 0.000000e+00
42350 426.420085 14.959761 15.500000 0.971472 0.237155 0.000000 9.384872e-03 2.415376e-03 0.000000e+00 0.000000e+00 0.000000e+00 2.675139e-05 0.000000e+00 0.000000e+00
42400 426.889315 15.076592 15.500000 0.971466 0.237177 0.000000 9.452512e-03 2.320871e-03 0.000000e+00 0.000000e+00 0.000000e+00 -1.641628e-05 0.000000e+00 0.000000e+00
42450 427.362811 15.191917 15.500000 0.971618 0.236556 0.000000 9.440027e-03 2.417775e-03 0.000000e+00 0.000000e+00 0.000000e+00 -3.413902e-05 0.000000e+00 0.000000e+00
42500 427.833340 15.305928 15.500000 0.971828 0.235693 0.000000 9.445335e-03 2.266309e-03 0.000000e+00 0.000000e+00 0.000000e+00 -6.976889e-06 0.000000e+00 0.000000e+00
42550 428.311218 15.419529 15.500000 0.971807 0.235779 0.000000 9.566599e-03 2.336378e-03 0.000000e+00 0.000000e+00 0.000000e+00 9.965543e-06 0.000000e+00 0.000000e+00
42600 428.783325 15.532902 15.500000 0.971882 0.235467 0.000000 9.598449e-03 2.264634e-03 0.000000e+00 0.000000e+00 0.000000e+00 -6.524897e-06 0.000000e+00 0.000000e+00
42650 429.262996 15.645693 15.500000 0.971944 0.235210 0.000000 9.556090e-03 2.151244e-03 0.000000e+00 0.000000e+00 0.000000e+00 8.919464e-06 0.000000e+00 0.000000e+00
42700 429.735404 15.759105 15.500000 0.971805 0.235787 0.000000 9.520658e-03 2.335991e-03 0.000000e+00 0.000000e+00 0.000000e+00 4.924991e-06 0.000000e+00 0.000000e+00
42750 430.211188 15.874710 15.500000 0.971583 0.236701 0.000000 9.473058e-03 2.195321e-03 0.000000e+00 0.000000e+00 0.000000e+00 3.497759e-05 0.000000e+00 0.000000e+00
42800 430.681792 15.990616 15.500000 0.971427 0.237337 0.000000 9.388692e-03 2.270249e-03 0.000000e+00 0.000000e+00 0.000000e+00 -4.392980e-06 0.000000e+00 0.000000e+00
42850 431.153970 16.106806 15.500000 0.971502 0.237033 0.000000 9.507054e-03 2.313979e-03 0.000000e+00 0.000000e+00 0.000000e+00 -1.060107e-05 0.000000e+00 0.000000e+00
42900 431.624697 16.223143 15.500000 0.971747 0.236024 0.000000 9.388544e-03 2.191945e-03 0.000000e+00 0.000000e+00 0.000000e+00 -2.792795e-05 0.000000e+00 0.000000e+00
42950 432.099469 16.335379 15.500000 0.971872 0.235509 0.000000 9.567198e-03 2.219551e-03 0.000000e+00 0.000000e+00 0.000000e+00 -5.006845e-06 0.000000e+00 0.000000e+00
43000 432.573528 16.449513 15.500000 0.971958 0.235156 0.000000 9.450368e-03 2.274281e-03 0.000000e+00 0.000000e+00 0.000000e+00 -2.451975e-05 0.000000e+00 0.000000e+00
43050 433.051195 16.562443 15.500000 0.972088 0.234618 0.000000 9.636081e-03 2.224836e-03 0.000000e+00 0.000000e+00 0.000000e+00 1.311514e-05 0.000000e+00 0.000000e+00
43100 433.527616 16.673576 15.500000 0.971939 0.235231 0.000000 9.485388e-03 2.236676e-03 0.000000e+00 0.000000e+00 0.000000e+00 4.823534e-05 0.000000e+00 0.000000e+00
43150 434.002854 16.790692 15.500000 0.971778 0.235897 0.000000 9.604286e-03 2.328003e-03 0.000000e+00 0.000000e+00 0.000000e+00 1.282611e-05 0.000000e+00 0.000000e+00
43200 434.476964 16.904816 15.500000 0.971520 0.236956 0.000000 9.409000e-03 2.406510e-03 0.000000e+00 0.000000e+00 0.000000e+00 2.704503e-05 0.000000e+00 0.000000e+00
43250 434.946833 17.021474 15.500000 0.971393 0.237476 0.000000 9.412198e-03 2.390159e-03 0.000000e+00 0.000000e+00 0.000000e+00 -1.301107e-05 0.000000e+00 0.000000e+00
43300 435.418535 17.137753 15.500000 0.971489 0.237085 0.000000 9.416289e-03 2.379926e-03 0.000000e+00 0.000000e+00 0.000000e+00 -2.942083e-05 0.000000e+00 0.000000e+00
43350 435.888735 17.251811 15.500000 0.971801 0.235802 0.000000 9.464235e-03 2.280591e-03 0.000000e+00 0.000000e+00 0.000000e+00 -3.521481e-06 0.000000e+00 0.000000e+00
43400 436.365296 17.366506 15.500000 0.971847 0.235614 0.000000 9.499186e-03 2.360284e-03 0.000000e+00 0.000000e+00 0.000000e+00 -8.878026e-06 0.000000e+00 0.000000e+00
43450 436.838713 17.479117 15.500000 0.972104 0.234551 0.000000 9.666806e-03 2.298633e-03 0.000000e+00 0.000000e+00 0.000000e+00 -2.423865e-05 0.000000e+00 0.000000e+00
43500 437.319145 17.590791 15.500000 0.972096 0.234584 0.000000 9.544655e-03 2.161065e-03 0.000000e+00 0.000000e+00 0.000000e+00 -1.552314e-05 0.000000e+00 0.000000e+00
43550 437.793230 17.705247 15.500000 0.971857 0.235573 0.000000 9.549736e-03 2.346337e-03 0.000000e+00 0.000000e+00 0.000000e+00 2.008647e-05 0.000000e+00 0.000000e+00
43600 438.269675 17.819447 15.500000 0.971769 0.235932 0.000000 9.444027e-03 2.179591e-03 0.000000e+00 0.000000e+00 0.000000e+00 2.282843e-05 0.000000e+00 0.000000e+00
43650 438.739939 17.934085 15.500000 0.971493 0.237066 0.000000 9.389236e-03 2.234969e-03 0.000000e+00 0.000000e+00 0.000000e+00 4.568010e-07 0.000000e+00 0.000000e+00
43700 439.211346 18.050726 15.500000 0.971454 0.237227 0.000000 9.440258e-03 2.285717e-03 0.000000e+00 0.000000e+00 0.000000e+00 -1.414644e-05 0.000000e+00 0.000000e+00
43750 439.680124 18.166215 15.500000 0.971716 0.236153 0.000000 9.404938e-03 2.201294e-03 0.000000e+00 0.000000e+00 0.000000e+00 -3.793880e-05 0.000000e+00 0.000000e+00
43800 440.153749 18.279279 15.500000 0.971884 0.235459 0.000000 9.446817e-03 2.245772e-03 0.000000e+00 0.000000e+00 0.000000e+00 -3.411966e-06 0.000000e+00 0.000000e+00
43850 440.626356 18.394161 15.500000 0.972118 0.234490 0.000000 9.422636e-03 2.285990e-03 0.000000e+00 0.000000e+00 0.000000e+00 -4.256135e-05 0.000000e+00 0.000000e+00
43900 441.104909 18.505569 15.500000 0.972244 0.233971 0.000000 9.604502e-03 2.228413e-03 0.000000e+00 0.000000e+00 0.000000e+00 4.336270e-06 0.000000e+00 0.000000e+00
43950 441.580894 18.617327 15.500000 0.972123 0.234469 0.000000 9.442918e-03 2.220773e-03 0.000000e+00 0.000000e+00 0.000000e+00 3.640288e-05 0.000000e+00 0.000000e+00
44000 442.057957 18.732171 15.500000 0.972030 0.234858 0.000000 9.633648e-03 2.292726e-03 0.000000e+00 0.000000e+00 0.000000e+00 -5.710606e-06 0.000000e+00 0.000000e+00
44050 442.531396 18.844545 15.500000 0.971888 0.235443 0.000000 9.296122e-03 2.331917e-03 0.000000e+00 0.000000e+00 0.000000e+00 1.920721e-05 0.000000e+00 0.000000e+00
44100 443.003355 18.960564 15.500000 0.971664 0.236367 0.000000 9.523256e-03 2.301693e-03 0.000000e+00 0.000000e+00 0.000000e+00 9.378979e-06 0.000000e+00 0.000000e+00
44150 443.474253 19.076270 15.500000 0.971653 0.236412 0.000000 9.349363e-03 2.426572e-03 0.000000e+00 0.000000e+00 0.000000e+00 -3.414180e-06 0.000000e+00 0.000000e+00
44200 443.944178 19.189965 15.500000 0.971946 0.235203 0.000000 9.482549e-03 2.236664e-03 0.000000e+00 0.000000e+00 0.000000e+00 -1.232422e-05 0.000000e+00 0.000000e+00
44250 444.419182 19.305061 15.500000 0.972169 0.234283 0.000000 9.447710e-03 2.410814e-03 0.000000e+00 0.000000e+00 0.000000e+00 -1.644739e-05 0.000000e+00 0.000000e+00
44300 444.892354 19.415942 15.500000 0.972422 0.233228 0.000000 9.609744e-03 2.241464e-03 0.000000e+00 0.000000e+00 0.000000e+00 -1.392396e-05 0.000000e+00 0.000000e+00
44350 445.371678 19.527217 15.500000 0.972449 0.233117 0.000000 9.376241e-03 2.216723e-03 0.000000e+00 0.000000e+00 0.000000e+00 6.008302e-06 0.000000e+00 0.000000e+00
44400 445.845336 19.639712 15.500000 0.972322 0.233645 0.000000 9.599439e-03 2.310028e-03 0.000000e+00 0.000000e+00 0.000000e+00 -1.124209e-06 0.000000e+00 0.000000e+00
44450 446.322738 19.751555 15.500000 0.972319 0.233657 0.000000 9.490999e-03 2.065871e-03 0.000000e+00 0.000000e+00 0.000000e+00 3.031369e-05 0.000000e+00 0.000000e+00
44500 446.793955 19.864386 15.500000 0.972126 0.234458 0.000000 9.457191e-03 2.253201e-03 0.000000e+00 0.000000e+00 0.000000e+00 1.014377e-05 0.000000e+00 0.000000e+00
44550 447.268243 19.978813 15.500000 0.971994 0.235006 0.000000 9.419113e-03 2.226930e-03 0.000000e+00 0.000000e+00 0.000000e+00 1.959701e-06 0.000000e+00 0.000000e+00
44600 447.736910 20.093819 15.500000 0.972057 0.234745 0.000000 9.394442e-03 2.199535e-03 0.000000e+00 0.000000e+00 0.000000e+00 -3.483886e-07 0.000000e+00 0.000000e+00
44650 448.209863 20.206285 15.500000 0.972227 0.234041 0.000000 9.451518e-03 2.252014e-03 0.000000e+00 0.000000e+00 0.000000e+00 -8.260212e-06 0.000000e+00 0.000000e+00
44700 448.680120 20.319991 15.500000 0.972441 0.233151 0.000000 9.431698e-03 2.112843e-03 0.000000e+00 0.000000e+00 0.000000e+00 -3.508320e-05 0.000000e+00 0.000000e+00
44750 449.156842 20.429469 15.500000 0.972538 0.232743 0.000000 9.557632e-03 2.203913e-03 0.000000e+00 0.000000e+00 0.000000e+00 8.344459e-06 0.000000e+00 0.000000e+00
44800 449.630715 20.540355 15.500000 0.972522 0.232810 0.000000 9.410676e-03 2.203405e-03 0.000000e+00 0.000000e+00 0.000000e+00 3.333525e-06 0.000000e+00 0.000000e+00
44850 450.108620 20.652220 15.500000 0.972641 0.232312 0.000000 9.554675e-03 2.254565e-03 0.000000e+00 0.000000e+00 0.000000e+00 -9.746378e-06 0.000000e+00 0.000000e+00
44900 450.581572 20.761093 15.500000 0.972562 0.232643 0.000000 9.388354e-03 2.338525e-03 0.000000e+00 0.000000e+00 0.000000e+00 1.793013e-05 0.000000e+00 0.000000e+00
44950 451.055577 20.875833 15.500000 0.972477 0.233000 0.000000 9.517596e-03 2.257843e-03 0.000000e+00 0.000000e+00 0.000000e+00 8.661012e-06 0.000000e+00 0.000000e+00
45000 451.526712 20.987896 15.500000 0.972448 0.233119 0.000000 9.363951e-03 2.464657e-03 0.000000e+00 0.000000e+00 0.000000e+00 -1.868883e-05 0.000000e+00 0.000000e+00
45050 451.996386 21.099922 15.500000 0.972584 0.232552 0.000000 9.488417e-03 2.273032e-03 0.000000e+00 0.000000e+00 0.000000e+00 -1.991794e-05 0.000000e+00 0.000000e+00
45100 452.469464 21.213641 15.500000 0.972854 0.231418 0.000000 9.408294e-03 2.315158e-03 0.000000e+00 0.000000e+00 0.000000e+00 -2.976597e-05 0.000000e+00 0.000000e+00
45150 452.940232 21.322020 15.500000 0.973151 0.230166 0.000000 9.544539e-03 2.220107e-03 0.000000e+00 0.000000e+00 0.000000e+00 -1.484355e-05 0.000000e+00 0.000000e+00
45200 453.417108 21.432137 15.500000 0.973203 0.229949 0.000000 9.366214e-03 2.129354e-03 0.000000e+00 0.000000e+00 0.000000e+00 -1.528598e-05 0.000000e+00 0.000000e+00
45250 453.891041 21.540253 15.500000 0.973448 0.228910 0.000000 9.675467e-03 2.227535e-03 0.000000e+00 0.000000e+00 0.000000e+00 -2.109636e-05 0.000000e+00 0.000000e+00
45300 454.369883 21.647743 15.500000 0.973507 0.228659 0.000000 9.466731e-03 2.065200e-03 0.000000e+00 0.000000e+00 0.000000e+00 6.829866e-06 0.000000e+00 0.000000e+00
45350 454.842581 21.758341 15.500000 0.973401 0.229107 0.000000 9.486547e-03 2.181295e-03 0.000000e+00 0.000000e+00 0.000000e+00 5.223341e-06 0.000000e+00 0.000000e+00
45400 455.317713 21.867953 15.500000 0.973321 0.229447 0.000000 9.440268e-03 2.143703e-03 0.000000e+00 0.000000e+00 0.000000e+00 2.566066e-05 0.000000e+00 0.000000e+00
45450 455.786905 21.978582 15.500000 0.973177 0.230059 0.000000 9.398744e-03 2.133797e-03 0.000000e+00 0.000000e+00 0.000000e+00 -1.095268e-05 0.000000e+00 0.000000e+00
45500 456.257639 22.089891 15.500000 0.973305 0.229514 0.000000 9.437143e-03 2.188968e-03 0.000000e+00 0.000000e+00 0.000000e+00 -1.948247e-05 0.000000e+00 0.000000e+00
45550 456.726636 22.198894 15.500000 0.973729 0.227709 0.000000 9.418095e-03 2.047272e-03 0.000000e+00 0.000000e+00 0.000000e+00 -4.566621e-05 0.000000e+00 0.000000e+00
45600 457.200666 22.305824 15.500000 0.973928 0.226857 0.000000 9.477215e-03 2.145006e-03 0.000000e+00 0.000000e+00 0.000000e+00 -8.966517e-06 0.000000e+00 0.000000e+00
45650 457.672734 22.414114 15.500000 0.974285 0.225320 0.000000 9.393662e-03 2.094571e-03 0.000000e+00 0.000000e+00 0.000000e+00 -3.677221e-05 0.000000e+00 0.000000e+00
45700 458.151702 22.519085 15.500000 0.974461 0.224556 0.000000 9.574179e-03 2.067697e-03 0.000000e+00 0.000000e+00 0.000000e+00 -1.192252e-05 0.000000e+00 0.000000e+00
45750 458.626096 22.623490 15.500000 0.974432 0.224681 0.000000 9.395126e-03 2.058650e-03 0.000000e+00 0.000000e+00 0.000000e+00 2.269473e-05 0.000000e+00 0.000000e+00
45800 459.103528 22.731343 15.500000 0.974496 0.224405 0.000000 9.542605e-03 2.109516e-03 0.000000e+00 0.000000e+00 0.000000e+00 -2.208647e-05 0.000000e+00 0.000000e+00
45850 459.575103 22.836310 15.500000 0.974466 0.224534 0.000000 9.411242e-03 2.198849e-03 0.000000e+00 0.000000e+00 0.000000e+00 1.760520e-05 0.000000e+00 0.000000e+00
45900 460.047656 22.944423 15.500000 0.974402 0.224812 0.000000 9.571868e-03 2.181729e-03 0.000000e+00 0.000000e+00 0.000000e+00 -4.370964e-06 0.000000e+00 0.000000e+00
45950 460.517153 23.052086 15.500000 0.974501 0.224383 0.000000 9.345578e-03 2.346330e-03 0.000000e+00 0.000000e+00 0.000000e+00 -1.005418e-05 0.000000e+00 0.000000e+00
46000 460.987010 23.157319 15.500000 0.974798 0.223089 0.000000 9.543500e-03 2.099969e-03 0.000000e+00 0.000000e+00 0.000000e+00 -3.371198e-05 0.000000e+00 0.000000e+00
46050 461.459937 23.264311 15.500000 0.975135 0.221610 0.000000 9.384505e-03 2.206257e-03 0.000000e+00 0.000000e+00 0.000000e+00 -4.566102e-05 0.000000e+00 0.000000e+00
46100 461.930680 23.365255 15.500000 0.975487 0.220057 0.000000 9.464206e-03 2.086138e-03 0.000000e+00 0.000000e+00 0.000000e+00 -3.011071e-05 0.000000e+00 0.000000e+00
46150 462.407421 23.467714 15.500000 0.975598 0.219565 0.000000 9.339554e-03 2.030807e-03 0.000000e+00 0.000000e+00 0.000000e+00 -3.533867e-05 0.000000e+00 0.000000e+00
46200 462.880314 23.569090 15.500000 0.975836 0.218506 0.000000 9.588376e-03 2.088448e-03 0.000000e+00 0.000000e+00 0.000000e+00 -3.235771e-05 0.000000e+00 0.000000e+00
46250 463.357795 23.669065 15.500000 0.976063 0.217488 0.000000 9.469058e-03 1.872505e-03 0.000000e+00 0.000000e+00 0.000000e+00 -8.088042e-06 0.000000e+00 0.000000e+00
46300 463.828684 23.771432 15.500000 0.976155 0.217076 0.000000 9.476909e-03 2.056891e-03 0.000000e+00 0.000000e+00 0.000000e+00 5.355031e-07 0.000000e+00 0.000000e+00
46350 464.302918 23.872772 15.500000 0.976195 0.216893 0.000000 9.426761e-03 1.968813e-03 0.000000e+00 0.000000e+00 0.000000e+00 1.091140e-05 0.000000e+00 0.000000e+00
46400 464.771368 23.974962 15.500000 0.976216 0.216798 0.000000 9.396645e-03 1.952270e-03 0.000000e+00 0.000000e+00 0.000000e+00 -2.730612e-05 0.000000e+00 0.000000e+00
46450 465.241040 24.077074 15.500000 0.976499 0.215522 0.000000 9.403136e-03 1.984033e-03 0.000000e+00 0.000000e+00 0.000000e+00 -2.930774e-05 0.000000e+00 0.000000e+00
46500 465.708916 24.176945 15.500000 0.977034 0.213084 0.000000 9.347597e-03 1.839644e-03 0.000000e+00 0.000000e+00 0.000000e+00 -5.481735e-05 0.000000e+00 0.000000e+00
46550 466.181578 24.273717 15.500000 0.977428 0.211269 0.000000 9.429656e-03 1.927770e-03 0.000000e+00 0.000000e+00 0.000000e+00 -2.814151e-05 0.000000e+00 0.000000e+00
46600 466.652204 24.372314 15.500000 0.977904 0.209056 0.000000 9.381874e-03 1.859956e-03 0.000000e+00 0.000000e+00 0.000000e+00 -7.252044e-05 0.000000e+00 0.000000e+00
46650 467.129503 24.465940 15.500000 0.978293 0.207229 0.000000 9.564386e-03 1.897887e-03 0.000000e+00 0.000000e+00 0.000000e+00 -3.126537e-05 0.000000e+00 0.000000e+00
46700 467.602991 24.558858 15.500000 0.978473 0.206375 0.000000 9.411888e-03 1.852535e-03 0.000000e+00 0.000000e+00 0.000000e+00 -1.090646e-05 0.000000e+00 0.000000e+00
46750 468.079312 24.653507 15.500000 0.978798 0.204829 0.000000 9.570303e-03 1.903903e-03 0.000000e+00 0.000000e+00 0.000000e+00 -4.118706e-05 0.000000e+00 0.000000e+00
46800 468.551335 24.743923 15.500000 0.979031 0.203714 0.000000 9.326776e-03 1.944016e-03 0.000000e+00 0.000000e+00 0.000000e+00 -1.304565e-05 0.000000e+00 0.000000e+00
46850 469.023457 24.839295 15.500000 0.979272 0.202547 0.000000 9.504597e-03 1.853687e-03 0.000000e+00 0.000000e+00 0.000000e+00 -4.867835e-06 0.000000e+00 0.000000e+00
46900 469.494423 24.931768 15.500000 0.979411 0.201878 0.000000 9.340578e-03 2.018589e-03 0.000000e+00 0.000000e+00 0.000000e+00 -3.081655e-05 0.000000e+00 0.000000e+00
46950 469.962204 25.024235 15.500000 0.979818 0.199892 0.000000 9.275271e-03 1.919540e-03 0.000000e+00 0.000000e+00 0.000000e+00 -2.701018e-05 0.000000e+00 0.000000e+00
47000 470.431640 25.115826 15.500000 0.980304 0.197494 0.000000 9.342945e-03 1.865651e-03 0.000000e+00 0.000000e+00 0.000000e+00 -7.517523e-05 0.000000e+00 0.000000e+00
47050 470.898881 25.202851 15.500000 0.980979 0.194116 0.000000 9.361191e-03 1.712734e-03 0.000000e+00 0.000000e+00 0.000000e+00 -6.184119e-05 0.000000e+00 0.000000e+00
47100 471.372196 25.290325 15.500000 0.981527 0.191322 0.000000 9.463941e-03 1.908012e-03 0.000000e+00 0.000000e+00 0.000000e+00 -6.417344e-05 0.000000e+00 0.000000e+00
47150 471.841441 25.373265 15.500000 0.982114 0.188287 0.000000 9.516020e-03 1.585438e-03 0.000000e+00 0.000000e+00 0.000000e+00 -5.984817e-05 0.000000e+00 0.000000e+00
47200 472.318588 25.455390 15.500000 0.982499 0.186269 0.000000 9.525119e-03 1.642051e-03 0.000000e+00 0.000000e+00 0.000000e+00 -4.211465e-05 0.000000e+00 0.000000e+00
47250 472.787809 25.535351 15.500000 0.983004 0.183586 0.000000 9.564975e-03 1.638725e-03 0.000000e+00 0.000000e+00 0.000000e+00 -6.470835e-05 0.000000e+00 0.000000e+00
47300 473.265797 25.615022 15.500000 0.983524 0.180780 0.000000 9.521044e-03 1.458345e-03 0.000000e+00 0.000000e+00 0.000000e+00 -4.495468e-05 0.000000e+00 0.000000e+00
47350 473.736768 25.692825 15.500000 0.983855 0.178966 0.000000 9.498194e-03 1.678247e-03 0.000000e+00 0.000000e+00 0.000000e+00 -4.047022e-05 0.000000e+00 0.000000e+00
47400 474.210993 25.771644 15.500000 0.984347 0.176241 0.000000 9.402950e-03 1.489337e-03 0.000000e+00 0.000000e+00 0.000000e+00 -5.072845e-05 0.000000e+00 0.000000e+00
47450 474.679404 25.847639 15.500000 0.984737 0.174052 0.000000 9.388057e-03 1.517206e-03 0.000000e+00 0.000000e+00 0.000000e+00 -4.366654e-05 0.000000e+00 0.000000e+00
47500 475.150270 25.924371 15.500000 0.985186 0.171487 0.000000 9.419863e-03 1.396166e-03 0.000000e+00 0.000000e+00 0.000000e+00 -6.509963e-05 0.000000e+00 0.000000e+00
47550 475.616782 25.999364 15.500000 0.985774 0.168074 0.000000 9.259767e-03 1.286135e-03 0.000000e+00 0.000000e+00 0.000000e+00 -7.858977e-05 0.000000e+00 0.000000e+00
47600 476.084290 26.071424 15.500000 0.986429 0.164189 0.000000 9.392264e-03 1.328795e-03 0.000000e+00 0.000000e+00 0.000000e+00 -9.099345e-05 0.000000e+00 0.000000e+00
47650 476.551854 26.142338 15.500000 0.987222 0.159354 0.000000 9.303021e-03 1.294825e-03 0.000000e+00 0.000000e+00 0.000000e+00 -1.299285e-04 0.000000e+00 0.000000e+00
47700 477.020157 26.206819 15.500000 0.988022 0.154313 0.000000 9.533398e-03 1.246483e-03 0.000000e+00 0.000000e+00 0.000000e+00 -9.832911e-05 0.000000e+00 0.000000e+00
47750 477.490579 26.273516 15.500000 0.988772 0.149433 0.000000 9.294283e-03 1.274956e-03 0.000000e+00 0.000000e+00 0.000000e+00 -8.789625e-05 0.000000e+00 0.000000e+00
47800 477.959134 26.331327 15.500000 0.989546 0.144217 0.000000 9.517830e-03 1.214195e-03 0.000000e+00 0.000000e+00 0.000000e+00 -8.668481e-05 0.000000e+00 0.000000e+00
47850 478.433158 26.390838 15.500000 0.990163 0.139917 0.000000 9.302889e-03 1.064939e-03 0.000000e+00 0.000000e+00 0.000000e+00 -1.025282e-04 0.000000e+00 0.000000e+00
47900 478.903302 26.445135 15.500000 0.990966 0.134110 0.000000 9.591822e-03 1.075369e-03 0.000000e+00 0.000000e+00 0.000000e+00 -9.056990e-05 0.000000e+00 0.000000e+00
47950 479.379654 26.497963 15.500000 0.991588 0.129435 0.000000 9.285497e-03 9.769022e-04 0.000000e+00 0.000000e+00 0.000000e+00 -1.031306e-04 0.000000e+00 0.000000e+00
48000 479.848482 26.548581 15.500000 0.992243 0.124314 0.000000 9.516890e-03 1.067003e-03 0.000000e+00 0.000000e+00 0.000000e+00 -1.272023e-04 -1.418507e-05 0.000000e+00
48050 480.324807 26.596344 15.500000 0.992921 0.118773 0.000000 9.481788e-03 8.338673e-04 0.000000e+00 0.000000e+00 0.000000e+00 -1.121034e-04 -5.731622e-05 0.000000e+00
48100 480.793709 26.642981 15.500000 0.993462 0.114165 0.000000 9.506177e-03 1.087669e-03 0.000000e+00 0.000000e+00 0.000000e+00 -1.102283e-04 -1.265040e-04 0.000000e+00
48150 481.267717 26.687826 15.500000 0.994125 0.108239 0.000000 9.460801e-03 7.657443e-04 0.000000e+00 0.000000e+00 0.000000e+00 -1.081188e-04 -2.198592e-04 0.000000e+00
48200 481.735041 26.728447 15.500000 0.994708 0.102747 0.000000 9.426045e-03 1.008025e-03 0.000000e+00 0.000000e+00 0.000000e+00 -1.306604e-04 -3.250192e-04 0.000000e+00
48250 482.206392 26.768580 15.500000 0.995326 0.096568 0.000000 9.338011e-03 8.051259e-04 0.000000e+00 0.000000e+00 0.000000e+00 -1.213313e-04 -4.505245e-04 0.000000e+00
48300 482.672467 26.803880 15.500000 0.995866 0.090838 0.000000 9.378977e-03 8.767190e-04 0.000000e+00 0.000000e+00 0.000000e+00 -9.261618e-05 -5.768649e-04 0.000000e+00
48350 483.141945 26.839200 15.500000 0.996410 0.084654 0.000000 9.392988e-03 6.359779e-04 0.000000e+00 0.000000e+00 0.000000e+00 -1.257679e-04 -7.202155e-04 0.000000e+00
48400 483.607326 26.870074 15.500000 0.996896 0.078728 0.000000 9.316755e-03 7.003786e-04 0.000000e+00 0.000000e+00 0.000000e+00 -1.054574e-04 -8.572593e-04 0.000000e+00
48450 484.075164 26.899925 15.500000 0.997377 0.072377 0.000000 9.402714e-03 5.800009e-04 0.000000e+00 0.000000e+00 0.000000e+00 -1.362062e-04 -1.002019e-03 0.000000e+00
48500 484.541152 26.925868 15.500000 0.997853 0.065491 0.000000 9.305920e-03 6.750339e-04 0.000000e+00 0.000000e+00 0.000000e+00 -1.428579e-04 -1.135933e-03 0.000000e+00
48550 485.006946 26.947799 15.500000 0.998281 0.058612 0.000000 9.420524e-03 5.154527e-04 0.000000e+00 0.000000e+00 0.000000e+00 -1.477679e-04 -1.257029e-03 0.000000e+00
48600 485.471986 26.968127 15.500000 0.998694 0.051082 0.000000 9.215632e-03 6.947357e-04 0.000000e+00 0.000000e+00 0.000000e+00 -1.785137e-04 -1.372831e-03 0.000000e+00
48650 485.935292 26.983736 15.500000 0.999075 0.042991 0.000000 9.312697e-03 4.449308e-04 0.000000e+00 0.000000e+00 0.000000e+00 -1.430246e-04 -1.467563e-03 0.000000e+00
48700 486.399144 26.996768 15.500000 0.999398 0.034700 0.000000 9.232560e-03 4.774751e-04 0.000000e+00 0.000000e+00 0.000000e+00 -1.624866e-04 -1.547573e-03 0.000000e+00
48750 486.861442 27.005753 15.500000 0.999646 0.026613 0.000000 9.337772e-03 4.007971e-04 0.000000e+00 0.000000e+00 0.000000e+00 -1.308230e-04 -1.604606e-03 0.000000e+00
48800 487.326000 27.011687 15.500000 0.999833 0.018271 0.000000 9.257041e-03 3.129778e-04 0.000000e+00 0.000000e+00 0.000000e+00 -1.637856e-04 -1.643076e-03 0.000000e+00
48850 487.787666 27.014139 15.500000 0.999949 0.010126 0.000000 9.296389e-03 2.959287e-04 0.000000e+00 0.000000e+00 0.000000e+00 -1.682221e-04 -1.658981e-03 0.000000e+00
48900 488.252225 27.012967 15.500000 0.999998 0.001812 0.000000 9.259662e-03 2.452818e-04 0.000000e+00 0.000000e+00 0.000000e+00 -1.579002e-04 -1.651744e-03 0.000000e+00
48950 488.713813 27.008862 15.500000 0.999980 -0.006329 0.000000 9.246208e-03 1.757100e-04 0.000000e+00 0.000000e+00 0.000000e+00 -1.602338e-04 -1.625850e-03 0.000000e+00
49000 489.178492 27.000345 15.500000 0.999894 -0.014546 0.000000 9.306891e-03 1.643220e-04 0.000000e+00 0.000000e+00 0.000000e+00 -1.857318e-04 -1.571932e-03 0.000000e+00
49050 489.640310 26.989981 15.500000 0.999742 -0.022697 0.000000 9.234971e-03 1.727494e-04 0.000000e+00 0.000000e+00 0.000000e+00 -1.673519e-04 -1.507414e-03 0.000000e+00
49100 490.104583 26.974460 15.500000 0.999522 -0.030920 0.000000 9.247313e-03 -4.584085e-05 0.000000e+00 0.000000e+00 0.000000e+00 -1.736165e-04 -1.414698e-03 0.000000e+00
49150 490.566769 26.957993 15.500000 0.999235 -0.039102 0.000000 9.197952e-03 1.805631e-04 0.000000e+00 0.000000e+00 0.000000e+00 -1.854151e-04 -1.316905e-03 0.000000e+00
49200 491.031577 26.936329 15.500000 0.998918 -0.046511 0.000000 9.431486e-03 -2.149183e-04 0.000000e+00 0.000000e+00 0.000000e+00 -1.450202e-04 -1.197389e-03 0.000000e+00
49250 491.496740 26.913232 15.500000 0.998560 -0.053646 0.000000 9.227272e-03 -1.111864e-04 0.000000e+00 0.000000e+00 0.000000e+00 -1.544259e-04 -1.073497e-03 0.000000e+00
49300 491.962182 26.887389 15.500000 0.998193 -0.060093 0.000000 9.426258e-03 -3.089841e-04 0.000000e+00 0.000000e+00 0.000000e+00 -1.298736e-04 -9.444257e-04 0.000000e+00
49350 492.429719 26.858129 15.500000 0.997763 -0.066851 0.000000 9.284376e-03 -3.885168e-04 0.000000e+00 0.000000e+00 0.000000e+00 -1.381432e-04 -8.076081e-04 0.000000e+00
49400 492.894341 26.827836 15.500000 0.997364 -0.072562 0.000000 9.330410e-03 -5.101775e-04 0.000000e+00 0.000000e+00 0.000000e+00 -1.228378e-04 -6.773966e-04 0.000000e+00
49450 493.362927 26.794571 15.500000 0.996883 -0.078892 0.000000 9.308530e-03 -6.256587e-04 0.000000e+00 0.000000e+00 0.000000e+00 -1.257902e-04 -5.475219e-04 0.000000e+00
49500 493.828062 26.760158 15.500000 0.996420 -0.084540 0.000000 9.312146e-03 -6.165354e-04 0.000000e+00 0.000000e+00 0.000000e+00 -1.032347e-04 -4.272771e-04 0.000000e+00
49550 494.297722 26.722843 15.500000 0.995858 -0.090926 0.000000 9.338199e-03 -8.167270e-04 0.000000e+00 0.000000e+00 0.000000e+00 -1.046810e-04 -3.143085e-04 0.000000e+00
49600 494.763188 26.682434 15.500000 0.995326 -0.096573 0.000000 9.402483e-03 -6.436138e-04 0.000000e+00 0.000000e+00 0.000000e+00 -1.005354e-04 -2.105959e-04 0.000000e+00
49650 495.235604 26.641751 15.500000 0.994736 -0.102473 0.000000 9.443964e-03 -9.438681e-04 0.000000e+00 0.000000e+00 0.000000e+00 -1.213877e-04 -1.279379e-04 0.000000e+00
49700 495.702730 26.595148 15.500000 0.994222 -0.107344 0.000000 9.313100e-03 -7.819608e-04 0.000000e+00 0.000000e+00 0.000000e+00 -1.238248e-04 -5.782114e-05 0.000000e+00
49750 496.177713 26.551935 15.500000 0.993630 -0.112689 0.000000 9.482607e-03 -9.769486e-04 0.000000e+00 0.000000e+00 0.000000e+00 -1.237505e-04 -1.759104e-05 0.000000e+00
49800 496.646626 26.501342 15.500000 0.992996 -0.118146 0.000000 9.280679e-03 -9.892496e-04 0.000000e+00 0.000000e+00 0.000000e+00 -1.049300e-04 -3.413862e-08 0.000000e+00
49850 497.121149 26.453088 15.500000 0.992398 -0.123066 0.000000 9.522270e-03 -1.004672e-03 0.000000e+00 0.000000e+00 0.000000e+00 -1.060217e-04 0.000000e+00 0.000000e+00
49900 497.591933 26.399644 15.500000 0.991709 -0.128504 0.000000 9.312571e-03 -1.080228e-03 0.000000e+00 0.000000e+00 0.000000e+00 -1.435711e-04 0.000000e+00 0.000000e+00
49950 498.065255 26.343542 15.500000 0.991059 -0.133428 0.000000 9.582943e-03 -1.111327e-03 0.000000e+00 0.000000e+00 0.000000e+00 -6.798166e-05 0.000000e+00 0.000000e+00
50000 498.536106 26.289149 15.500000 0.990358 -0.138530 0.000000 9.325914e-03 -1.284835e-03 0.000000e+00 0.000000e+00 0.000000e+00 -1.267728e-04 0.000000e+00 0.000000e+00
50050 499.005995 26.224304 15.500000 0.989658 -0.143445 0.000000 9.542235e-03 -1.275743e-03 0.000000e+00 0.000000e+00 0.000000e+00 -9.475363e-05 0.000000e+00 0.000000e+00
50100 499.476379 26.163047 15.500000 0.988922 -0.148434 0.000000 9.345005e-03 -1.348728e-03 0.000000e+00 0.000000e+00 0.000000e+00 -1.161540e-04 0.000000e+00 0.000000e+00
50150 499.944241 26.094715 15.500000 0.988125 -0.153651 0.000000 9.465129e-03 -1.481402e-03 0.000000e+00 0.000000e+00 0.000000e+00 -9.792868e-05 0.000000e+00 0.000000e+00
50200 500.413916 26.026934 15.500000 0.987434 -0.158029 0.000000 9.310074e-03 -1.565758e-03 0.000000e+00 0.000000e+00 0.000000e+00 -8.493912e-05 0.000000e+00 0.000000e+00
50250 500.879480 25.953980 15.500000 0.986819 -0.161825 0.000000 9.386990e-03 -1.531620e-03 0.000000e+00 0.000000e+00 0.000000e+00 -5.896062e-05 0.000000e+00 0.000000e+00
50300 501.349330 25.880594 15.500000 0.986322 -0.164832 0.000000 9.291054e-03 -1.554385e-03 0.000000e+00 0.000000e+00 0.000000e+00 -5.861363e-05 0.000000e+00 0.000000e+00
50350 501.815688 25.806213 15.500000 0.985990 -0.166806 0.000000 9.338022e-03 -1.561900e-03 0.000000e+00 0.000000e+00 0.000000e+00 -5.817744e-05 0.000000e+00 0.000000e+00
50400 502.287114 25.731953 15.500000 0.985531 -0.169494 0.000000 9.371618e-03 -1.649043e-03 0.000000e+00 0.000000e+00 0.000000e+00 -5.376204e-05 0.000000e+00 0.000000e+00
50450 502.754900 25.654620 15.500000 0.985123 -0.171848 0.000000 9.439191e-03 -1.481210e-03 0.000000e+00 0.000000e+00 0.000000e+00 -4.369634e-05 0.000000e+00 0.000000e+00
50500 503.230167 25.579268 15.500000 0.984623 -0.174693 0.000000 9.528843e-03 -1.596763e-03 0.000000e+00 0.000000e+00 0.000000e+00 -4.886154e-05 0.000000e+00 0.000000e+00
50550 503.699218 25.499407 15.500000 0.984170 -0.177226 0.000000 9.309713e-03 -1.566631e-03 0.000000e+00 0.000000e+00 0.000000e+00 -4.920769e-05 0.000000e+00 0.000000e+00
50600 504.176880 25.421454 15.500000 0.983749 -0.179546 0.000000 9.534639e-03 -1.561993e-03 0.000000e+00 0.000000e+00 0.000000e+00 -5.158533e-05 0.000000e+00 0.000000e+00
50650 504.648541 25.341394 15.500000 0.983142 -0.182845 0.000000 9.365619e-03 -1.637328e-03 0.000000e+00 0.000000e+00 0.000000e+00 -5.584566e-05 0.000000e+00 0.000000e+00
50700 505.124246 25.255770 15.500000 0.982642 -0.185513 0.000000 9.474468e-03 -1.649903e-03 0.000000e+00 0.000000e+00 0.000000e+00 -5.202023e-05 0.000000e+00 0.000000e+00
50750 505.594230 25.172587 15.500000 0.982044 -0.188651 0.000000 9.374745e-03 -1.723475e-03 0.000000e+00 0.000000e+00 0.000000e+00 -7.476051e-05 0.000000e+00 0.000000e+00
50800 506.065972 25.083164 15.500000 0.981456 -0.191690 0.000000 9.498655e-03 -1.691490e-03 0.000000e+00 0.000000e+00 0.000000e+00 -4.649374e-05 0.000000e+00 0.000000e+00
50850 506.535048 24.995204 15.500000 0.980972 -0.194151 0.000000 9.331533e-03 -1.565618e-03 0.000000e+00 0.000000e+00 0.000000e+00 -4.921849e-05 0.000000e+00 0.000000e+00
50900 507.003352 24.904053 15.500000 0.980620 -0.195918 0.000000 9.475321e-03 -1.723792e-03 0.000000e+00 0.000000e+00 0.000000e+00 -2.541274e-05 0.000000e+00 0.000000e+00
50950 507.474399 24.811694 15.500000 0.980407 -0.196981 0.000000 9.372234e-03 -1.811841e-03 0.000000e+00 0.000000e+00 0.000000e+00 -1.725887e-05 0.000000e+00 0.000000e+00
51000 507.943462 24.721308 15.500000 0.980243 -0.197798 0.000000 9.416969e-03 -1.770948e-03 0.000000e+00 0.000000e+00 0.000000e+00 -3.119106e-05 0.000000e+00 0.000000e+00
51050 508.417954 24.628632 15.500000 0.979927 -0.199355 0.000000 9.329860e-03 -1.830149e-03 0.000000e+00 0.000000e+00 0.000000e+00 -4.348502e-05 0.000000e+00 0.000000e+00
51100 508.890271 24.537326 15.500000 0.979812 -0.199919 0.000000 9.621982e-03 -1.785676e-03 0.000000e+00 0.000000e+00 0.000000e+00 -1.939564e-05 0.000000e+00 0.000000e+00
51150 509.368679 24.446465 15.500000 0.979517 -0.201362 0.000000 9.386879e-03 -1.873462e-03 0.000000e+00 0.000000e+00 0.000000e+00 -3.233415e-05 0.000000e+00 0.000000e+00
51200 509.840621 24.351068 15.500000 0.979034 -0.203698 0.000000 9.549719e-03 -1.965341e-03 0.000000e+00 0.000000e+00 0.000000e+00 -4.580202e-05 0.000000e+00 0.000000e+00
51250 510.317247 24.257279 15.500000 0.978715 -0.205223 0.000000 9.489704e-03 -1.857959e-03 0.000000e+00 0.000000e+00 0.000000e+00 -3.990468e-05 0.000000e+00 0.000000e+00
51300 510.787234 24.160477 15.500000 0.978229 -0.207529 0.000000 9.400166e-03 -2.036363e-03 0.000000e+00 0.000000e+00 0.000000e+00 -4.177549e-05 0.000000e+00 0.000000e+00
51350 511.261043 24.062692 15.500000 0.977807 -0.209506 0.000000 9.433355e-03 -2.018646e-03 0.000000e+00 0.000000e+00 0.000000e+00 -4.143678e-05 0.000000e+00 0.000000e+00
51400 511.728938 23.962329 15.500000 0.977526 -0.210815 0.000000 9.356965e-03 -2.180507e-03 0.000000e+00 0.000000e+00 0.000000e+00 -3.174094e-05 0.000000e+00 0.000000e+00
51450 512.200964 23.862515 15.500000 0.977372 -0.211526 0.000000 9.457247e-03 -2.087353e-03 0.000000e+00 0.000000e+00 0.000000e+00 -2.245450e-06 0.000000e+00 0.000000e+00
51500 512.670082 23.761340 15.500000 0.977364 -0.211566 0.000000 9.403861e-03 -2.015392e-03 0.000000e+00 0.000000e+00 0.000000e+00 -1.342780e-05 0.000000e+00 0.000000e+00
51550 513.144354 23.663577 15.500000 0.977226 -0.212199 0.000000 9.502461e-03 -1.957649e-03 0.000000e+00 0.000000e+00 0.000000e+00 -1.226962e-05 0.000000e+00 0.000000e+00
51600 513.616746 23.562812 15.500000 0.977144 -0.212579 0.000000 9.368968e-03 -2.039304e-03 0.000000e+00 0.000000e+00 0.000000e+00 1.777440e-05 0.000000e+00 0.000000e+00
51650 514.094468 23.463614 15.500000 0.977016 -0.213168 0.000000 9.552566e-03 -2.006871e-03 0.000000e+00 0.000000e+00 0.000000e+00 -1.343962e-05 0.000000e+00 0.000000e+00
51700 514.569627 23.364573 15.500000 0.976703 -0.214596 0.000000 9.433528e-03 -1.980453e-03 0.000000e+00 0.000000e+00 0.000000e+00 -6.366016e-05 0.000000e+00 0.000000e+00
51750 515.045525 23.260623 15.500000 0.976387 -0.216028 0.000000 9.603295e-03 -2.000324e-03 0.000000e+00 0.000000e+00 0.000000e+00 -1.087676e-05 0.000000e+00 0.000000e+00
51800 515.518581 23.159632 15.500000 0.976046 -0.217564 0.000000 9.342198e-03 -2.024013e-03 0.000000e+00 0.000000e+00 0.000000e+00 -4.681770e-05 0.000000e+00 0.000000e+00
51850 515.989933 23.053329 15.500000 0.975629 -0.219429 0.000000 9.464089e-03 -2.027144e-03 0.000000e+00 0.000000e+00 0.000000e+00 -2.224535e-05 0.000000e+00 0.000000e+00
51900 516.460744 22.948273 15.500000 0.975383 -0.220516 0.000000 9.363109e-03 -1.917936e-03 0.000000e+00 0.000000e+00 0.000000e+00 -1.293850e-05 0.000000e+00 0.000000e+00
51950 516.930464 22.841980 15.500000 0.975359 -0.220625 0.000000 9.471005e-03 -2.043698e-03 0.000000e+00 0.000000e+00 0.000000e+00 1.718959e-05 0.000000e+00 0.000000e+00
52000 517.404466 22.735958 15.500000 0.975394 -0.220470 0.000000 9.450682e-03 -2.111732e-03 0.000000e+00 0.000000e+00 0.000000e+00 -8.387629e-06 0.000000e+00 0.000000e+00
52050 517.875433 22.631881 15.500000 0.975393 -0.220474 0.000000 9.506839e-03 -2.047961e-03 0.000000e+00 0.000000e+00 0.000000e+00 4.336014e-06 0.000000e+00 0.000000e+00
52100 518.353475 22.527854 15.500000 0.975188 -0.221377 0.000000 9.448920e-03 -2.097217e-03 0.000000e+00 0.000000e+00 0.000000e+00 -2.274452e-05 0.000000e+00 0.000000e+00
52150 518.825584 22.421782 15.500000 0.975032 -0.222064 0.000000 9.641837e-03 -2.164356e-03 0.000000e+00 0.000000e+00 0.000000e+00 -1.177483e-05 0.000000e+00 0.000000e+00
52200 519.304399 22.317497 15.500000 0.974928 -0.222522 0.000000 9.518062e-03 -2.048878e-03 0.000000e+00 0.000000e+00 0.000000e+00 -2.994684e-05 0.000000e+00 0.000000e+00
52250 519.775845 22.210352 15.500000 0.974648 -0.223742 0.000000 9.412191e-03 -2.275632e-03 0.000000e+00 0.000000e+00 0.000000e+00 6.078642e-07 0.000000e+00 0.000000e+00
52300 520.250517 22.103090 15.500000 0.974352 -0.225029 0.000000 9.481693e-03 -2.188814e-03 0.000000e+00 0.000000e+00 0.000000e+00 -3.492570e-05 0.000000e+00 0.000000e+00
52350 520.719999 21.993656 15.500000 0.974184 -0.225755 0.000000 9.353527e-03 -2.360450e-03 0.000000e+00 0.000000e+00 0.000000e+00 -9.398378e-06 0.000000e+00 0.000000e+00
52400 521.192474 21.884251 15.500000 0.974173 -0.225804 0.000000 9.492104e-03 -2.298156e-03 0.000000e+00 0.000000e+00 0.000000e+00 3.854196e-06 0.000000e+00 0.000000e+00
52450 521.662394 21.774628 15.500000 0.974318 -0.225176 0.000000 9.411680e-03 -2.193681e-03 0.000000e+00 0.000000e+00 0.000000e+00 3.694493e-06 0.000000e+00 0.000000e+00
52500 522.137158 21.668408 15.500000 0.974324 -0.225149 0.000000 9.496727e-03 -2.115275e-03 0.000000e+00 0.000000e+00 0.000000e+00 8.638526e-07 0.000000e+00 0.000000e+00
52550 522.610471 21.559935 15.500000 0.974369 -0.224954 0.000000 9.418074e-03 -2.178844e-03 0.000000e+00 0.000000e+00 0.000000e+00 1.792238e-05 0.000000e+00 0.000000e+00
52600 523.088785 21.452909 15.500000 0.974365 -0.224972 0.000000 9.573912e-03 -2.149010e-03 0.000000e+00 0.000000e+00 0.000000e+00 -5.557988e-06 0.000000e+00 0.000000e+00
52650 523.564607 21.346933 15.500000 0.974136 -0.225962 0.000000 9.480047e-03 -2.110268e-03 0.000000e+00 0.000000e+00 0.000000e+00 -4.229814e-05 0.000000e+00 0.000000e+00
52700 524.040933 21.235387 15.500000 0.973907 -0.226949 0.000000 9.601045e-03 -2.149221e-03 0.000000e+00 0.000000e+00 0.000000e+00 -7.792587e-06 0.000000e+00 0.000000e+00
52750 524.514321 21.127364 15.500000 0.973624 -0.228159 0.000000 9.347835e-03 -2.043722e-03 0.000000e+00 0.000000e+00 0.000000e+00 -3.336173e-05 0.000000e+00 0.000000e+00
52800 524.984875 21.015008 15.500000 0.973309 -0.229497 0.000000 9.378757e-03 -2.175257e-03 0.000000e+00 0.000000e+00 0.000000e+00 7.349186e-07 0.000000e+00 0.000000e+00
52850 525.455345 20.903784 15.500000 0.973286 -0.229598 0.000000 9.368134e-03 -2.088296e-03 0.000000e+00 0.000000e+00 0.000000e+00 1.695077e-05 0.000000e+00 0.000000e+00
52900 525.924676 20.792988 15.500000 0.973486 -0.228746 0.000000 9.472702e-03 -2.169757e-03 0.000000e+00 0.000000e+00 0.000000e+00 1.708923e-05 0.000000e+00 0.000000e+00
52950 526.399818 20.682029 15.500000 0.973548 -0.228481 0.000000 9.454033e-03 -2.237844e-03 0.000000e+00 0.000000e+00 0.000000e+00 -4.940678e-06 0.000000e+00 0.000000e+00
53000 526.873296 20.572851 15.500000 0.973707 -0.227803 0.000000 9.592665e-03 -2.136741e-03 0.000000e+00 0.000000e+00 0.000000e+00 6.122046e-06 0.000000e+00 0.000000e+00
53050 527.353308 20.464843 15.500000 0.973657 -0.228019 0.000000 9.448926e-03 -2.143920e-03 0.000000e+00 0.000000e+00 0.000000e+00 -1.118558e-05 0.000000e+00 0.000000e+00
53100 527.826705 20.353685 15.500000 0.973403 -0.229100 0.000000 9.584692e-03 -2.342557e-03 0.000000e+00 0.000000e+00 0.000000e+00 -1.303044e-05 0.000000e+00 0.000000e+00
53150 528.304425 20.243962 15.500000 0.973305 -0.229516 0.000000 9.473101e-03 -2.186218e-03 0.000000e+00 0.000000e+00 0.000000e+00 -3.369910e-05 0.000000e+00 0.000000e+00
53200 528.775982 20.132719 15.500000 0.973001 -0.230802 0.000000 9.428341e-03 -2.320207e-03 0.000000e+00 0.000000e+00 0.000000e+00 -2.341951e-05 0.000000e+00 0.000000e+00
53250 529.250436 20.019670 15.500000 0.972778 -0.231739 0.000000 9.411073e-03 -2.361287e-03 0.000000e+00 0.000000e+00 0.000000e+00 -1.456792e-05 0.000000e+00 0.000000e+00
53300 529.719572 19.905622 15.500000 0.972730 -0.231940 0.000000 9.352264e-03 -2.438918e-03 0.000000e+00 0.000000e+00 0.000000e+00 -7.034024e-06 0.000000e+00 0.000000e+00
53350 530.193246 19.793864 15.500000 0.972848 -0.231447 0.000000 9.469866e-03 -2.322500e-03 0.000000e+00 0.000000e+00 0.000000e+00 -5.302845e-06 0.000000e+00 0.000000e+00
53400 530.663993 19.680264 15.500000 0.972943 -0.231046 0.000000 9.429150e-03 -2.189554e-03 0.000000e+00 0.000000e+00 0.000000e+00 -1.233613e-05 0.000000e+00 0.000000e+00
53450 531.140859 19.571319 15.500000 0.972948 -0.231023 0.000000 9.575358e-03 -2.178941e-03 0.000000e+00 0.000000e+00 0.000000e+00 -1.429834e-05 0.000000e+00 0.000000e+00
53500 531.615284 19.460055 15.500000 0.972819 -0.231567 0.000000 9.432159e-03 -2.225604e-03 0.000000e+00 0.000000e+00 0.000000e+00 -5.856691e-06 0.000000e+00 0.000000e+00
53550 532.093278 19.348001 15.500000 0.972834 -0.231503 0.000000 9.584130e-03 -2.238890e-03 0.000000e+00 0.000000e+00 0.000000e+00 5.070793e-06 0.000000e+00 0.000000e+00
53600 532.567055 19.238457 15.500000 0.972667 -0.232206 0.000000 9.352723e-03 -2.189415e-03 0.000000e+00 0.000000e+00 0.000000e+00 -1.421816e-05 0.000000e+00 0.000000e+00
53650 533.041232 19.122511 15.500000 0.972465 -0.233049 0.000000 9.561585e-03 -2.221428e-03 0.000000e+00 0.000000e+00 0.000000e+00 -1.123082e-05 0.000000e+00 0.000000e+00
53700 533.513296 19.010090 15.500000 0.972314 -0.233678 0.000000 9.379595e-03 -2.051258e-03 0.000000e+00 0.000000e+00 0.000000e+00 -3.077488e-06 0.000000e+00 0.000000e+00
53750 533.983602 18.895708 15.500000 0.972328 -0.233618 0.000000 9.461122e-03 -2.140534e-03 0.000000e+00 0.000000e+00 0.000000e+00 1.373283e-05 0.000000e+00 0.000000e+00
53800 534.457352 18.781052 15.500000 0.972485 -0.232964 0.000000 9.438937e-03 -2.274843e-03 0.000000e+00 0.000000e+00 0.000000e+00 1.870407e-05 0.000000e+00 0.000000e+00
53850 534.928688 18.669806 15.500000 0.972664 -0.232216 0.000000 9.470478e-03 -2.235900e-03 0.000000e+00 0.000000e+00 0.000000e+00 2.087815e-05 0.000000e+00 0.000000e+00
53900 535.406210 18.557838 15.500000 0.972583 -0.232556 0.000000 9.367848e-03 -2.149401e-03 0.000000e+00 0.000000e+00 0.000000e+00 -1.580802e-05 0.000000e+00 0.000000e+00
53950 535.880463 18.445777 15.500000 0.972677 -0.232162 0.000000 9.606311e-03 -2.269739e-03 0.000000e+00 0.000000e+00 0.000000e+00 1.590054e-05 0.000000e+00 0.000000e+00
54000 536.359254 18.335806 15.500000 0.972690 -0.232107 0.000000 9.488679e-03 -2.192979e-03 0.000000e+00 0.000000e+00 0.000000e+00 1.790053e-06 0.000000e+00 0.000000e+00
54050 536.831717 18.221781 15.500000 0.972529 -0.232781 0.000000 9.489000e-03 -2.351236e-03 0.000000e+00 0.000000e+00 0.000000e+00 -7.839680e-06 0.000000e+00 0.000000e+00
54100 537.307620 18.108961 15.500000 0.972273 -0.233847 0.000000 9.462723e-03 -2.330303e-03 0.000000e+00 0.000000e+00 0.000000e+00 -1.883557e-05 0.000000e+00 0.000000e+00
54150 537.777852 17.993640 15.500000 0.972121 -0.234479 0.000000 9.425042e-03 -2.464883e-03 0.000000e+00 0.000000e+00 0.000000e+00 5.484793e-06 0.000000e+00 0.000000e+00
54200 538.250919 17.878773 15.500000 0.972211 -0.234107 0.000000 9.455085e-03 -2.360465e-03 0.000000e+00 0.000000e+00 0.000000e+00 5.953869e-06 0.000000e+00 0.000000e+00
54250 538.721205 17.765179 15.500000 0.972476 -0.233003 0.000000 9.442125e-03 -2.305598e-03 0.000000e+00 0.000000e+00 0.000000e+00 1.287030e-05 0.000000e+00 0.000000e+00
54300 539.196925 17.653810 15.500000 0.972534 -0.232761 0.000000 9.506337e-03 -2.262899e-03 0.000000e+00 0.000000e+00 0.000000e+00 1.743159e-05 0.000000e+00 0.000000e+00
54350 539.670071 17.540654 15.500000 0.972705 -0.232046 0.000000 9.339251e-03 -2.277792e-03 0.000000e+00 0.000000e+00 0.000000e+00 5.078328e-05 0.000000e+00 0.000000e+00
54400 540.150212 17.429337 15.500000 0.972736 -0.231915 0.000000 9.584223e-03 -2.242111e-03 0.000000e+00 0.000000e+00 0.000000e+00 -8.972292e-06 0.000000e+00 0.000000e+00
54450 540.625489 17.319090 15.500000 0.972526 -0.232794 0.000000 9.448890e-03 -2.233443e-03 0.000000e+00 0.000000e+00 0.000000e+00 -1.486177e-05 0.000000e+00 0.000000e+00
54500 541.102884 17.203309 15.500000 0.972387 -0.233373 0.000000 9.544530e-03 -2.250227e-03 0.000000e+00 0.000000e+00 0.000000e+00 -2.512516e-05 0.000000e+00 0.000000e+00
54550 541.575166 17.090512 15.500000 0.972123 -0.234471 0.000000 9.375223e-03 -2.188547e-03 0.000000e+00 0.000000e+00 0.000000e+00 -3.307583e-05 0.000000e+00 0.000000e+00
54600 542.046017 16.974911 15.500000 0.971955 -0.235168 0.000000 9.514532e-03 -2.239160e-03 0.000000e+00 0.000000e+00 0.000000e+00 -7.284361e-06 0.000000e+00 0.000000e+00
54650 542.516635 16.859630 15.500000 0.972099 -0.234571 0.000000 9.302267e-03 -2.268382e-03 0.000000e+00 0.000000e+00 0.000000e+00 2.316616e-05 0.000000e+00 0.000000e+00
54700 542.987910 16.747109 15.500000 0.972348 -0.233539 0.000000 9.580207e-03 -2.216626e-03 0.000000e+00 0.000000e+00 0.000000e+00 7.506475e-06 0.000000e+00 0.000000e+00
54750 543.463143 16.632967 15.500000 0.972436 -0.233169 0.000000 9.355605e-03 -2.158772e-03 0.000000e+00 0.000000e+00 0.000000e+00 1.560571e-05 0.000000e+00 0.000000e+00
54800 543.938849 16.521802 15.500000 0.972653 -0.232263 0.000000 9.540676e-03 -2.250065e-03 0.000000e+00 0.000000e+00 0.000000e+00 1.715700e-05 0.000000e+00 0.000000e+00
54850 544.417879 16.410980 15.500000 0.972634 -0.232341 0.000000 9.415491e-03 -2.289742e-03 0.000000e+00 0.000000e+00 0.000000e+00 -7.793991e-06 0.000000e+00 0.000000e+00
54900 544.893189 16.296731 15.500000 0.972390 -0.233362 0.000000 9.556496e-03 -2.258574e-03 0.000000e+00 0.000000e+00 0.000000e+00 -2.168680e-05 0.000000e+00 0.000000e+00
54950 545.369626 16.184496 15.500000 0.972321 -0.233648 0.000000 9.498555e-03 -2.313470e-03 0.000000e+00 0.000000e+00 0.000000e+00 -7.345625e-06 0.000000e+00 0.000000e+00
55000 545.841170 16.069981 15.500000 0.972002 -0.234974 0.000000 9.478554e-03 -2.408570e-03 0.000000e+00 0.000000e+00 0.000000e+00 -2.790091e-05 0.000000e+00 0.000000e+00
55050 546.313558 15.954457 15.500000 0.971952 -0.235179 0.000000 9.397277e-03 -2.413736e-03 0.000000e+00 0.000000e+00 0.000000e+00 -1.324098e-05 0.000000e+00 0.000000e+00
55100 546.782374 15.839895 15.500000 0.972210 -0.234112 0.000000 9.397533e-03 -2.355170e-03 0.000000e+00 0.000000e+00 0.000000e+00 1.688536e-05 0.000000e+00 0.000000e+00
55150 547.256982 15.727476 15.500000 0.972386 -0.233379 0.000000 9.489256e-03 -2.309663e-03 0.000000e+00 0.000000e+00 0.000000e+00 1.669907e-05 0.000000e+00 0.000000e+00
55200 547.729299 15.613368 15.500000 0.972627 -0.232374 0.000000 9.492220e-03 -2.171622e-03 0.000000e+00 0.000000e+00 0.000000e+00 6.638045e-06 0.000000e+00 0.000000e+00
55250 548.209485 15.503069 15.500000 0.972701 -0.232061 0.000000 9.640309e-03 -2.221451e-03 0.000000e+00 0.000000e+00 0.000000e+00 -5.665287e-06 0.000000e+00 0.000000e+00
55300 548.683281 15.392069 15.500000 0.972534 -0.232760 0.000000 9.435398e-03 -2.241818e-03 0.000000e+00 0.000000e+00 0.000000e+00 2.047823e-05 0.000000e+00 0.000000e+00
55350 549.162546 15.278170 15.500000 0.972527 -0.232790 0.000000 9.522567e-03 -2.240144e-03 0.000000e+00 0.000000e+00 0.000000e+00 -1.405299e-05 0.000000e+00 0.000000e+00
55400 549.635109 15.166617 15.500000 0.972327 -0.233625 0.000000 9.438452e-03 -2.249092e-03 0.000000e+00 0.000000e+00 0.000000e+00 -1.266810e-05 0.000000e+00 0.000000e+00
55450 550.109366 15.051117 15.500000 0.972143 -0.234386 0.000000 9.463194e-03 -2.212939e-03 0.000000e+00 0.000000e+00 0.000000e+00 -2.972406e-05 0.000000e+00 0.000000e+00
55500 550.579550 14.936581 15.500000 0.972070 -0.234692 0.000000 9.349065e-03 -2.091776e-03 0.000000e+00 0.000000e+00 0.000000e+00 -6.683833e-06 0.000000e+00 0.000000e+00
55550 551.051866 14.823002 15.500000 0.972260 -0.233903 0.000000 9.598262e-03 -2.247607e-03 0.000000e+00 0.000000e+00 0.000000e+00 2.202361e-05 0.000000e+00 0.000000e+00
55600 551.525028 14.707678 15.500000 0.972451 -0.233109 0.000000 9.385582e-03 -2.195152e-03 0.000000e+00 0.000000e+00 0.000000e+00 2.484504e-05 0.000000e+00 0.000000e+00
55650 551.998960 14.597759 15.500000 0.972603 -0.232471 0.000000 9.608507e-03 -2.205755e-03 0.000000e+00 0.000000e+00 0.000000e+00 -3.473265e-06 0.000000e+00 0.000000e+00
55700 552.475632 14.486252 15.500000 0.972515 -0.232839 0.000000 9.453293e-03 -2.232531e-03 0.000000e+00 0.000000e+00 0.000000e+00 -2.817022e-06 0.000000e+00 0.000000e+00
55750 552.951488 14.373628 15.500000 0.972510 -0.232861 0.000000 9.595946e-03 -2.257047e-03 0.000000e+00 0.000000e+00 0.000000e+00 8.966040e-06 0.000000e+00 0.000000e+00
55800 553.428660 14.263667 15.500000 0.972471 -0.233026 0.000000 9.445222e-03 -2.260091e-03 0.000000e+00 0.000000e+00 0.000000e+00 -3.346435e-06 0.000000e+00 0.000000e+00
55850 553.900629 14.149057 15.500000 0.972311 -0.233690 0.000000 9.494035e-03 -2.365377e-03 0.000000e+00 0.000000e+00 0.000000e+00 -8.130357e-06 0.000000e+00 0.000000e+00
55900 554.374853 14.035530 15.500000 0.972196 -0.234168 0.000000 9.371323e-03 -2.417583e-03 0.000000e+00 0.000000e+00 0.000000e+00 1.003719e-05 0.000000e+00 0.000000e+00
55950 554.844040 13.920806 15.500000 0.972237 -0.233998 0.000000 9.426981e-03 -2.363926e-03 0.000000e+00 0.000000e+00 0.000000e+00 9.689422e-06 0.000000e+00 0.000000e+00
56000 555.317779 13.807378 15.500000 0.972422 -0.233227 0.000000 9.438176e-03 -2.386933e-03 0.000000e+00 0.000000e+00 0.000000e+00 2.848954e-05 0.000000e+00 0.000000e+00
56050 555.788474 13.695499 15.500000 0.972668 -0.232202 0.000000 9.469662e-03 -2.187864e-03 0.000000e+00 0.000000e+00 0.000000e+00 2.362678e-05 0.000000e+00 0.000000e+00
56100 556.266193 13.584436 15.500000 0.972725 -0.231962 0.000000 9.573697e-03 -2.334074e-03 0.000000e+00 0.000000e+00 0.000000e+00 -3.074482e-06 0.000000e+00 0.000000e+00
56150 556.738582 13.473686 15.500000 0.972824 -0.231544 0.000000 9.521543e-03 -2.179560e-03 0.000000e+00 0.000000e+00 0.000000e+00 6.001941e-06 0.000000e+00 0.000000e+00
56200 557.218650 13.362520 15.500000 0.972953 -0.231005 0.000000 9.542343e-03 -2.141192e-03 0.000000e+00 0.000000e+00 0.000000e+00 -4.000127e-06 0.000000e+00 0.000000e+00
56250 557.691379 13.252924 15.500000 0.972868 -0.231359 0.000000 9.504298e-03 -2.256930e-03 0.000000e+00 0.000000e+00 0.000000e+00 4.385995e-06 0.000000e+00 0.000000e+00
56300 558.167510 13.139520 15.500000 0.972729 -0.231945 0.000000 9.478068e-03 -2.155228e-03 0.000000e+00 0.000000e+00 0.000000e+00 -2.609205e-05 0.000000e+00 0.000000e+00
56350 558.638679 13.026938 15.500000 0.972580 -0.232567 0.000000 9.385820e-03 -2.089527e-03 0.000000e+00 0.000000e+00 0.000000e+00 -1.612376e-05 0.000000e+00 0.000000e+00
56400 559.110046 12.913912 15.500000 0.972706 -0.232043 0.000000 9.492529e-03 -2.235016e-03 0.000000e+00 0.000000e+00 0.000000e+00 1.786819e-05 0.000000e+00 0.000000e+00
56450 559.581296 12.800380 15.500000 0.972996 -0.230821 0.000000 9.393661e-03 -2.168290e-03 0.000000e+00 0.000000e+00 0.000000e+00 3.097563e-05 0.000000e+00 0.000000e+00
56500 560.055063 12.691567 15.500000 0.973216 -0.229892 0.000000 9.600903e-03 -2.193116e-03 0.000000e+00 0.000000e+00 0.000000e+00 7.907328e-06 0.000000e+00 0.000000e+00
56550 560.529647 12.580880 15.500000 0.973361 -0.229277 0.000000 9.444376e-03 -2.179978e-03 0.000000e+00 0.000000e+00 0.000000e+00 3.619997e-05 0.000000e+00 0.000000e+00
56600 561.006724 12.472034 15.500000 0.973577 -0.228358 0.000000 9.663194e-03 -2.186037e-03 0.000000e+00 0.000000e+00 0.000000e+00 -1.608634e-06 0.000000e+00 0.000000e+00
56650 561.484267 12.364302 15.500000 0.973546 -0.228490 0.000000 9.451161e-03 -2.183681e-03 0.000000e+00 0.000000e+00 0.000000e+00 -3.275776e-05 0.000000e+00 0.000000e+00
56700 561.959589 12.252551 15.500000 0.973413 -0.229058 0.000000 9.524868e-03 -2.261220e-03 0.000000e+00 0.000000e+00 0.000000e+00 -3.190010e-06 0.000000e+00 0.000000e+00
56750 562.434735 12.142982 15.500000 0.973329 -0.229414 0.000000 9.411556e-03 -2.315543e-03 0.000000e+00 0.000000e+00 0.000000e+00 -1.702758e-05 0.000000e+00 0.000000e+00
56800 562.904806 12.031745 15.500000 0.973150 -0.230171 0.000000 9.478551e-03 -2.312589e-03 0.000000e+00 0.000000e+00 0.000000e+00 -1.496424e-05 0.000000e+00 0.000000e+00
56850 563.375500 11.919646 15.500000 0.973255 -0.229726 0.000000 9.359330e-03 -2.329315e-03 0.000000e+00 0.000000e+00 0.000000e+00 1.851149e-05 0.000000e+00 0.000000e+00
56900 563.844062 11.810227 15.500000 0.973627 -0.228145 0.000000 9.433768e-03 -2.200627e-03 0.000000e+00 0.000000e+00 0.000000e+00 1.564176e-05 0.000000e+00 0.000000e+00
56950 564.318953 11.701069 15.500000 0.973850 -0.227192 0.000000 9.494937e-03 -2.345502e-03 0.000000e+00 0.000000e+00 0.000000e+00 1.722032e-05 0.000000e+00 0.000000e+00
57000 564.791605 11.593073 15.500000 0.974154 -0.225884 0.000000 9.573187e-03 -2.093759e-03 0.000000e+00 0.000000e+00 0.000000e+00 7.094486e-06 0.000000e+00 0.000000e+00
57050 565.272102 11.486438 15.500000 0.974272 -0.225375 0.000000 9.616169e-03 -2.141443e-03 0.000000e+00 0.000000e+00 0.000000e+00 -2.738893e-05 0.000000e+00 0.000000e+00
57100 565.744805 11.380141 15.500000 0.974186 -0.225745 0.000000 9.571128e-03 -2.193559e-03 0.000000e+00 0.000000e+00 0.000000e+00 -6.636748e-06 0.000000e+00 0.000000e+00
57150 566.223720 11.271541 15.500000 0.974262 -0.225418 0.000000 9.484087e-03 -2.095914e-03 0.000000e+00 0.000000e+00 0.000000e+00 -1.514988e-06 0.000000e+00 0.000000e+00
57200 566.695462 11.164831 15.500000 0.974141 -0.225942 0.000000 9.434341e-03 -2.133600e-03 0.000000e+00 0.000000e+00 0.000000e+00 -3.073233e-06 0.000000e+00 0.000000e+00
57250 567.169699 11.055458 15.500000 0.974056 -0.226306 0.000000 9.465975e-03 -2.039568e-03 0.000000e+00 0.000000e+00 0.000000e+00 -1.631055e-05 0.000000e+00 0.000000e+00
57300 567.638926 10.946218 15.500000 0.974131 -0.225983 0.000000 9.367210e-03 -2.008629e-03 0.000000e+00 0.000000e+00 0.000000e+00 1.758778e-06 0.000000e+00 0.000000e+00
57350 568.110930 10.838997 15.500000 0.974349 -0.225043 0.000000 9.485079e-03 -2.151678e-03 0.000000e+00 0.000000e+00 0.000000e+00 2.518090e-05 0.000000e+00 0.000000e+00
57400 568.582234 10.729867 15.500000 0.974651 -0.223731 0.000000 9.332076e-03 -2.051254e-03 0.000000e+00 0.000000e+00 0.000000e+00 5.291501e-05 0.000000e+00 0.000000e+00
57450 569.056583 10.626719 15.500000 0.974876 -0.222750 0.000000 9.652757e-03 -2.072419e-03 0.000000e+00 0.000000e+00 0.000000e+00 3.874406e-06 0.000000e+00 0.000000e+00
57500 569.531568 10.521687 15.500000 0.974973 -0.222322 0.000000 9.448193e-03 -2.078759e-03 0.000000e+00 0.000000e+00 0.000000e+00 2.157512e-05 0.000000e+00 0.000000e+00
57550 570.007710 10.417245 15.500000 0.975204 -0.221306 0.000000 9.584931e-03 -2.139161e-03 0.000000e+00 0.000000e+00 0.000000e+00 1.848076e-05 0.000000e+00 0.000000e+00
57600 570.483487 10.315683 15.500000 0.975308 -0.220851 0.000000 9.362558e-03 -2.124928e-03 0.000000e+00 0.000000e+00 0.000000e+00 -1.227478e-06 0.000000e+00 0.000000e+00
57650 570.956645 10.208570 15.500000 0.975321 -0.220793 0.000000 9.572084e-03 -2.136826e-03 0.000000e+00 0.000000e+00 0.000000e+00 -3.225935e-06 0.000000e+00 0.000000e+00
57700 571.430670 10.104188 15.500000 0.975237 -0.221163 0.000000 9.391805e-03 -2.223771e-03 0.000000e+00 0.000000e+00 0.000000e+00 -1.606447e-05 0.000000e+00 0.000000e+00
57750 571.899363 9.998614 15.500000 0.975195 -0.221348 0.000000 9.362082e-03 -2.170983e-03 0.000000e+00 0.000000e+00 0.000000e+00 2.531435e-05 0.000000e+00 0.000000e+00
57800 572.369751 9.892634 15.500000 0.975389 -0.220491 0.000000 9.355265e-03 -2.152541e-03 0.000000e+00 0.000000e+00 0.000000e+00 3.720276e-05 0.000000e+00 0.000000e+00
57850 572.838662 9.789967 15.500000 0.975874 -0.218337 0.000000 9.422573e-03 -2.085613e-03 0.000000e+00 0.000000e+00 0.000000e+00 2.094741e-05 0.000000e+00 0.000000e+00
57900 573.313470 9.687375 15.500000 0.976138 -0.217153 0.000000 9.505664e-03 -2.234352e-03 0.000000e+00 0.000000e+00 0.000000e+00 4.010903e-05 0.000000e+00 0.000000e+00
57950 573.785527 9.586362 15.500000 0.976550 -0.215289 0.000000 9.556800e-03 -1.963655e-03 0.000000e+00 0.000000e+00 0.000000e+00 1.787410e-05 0.000000e+00 0.000000e+00
58000 574.265634 9.486814 15.500000 0.976761 -0.214329 0.000000 9.622694e-03 -1.989714e-03 0.000000e+00 0.000000e+00 0.000000e+00 3.690680e-06 0.000000e+00 0.000000e+00
58050 574.737531 9.388535 15.500000 0.976801 -0.214149 0.000000 9.542068e-03 -2.026926e-03 0.000000e+00 0.000000e+00 0.000000e+00 1.146297e-05 0.000000e+00 0.000000e+00
58100 575.216135 9.287678 15.500000 0.977002 -0.213230 0.000000 9.468904e-03 -1.933606e-03 0.000000e+00 0.000000e+00 0.000000e+00 1.442247e-05 0.000000e+00 0.000000e+00
58150 575.687103 9.189452 15.500000 0.977045 -0.213032 0.000000 9.454113e-03 -1.972907e-03 0.000000e+00 0.000000e+00 0.000000e+00 1.273117e-05 0.000000e+00 0.000000e+00
58200 576.160796 9.088547 15.500000 0.977120 -0.212687 0.000000 9.440843e-03 -1.879688e-03 0.000000e+00 0.000000e+00 0.000000e+00 2.383120e-05 0.000000e+00 0.000000e+00
58250 576.629739 8.988637 15.500000 0.977330 -0.211723 0.000000 9.331116e-03 -1.785322e-03 0.000000e+00 0.000000e+00 0.000000e+00 1.291566e-05 0.000000e+00 0.000000e+00
58300 577.100360 8.890421 15.500000 0.977648 -0.210248 0.000000 9.494959e-03 -1.939563e-03 0.000000e+00 0.000000e+00 0.000000e+00 3.394704e-05 0.000000e+00 0.000000e+00
58350 577.570855 8.791169 15.500000 0.978126 -0.208013 0.000000 9.327345e-03 -1.891392e-03 0.000000e+00 0.000000e+00 0.000000e+00 5.092111e-05 0.000000e+00 0.000000e+00
58400 578.043155 8.697935 15.500000 0.978538 -0.206065 0.000000 9.597608e-03 -1.860412e-03 0.000000e+00 0.000000e+00 0.000000e+00 2.252640e-05 0.000000e+00 0.000000e+00
58450 578.516998 8.602872 15.500000 0.978895 -0.204362 0.000000 9.402370e-03 -1.825870e-03 0.000000e+00 0.000000e+00 0.000000e+00 6.792094e-05 0.000000e+00 0.000000e+00
58500 578.992261 8.510998 15.500000 0.979328 -0.202277 0.000000 9.665964e-03 -1.852244e-03 0.000000e+00 0.000000e+00 0.000000e+00 2.488465e-05 0.000000e+00 0.000000e+00
58550 579.469289 8.420150 15.500000 0.979585 -0.201028 0.000000 9.428751e-03 -1.820297e-03 0.000000e+00 0.000000e+00 0.000000e+00 1.183559e-05 0.000000e+00 0.000000e+00
58600 579.943424 8.327605 15.500000 0.979738 -0.200284 0.000000 9.551463e-03 -1.797269e-03 0.000000e+00 0.000000e+00 0.000000e+00 3.254877e-05 0.000000e+00 0.000000e+00
58650 580.418671 8.238402 15.500000 0.980011 -0.198944 0.000000 9.399870e-03 -1.828346e-03 0.000000e+00 0.000000e+00 0.000000e+00 2.719745e-05 0.000000e+00 0.000000e+00
58700 580.888781 8.146693 15.500000 0.980184 -0.198087 0.000000 9.435484e-03 -1.898747e-03 0.000000e+00 0.000000e+00 0.000000e+00 1.288941e-05 0.000000e+00 0.000000e+00
58750 581.361410 8.055996 15.500000 0.980446 -0.196789 0.000000 9.336086e-03 -1.976722e-03 0.000000e+00 0.000000e+00 0.000000e+00 2.108159e-05 0.000000e+00 0.000000e+00
58800 581.828606 7.965595 15.500000 0.980831 -0.194861 0.000000 9.362436e-03 -1.953324e-03 0.000000e+00 0.000000e+00 0.000000e+00 4.233273e-05 0.000000e+00 0.000000e+00
58850 582.300118 7.876845 15.500000 0.981326 -0.192355 0.000000 9.405867e-03 -1.865949e-03 0.000000e+00 0.000000e+00 0.000000e+00 5.032888e-05 0.000000e+00 0.000000e+00
58900 582.768076 7.791684 15.500000 0.982011 -0.188824 0.000000 9.393081e-03 -1.778319e-03 0.000000e+00 0.000000e+00 0.000000e+00 6.414462e-05 0.000000e+00 0.000000e+00
58950 583.241434 7.708708 15.500000 0.982495 -0.186290 0.000000 9.434245e-03 -1.750234e-03 0.000000e+00 0.000000e+00 0.000000e+00 6.818835e-05 0.000000e+00 0.000000e+00
59000 583.711520 7.624915 15.500000 0.983112 -0.183004 0.000000 9.417601e-03 -1.564001e-03 0.000000e+00 0.000000e+00 0.000000e+00 6.007255e-05 0.000000e+00 0.000000e+00
59050 584.189389 7.546388 15.500000 0.983578 -0.180485 0.000000 9.591174e-03 -1.603208e-03 0.000000e+00 0.000000e+00 0.000000e+00 3.972862e-05 0.000000e+00 0.000000e+00
59100 584.661017 7.469425 15.500000 0.983996 -0.178192 0.000000 9.325322e-03 -1.545113e-03 0.000000e+00 0.000000e+00 0.000000e+00 5.348946e-05 0.000000e+00 0.000000e+00
59150 585.138222 7.390701 15.500000 0.984526 -0.175241 0.000000 9.531652e-03 -1.521765e-03 0.000000e+00 0.000000e+00 0.000000e+00 5.860725e-05 0.000000e+00 0.000000e+00
59200 585.610419 7.317734 15.500000 0.984881 -0.173234 0.000000 9.356080e-03 -1.446621e-03 0.000000e+00 0.000000e+00 0.000000e+00 2.710093e-05 0.000000e+00 0.000000e+00
59250 586.084935 7.239825 15.500000 0.985333 -0.170645 0.000000 9.503403e-03 -1.475086e-03 0.000000e+00 0.000000e+00 0.000000e+00 5.267327e-05 0.000000e+00 0.000000e+00
59300 586.554643 7.167060 15.500000 0.985757 -0.168176 0.000000 9.346306e-03 -1.411954e-03 0.000000e+00 0.000000e+00 0.000000e+00 2.906273e-05 0.000000e+00 0.000000e+00
59350 587.024996 7.092157 15.500000 0.986150 -0.165853 0.000000 9.529388e-03 -1.377964e-03 0.000000e+00 0.000000e+00 0.000000e+00 7.252647e-05 0.000000e+00 0.000000e+00
59400 587.493859 7.020213 15.500000 0.986670 -0.162734 0.000000 9.308131e-03 -1.153762e-03 0.000000e+00 0.000000e+00 0.000000e+00 7.463510e-05 0.000000e+00 0.000000e+00
59450 587.960244 6.950167 15.500000 0.987307 -0.158822 0.000000 9.304249e-03 -1.257334e-03 0.000000e+00 0.000000e+00 0.000000e+00 8.665559e-05 0.000000e+00 0.000000e+00
59500 588.429932 6.881682 15.500000 0.987994 -0.154491 0.000000 9.325517e-03 -1.174661e-03 0.000000e+00 0.000000e+00 0.000000e+00 1.107618e-04 0.000000e+00 0.000000e+00
59550 588.896482 6.818190 15.500000 0.988819 -0.149123 0.000000 9.395504e-03 -1.164879e-03 0.000000e+00 0.000000e+00 0.000000e+00 1.036017e-04 0.000000e+00 0.000000e+00
59600 589.368404 6.755457 15.500000 0.989534 -0.144303 0.000000 9.420186e-03 -1.223818e-03 0.000000e+00 0.000000e+00 0.000000e+00 8.743165e-05 0.000000e+00 0.000000e+00
59650 589.836001 6.697704 15.500000 0.990283 -0.139070 0.000000 9.439558e-03 -1.067649e-03 0.000000e+00 0.000000e+00 0.000000e+00 1.106344e-04 0.000000e+00 0.000000e+00
59700 590.311177 6.641084 15.500000 0.990888 -0.134691 0.000000 9.462778e-03 -1.198262e-03 0.000000e+00 0.000000e+00 0.000000e+00 9.540477e-05 0.000000e+00 0.000000e+00
59750 590.779612 6.586993 15.500000 0.991653 -0.128934 0.000000 9.556000e-03 -9.260705e-04 0.000000e+00 0.000000e+00 0.000000e+00 1.100236e-04 0.000000e+00 0.000000e+00
59800 591.257613 6.536083 15.500000 0.992238 -0.124352 0.000000 9.563823e-03 -9.277479e-04 0.000000e+00 0.000000e+00 0.000000e+00 8.641092e-05 0.000000e+00 0.000000e+00
59850 591.725991 6.488818 15.500000 0.992876 -0.119149 0.000000 9.446649e-03 -1.018683e-03 0.000000e+00 0.000000e+00 0.000000e+00 1.079951e-04 6.490413e-07 0.000000e+00
59900 592.203420 6.440959 15.500000 0.993496 -0.113870 0.000000 9.541482e-03 -8.780142e-04 0.000000e+00 0.000000e+00 0.000000e+00 1.106818e-04 2.125524e-05 0.000000e+00
59950 592.673275 6.399200 15.500000 0.994030 -0.109108 0.000000 9.328081e-03 -8.556975e-04 0.000000e+00 0.000000e+00 0.000000e+00 8.598546e-05 6.276199e-05 0.000000e+00
60000 593.148585 6.354219 15.500000 0.994645 -0.103355 0.000000 9.500170e-03 -8.675456e-04 0.000000e+00 0.000000e+00 0.000000e+00 1.371932e-04 1.319468e-04 0.000000e+00
